key	EN	ZH	建议	复核意见
Achievement_Xbox_Name_04	Urban Ranger	城野游侠	都市游侠	Urban=都市（ES Ranger urbano、RU Городской），ZH 生造「城野」并加出「荒野」义，中文无此词。
Android_Ask_Notification_Message	Would you like Fallout Shelter to send you notifications?	您想要辐射避难所给您发送通知吗？	是否允许辐射避难所向您发送通知？	would you like X to send you Y 被逐词搬成「想要+机构+给您+VP」，翻译腔；中文惯用「是否允许…」。
Android_PushNotification_Summary	Something happened in your Vault!	您的避难所有事情发生！	您的避难所出事了！	EN Something happened 是笼统的「出了状况」，ZH「有事情发生」为逐词搬来的存在句，推送横幅不地道；含义未错，降为 S3。
Button_QuantumSkip	REACH NOW	现在到达	立即到达	NOW 直译成「现在」缺命令语气，像陈述句；同功能 Message_Tutorial_63 已用「立即到达」，不一致。
CloudActionImport	IMPORT	引入	导入	IMPORT=导入（ES IMPORTAR、DE IMPORTIEREN），ZH「引入」在中文指引进功能（本表 introduce 用法），义不清。
CloudFailedVersionMismatch	Your cloud save is from a newer version of Fallout Shelter. Please update the game and try again.	您的云存档来自于一个更新的辐射避难所版本。请更新游戏后再尝试。	您的云存档来自比当前更新的《辐射避难所》版本。请更新游戏后再试。	「来自于一个…版本」是 is from a version 的硬搬，「更新的」方向靠读者推断，改后方向明确。
Controls_Xbox_Quest_Target	Target Enemy (Hold)	瞄准目标（按住）	瞄准敌人（按住）	Enemy 在 ES al enemigo／DE Gegner／RU врага 均保留，ZH 漏成「目标」，与「任务目标」混淆。
Encounet_Progression_Creature17	The Giant Worker Ant is coming my way, pincers ready!	巨型工蚁朝我这边来了，嘴张开准备要吃了我！	巨型工蚁朝我这边来了，大颚已经张开！	pincers=大颚/钳子（DE Scheren、RU жвалы），ZH「嘴」部位错，又加出 EN 没有的「准备要吃了我」。
Encounet_Progression_Creature51	The Super Mutant Overlord is one of the strongest of its kind! I'll be lucky to survive!	超级变种人霸王是最强的种类之一！能活下来算我走运！	超级变种人霸王是同类中最强的之一！能活下来算我走运！	of its kind 指同类个体（RU один из сильных супермутантов），ZH「种类」把个体说成品种，指代偏差。
Encounter_Defeat_Creature3	I wasn't prepared for the Bloatfly's sting! Time to run!	我没防住这只巨大苍蝇的蛰刺！快跑吧！	我没提防这只巨大苍蝇的螫针！快跑吧！	sting 译作「蛰刺」，但「蛰」读 zhé、义为蛰伏；虫类刺人应作「螫」。同批 Creature10 的 stinger 已作「螫针」，用字自相矛盾。
Encounter_Defeat_Creature9	The Giant Worker Ant is relentless! It's no use trying to fight!	巨型工蚁如此冷酷无情！和它打一点用都没有！	巨型工蚁死缠不放！跟它硬拼根本没用！	relentless 义为穷追不舍、不依不饶，ZH「冷酷无情」是形容品性的词，按在工蚁上偏；后半 trying to fight 亦未译到位。
Encounter_Message_Creature3	a Bloatfly, buzzing dangerously close.	一只巨大苍蝇，危险地嗡嗡叫着靠近。	一只巨大苍蝇，嗡嗡叫着逼近，近得危险。	EN dangerously close 的 dangerously 修饰 close（距离），ZH「危险地……叫着」把危险挂在叫声上；巨大苍蝇一词不改。
Encounter_Progression_JustStartedTier1_18	I'm ready for anything.	我已经准备好了一切。	不管碰上什么，我都准备好了。	ready for anything 是「能应付一切」，ZH「准备好了一切」变成把东西备齐；DE auf alles vorbereitet 即应对一切。
Encounter_Progression_Repeatable_JunkLocation2	Exploring the Hideout, but one wrong step will make it fall on my head.	探索藏身处，但只要走错一步，上头就会整个塌下来砸到我头上。	探索藏身处，但走错一步，整座建筑就会塌下来砸在我头上。	EN 的 it 指上文 Raider Hideout（藏身处本身），ZH「上头」指代不清且与「砸到我头上」重复；但加「只要」把必然说成可能。
Encounter_Progression_Repeatable_JunkLocation8	Searching the Mansion for anything of value that might have been left behind.	找找公馆里还有没有任何有价值的东西。	找找公馆里是否还剩下什么有价值的东西。	EN left behind 表「遗留、剩下」，ZH「还有没有」叠「任何」中文不成立；might 语气亦未保留。
Encounter_Random_Message112	Those buildings have completely fallen into the street.	那几栋楼整个塌进了街道。	那几栋楼已经完全塌到街上了。	EN completely fallen into the street，ZH「塌进了街道」的「进」要求内部空间，街道构不成容器，动补搭配不当。
Encounter_Random_Message165	Explorer's journal. New entry. Power Armor still exists, but is rare. Affords maximum protection.	探险家日志。新条目：动力装甲依然存在，但很少见。防护性能拉满。	探险家日志。新条目：动力装甲依然存在，但很少见。能提供最高级别的防护。	EN 只说 affords maximum protection，ZH「防护性能拉满」的「性能」是产品词、「拉满」是网络流行语，与本条纪实口吻不搭。
Encounter_Random_Message17	I'll follow this road, see where it goes.	我选这条路，看它会带我去何方。	我顺着这条路走，看它会通向哪里。	EN 谓语是 follow this road（顺着走），ZH「我选这条路」变成在岔路口挑选；go left 一类的才是「选左边」。
Encounter_Random_Message53	Need to bring supplies back to the Vault. Focus on that...	得把物资带回避难所。专心想这个……	得把物资带回避难所。就想着这件事……	Focus on that 是自语式叮嘱；「专心」通常修饰做事，「专心想这个」动宾搭配生硬，像半截口号，改「就想着这件事」才顺。
Encounter_Random_Message61	On the ground. Is that dried... blood?	地上那干的东西……是血？	地上那个……是干掉的血吗？	dried... blood 的落点是血：「那干的东西」把形容词硬套在「东西」上，且「是血？」生硬；应作「是干掉的血吗」。
Encounter_Random_Message72	Am I talking to myself? I think I am. Uh oh.	我是在跟自己说话吗？我想我是。糟了。	我是在跟自己说话吗？我想是的。糟了。	I think I am 在 ES/DE/RU 都作「是的／да」；ZH「我想我是」缺表语独立成句不成话，应作「我想是的」。
Encounter_Random_Message77	An old coffee shop. Sure could go for a cup of joe right about now.	一个旧咖啡馆？现在要能喝上一杯咖啡就太棒了。	一家旧咖啡馆。现在要能喝上一杯咖啡就太棒了。	EN 为陈述句（ES Una vieja cafetería.），ZH 用问号把认出店铺变成猜疑；同族「一家旧医院／一家旧百货商场」用「家」不用「个」。
Encounter_Random_Message91	Need to control my breathing. Stay calm.	需要控制我的呼吸。保持冷静。	得稳住呼吸。保持冷静。	Need to control my breathing 是自语，ZH 无主语「需要…」再带「我的」，说明书腔；「得稳住呼吸」才像给自己鼓劲。
Encounter_Victory_Creature12	One Fire Ant Soldier... extinguished!	一只火兵蚁……被我消灭了！	一只火兵蚁……被我扑灭了！	ES extinguida、IT spenta 都保留火蚁被「扑灭」的双关；ZH「消灭」丢掉包袱，「扑灭」可兼表灭火与灭杀。
Help_Page01_BottomText	Hint: Some Objectives reward you with Lunchboxes, Pet Carriers or Mr. Handy Boxes!	提示：完成某些目标能赢得午餐盒、宠物笼子或巧手先生盒！	提示：完成某些目标可获得午餐盒、宠物笼子或巧手先生盒子！	Mr. Handy Box 在 QuestReward_MrHandyBox 等 6 处均作「巧手先生盒子」，此处漏「子」，与界面物品名不一致。
Help_Page02_MainText	Every Dweller has stats called SPECIAL\n\nS (trength)\nP (erception)\nE (ndurance)\nC (harisma)\nI (ntelligence)\nA (gility)\nL (uck) \n\nEvery room in the Vault is linked to one of the SPECIAL stats. The better the Dweller's stat is for that room, the more they influence the room's effects.	每个居民都有SPECIAL属性。\n\nS（力量）\nP（观察力）\nE（耐力）\nC（魅力）\nI（智力）\nA（敏捷）\nL（运气） \n\n避难所的每间房都和居民SPECIAL属性中的一个有关。居民的相关属性越好，对房间的产出影响也越大。	每个居民都有SPECIAL属性。\n\nS（力量）\nP（观察力）\nE（耐力）\nC（魅力）\nI（智力）\nA（敏捷）\nL（运气） \n\n避难所的每间房都对应一项SPECIAL属性。居民在该房间对应的属性越高，对房间效果的影响就越大。	one of the SPECIAL stats 的中心语「一项」被吊在定语尾；they influence 的主语是居民，ZH 却缺主语。
Help_Page15_MainText	Dispatch your Dwellers to scavenge the Wasteland. \n\nOut there they will find CAPS, earn Experience, and bring back Weapons, Outfits and Junk. The further out they go, the better the rewards they'll find, but the harder the encounters will become.\n\n- Drag a Dweller to the Wasteland and equip them with a Weapon, an Outfit, a Pet, RadAway and Stimpaks.\n\n- Send them out exploring, but don't forget to check on their progress.\n\n- Dwellers can be recalled from the Wasteland at any time, and take half as long to return from the Wasteland.\n\n- Make sure you bring them home before they die!\n\n- Dwellers automatically return from the Wasteland if they can't carry any more items.\n\n- Dwellers in the Wasteland may stumble upon a special location. Tap the exclamation point icon to choose between entering this location and continuing to explore the Wasteland.	派遣您的居民去探险废土。\n\n在那里，他们会找到瓶盖，增长经验值，然后给避难所带回武器、装备和杂物。他们走的越远，找到的奖励就越好，不过遇到的困难也越多。\n\n- 将一个居民拖到废土上，为他/她配备武器、装备、宠物、消辐宁和治疗针。\n\n- 将他们送去探险。请不要忘记查看他们的动态。\n\n- 送去废土的居民能随时被召回。返回的时间是去时的一半。\n\n- 确保在生命值降到零之前召回他们，否则会死亡。\n\n- 当居民无法再携带更多的物品时会自动返回。\n\n- 废土上的居民可能会经过一个特殊的地点。点击他们头上的惊叹号图标来选择进入地点或继续探索废土。	派遣您的居民去探险废土。\n\n在那里，他们会找到瓶盖，增长经验值，然后给避难所带回武器、装备和杂物。他们走得越远，找到的奖励就越好，不过遇到的困难也越多。\n\n- 将一个居民拖到废土上，为他/她配备武器、装备、宠物、消辐宁和治疗针。\n\n- 将他们送去探险。请不要忘记查看他们的动态。\n\n- 送去废土的居民能随时被召回。返回的时间是去时的一半。\n\n- 确保在生命值降到零之前召回他们，否则会死亡。\n\n- 当居民无法再携带更多的物品时会自动返回。\n\n- 废土上的居民可能会经过一个特殊的地点。点击他们头上的惊叹号图标来选择进入地点或继续探索废土。	The further out they go 的程度补语须用「得」；同一 EN 的 _PC/_Xbox 版均作「走得越远」，唯本行写「走的」。
Help_Page15_MainText_PC	Dispatch your Dwellers to scavenge the Wasteland. \n\nOut there they will find CAPS, earn Experience, and bring back Weapons, Outfits and Junk. The further out they go, the better the rewards they'll find, but the harder the encounters will become.\n\n- Drag a Dweller to the Wasteland and equip them with a Weapon, an Outfit, a Pet, RadAway and Stimpaks.\n\n- Send them out exploring, but don't forget to check on their progress.\n\n- Dwellers can be recalled from the Wasteland at any time, and take half as long to return from the Wasteland.\n\n- Make sure you bring them home before they die!\n\n- Dwellers automatically return from the Wasteland if they can't carry any more items.\n\n- Dwellers in the Wasteland may stumble upon a special location. Click on the exclamation point icon to choose between entering this location and continuing to explore the Wasteland.	派遣您的居民去废土寻宝。\n\n在外面他们会找到瓶盖，获得经验，并带回各种武器，装备和杂物。他们走得越远，找到的奖励就越好，当然遇到的困难也越大。\n\n- 拖拽一个居民到废土，给他或她配备武器，装备，宠物，消辐宁和治疗针。\n\n- 派他们出去探险，但不要忘了时刻查看他们的进度。\n\n- 居民可以随时从废土召回，返程时间只需去程的一半。\n\n- 确保在生命值降到零之前让他们回来！\n\n- 如果他们再装不下任何物品了，居民会自动从废土返回。\n\n- 废土上的居民可能会偶然发现一个特殊地点。点击他们头上的惊叹号图标，选择进入该地点或继续探索废土。	派遣您的居民去废土寻宝。\n\n在外面他们会找到瓶盖，获得经验，并带回各种武器，装备和杂物。他们走得越远，找到的奖励就越好，当然遇到的困难也越大。\n\n- 拖拽一个居民到废土，给他或她配备武器，装备，宠物，消辐宁和治疗针。\n\n- 派他们出去探险，但不要忘了时刻查看他们的进度。\n\n- 居民可以随时从废土召回，返程时间只需去程的一半。\n\n- 确保在生命值降到零之前让他们回来！\n\n- 如果居民再也装不下任何物品，他们会自动从废土返回。\n\n- 废土上的居民可能会偶然发现一个特殊地点。点击他们头上的惊叹号图标，选择进入该地点或继续探索废土。	「如果…再装不下…了」句式杂糅，主语又从「他们」跳到「居民」；EN 条件句应作「再也装不下…他们会」。
Help_Page17_MainText	Disasters can randomly strike your Vault at any time! Disasters also occur when you fail a room Rush. Watch out for these possible encounters:\n\nFIRES - Put out fires quickly before they spread to other rooms.\n\nRADROACHES - These pesky critters are hard to get rid of. Take them out before they spread.\n\nRAIDERS - Raiders will rush through your Vault and destroy its resources, stop them quickly! Stronger Raiders will even steal CAPS if you're not careful! Upgrading your Vault Entrance will delay Raiders, giving you time to prepare. Putting guards in your Vault Entrance will also provide a front line of defense against the Raiders. You can loot dead Raiders for CAPS and items!\n\nMOLE RATS – These pests are a nuisance and have a nasty habit of burrowing into your Vault from the dirt and chewing on any room's power cables. Kill them quickly, or they'll drain your Vault of Power!\n\nDEATHCLAWS – Any time you open your Vault Door, you're broadcasting an invitation for these beasties to come to your Vault and destroy your resources. Be sure to have Stimpaks and Weapons at the ready, or they'll tear through your Dwellers like a knife through a Fancy Lad Snack Cake! \n\nFERAL GHOULS - Feral Ghouls run through your Vault, wreaking havoc by dealing both physical and radiation damage to the Dwellers they attack.\n\nRADSCORPIONS – These mutated scorpions are able to burrow and attack random rooms in your Vault. Make sure to kill them quickly as their attacks also do radiation damage!\n\nChildren and Pregnant Women will hide whenever an incident occurs.	您的避难所随时都会发生灾害！当极速模式失败时，也会造成灾害。灾害是随机的，请注意以下情况：\n\n火灾-在火势蔓延到其他房间之前赶紧扑灭。\n\n辐射蟑螂-这些磨人的小妖精很难被除掉。请在虫灾扩散前消灭它们。\n\n掠夺者- 掠夺者们会闯入避难所然后破坏资源。赶紧阻止它们！如果不小心的话，强悍的掠夺者们还会偷走瓶盖！升级您的避难所入口将会使得掠夺者花费更长时间进入，因此给您更多时间准备。您可以派居民驻守入口，在他们进入时形成良好的前线防御。您可以从死亡的掠夺者身上掠夺瓶盖和物品！\n\n鼹鼠- 这些坏蛋喜欢从土里挖进您的避难所，吃掉每个房间的电线。迅速消灭它们，不然您的电力将枯竭！\n\n死爪-您每一次打开避难所的大门，都是在给这些野兽们发送邀请信息。它们会毫不留情地来避难所破坏资源。请备好充足的治疗针和武器，不然它们会像切蛋糕一样劈开您的居民！\n\n狂尸鬼- 狂尸鬼会在您的避难所里四处跑动，制造混乱，给居民带来物理和辐射伤害。\n\n辐射蝎- 这些变种的蝎子能钻洞，然后随机攻击避难所里任何的房间。请迅速解决掉它们，因为它们的攻击也会带来辐射伤害。\n\n孕妇和孩子在灾害发生时会躲起来。	您的避难所随时都会发生灾害！当极速模式失败时，也会造成灾害。灾害是随机的，请注意以下情况：\n\n火灾-在火势蔓延到其他房间之前赶紧扑灭。\n\n辐射蟑螂-这些烦人的小虫子很难根除。趁它们还没扩散，赶紧消灭。\n\n掠夺者- 掠夺者们会闯入避难所然后破坏资源。赶紧阻止他们！如果不小心的话，强悍的掠夺者们还会偷走瓶盖！升级您的避难所入口将会使得掠夺者花费更长时间进入，因此给您更多时间准备。您可以派居民驻守入口，在他们进入时形成良好的前线防御。您可以从死亡的掠夺者身上掠夺瓶盖和物品！\n\n鼹鼠- 这些坏蛋喜欢从土里挖进您的避难所，吃掉每个房间的电线。迅速消灭它们，不然您的电力将枯竭！\n\n死爪-您每一次打开避难所的大门，都是在给这些野兽们发送邀请信息。它们会毫不留情地来避难所破坏资源。请备好充足的治疗针和武器，不然它们会像切蛋糕一样劈开您的居民！\n\n狂尸鬼- 狂尸鬼会在您的避难所里四处跑动，制造混乱，给居民带来物理和辐射伤害。\n\n辐射蝎- 这些变种的蝎子能钻洞，然后随机攻击避难所里任何的房间。请迅速解决掉它们，因为它们的攻击也会带来辐射伤害。\n\n孕妇和孩子在灾害发生时会躲起来。	EN 只说 pesky critters，ZH「磨人的小妖精」是网络调情梗，与同页「这些坏蛋」平实语气冲突；掠夺者是人不该用「它们」。
Help_Page18_MainText	1. Wasteland - Tap outside your Vault to pull up your Wasteland Logs.\n2. Dweller Menu - Use this for easy sorting and selection of your Dwellers.\n3. Happiness - Your overall Vault Happiness. Tap on it to see what bonuses it provides to your Vault.\n4. Resource Bars - Your current resource amounts. Don't let them fall below the required resources lines, or your Vault will start to deteriorate. Tap to see how many resources you have.\n5. CAPS - Tap on the CAPS to go to the Lunchbox Store.\n6. Build Hammer - Tap on the Build Hammer to build rooms.\n7. Pip-Boy - Tap the Pip-Boy to open the Pip-Boy menu. A number on the Pip-Boy means you have Lunchboxes to open. An exclamation point means you have Objective rewards to collect.\n8. Lunchboxes - Tap the Lunchboxes to go to the Lunchbox menu. A number means you have Lunchboxes to open.\n9. Objectives - Tap the ribbon to go to your Objectives page. An exclamation point means you have Objective rewards to collect.\n10. Inventory - Tap the boxes to go to the Inventory menu.\n11. VDSG - Tap the book to open the Vault Dweller Surivival Guide.\n12. Settings - Tap the gears to go to the settings menu.	1. 废土- 点击避难所外面可查看废土日志。\n2. 居民菜单- 可以用来快速整理和选择您的居民。\n3. 幸福度- 避难所整体的幸福度。点击可以查看其为避难所带来多少奖励。\n4. 资源条- 您现有的资源总量。勿让资源低于所需资源线，否则避难所将开始恶化。点击可查看您有多少资源。\n5. 瓶盖- 点击瓶盖可以进入午餐盒商店。\n6. 建造锤子-点击可建造房间\n7. 哔哔小子- 点击哔哔小子可打开菜单。数字表示您有可以打开的午餐盒。感叹号表示有目标奖励可领取。\n8. 午餐盒- 点击可进入午餐盒菜单\n9. 目标- 点击缎带图标进入目标页面。一个感叹号表示有目标奖励可以领取。\n10. 库存- 点击盒子图标进入库存菜单。\n11. VDSG- 点击书图标可打开避难所居民生存指南\n12. 设置- 点击齿轮图标可进入设置菜单。	1. 废土- 点击避难所外面可查看废土日志。\n2. 居民菜单- 可以用来快速整理和选择您的居民。\n3. 幸福度- 避难所整体的幸福度。点击可以查看它能为避难所带来哪些加成。\n4. 资源条- 您现有的资源总量。勿让资源低于所需资源线，否则避难所将开始恶化。点击可查看您有多少资源。\n5. 瓶盖- 点击瓶盖可以进入午餐盒商店。\n6. 建造锤子-点击可建造房间\n7. 哔哔小子- 点击哔哔小子可打开菜单。数字表示您有可以打开的午餐盒。感叹号表示有目标奖励可领取。\n8. 午餐盒- 点击可进入午餐盒菜单\n9. 目标- 点击缎带图标进入目标页面。一个感叹号表示有目标奖励可以领取。\n10. 库存- 点击盒子图标进入库存菜单。\n11. VDSG- 点击书图标可打开避难所居民生存指南\n12. 设置- 点击齿轮图标可进入设置菜单。	EN bonuses（ES bonificaciones）是幸福度加成，兄弟行 PS4/Switch/Xbox 均译「加成」，「多少奖励」会被读成可领物品。
Help_Page18_MainText_PC	1. Wasteland - Click outside your Vault to pull up your Wasteland Logs.\n2. Dweller Menu - Use this for easy sorting and selection of your Dwellers.\n3. Happiness - Your overall Vault Happiness. Click on it to see what bonuses it provides to your Vault.\n4. Resource Bars - Your current resource amounts. Don't let them fall below the required resources lines, or your Vault will start to deteriorate. Click to see how many resources you have.\n5. CAPS - Click on the CAPS to go to the Lunchbox Store.\n6. Build Hammer - Click on the Build Hammer to build rooms.\n7. Pip-Boy - Click the Pip-Boy to open the Pip-Boy menu. A number on the Pip-Boy means you have Lunchboxes to open. An exclamation point means you have Objective rewards to collect.\n8. Lunchboxes - Click the Lunchboxes to go to the Lunchbox menu. A number means you have Lunchboxes to open.\n9. Objectives - Click the ribbon to go to your Objectives page. An exclamation point means you have Objective rewards to collect.\n10. Inventory - Click the boxes to go to the Inventory menu.\n11. VDSG - Click the book to open the Vault Dweller Surivival Guide.\n12. Settings - Click the gears to go to the settings menu.	1. 废土- 点击避难所外面可查看废土日志。\n2. 居民菜单- 可以用来快速整理和选择您的居民。\n3. 幸福度- 避难所整体的幸福度。点击可以查看其为避难所带来多少奖励。\n4. 资源条- 您现有的资源总量。勿让资源低于所需资源线，否则避难所将开始恶化。点击可查看您有多少资源。\n5. 瓶盖- 点击瓶盖可以进入午餐盒商店。\n6. 建造锤子-点击可建造房间\n7. 哔哔小子- 点击哔哔小子可打开菜单。数字表示您有可以打开的午餐盒。感叹号表示有目标奖励可领取。\n8. 午餐盒- 点击可进入午餐盒菜单\n9. 目标- 点击缎带图标进入目标页面。一个感叹号表示有目标奖励可以领取。\n10. 库存- 点击盒子图标进入库存菜单。\n11. VDSG- 点击书图标可打开避难所居民生存指南\n12. 设置- 点击齿轮图标可进入设置菜单。	1. 废土- 点击避难所外面可查看废土日志。\n2. 居民菜单- 可以用来快速整理和选择您的居民。\n3. 幸福度- 避难所整体的幸福度。点击可以查看它为避难所带来哪些加成。\n4. 资源条- 您现有的资源总量。勿让资源低于所需资源线，否则避难所将开始恶化。点击可查看您有多少资源。\n5. 瓶盖- 点击瓶盖可以进入午餐盒商店。\n6. 建造锤子-点击可建造房间\n7. 哔哔小子- 点击哔哔小子可打开菜单。数字表示您有可以打开的午餐盒。感叹号表示有目标奖励可领取。\n8. 午餐盒- 点击可进入午餐盒菜单\n9. 目标- 点击缎带图标进入目标页面。一个感叹号表示有目标奖励可以领取。\n10. 库存- 点击盒子图标进入库存菜单。\n11. VDSG- 点击书图标可打开避难所居民生存指南\n12. 设置- 点击齿轮图标可进入设置菜单。	同一句 EN bonuses 在 PS4/Switch/Xbox 均作「加成」，本行「多少奖励」把幸福度的加成说成可领取的奖励。
Help_Page1_MainText_PC	The PC Settings can be accessed by clicking on the gear icon in the Pip-Boy. \n\nBy default, Fallout Shelter has the following hotkey mappings:\n\nEsc – Settings/Cancel\nF1 – Shop\nF2 – Inventory\nF3 – Survival Guide\nF4 – Objectives\nF5 – Wasteland\nF6 – Help\nB – Build/Upgrade\nSpace – Quest List\nLeft Shift – Clipboard\nLeft Control – Room Action\nTab – Dweller List\n\nMove the camera around by pressing on the arrow keys, WASD keys or clicking and dragging the mouse.\n\nZoom in and out using the mouse scroll wheel or with the ‘Q' and ‘E' keys.\n\nYou can adjust the camera zoom and scroll speeds in the Settings menu.\n\nWhen Fallout Shelter is minimized to the taskbar or left unattended for too long, it continues to run for a few minutes before going into sleep mode.  \n\nFallout Shelter automatically and periodically saves your game, but if you want to be sure, click on the Save button in the Settings menu. \n	电脑版设定能够通过点击哔哔小子中的齿轮图标进入。\n\n默认设置中，辐射避难所有如下几个热键：\n\nEsc - 设置/取消\nF1 - 商店\nF2 - 库存\nF3 - 生存指南\nF4 - 目标\nF5 - 废土\nF6 - 帮助\nB - 建造/升级\nSpace - 任务列表\nLeft Shift - 剪贴板\nLeft Control - 房间操作\nTab - 居民列表\n\n按方向键、WASD键或点击并拖动鼠标来移动镜头。\n\n使用鼠标滚轮或Q和E键缩放画面。\n\n您可以在设置菜单中调整镜头缩放和滚动速度。\n\n当辐射避难所最小化到任务栏或长时间无人操作时，它会继续运行几分钟，然后进入休眠模式。\n\n辐射避难所会自动定期保存游戏，但如果想更加保险，可以点击设置菜单中的保存按钮。	电脑版设置能够通过点击哔哔小子中的齿轮图标进入。\n\n默认设置中，辐射避难所有如下几个热键：\n\nEsc - 设置/取消\nF1 - 商店\nF2 - 库存\nF3 - 生存指南\nF4 - 目标\nF5 - 废土\nF6 - 帮助\nB - 建造/升级\nSpace - 任务列表\nLeft Shift - 剪贴板\nLeft Control - 房间操作\nTab - 居民列表\n\n按方向键、WASD键或点击并拖动鼠标来移动镜头。\n\n使用鼠标滚轮或Q和E键缩放画面。\n\n您可以在设置菜单中调整镜头缩放和滚动速度。\n\n当辐射避难所最小化到任务栏或长时间无人操作时，它会继续运行几分钟，然后进入休眠模式。\n\n辐射避难所会自动定期保存游戏，但如果想更加保险，可以点击设置菜单中的保存按钮。	同段 EN 三处 Settings，项目 UI 术语作「设置/取消」，首句「设定」与下文两处「设置」不一致。
Junk_Desc_GiddyupButtercup	Go ahead, no one's watching. Get on and take a ride.	去吧，没人看着。上车然后兜兜风。	去吧，没人看着。骑上去溜一圈吧。	EN Get on 指跨坐上去（ES Monta、DE Setz dich drauf），ZH「上车」是车辆用语，与玩具小马搭配不上。
Junk_Desc_TeddyBear	Wasteland life is no picnic, so he's always ready for a warm hug.	废土的生活不是野餐，所以他随时准备给您一个温暖拥抱。	废土的日子可不好过，所以他随时都准备好给您一个温暖的拥抱。	no picnic 是「不好过」的习语（ES no es fácil、RU не сахар），ZH 直译「不是野餐」不成中文说法。
Junk_Desc_YaoGuaiHide	“Don't mess with me,” your hide-made outfits will say.	“请不要乱来。”你的兽皮装备会这么对你说。	“别惹我。”你的兽皮装备会这么对你说。	EN Don't mess with me 是威胁口吻（RU Отвали!），ZH「请不要乱来」成了客气劝阻，语气不符。
MainMenu_Xbox_SignInError	Unhandled sign-in event	未处理的登录活动	未处理的登录事件	EN event 在技术提示中指「事件」（ES Evento），ZH「活动」易被读成促销活动。
Message_ProductionTimeSkipNukaQuantum	Guarantee Rush for {0} Nuka-Cola Quantum?	花费{0}量子核子可乐保证完成加速？	花费{0}瓶量子核子可乐，保证极速模式成功？	同类提示均作「{0}瓶量子核子可乐」（RU 亦用量词），此处缺「瓶」；Rush 全项目作「极速模式」而非「加速」。
Message_TooManyVictorInWasteland	You have already sent the maximum amount of Victors to the Wasteland	你已将最大数量的维克托派往废土	您派往废土的维克托数量已达上限。	EN the maximum amount of Victors 被逐字搬成「最大数量的维克托」；同源 TooManyMrHandyInWasteland 已用「数量已达上限」句式。
Message_TutorialPopup_03_Hint	Hint: Rebalance your Power by assigning better Dwellers or rushing the Power rooms.	提示：当电力不足时，可以分配属性更高的居民去发电室，或者点击极速模式。	提示：当电力不足时，可以给发电室分配属性更高的居民，或者对发电室使用极速模式。	EN rushing the Power rooms 的对象是发电室（ES salas de energía），ZH 只写「点击极速模式」丢了作用对象。
Message_TutorialPopup_11_Body	Building a Science Lab allows your Vault to produce RadAway and reduce Dwellers Rads.	建造一个实验室可以生产消辐宁来减少居民的辐射伤害。	建造一个实验室可以生产消辐宁来降低居民的辐射值。	EN reduce Dwellers Rads 指降低辐射值（DE Strahlungswerte），ZH「辐射伤害」多出「伤害」。
Message_TutorialPopup_21_Body_Part2	Attack enemies by tapping on a Dweller and then on an enemy. You can also attack by holding your finger on a Dweller and dragging the target to an enemy.	攻击敌人时，点击居民然后再点击敌人。您也可以按住居民不动然后拖拽至敌人处。	攻击敌人时，点击居民然后再点击敌人。您也可以按住居民不放，再把目标拖到敌人身上。	EN dragging the target 拖的是准星（同族 Xbox 条作「使目标出现」），ZH 省去宾语，与 Part1「拖拽居民」混同。
Message_TutorialPopup_21_Body_Part2_PC	Attack enemies by clicking on a Dweller and then on an enemy. You can also attack by clicking and holding a Dweller and dragging the target to an enemy.	攻击敌人时，点击居民然后再点击敌人。您也可以按住居民不动然后拖拽至敌人处。	攻击敌人时，点击居民然后再点击敌人。您也可以按住居民不放，再把目标拖到敌人身上。	PC 同条 EN 亦为 dragging the target，ZH 省去准星宾语，且「按住居民不动」易读成不许居民动。
Message_TutorialPopup_24_Body_Part1_Xbox	When a checkmark icon appears, select it like you would a Dweller, then hold [A] to perform a Critical Hit.	当勾形图标出现时，选择它，然后按住来释放暴击。	当勾形图标出现时，像选择居民那样选择它，然后按住来释放暴击。	Xbox 专有的 like you would a Dweller（ES、IT、DE、RU 均译出）在 ZH 丢失，只剩「选择它」。
Message_TutorialPopup_BuildUltraciteMine_Hint	Hint: High-Endurance dwellers will significantly reduce the mining timer. Don't spend your life waiting!	提示：高耐力居民将显著减少采矿所需的计时器时间。别把时间浪费在等待上！	提示：高耐力居民能大幅缩短采矿倒计时。别把时间都耗在等待上！	EN mining timer 指采矿计时（ES temporizador、FR temps），ZH「计时器时间」计时器与时间语义重复。
Message_TutorialPopup_ScorchedAttackWarning_Body	Scorched are on their way to attack your Vault!\n\nScorched are tougher and more powerful than normal invaders, but your Dwellers will be revived for free at the end of the fight.\n\nThe pain is real, but death is temporary!	辐尸人正在前来袭击您的避难所！\n\n辐尸人比普通掠夺者更强更难对付，但战斗结束后您的居民会免费复活。\n\n痛苦是真实的，但死亡只是暂时的！	辐尸人正在前来袭击您的避难所！\n\n辐尸人比普通入侵者更强更难对付，但战斗结束后您的居民会免费复活。\n\n痛苦是真实的，但死亡只是暂时的！	EN normal invaders（ES invasores corrientes/DE gewöhnliche Eindringlinge）是泛称，ZH 换成自创的「普通掠夺者」；原 fix 还删掉了首段，段数不符。
Message_Tutorial_04	{BUILD ZONES} are where you can build {ROOMS}. Confirm the location by {TAPPING} the {BUILD ZONE}.	{建造区域}是可以选择来建造{房间}的位置。确认位置，{点击}{建造区域}。	{建造区域}就是可以建造{房间}的位置。{点击}{建造区域}来确认位置。	EN are where you can build 译作「可以选择来建造…的位置」多出「选择」；by {TAPPING} 的手段义被拆成两个祈使，读来生硬。
Message_Tutorial_04_PC	{BUILD ZONES} are where you can build {ROOMS}. Confirm the location by {CLICKING} the {BUILD ZONE}.	{建造区域}是可以选择来建造{房间}的位置。确认位置，{点击}{建造区域}。	{建造区域}就是可以建造{房间}的位置。{点击}{建造区域}来确认位置。	同 04：EN are where you can build 对应「可以选择来建造…的位置」，多出「选择」；by {CLICKING} 的手段义被拆开。
Message_Tutorial_09	To assign a {DWELLER}, {TAP} and {HOLD} on the Dweller and then {DRAG} them to a room. Try assigning this {DWELLER} to the {POWER GENERATOR} room you just built.	要派遣一个{居民}，{点击}并{按住}居民，然后将他们{拖拽}到一个房间。试试将这个{居民}分配到您刚刚建好的{发电室}里。	要分配一个{居民}，{点击}并{按住}该居民，再将其{拖拽}到一个房间。试试把这个{居民}分配到您刚刚建好的{发电室}里。	EN To assign 译成「要派遣」，而本作「派遣」专指派往废土；同句末尾及 09_Xbox、Tutorial_10 均作「分配」。
Message_Tutorial_09_PC	To assign a {DWELLER}, {CLICK} and {HOLD} on the Dweller and then {DRAG} them to a room. Try assigning this {DWELLER} to the {POWER GENERATOR} room you just built.	要派遣一个{居民}，{点击}并{按住}居民，然后将他们{拖拽}到一个房间。试试将这个{居民}分配到您刚刚建好的{发电室}里。	要分配一个{居民}，{点击}并{按住}该居民，再将其{拖拽}到一个房间。试试把这个{居民}分配到您刚刚建好的{发电室}里。	同 09：EN assign 译成「派遣」，与同句「分配到…{发电室}里」及 09_Xbox 的「分配」冲突，派遣专指派往废土。
Message_Tutorial_19	{ADD FRIENDS} to {VISIT} and look at their {VAULT} and {COLLECT CAPS}.	{增加朋友}来{访问}并查看他们的{避难所}并{收集瓶盖}。	{添加好友}，{访问}他们的{避难所}并{收集瓶盖}。	EN {ADD FRIENDS} 对应「{增加朋友}」，与本作「{好友}／添加好友」不符；两个「并」又把三条动作串成一句。
Message_Tutorial_53_Xbox	To access your {QUEST LIST}, press [B] to open the {PIP-BOY}.	想要打开{任务列表}。按下来打开{哔哔小子}。	想要打开{任务列表}，请按下来打开{哔哔小子}。	EN 单句 To access..., press [B] to open...：ZH 用句号断出悬空的「想要打开{任务列表}。」；按键字形本紧跟「按下」。
Message_Tutorial_57	First {SELECT} a {DWELLER} slot.	先{选择}一个{居民}队列位置。	先{选择}一个{居民}栏位。	EN a {DWELLER} slot：ZH「队列位置」读成排队次序；全库仅此处用「队列」，同源 59 的 slots 译「存储槽」。
Message_Tutorial_63_Xbox	With {NUKA-COLA QUANTUM} you can reach a {QUEST} instantly. Select {REACH NOW} to use the {NUKA-COLA QUANTUM} Vault-Tec has provided.	用{量子核子可乐}，您可以立即到达{任务}地点。选择{现在到达}来使用避难所科技提供的{量子核子可乐}来极速到达现场。	用{量子核子可乐}，您可以立即到达{任务}地点。选择{现在到达}来使用避难所科技提供的{量子核子可乐}。	Xbox 版 EN 止于 has provided，无 reach this {QUEST} now；ZH 多译「来极速到达现场」，与按钮名重复。
Message_Tutorial_68_PS4	Use the {LEFT STICK} to {MOVE} the {DWELLER} to the {POWER ROOM} and press [A] to assign them to the room	用左摇杆{移动}{居民}到{发电室}然后按下来分配他们。	用左摇杆{移动}{居民}到{发电室}，然后按下键将其分配到这个房间。	EN them 指单数 {DWELLER}，ZH「分配他们」用复数代词，且「{发电室}然后」缺顿逗；fix 的「他」又限成男性。
Message_Tutorial_68_Switch	Use the {LEFT STICK} to {MOVE} the {DWELLER} to the {POWER ROOM} and press [A] to assign them to the room	用左摇杆{移动}{居民}到{发电室}然后按下来分配他们。	用左摇杆{移动}{居民}到{发电室}，然后按下键将其分配到这个房间。	EN assign them 中 them 为单数居民，ZH「分配他们」指代复数，句中也缺停顿；fix 的「他」把它限成男性。
Message_Tutorial_68_Xbox	Use the {LEFT STICK} to {MOVE} the {DWELLER} to the {POWER ROOM} and press [A] to assign them to the room	用左摇杆{移动}{居民}到{发电室}然后按下来分配他们。	用左摇杆{移动}{居民}到{发电室}，然后按下键将其分配到这个房间。	EN to assign them 的 them 指单个居民，ZH「分配他们」为复数指代；fix 的「他」将中性 them 变男性。
Message_Tutorial_SpinToWinSpin	{TAP} the button to SPIN! THAT! WHEEL!	{点击}按下按钮，转！那！个！盘！	{点击}按钮，转！那！个！盘！	EN {TAP} the button 只有一个动词，ZH「{点击}按下按钮」把「点击」「按下」叠在同一个按钮上。
Message_Tutorial_SpinToWinSpin_PC	{CLICK} the button to SPIN! THAT! WHEEL!	{点击}按下按钮，转！那！个！盘！	{点击}按钮，转！那！个！盘！	EN 只有 {CLICK} the button 一个动作，ZH「{点击}按下按钮」把两个动词叠在同一宾语上，属冗余病句。
Message_Tutorial_SpinToWinSpin_Xbox	{SELECT} the button to SPIN! THAT! WHEEL!	{选择}按下按钮，转！那！个！盘！	{选择}按钮，转！那！个！盘！	EN {SELECT} the button 是单一动作，ZH「{选择}按下按钮」并列两个动词，手柄上并无「按下按钮」这一步。
MrHandyDialog_Generic_04	My kingdom for an oil bath...	我渴望一场机油浴……	愿用我的整个王国换一场机油浴……	EN「My kingdom for an oil bath」是用整个王国换机油浴的夸张，ES/DE均保留该价码；ZH只留「渴望」，包袱丢失。
MrHandyDialog_Generic_19	I have to admit. For a giant metal hole in the ground, this Vault is exceedingly cozy.	对于地底下这么个巨大的金属坑来说，这个避难所非常舒适。	不得不承认，对于地底下这么个巨大的金属坑来说，这个避难所非常舒适。	首句I have to admit整句漏掉（ES Tengo que reconocerlo）；fix却把原译exceedingly「非常」降为「相当」。
MrHandyDialog_Generic_22	You hear about the light that went bad? They put it in prism. Get it? Prism?	听说有个灯泡学坏了？他们把它关进了“棱镜”（prism，谐音监狱 prison）。懂吗？棱镜？	听说有个灯泡学坏了？他们把它关进了棱镜监狱。懂吗？棱镜？	EN 为 prism/prison 双关，ZH 却把「（prism，谐音监狱 prison）」注解写进台词，全库 MrHandy 仅此一处加注。
MrHandyDialog_Generic_24	Before the blasted war, I probably would have had a nice suburban family to take care of...	在那场该死的战争之前，我可能会照顾一个生活小康的郊区家庭……	在那场该死的战争之前，我本来大概会有一个生活小康的郊区家庭要照顾……	would have had 表反事实「本来会有」，ZH「可能会照顾」只剩可能语气；原 fix 又漏掉 nice／生活小康。
MrHandyDialog_Gym_01	That's it, humans. Pump it up!	加油，人类！	这就对了，人类，练起来！	EN两拍：That's it＝这就对了（ES ¡Eso es!），Pump it up＝加把劲练；ZH「加油」只剩一句空喊。
MrHandyDialog_Gym_02	That's it, humans. Pump it up!	加油，人类！	这就对了，人类，练起来！	与Gym_01同文同译：That's it未译、Pump it up泛化成「加油」，两条文必须一并改，否则同句两版。
MrHandyDialog_Wasteland_42	I'll find what I find, then head back. No heroics! Not for this Mister Handy!	我会找到需要的东西，然后就回去。英雄主义什么的可不适合像我这样的巧手先生！	找到什么算什么，然后就回去。英雄主义什么的可不适合像我这样的巧手先生！	EN「I'll find what I find」＝碰上什么算什么（DE was ich finde），ZH「找到需要的东西」凭空加了「需要」。
MrHandyDialog_Wasteland_58	A spooky pass through blasted woods? How could I possibly resist.	一个恐怖的森林小径？这诱惑真是难以抵挡。	一条穿过焦枯树林的阴森小径？这诱惑真是难以抵挡。	量词误用「一个小径」应为「一条」；blasted woods（DE verbrannten／RU сгоревший＝焦枯）被泛译成「森林」。
MrHandyDialog_Wasteland_94	Oh look, two humans beating each other to death with tire irons. Go, humanity.	看啊，两个人类正在用轮胎扳手互相殴打。人类真是太棒了。	看啊，两个人类正在用轮胎扳手把对方往死里打。人类真是太棒了。	EN「beating each other to death」明确致死（DE zu Tode），ZH「互相殴打」丢掉to death，黑色反讽落点被削弱。
Objective_CollectFromContainerOnQuests	Collect from {0} container on Quests	在任务中打开了{0}个储物箱	在任务中从{0}个储物箱里收集物品	EN与ES Saquea／FR Récolter都是「从容器收集」，ZH换成「打开了」，与本表「在任务中收集…」体例不一且与Open撞词。
Objective_CollectFromContainerOnQuests_Plural	Collect from {0} containers on Quests	在任务中打开了{0}个储物箱	在任务中从{0}个储物箱里收集物品	同前：EN Collect from {0} containers 的「收集」被替换成「打开了」，目标动作与全表「在任务中收集…」用法不一致。
Objective_Couple	Have a Male and a Female Dweller couple dancing in the Living Quarters	有一对男女居民，在宿舍里跳舞	有一对男女居民在宿舍里跳舞	ZH在主语「一对男女居民」与谓语「在宿舍里跳舞」之间硬加逗号；201条Objective_里仅此一条带逗号，单行目标被切成两个残句。
Objective_Couple_Plural	Have {0} Male and Female couples dance in the Living Quarters	有{0}对男女性居民在宿舍里跳舞	有{0}对男女居民在宿舍里跳舞	「男女性居民」是把Male and Female逐字拼出的生造词，中文只能说「男女居民」；同批Objective_Couple用的正是「男女居民」。
Objective_EquipRandomWeapon	Equip 1 Dweller with a {1}	给1个居民配备了一件{1}	为1名居民装备{1}	EN是祈使Equip（DE Rüste…aus），ZH写成完成态「配备了…了」；硬编码量词「一件」套{1}（10mm手枪）不成立。
Objective_EquipRandomWeapon_Plural	Equip {0} Dwellers with a {1}	给{0}个居民配备了一件{1}	为{0}名居民各装备{1}	with a {1} 指每人各一件，ZH 缺「各」且「件」搭不上武器名；所给 fix 仍留「一件」，量词问题未除。
Objective_Merge	Merge 2 rooms together	同时合并两个房间	将两个房间合并在一起	EN together＝并到一起（ES Combina／FR Fusionner／DE zusammen），ZH误作「同时」，凭空加上必须同时操作的时间限定。
Objective_Merge_Plural	Merge {0} pairs of rooms together	同时合并{0}对房间	将{0}对房间合并在一起	together 是「并到一起」（ES Combina／DE zusammen），ZH「同时」凭空加上「必须同时操作」的时间限定。
Objective_StopIncidentWithoutPropagate	Stop 1 {1} infestation before they spread	在一次{1}灾害扩散之前终止事件	在1次{1}灾害扩散之前将其制止	宾语本是 {1} infestation，ZH 换成泛称「事件」使指代落空；fix 又丢 EN 的 1 次，宜同复数条「{0}次」体例。
Objective_StopIncidentWithoutPropagate_Plural	Stop {0} {1} infestations before they spread	在{0}次{1}灾害扩散之前终止事件	在{0}次{1}灾害扩散之前将它们制止	{0} 次被塞进「在…之前」，宾语又被换成 EN 没有的泛称「事件」；EN 的宾语正是 {1} infestations。
Outfit_Description_AbrahamSpecial	For singing that famous battle hymn, the National Anthem.	为了演唱那首著名的抗争之歌，国歌！	专为演唱那首著名的战歌——国歌——而准备。	battle hymn 是战歌（DE：Schlachtlied），非「抗争之歌」；「，国歌！」逗号同位加叹号，中文读来像口号。
Outfit_Description_ArgyleSweater	Because the Vault's Caps reserve doesn't count itself.	因为避难所的瓶盖储备不会自我计算。	因为避难所的瓶盖储备可不会自己数自己。	count itself＝自己数自己（ES no se cuenta sola、RU сам себя），ZH「自我计算」硬译，中文搭配不成立。
Outfit_Description_BurnedConditionResistence	+50% resistence against the Burned Condition	+50%抵抗燃烧条件	+50%抵抗灼烧状态	Condition 指异常状态（FR：l'état Brûlure、DE：Zustand），ZH「条件」＝前提，术语用错。
Outfit_Description_CombatArmor_Heavy	They used to send in an army. Now they only need you.	他们过去曾派军队过去。现在他们只需要你就行了。	过去他们得派一整支军队上阵。现在只需要你一个人。	used to send in an army：ZH 一句内「过去」出现两次并与「曾」重复，语感拗口；an army 的「一整支」量感也丢失。
Outfit_Description_LifeguardOutfit	Saving lives, breaking hearts.	拯救生命，打击心灵。	拯救生命，也让人心碎。	breaking hearts＝让人心碎（ES rompe corazones），ZH「打击心灵」动宾搭配不成立，救生员调侃尽失。
Outfit_Description_MetalArmor	When leather just won't do. Can stop one bullet, or a hundred.	当皮革没有用的时候。可以阻止一颗子弹，或一百颗。	皮革不管用的时候，就换它。挡得下一颗子弹，也挡得下一百颗。	stop one bullet 中文作「挡下／拦下一颗」，「阻止一颗子弹」搭配不成立；前半句与 EN 同为广告碎片，非病句。
Outfit_Description_RiotGear_Sturdy	Handle anything the Wastes throw at you... in style.	把废墟带给你的任何东西都处理得……有型。	废土扔过来什么，你都能帅气地接住。	EN the Wastes 全表作「废土」（415 处），此处「废墟」对应 ruins；「处理得……有型」动补搭配不通。
Outfit_Description_RottedDuster	Strike a sinister silhouette in this rugged, but well-worn trail coat.	穿上这件坚固而破旧的旅行外套，展现出阴险的轮廓。	穿上这件结实耐磨、早已穿旧的旅行外套，衬出一身阴森的身影。	sinister 指阴森骇人（DE düster、FR inquiétant、ES siniestra），ZH「阴险」是形容心术不正，不能修饰「轮廓」。
Outfit_Description_SportsfanSpecial	Offers great protection from tackles... or Deathclaw hugs.	能给你提供很好的保护。躲过他人的阻截……或是死爪的拥抱。	能替你挡下擒抱……或是死爪的拥抱。	tackles 是擒抱（与 Deathclaw hugs 构成双关），ZH「阻截」换词丢笑点；EN 一句又被句号切成两句。
Outfit_Description_SynthArmor_Heavy	Worn by Synths trained for heavy combat.	被训练用来进行重型战斗的合成人穿过。	受过高强度战斗训练的合成人才穿它。	EN Worn by Synths trained for heavy combat＝由受训合成人穿着，ZH 长定语后接「被…穿过」，易先读成穿透。
Outfit_Description_WandererArmor	The armor of legend, worn by the Wasteland's greatest hero...	装甲界的传奇，被废土上最伟大的英雄们穿过……	传说中的那副装甲，废土上最伟大的英雄曾穿着它……	EN the Wasteland's greatest hero 为单数，ZH「英雄们」变复数（ES/FR/DE/RU 皆单数）；「装甲界的传奇」尚可。
Outfit_Name_BOSUniform	BoS Uniform	钢铁兄弟制服	钢铁兄弟会制服	EN BoS＝Brotherhood of Steel 制服，ZH「钢铁兄弟制服」漏「会」，与库内「钢铁兄弟会的正式服装」「兄弟会便服」不一致。
Outfit_Name_OrionsExplorerGear	Orion's Explorer Gear	猎户的探险者装备	奥利安的探险者装备	ES「de Orión」、DE「Orions」均作人名；同批 Abraham's＝亚伯拉罕、Tenpenny's＝特佩尼皆音译，不应作「猎户」。
Outfit_Name_PowerArmor_T60f	T-60f Power Armor	t-60f动力装甲	T-60f动力装甲	EN 型号 T-60f 首字母大写，ZH 作小写 t-60f；同族 8 项动力装甲名称均误用小写，本条型号书写与原文不符。
Outfit_Name_SantaSuit_Original	Original Santa Suit	圣诞老人服	原版圣诞老人服	Original Santa Suit 的限定词 Original 无对应，ZH 与 SpecialThemeXmas 的「圣诞老人服」同名，两件装备撞名。
Pet_Description_abyssinian_b	The epitome of the sleek, slim, feline form.	光滑又苗条，一个猫形态的缩影。	线条流畅、身形苗条，是猫科体态的典范。	epitome 是典范、极致，ZH「缩影」指缩小版；sleek 的毛色光亮只剩「光滑」，同位语「一个猫形态的缩影」是机翻腔。
Pet_Description_akita_b	Loves children. Other dogs, not so much.	喜欢小孩。对于狗，没那么喜欢。	喜欢小孩。对同类可就没那么热情了。	EN Other dogs 限定为其他狗，ZH「对于狗」丢了 other，且「对于……，没那么喜欢」介词结构后无主语，读不成句。
Pet_Description_boxer_b	Playful, good with kids, capable of ripping a Raider's arm off. Yeah.	很会玩，对孩子们也友善，还能一把拧下掠夺者的胳膊。简直太棒了。	爱玩，对孩子也友善，还能一把拧下掠夺者的胳膊。没错，就是这样。	句末 Yeah. 是收束调侃的应声，ZH「简直太棒了」变成热情评价；Playful 是爱玩，非网络语「很会玩」。
Pet_Description_dalmatian_l2	If your Vault catches on fire - and it will - he's your charm.	要是避难所着了火——迟早的事——他就是你的护身符。	要是避难所着了火——迟早的事——它就是你的护身符。	EN he 指狗，库内宠物一律作「它」（相邻 dalmatian_l 亦然），本条「他就是你的护身符」是全库唯一例外。
Pet_Description_havanabrown_b	Get used to saying “How did you get up there?”	已经习惯和它说，“你是怎么上到那里的？”	你会习惯常常问它：“你是怎么爬上去的？”	Get used to saying 是祈使「以后会习惯说」，ZH「已经习惯和它说」写成既成状态，时态语气错位，引号前也应作冒号。
Pet_Description_pallascat_b	Rumor has it there's a cat somewhere under all that fur.	有传言说，那一大堆皮草下面有一只猫。	有传言说，那一大堆毛底下藏着一只猫。	under all that fur 指猫身上的毛，ZH「皮草」在中文专指毛皮服装，被读成「一堆皮草大衣下面有一只猫」。
Pet_Description_persian_l	The first cat to enter space. The last to leave your heart.	第一只进入太空的猫。最后一只离开你心的猫。	第一只进入太空的猫，也是最后一只离开你心里的猫。	leave your heart＝离开你心里，FR quitter votre cœur 带方位；ZH「离开你心」缺方位成分，搭配卡壳。
Pet_Description_siamese_b	Not stuck up... just better than you.	不是傲慢……就是比你强。	不算傲慢……只是比你优秀罢了。	EN 以 just 表转折「只是比你强」，ZH「不是……就是……」成固定二选一句式，猫的否认或被读成「要么傲慢要么更强」。
Pet_Description_stbernard_b	If you're ever lost in the Alpine, expect him to come running.	如果你在高山上迷失了，希望它能跑来找你。	要在阿尔卑斯山上迷了路，就等着它飞奔来找你吧。	expect him to come running 是笃定「就等着它飞奔而来」，ZH「希望它能跑来找你」降格为祈愿，救援自信语气弱化。
Pet_Description_stbernard_l	Cask of Nuka-Cola not included.	不包括核子可乐罐。	不包括木桶装的核子可乐。	Cask 在 ES Barril / DE Fässchen / RU Бочонок 均指酒桶，ZH「罐」换了容器；圣伯纳酒桶梗丢失，但「不包括」义仍在。
Pet_TurkishVan	Turkish Van	土耳其梵猫？	土耳其梵猫	EN 仅 Turkish Van 两个词、无任何标点，ZH 末尾多出一个全角「？」，宠物名会带着这个残留问号显示。
PrivacyPolicy_OptOut	\n[212F21]Opt-out of Targeted Ads	[212F21]选择退出目标广告	[212F21]退出定向广告	Targeted Ads 应作「定向广告」（同文件 targeted marketing 作「定向营销」）；初审 fix 漏掉 [212F21] 标色。
QUEST_1_ANWSER_4	Why should we trust Raider scum?	我们为什么要相信掠夺者团伙？	我们为什么要相信掠夺者人渣？	scum 是骂人话（ES sucios、DE Abschaum），「团伙」丢掉辱骂义；本语料 raider scum 均译「掠夺者人渣」。
QUEST_1_FOLLOWUP_3	Ok, ok, no need to do anything rash. Here.	好吧，好吧，没必要这么着急。来，给你。	好吧，好吧，没必要这么冲动。来，给你。	rash 是鲁莽冲动（ES impulsivo、DE überstürzen），「着急」是焦躁义，与正要交东西息事的情境不符。
QuestLoc_AGatheringofGhouls_QuestLongDescription	A ghastly Glowing One has taken up residence a little too close to the Vault, and it's drawing in Ghouls like moths to a flame. Extinguish the brilliant beacon before this Ghoulish gathering grows any larger!	可怕的发光种占领了一处居所，离避难所很近。其他的尸鬼像飞蛾扑火般地朝他涌了过来。趁着尸鬼团伙还没有扩张太快的时候，赶紧干掉这个恐怖的绿光“灯塔”！	可怕的发光种在离避难所太近的地方安了家，还把尸鬼像飞蛾扑火一样吸引过来。趁这群尸鬼还没聚得更多，赶紧灭掉这座耀眼的“灯塔”！	gathering 指越聚越多的一群，「团伙」带犯罪组织义；grows any larger 指数量变多，「扩张太快」误作地盘扩张。
QuestLoc_ALaborofLove_Conversation_2_Team_3	Sure, but maybe you want to look inside this gun's barrel first?	当然，但也许你应该先看看这把枪管里装的啥吧？	当然，不过也许你该先往这根枪管里看一眼？	barrel 是枪管，量词应为「根」；枪管不「装」东西，「这把枪管里装的啥」两处搭配错。
QuestLoc_ALaborofLove_RaiderLine_1	This cave ain't big enough for the both of us!	这个洞穴根本装不下我们俩！	这个洞穴容不下我们俩！	big enough for the both of us 是「有你没我」的套话，该用「容不下」；「装不下」是装载容量义，字面读成洞穴装不下两个人。
QuestLoc_AMaptotheStars_Conversation_1_NPCStart_2	We did everything we could but they found us and brought a huge force!	我们做了一切我们能做的，但他们还是找到了我们，并带来了一大帮人。	我们已经尽力了，可他们还是找到了我们，还带来了一大帮人。	did everything we could 地道说法是「已经尽力了」，「做了一切我们能做的」是逐字硬译。
QuestLoc_APaleImitation_Conversation_3_NPCStart_1	Hey, an actual Vault Dweller! Uh, I really thought this here Vault thing was going to work out.	嘿，一位真正的避难所居民！呃，我真的以为在这里所谓的“避难所”能起作用。	嘿，一位真正的避难所居民！呃，我本以为在这地方搞的这套“避难所”能成事。	work out 是「成事/行得通」（ES funcionaría），非「起作用」；「在这里所谓的避难所」地点状语插进定语中间拗口。
QuestLoc_ASettlerNeedsYourHelp_QuestShortDescription	Find Preston Garvey in the Kendall Hospital.	在肯德尔医院找到了普雷斯顿·加维。	在肯德尔医院找到普雷斯顿·加维。	Find 是祈使句，同源 QuestObjective_1 已作「找到」；「找到了」是完成态，任务卡上前后自相矛盾。
QuestLoc_ASpecialBrand_Conversation_2_NPCStart_2	Your boy Jack didn't look particularly happy when he woke up this morning.	你们的孩子杰克今早起来的时候看上去并不是很高兴。	你们那个杰克今早醒来的时候，看上去可不怎么高兴。	Your boy 是口语称呼（本语料另处作「你们要找的人」），「你们的孩子」变亲属称谓；「你们家那小子」仍带家人义。
QuestLoc_AThirstforAdventure_Conversation_1_NPCStart_2	Artie, Artie Moore. Explorer, scavenger, all around awesome guy.	阿蒂，阿蒂·摩尔。探险家、拾荒者，还是个全能大牛。	阿蒂，阿蒂·摩尔。探险家、拾荒者，一个各方面都挺了不起的家伙。	awesome guy 指人很棒，「大牛」是当下互联网夸技术高手的词，既偏移词义又与废土语感不符。
QuestLoc_AgainstTheOdds_Conversation_1_NPCStart_2	Once I'm through with you, I'm gonna start a new, better gang!	等这次结束了，我一定会重新建立一个新的，更好的小队！	等我收拾完你们，我就去拉一帮新人，建一个更好的小队！	through with you 是「收拾你」，译「等这次结束了」丢了威胁对象；「重新建立一个新的」语义自相矛盾。
QuestLoc_AgainstTheOdds_Conversation_1_NPCStart_3	Maybe the “Fancy 55”... Whatever, you're dead!	也许是“华丽55”吧……不管怎么样，你已经死了。	也许是“华丽55”吧……不管怎么样，你死定了！	you're dead 是威胁（ES vas a morir、RU тебе не жить），「你已经死了」成既成事实；本语料同句多作「你死定了」。
QuestLoc_AlienBotQuest05_Conversation_1_PC1_1	According to the crash site logs, Uncle Sam let RobCo have "the object" they were always gabbing about.	根据坠毁现场的日志，政府把“那个东西”交给了罗伯科公司。	根据坠毁现场的日志，政府把他们一直念叨的“那个东西”交给了罗伯科公司。	EN 定语 gabbing about（ES del que hablaban、DE ständig geredet）整段未译，「那个东西」缺被议论的铺垫。
QuestLoc_AlienBotQuest06_Conversation_2_ED_4	I'm Ed. I was an engineer here. Before my face went all 'radio.'	我是埃德，在遭到辐射变异之前，曾经是这儿的工程师。	我是埃德，以前是这儿的工程师——在我这张脸变得跟收音机似的之前。	'radio' 的自嘲（IT radiosa、RU радиоактивным 均保留）被抹平成「遭到辐射变异之前」，Ed 的语气丢失。
QuestLoc_AlienBot_01_QuestLongDescription_03	While looking for decorations, our team discovered something at the old government building that was a surprise to us all. We have since sifted through the data in all of our logs and found reference to a government facility that may hold more revelatory information. This may lead us to some tech that could help us improve the Vault leaps and bounds beyond what was planned. We need to send out a team as soon as possible!	在寻找装饰品的过程中，我们在那座旧政府大楼里发现了让我们大吃一惊的东西。我们查阅了所有日志，发现其中提到了一处可能藏有更多秘密信息的政府设施。我们有可能可以找到一些科技帮助我们大幅提升避难所的实力。我们需要尽快派队伍出发！	在寻找装饰品的过程中，我们在那座旧政府大楼里发现了让我们大吃一惊的东西。我们查阅了所有日志，发现其中提到了一处可能藏有更多秘密信息的政府设施。这或许能让我们找到一些科技，使避难所获得远超原计划的提升。我们需要尽快派队伍出发！	beyond what was planned（IT oltre la soglia）未译；初审 fix 仍留「有可能可以」的累赘。
QuestLoc_AlienBot_01_QuestLongDescription_06	We cracked the executive's logs from the RobCo factory and discovered the location of a secret RobCo R&D facility. It occupies a series of secret levels below a retail store at the local mall. RobCo was using alien technology to advance their robotics research. They were trying to build something big. If we can figure out what they knew, we should be able to use it to make major improvements to the Vault!	我们破解了罗伯科公司工厂高管的日志，发现了一处秘密的研发设施。它就藏在当地商场的一家零售店地下，罗伯科公司竟然在利用外星科技推进他们的机器人研究。他们试图打造一些大玩意儿。如果我们能搞清楚他们知道些什么，就能对避难所进行大幅改进！	我们破解了罗伯科公司工厂高管的日志，发现了一处秘密的研发设施。它占据了当地商场一家零售店下方的一系列秘密楼层。罗伯科公司竟然在利用外星科技推进他们的机器人研究。他们试图打造一些大玩意儿。如果我们能搞清楚他们知道些什么，就能对避难所进行大幅改进！	a series of secret levels（DE mehrere geheime Ebenen）压成「地下」，多层与秘密信息丢失。
QuestLoc_AllWorkandNoPlay_Conversation_2_NPCEnd_4	Tell you what. Take this. It might protect you. But probably not.	跟你们说，来，拿着这个。这个可能能保护你。但也可能没用。	这样吧，拿着这个。它也许能保护你，但也可能没用。	Tell you what＝「这样吧」非「跟你们说」；同句你们/你跳换，「这个…这个…可能能」叠用；fix 改复数与 ES/DE/RU 单数 you 不符。
QuestLoc_AllWorkandNoPlay_Conversation_2_Team_1	Cool.	赞。	行。	NPC 问「放我们走行吗？」（Cool?），玩家答 Cool.＝「行/可以」；ZH「赞。」是点赞式感叹，不构成许可（ES De acuerdo）。
QuestLoc_AllWorkandNoPlay_Conversation_2_Team_3	Fine. But where is Overseer Chang?	好吧。但告诉我们监督者阿昌在哪儿？	好吧。不过监督者阿昌在哪儿？	EN 只是疑问句 where is Overseer Chang，ZH 硬加祈使「告诉我们」与问号拼成杂糅句；ES/FR/DE/RU 四语均无「告诉我们」。
QuestLoc_AllsFairinLoveandNuclearWar_QuestObjective_1	Meet that special someone.	快来遇见那个特殊的人。	去见见那位特别的人。	EN 无「快来」，此召唤语气系增译（584 条目标仅此 2 条）；special someone 在 FR/DE/RU 均作意中人。
QuestLoc_AquaNukaCola_QuestLongDescription	The only way we can get more information about the Water Wizard is to clear out this Raider camp. Should be a walk in the park!	我们能获得更多关于水之术士的信息的唯一方法就是清除这个掠夺者营地。应该像在公园里散步一样容易！	想打听水之术士的更多消息，唯一的办法就是先端掉这个掠夺者营地。这活儿应该小菜一碟！	四层「的」字定语套叠难读；walk in the park（FR jeu d'enfant）硬译「像在公园里散步一样容易」。
QuestLoc_ArghMatey_Conversation_1_NPCStart_2	Let's feed 'em to the fishes!	让我们把他们丢去喂鱼吧！	把他们丢去喂鱼！	Let's feed 'em to the fishes! 是海盗吆喝，ZH 照搬「让我们……吧！」成会议腔；ES/RU 同为喊杀式祈使。
QuestLoc_ArmsRace_Conversation_1_NPCStart_2	Well, as promised, I've got a weapon for you.	就像保证的那样。我给你们准备了一个武器。	嗯，说到做到，我给你们准备了一件武器。	as promised 意为「说到做到/如约」，「就像保证的那样」是照搬；「一个武器」量词误用，武器论件或把。
QuestLoc_BeatReporting_Conversation_2_NPCStart_3	The Hungry Horde just follows him around, enthralled by his radioactive aura.	“饥饿部落”一直紧跟着他，它们被它的放射性光环迷住了。	“饥饿部落”只是跟在他后面四处游荡，被他身上的放射性光环迷得神魂颠倒。	EN his 指 Famine，ZH 前用「他」后用「它」，紧接指部落的「它们」之后，这个「它」易被读成部落自己，指代串位。
QuestLoc_BeatReporting_Conversation_2_NPCStart_4	It heals them, but somehow also makes them much hungrier than usual.	它可以治愈他们，但不知何故，也使得它们比以往更饥饿。	它能治好他们，但不知怎么回事，也会让他们比平时饿得多。	EN 两个 them 同指尸鬼，ZH 先「他们」后「它们」人称跳换；than usual 是「比平时」，「比以往更饥饿」生硬且失准。
QuestLoc_BeatReporting_Conversation_2_Team_2	Why is Famine so hungry?	饥荒为何如此饥饿？	“饥荒”为什么这么饿？	EN Why is Famine so hungry 是口语问句，ZH「为何如此饥饿」成文言腔；同组选项均用「为什么」，且缺引号易读成饥荒灾情。
QuestLoc_BewareofOverdog_Conversation_1_NPCEnd_3	No, I'm not! Tell them I'm not crazy, Overseer! What's that? Oh, you want to go with them? I guess that would be all right...	不，我不是！监督者，告诉他们我没有疯！那是什么？哦，你想和他们一起去？我想应该可以……	不，我不是！监督者，告诉他们我没有疯！你说什么？哦，你想和他们一起去？我想应该可以……	What's that? 是对狗／监督者的回应＝「你说什么？」，FR Pardon?／DE Wie? 皆然；ZH「那是什么」问实物，与下句脱节。
QuestLoc_BewareofOverdog_Conversation_1_Team_3	We're almost 100% certain that you're crazy.	我们可以百分百确定你疯了。	我们几乎百分百确定你疯了。	almost 100% certain 的 almost 被漏译，ZH「可以百分百确定」抹掉自嘲分寸；FR/DE 均保留 almost。
QuestLoc_Blackout_Conversation_1_NPCEnd_1	At our Warehouse up the street. You kept claiming you were aliens from mothership Zeta.	在那条街上我们的仓库里。你一直说自己是来自泽塔航母的外星人。	在街那头我们的仓库里。你一直说自己是来自泽塔母舰的外星人。	mothership 是母舰（DE Mutterschiff），ZH「航母」在工程内指 aircraft carrier；up the street 漏译。
QuestLoc_Blackout_QuestLongDescription	It's New Year's day... and the Vault threw one heck of a party last night. But the Overseer's son, Jack, is missing and we need to find him! We know he was with us before the clock struck 12, but everything afterwards is a blur. And we're all wearing Radiation Suits. We must have been at the Corvega Auto Plant at some point...	新年第一天……昨夜避难所举行了隆重的派对活动。但是监督者的儿子杰克失踪了。我们必须找到他！现在只知道12点之前他还和我们在一起，但之后发生了什么完全是一片模糊，我们都穿着防辐射服，所以我们应该是去过可伟佳自动化工厂……	新年第一天……昨夜避难所举行了隆重的派对活动。但是监督者的儿子杰克失踪了。我们必须找到他！现在只知道12点之前他还和我们在一起，但之后发生了什么完全是一片模糊，我们都穿着防辐射服，所以我们应该是去过可伟佳汽车厂……	Auto Plant 的 Auto 是汽车（ES planta de coches），ZH「自动化工厂」误读成 automatic，凭空添设定。
QuestLoc_Blackout_QuestObjective_1	Search for Jack in the Corvega Auto Plant.	在可伟佳自动化工厂里寻找杰克。	在可伟佳汽车厂里寻找杰克。	Auto Plant 被拆成「自动化工厂」，Auto 实为汽车；ES 汽车厂、DE Autofabrik 均证，同项目 Corvega Factory 作「可伟佳装配厂」。
QuestLoc_Blackout_QuestShortDescription	The Overseer's son, Jack, is missing after a crazy New Year's party!	监督者的儿子，杰克，在一场疯狂的新年派对之后消失了！	监督者的儿子杰克在一场疯狂的新年派对后失踪了！	「儿子，杰克，在」照搬英文同位语两逗号，中文同位语不加逗号；is missing 同项目长描述作「失踪」，非「消失」。
QuestLoc_BountyOlOneEye_Conversation_1_NPCStart_2	Well, 'Ol One-Eye's the meanest Radroach you ever met.	呃，“独眼龙”会是你们见过的最卑鄙的辐射蟑螂。	呃，“独眼龙”是你们见过的最凶的辐射蟑螂。	EN 是一般现在时 is，译文加「会」；meanest 指蟑螂凶，译「卑鄙」是道德词，搭配失当，应为「最凶」。
QuestLoc_ByHookorbyCook_Conversation_1_NPCEnd_1	That's still indicative of a quality establishment!	这仍然是好企业的象征！	这照样说明我们是一家有档次的店！	上句刚说 I give this place one star，establishment 指这家餐馆；译「好企业」把店的指代换成企业，走味。
QuestLoc_ByHookorbyCook_Conversation_1_NPCEnd_2	That was boeuf bourguignon, and it was spectacular!	那是勃垦地牛肉，真是太不可思议了！	那是勃艮第红酒炖牛肉，真是太惊艳了！	boeuf bourguignon 通译'勃艮第'，ZH'勃垦地'的'垦'是错字；spectacular 的夸奖义也偏。
QuestLoc_ByHookorbyCook_Conversation_1_Team_3	You'll pay for using rolled fondant on all your cakes!	你会为在所有的蛋糕上使用软糖而付出代价的！	你居然在所有蛋糕上都用翻糖，你会为此付出代价的！	rolled fondant=翻糖，项目 Speech_Conversation_NPC2_Topic4_Response2 即用「翻糖」，「软糖」对应 fudge。
QuestLoc_CabinFever_Conversation_1_NPCStart_1	Oh look, a surface Dweller...	哦看，一个地表居民……	哦，快看，一个地表居民……	Oh look 的'哦看'不成词（ES'Oh, mira'、DE'Oh, da'），需断开；仅不地道，不影响理解。
QuestLoc_CheerfortheGhouls_Conversation_2_NPCStart_1	You're Santa's Helpers, huh?	你是圣诞老人的助手，对吧？	你们就是圣诞老人的帮手吧？	EN Helpers 为复数，德语 Ihr、俄语 Вы 均为复数；译「你是」单数，与同对话多处「你们」不一致。
QuestLoc_CheerfortheGhouls_Conversation_2_Team_1	You can't kill us! What would Santa think? That's permanent naughty list stuff.	你不能杀了我们！而且你们觉得圣诞老人会怎么想？那会让你们永远留在“坏孩子”的黑名单上！	你们不能杀了我们！你们觉得圣诞老人会怎么想？那可是要永远上“坏孩子”名单的事！	EN 两处 you、一处 us 均复数，译文「你不能」单数又接「你们」；「而且」是 EN 没有的连接词，反问前不通。
QuestLoc_ChristmasattheRaiderCamp_RaiderLine_2	Ho Ho Hole in your head!	脑子有洞！	呵呵，你脑袋上有个洞！	Ho Ho 是圣诞老人笑声，与 Hole 同音双关；DE「Ho-Ho-Hohlspitz」、IT「Tanti, tanti」均保留，独译「脑子有洞！」丢梗。
QuestLoc_CleanUpOnAisleFive_QuestLongDescription	A group of Raiders that have been preying on the locals is using a Super Duper Mart as their headquarters. Time to take down their leader!	一群掠夺者在掠夺当地的居民，他们占领了大无敌超市当总部，快去拿下他们的首领！	有一伙掠夺者一直在祸害当地居民，还占了大无敌超市当总部。快去拿下他们的首领！	Raiders 与 preying on 同根，中文「掠夺者在掠夺」重复刺眼；prey on the locals 即「祸害当地人」，宜换词破重复。
QuestLoc_CollectorsEdition_Conversation_1_Team_2	Does that mean you've already taken it out of its box?	这是否意味着你已经把它从盒子里拿出来了？	这么说，你已经把它从盒子里拿出来了？	Does that mean…? 是口语追问，译文「这是否意味着」是公文体；玩家对白说不出口，改为「这么说」。
QuestLoc_CollectorsEdition_Conversation_2_NPCStart_2	Don't worry, it's still in mint condition.	别担心，它仍然处于全新状态。	别担心，它还是全新的。	mint condition 是口语「崭新/完好」，「仍然处于全新状态」为说明书腔，「仍然处于……状态」夹在对白里突兀。
QuestLoc_ConferenceontheMound_Conversation_1_NPCStart_1	Major shocker - Rackie Jobinson's Jersey isn't here.	真是震惊——罗基·杰宾森的棒球衫居然不在那里。	真是个大新闻——罗基·杰宾森的棒球衫不在这儿。	Major shocker 是反讽，ZH「真是震惊」缺谓语中心词、不成句；here 被译成「那里」，方位也偏。
QuestLoc_CoveWatch_QuestLongDescription	The Vault has received word of a TV pilot filming nearby. It's almost certainly a trap, but send your most physically attractive Dwellers dressed for the part just in case.	避难所得到消息，说附近正在拍电视节目。这肯定是个陷阱，但以防万一还是派你最具魅力的居民打扮一番去试镜吧。	避难所得到消息，说附近正在拍摄一部电视试播集。这几乎肯定是个陷阱，但以防万一，还是派你最具魅力的居民打扮得符合角色去一趟吧。	TV pilot（FR pilote/RU пилотная серия）漏成「电视节目」；almost certainly 的 almost 被删，限定加强。
QuestLoc_CoveringAlltheBases_QuestLongDescription	Still no sign of Coach, or Rackie Jobinson's Jersey. Time to venture farther out. No risk, no reward!	还是没有教练或是棒球衫的影子。该去更远的地方了。不入虎穴，焉得虎子！	还是没有教练或是罗基·杰宾森的棒球衫的影子。该去更远的地方了。不入虎穴，焉得虎子！	EN 明写 Rackie Jobinson's Jersey，ZH 只剩「棒球衫」，专名丢失；同链 BreakingalltheRecords 保留全名。
QuestLoc_CrimeSceneInvestigation_Conversation_2_NPCStart_3	And when Pestilence is the final Horseman, we shall be unworthy no more.	当“瘟疫”成为最后的骑士时，我们将不会毫无价值了。	当“瘟疫”成为最后一位骑士时，我们就再也不是不配的人了。	unworthy 是该教派自称（同文件 NPCStart_1 作「不配」），ZH「毫无价值」换成价值判断。
QuestLoc_DartofHarkness_Conversation_1_NPCEnd_2	Okay, now that's just offensive.	好吧，真是冒犯。	好吧，这话就有点过分了。	offensive 是形容词判断，ZH「真是冒犯」缺被冒犯的对象、不成句；that 指上一句骂人的话。
QuestLoc_DartofHarkness_Conversation_1_NPCStart_2	The security honcho is ours. We were paid a handsome sum for his head!	那个安保老板是我们的。有人付了一笔漂亮的钱给我们来取他的脑袋！	那个安保头子归我们了。有人出了漂亮的价钱，要买他的脑袋！	handsome sum 指一笔钱，「漂亮的钱」搭配错；fix「是我们的人了」把 is ours 读成同盟，与买他脑袋矛盾。
QuestLoc_DartofHarkness_Conversation_1_Team_3	You know a “handsome sum” won't actually make you handsome, right?	你知道一个“漂亮的钱”实际上不会使你漂亮，对吧？	你知道“漂亮的价钱”并不能让你变漂亮，对吧？	「handsome sum」回指上句，ZH「一个“漂亮的钱”」量词错（钱用一笔），handsome 的双关落空。
QuestLoc_DartofHarkness_Conversation_2_NPCEnd_3	I'm not a big shot, just a guy doing his job. Here, this is for you.	我不是一个大人物，只是一个家伙在做他的工作。拿着，这是给你的。	我不是什么大人物，只是个干好本职工作的普通人。拿着，这是给你的。	just a guy doing his job 的进行时加 his 被逐字搬成「一个家伙在做他的工作」；big shot 应作「大人物」。
QuestLoc_DartofHarkness_Conversation_2_NPCStart_1	Finally, you're here. I was beginning to worry.	终于，你在这里。我开始担心。	你终于来了，我都开始担心了。	you're here 是当面招呼「你来了」，ZH「你在这里」只陈述位置，was beginning to worry 也压平了。
QuestLoc_DartofHarkness_Conversation_2_NPCStart_4	Here, take these documents to your Overseer. They'll know what to do.	这里，把这些文件带给你们的监督者。他（她）会知道该怎么做。	来，把这些文件带给你们的监督者。他（她）会知道该怎么做。	句首 Here 是递物招呼语（ES Ten、FR Tenez），ZH「这里，」被读成指方位；Overseer 译监督者无误。
QuestLoc_DaysGoneBye_Conversation_1_NPCStart_3	It's not really haunted. I think they started that story to keep people away.	我没有真的觉得闹鬼，我想他们编出那个故事只是为了把人们吓跑。	那地方其实并不闹鬼。我想他们编出那个故事，只是为了让人们不敢靠近。	It 指上一句的31号避难所，ZH「我没有真的觉得闹鬼」把客观判断换成说话人感受，且不像中文。
QuestLoc_DeathRevealed_Conversation_2_NPCStart_3	Keep fighting the Good Fight, Three Dog.	继续打好仗，三狗。	继续为正义而战吧，三狗。	the Good Fight 是固定习语（ES「por lo que es justo」），ZH「打好仗」变成打得漂亮，正义义丢失。
QuestLoc_DeathRevealed_Conversation_3_NPCStart_2	Death will awaken when the quota is met. It's all there in the Manual.	当配额满足时“死亡”就会苏醒。手册里都写了。	当配额凑够时，“死亡”就会苏醒。手册里都写着呢。	is met 被逐字搬成「配额满足」的翻译腔，同段 NPCStart_3 用「达到这个配额」，用语不统一。
QuestLoc_DeathandDenial_Conversation_2_NPCEnd_2	Eating Cram in the boudoir. I still have the tins if you want to see them.	在闺房里吃东西。如果你想看罐头，我还有。	在闺房里吃饱饱牌肉罐头。你要是想看，罐头盒我还留着。	Cram 全项目统一作「饱饱牌肉罐头」，ZH「吃东西」删掉专名，后句 tins「罐头」也失去呼应。
QuestLoc_DeathandDenial_Conversation_2_Team_1	The game is afoot! Let's proceed!	游戏正在进行中！让我们继续！	好戏开场了！我们继续吧！	The game is afoot 是福尔摩斯式习语，「正在进行中」丢了「好戏开场」义；Let's proceed 被逐字搬用。
QuestLoc_DeathandDenial_Conversation_3_NPCStart_2	I'm Rod Murphy, rich but vulgar industrialist, and this is my trophy wife Priscilla.	我是罗德·墨菲，富有但粗俗的实业家，这是我的妻子普莉希拉。	我是罗德·墨菲，有钱但粗俗的实业家，这位是我的花瓶老婆普莉希拉。	EN trophy wife（ES mujer florero、DE Trophäe）是刻画罗德的限定语，ZH 只作"我的妻子"，人物标签丢失。
QuestLoc_DeathandDenial_Conversation_6_NPCEnd_4	I'll remember that next time I go on a violent, murderous rampage.	我将记住这一点，下一次我将进行暴力的、血腥的暴行。	我会记住的，等我下次发狂杀人的时候。	murderous（凶残杀人）错成「血腥的」，且「我将记住…我将进行…暴行」两处我将叠用、动宾硬搬。
QuestLoc_DeathclawDeeLite_2_QuestShortDesc	Talk to a doctor about a Deathclaw pesticide.	和一位医生交谈关于死爪驱虫剂的问题。	去和一位医生谈谈死爪驱虫剂的事。	EN about a Deathclaw pesticide 被搬成"交谈关于……的问题"；"交谈"不能带"关于"宾语，应作"谈谈……的事"。
QuestLoc_DibsattheRedRocket_Conversation_1_NPCStart_2	The Brotherhood of Steel is requisitioning any tech found in this location.	钢铁兄弟会正在回收在这个位置发现的任何技术。	钢铁兄弟会正在征用此地发现的所有科技物品。	EN requisitioning 应为"征用"，ZH 作"回收"偏回收利用；"在这个位置发现的"长定语直搬，机翻腔。
QuestLoc_DibsattheRedRocket_Conversation_1_Team_1	No, I think I'll just stay and take what I want.	不，我想我会留下来带走我想要的。	不，我打算留下来，拿走我想要的东西。	EN I think I'll just stay 的 just 未译，"留下来带走我想要的"两动词无停顿，"我想要的"缺中心语。
QuestLoc_DibsattheRedRocket_Conversation_1_Team_3	Come on, can't you guys share anything here?	拜托，你们不能在这里分享什么吗？	拜托，你们就不能分我点东西吗？	EN share anything here 讨的是战利品，ZH"在这里分享什么吗"抽象化且语序直搬，口语应说"分点东西"。
QuestLoc_DibsattheRedRocket_QuestLongDescription	One of your Dwellers found an abandoned Red Rocket truck stop! Maybe there's some valuable junk inside...	你的一个居民发现了一辆废弃的红色火箭卡车站！也许里面有一些有价值的垃圾……	你的一名居民发现了一座废弃的红火箭卡车休息站！说不定里面有些值钱的破烂……	truck stop 是建筑，「一辆」量词不通、「卡车站」非中文词；「红色火箭」与全项目「红火箭」不一致。
QuestLoc_DivideandConquer_Conversation_1_NPCStart_2	In order to continue, you must prove your math skills.	为了继续下去，你必须先证明你们的数学技能。	想继续往前走，就得先证明一下你们的数学水平。	EN you 在 ES tenéis、DE ihr、RU вы 均为复数，ZH"你必须……你们的"混用；同场 NPCStart_1/3 用"你们"。
QuestLoc_DivideandConquer_Conversation_2_NPCEnd_3	I think I'll make a scatter plot... of your brains!	我想我会做一个散点分析……关于你的大脑的！	我打算画张散点图……就用你们的脑子来画！	scatter plot 的标准译法是散点图，非“散点分析”；“关于你的大脑的”是悬空定语，意思大体可猜但句子断。
QuestLoc_DivideandConquer_Conversation_3_NPCEnd_1	Normally I'd agree with you, but I'm feeling negative today.	通常我同意你的意见，但今天我并不想。	通常我会同意你的，但今天我的心情很负面。	EN I'm feeling negative 兼指情绪消极与算式「负数」，ZH「今天我并不想」丢掉 negative，只剩半截省略句。
QuestLoc_DogGone_Conversation_2_NPCEnd_4	It isn't? Well, shoot. I guess you can just have him, then. He's been eating too much food anyway.	它不是吗？好吧，真烦。我想你们可以带走它了。它也太能吃了。	不是？哎呀。那你们就把它带走吧。反正它吃得也太多了。	EN It isn't? 是回声问「不是？」，ZH「它不是吗？」易被读成反向确认；Well, shoot 只是「哎呀」，非「真烦」。
QuestLoc_DogsofWar_QuestLongDescription	Famine and Pestilence are out there, whoever they are, with followers to spare. War and Death are the other infamous Horsemen of the Apocalypse. Are they terrorizing the Wasteland as well? If anyone knows, it's Three Dog at Galaxy News Radio. Let's go talk to him.	“饥荒”和“瘟疫”就在那里，无论他们是谁，追随者都大有人在。“战争”和“死亡”是臭名昭著的“末日骑士”。他们在废土肆虐吗？如果有人知道，一定是银河新闻电台的三狗。我们去跟他谈谈。	“饥荒”和“瘟疫”就在外面，无论他们是谁，追随者都大有人在。“战争”和“死亡”则是另外两位臭名昭著的“末日骑士”。他们也在废土上肆虐吗？如果有人知道，那一定是银河新闻电台的三狗。我们去跟他谈谈。	EN the other Horsemen（ES los otros、RU Другие）的 other 未译，切断与"饥荒""瘟疫"的同组关系。
QuestLoc_DoitfortheBatBoy_Conversation_1_NPCStart_1	There it is! The... Wait... no. That's a ripped football uniform.	找到了！是……等等……不对。是一件扯烂的足球服。	找到了！是……等等……不对。是一件扯烂的橄榄球服。	football 在此为美国高中橄榄球，项目 Speech_Kid40、The Gridiron Gang 等均作“橄榄球”；“足球服”不准确。
QuestLoc_DuoofDestructionAlphaDeathclaws_QuestLongDescription	Two Alpha Deathclaws have decided to make their home at the old Grotton Depot. Yikes! Time to bring out the big guns!	两只领头死爪决定把旧的格罗顿仓库当做他们的家。太可怕！是时候拿出大家伙（枪）了！	两只领头死爪决定把旧的格罗顿仓库当成自己的家。太吓人了！是时候拿出大杀器了！	EN big guns 译成"大家伙（枪）"，译注进了正文；"当做他们的家"用"他们"指死爪，应作"自己的家"。
QuestLoc_DuoofDestructionGlowingOnex2_Conversation_1_NPCStart_1	Gosh. I could see the glow halfway across the waste. Good luck in there.	天。隔着大半个废土都能看见那绿光。上帝保佑。	天哪。隔着大半个废土都能看见那绿光。进去之后祝你好运。	Good luck in there 的 in there 未译，且全项目 Good luck 均作“祝你好运”；Gosh 单独成句宜作“天哪”。
QuestLoc_DuoofDestructionGlowingOnex2_QuestLongDescription	A pair of Glowing Ones have taken over an old Fusion Core factory. Toss those Ghouls out on their keisters!	两只发光种占领了一处旧的聚变核心工厂。赶紧解决掉他们。	两只发光种占领了一处旧的聚变核心工厂。把那帮尸鬼撵出去，让他们一个个摔个屁股蹲儿！	toss those Ghouls out 是“把尸鬼撵出去”，现译“解决掉他们”改了动作又隐去尸鬼，keisters 的调侃也没了。
QuestLoc_DuoofDestructionGlowingRadscorpions_Conversation_1_NPCStart_1	Thank goodness you're here! We're no match for those chitinous creeps! Take them down for us? Please?	谢天谢地你在这里！我们可不是这些硬壳怪物的对手！能帮我们消灭它们吗？求求你们了！	谢天谢地你们在这里！我们可不是这些硬壳怪物的对手！能帮我们消灭它们吗？求求你们了！	EN 同句 you 指同一对象，ZH 前"你"后"你们"；FR vous、RU вы 为复数，句内人称应统一。
QuestLoc_DuoofDestructionMoleRatBroodMothers_QuestLongDescription	Two Mole rat brood mothers have been spotted at the nearby dog food factory. It's about time someone took them down.	两只鼹鼠妈妈被发现出现在了附近的狗粮工厂。是时候有人拿下它们了。	附近的狗粮工厂里出现了两只鼹鼠妈妈。该有人去收拾它们了。	have been spotted 已含“被发现”，又叠“出现”成杂糅；“是时候有人拿下它们了”是英文句式的硬搬。
QuestLoc_ENC_QL1_LoveOfGold_2_Room1_Question_Line2	Enjoy our exclusive and intrusive training regimen, based on only the best pre-war training videos.	敬请享受我们独家且侵入式的训练计划，它完全基于最棒的战前训练视频。	好好享受我们独家的灌输式训练课程吧，内容全部取自最棒的战前训练视频。	EN intrusive training regimen：项目内"敬请"只接"敬请收听"类邀约，不接"享受"；"侵入式"形容课程应用"灌输式"。
QuestLoc_ENC_QL1_LoveOfGold_2_Room4_Question_Line1_Answer0	Scallywags! No! Stay away from our precious database!	小坏蛋！不！离我们珍贵的数据库远点！	小毛贼！不！离我们珍贵的数据库远点！	EN Scallywags!（FR Vermines、DE Strolche）是斥责入侵者的骂语，ZH"小坏蛋"带亲昵/逗弄色彩，敌意被冲淡。
QuestLoc_ENC_QL1_LoveOfGold_4_QuestLongDesc	We've discovered an active Enclave base! Let's bring the fight to them, before they finish whatever horrible thing they're planning.	我们发现了一座活跃的英克雷基地！我们主动出击吧，赶在他们完成那可怕计划之前。	我们发现了一座还在运转的英克雷基地！咱们主动打上门去，别等他们把那个可怕的计划完成。	EN active base 形容设施应为"还在运转"，"活跃"用于人或气氛；"那可怕计划"缺量词且 whatever 未译。
QuestLoc_ENC_QL1_LoveOfGold_4_Room1_Question_Line1_Answer0	Colonel [REDACTED] has no meetings. Please wait for him in the afterlife.	上校[已删改]没有档期。请到死后再来找他。	上校[已删改]目前没有会面安排。请到死后再来找他。	EN has no meetings 是接待机器人的官腔"没有会面安排"，ZH"没有档期"属演艺圈排期用语，语域错位。
QuestLoc_ENC_QL2_Defective_3_Room3_Question_Line1_Choice3	The key is healthy debate, without violence, just like the one you're having. 	关键在于健康的辩论，不动用暴力，就像你们正在进行的这样。	关键在于健康的辩论，不动用暴力——就像你们现在这样。	EN the one you're having 的 the one 指"这场辩论"，ZH"正在进行的这样"缺中心语，是半截话。
QuestLoc_ENC_QL2_Defective_4_Room6_Question_Line1_Answer0	Yeah, well... I'll be *heading* for your vault soon. You just wait.	嗯，是啊……我很快就会*直奔*你们的避难所。你们就等着吧。	嗯，是啊……我很快就要*掉头*去你们的避难所了。你们就等着吧。	EN *heading* 与上句 lose your head 成双关（DE 作 Kopf、IT 作 testa 均保留），ZH「*直奔*」双关尽失。
QuestLoc_ENC_QL3_Escalation_1_Room5_Question_Line1_Answer0	No you can't. But just to be sure, let me pluck out your eyes.	你不行。不过为了保险起见，让我把你眼睛抠下来。	不，你看不见。不过为了保险起见，还是让我把你的眼睛抠下来吧。	EN No you can't 承接上句 I can see you just fine（RU 明译 не видите），ZH「你不行」丢宾语，读成贬评人。
QuestLoc_ENC_QL3_Escalation_1_Room6_Question_Line1	<Pet VR spy training program: Animal Double-Crossing>	<宠物VR间谍训练程序：动物双重背叛>	<宠物VR间谍训练程序：动物森友骗>	double-cross 指反水，非「双重背叛」；EN 是仿 Animal Crossing 的双关，同房「收服」已按宝可梦改写。
QuestLoc_ENC_QL3_Escalation_3_Room3_Question_Line1_Choice2	I'm a sucker for romance drama. I'm going in!	我可是浪漫戏码的痴迷者。我要进去了！	我最吃爱情戏这一套了。我这就进去！	EN a sucker for romance drama 是口语，ZH 硬造名词化「浪漫戏码的痴迷者」，且「戏码」今多指花招把戏。
QuestLoc_ENC_QL3_Escalation_4_Room4_Question_Line1_Choice0	Is this another trap? You know we foiled them all, right?	这又是陷阱？你可知道我们都识破了所有陷阱，对吧？	这又是陷阱？你知道的，那些陷阱我们全识破了，对吧？	EN You know 是话语标记「你知道」，ZH「你可知道」成了反问，又与句末「对吧」语气打架；「都…所有」重复。
QuestLoc_ENC_QL4_HeartOfGOLDAS_1_CombatInit2	GOLD! It lights the way to a shinier America!	黄金！它照亮通往更闪亮美利坚的道路！	黄金！它照亮了通往更闪亮的美利坚之路！	EN shinier America；汉语「更＋形容词」作定语一般不能省的，「更闪亮美利坚」要回读才断得开。
QuestLoc_ENC_QL4_HeartOfGOLDAS_1_Room2_Question_Line1_Answer0	Shoot, I'm locked out. It can't be hacked! All that gold…	该死，我被锁定了。破不了！那些黄金啊……	该死，我进不去了。根本破不了！那些黄金啊……	EN locked out 是进不去（IT/DE/RU 均作「进不去」「进不来」），ZH「我被锁定了」首先读成被瞄准锁定。
QuestLoc_ENC_QL4_HeartOfGOLDAS_1_Room3_Question_Line1_Choice2	We'll double what they're paying you.	我们出双倍价钱，买断他们付你的酬劳。	他们付你多少，我们出双倍。	EN double what they're paying you 就是出双倍价；ZH「买断…酬劳」搭配不成立，买断的对象是合同、产权。
QuestLoc_ENC_QL4_HeartOfGOLDAS_1_Room4_Question_Line1_Answer0	Then our goals are aligned. Follow these coordinates.	那我们目标一致。跟随这些坐标。	那我们目标一致。按这些坐标过去吧。	Follow these coordinates 的宾语是地点，中文「跟随」只能带人或指引，不能带「坐标」，搭配不成立。
QuestLoc_ENC_QL4_HeartOfGOLDAS_1_Room4_Question_Line1_Answer1	Follow these coordinates. The Enclave is interested in you, too.	跟随这些坐标。英克雷也对你们感兴趣。	按这些坐标过去吧。英克雷也对你们感兴趣。	同一台词分支 Follow these coordinates 的「跟随坐标」搭配不成立，须与上句改法一致。
QuestLoc_ENC_QL4_HeartOfGOLDAS_2_CombatInit2	You didn't sign a release form!!!	你没签过放行单！！！	你还没签免责声明呢！！！	release form 是免责弃权文件（ES dispensa、RU отказ от претензий），ZH「放行单」是通行凭证，公文种类错。
QuestLoc_ENC_QL4_HeartOfGOLDAS_2_Room2_Question_Line1_Answer0	That's going to be even more paperwork for me! I can't take it anymore!	那对我来说又是一堆纸面工作！我再也受不了了！	那对我来说又是一堆文书要填！我再也受不了了！	paperwork 指要填的表格文书，项目他处即译「文书」；「纸面工作」把 paper 直取「纸面」，中文无此搭配。
QuestLoc_ENC_QL4_HeartOfGOLDAS_2_Room4_Question_Line1_Answer1	Seems unnecessary. Nevertheless, transmitting coordinates to AI repair facility.	似乎没必要。尽管如此，将坐标传输至AI维修设施。	似乎没必要。尽管如此，正在将坐标传输至AI维修设施。	transmitting 是进行时，ZH 丢掉「正在」，与紧邻的「正在传输坐标」不成对，读成了命令句。
QuestLoc_ENC_QL4_HeartOfGOLDAS_3_Room2_Question_Line2	MOPUS is my name, feeling sorry for myself is… my prime directive…	我的名字叫MOPUS，自我哀怜……是我的最高指令……	我的名字叫MOPUS，顾影自怜……是我的最高指令……	feeling sorry for myself 通行译法是「自怜/自怨自艾」，「自我哀怜」系生造四字组合，作 MOPUS 自述生硬。
QuestLoc_ENC_QL4_HeartOfGOLDAS_4_Room1_Question_Line2	Are you prepared for my full reckoning?	你们准备好承受我全力的一击了吗？	你们准备好迎接我彻底的清算了吗？	reckoning 指清算算总账（同项目 chunk_026 即译「清算」，DE Abrechnung），ZH「全力的一击」变成物理打击。
QuestLoc_ENC_QL4_HeartOfGOLDAS_4_Room4_Question_Line2	Behold my final show of force, MY ALL-FOR-NOTHIN' GAMBIT!	看我最后的武力展示，我这孤注一掷的赌局！	看我最后的武力展示——我这注定血本无归的赌局！	ALL-FOR-NOTHIN' 意为全都白费（DE ALLES-UMSONST），「孤注一掷」只表押上全部本钱，丢了与上句 0% 胜率的呼应。
QuestLoc_ESterEggHunt_Conversation_1_NPCEnd_3	Twenty, to be precise. Er, I mean... Enjoy!	准确来说，二十。呃，我是说……享受！	准确来说，二十。呃，我是说……好好享受吧！	Enjoy! 单独译「享受！」不成话（项目他处作「好好享受」）；fix 误加「个」把二十百万吨写成「二十个」，且「享用」偏进食。
QuestLoc_ESterEggHunt_Conversation_1_NPCStart_1	Welcome to our first annual E-Ster Egg Hunt!	欢迎来到我们一年一度复活节彩蛋寻宝！	欢迎参加我们首届复活节彩蛋寻宝活动！	first annual 只译出「一年一度」，first（首届）被吞掉；「我们一年一度复活节彩蛋寻宝」还缺「的」，成分残缺。
QuestLoc_ESterEggHunt_Conversation_2_NPCStart_1	Any luck finding those Deathclaw eggs?	找到那些死爪蛋吗？	那些死爪蛋有收获吗？	Any luck finding 的「有没有找到」义丢失；「找到那些死爪蛋吗」缺完成体「了」，中文疑问句不能这样收尾。
QuestLoc_ESterEggHunt_QuestObjective_1	Learn more about the alleged nuclear bomb.	了解更多有关所谓的核弹。	进一步了解那枚所谓的核弹。	Learn more about 落成「了解更多有关」，后面缺中心语（…的信息），搭配残缺，但意思尚可解。
QuestLoc_ESterEggHunt_QuestShortDescription	Find out more about the alleged nuclear bomb.	了解更多有关所谓的核弹。	弄清那枚所谓的核弹的底细。	Find out more about 同样只译成「了解更多有关」，缺中心语，about 的宾语没落地。
QuestLoc_ESterisComing_Conversation_1_NPCStart_1	Ah, you must be the Vault Dwellers sent to help us out! Atom be praised!	啊，你一定是派来帮助我们的避难所的居民！赞美原子！	啊，你们一定就是被派来帮我们的避难所居民！赞美原子！	EN 是复数 Vault Dwellers，ZH 用单数「你一定是」；「派来帮助我们的避难所的居民」连用三「的」，修饰错位易误读。
QuestLoc_ESterisComing_Conversation_1_NPCStart_4	This is where Brother Will was last seen.	这就是威尔修士最后一次被见到的地方。	这里就是最后一次看到威尔修士的地方。	was last seen 在对白里宜作主动，ZH「最后一次被见到」属被字句翻译腔；项目对白同类句用「最后一次看到」。
QuestLoc_ESterisComing_Conversation_2_NPCStart_4	In the end it was just a huge Mole rat standing on its hind legs.	最后，它只是一只巨大的鼹鼠，站在它的后腿上。	到头来，那只是一只靠后腿站起来的大鼹鼠。	standing on its hind legs 译成「站在它的后腿上」，中文说动物用「靠后腿站起」，「它的」也多余。
QuestLoc_EvictionNotice_Question3_Choice3	I hate to say this, but… you're all too smelly.	不得不说……你们身上有点味儿。	不得不说……你们一个个也太臭了。	too smelly 是「太臭」，ZH「身上有点味儿」把程度削成委婉语；各语种均保留「臭/难闻」的强度。
QuestLoc_ExpressCheckout_Conversation_1_Team_3	Were those Ferals friends of yours?	那些尸鬼是你的朋友吗？	那些狂尸鬼是你的朋友吗？	Ferals 即 Feral Ghoul 简称，项目统一「狂尸鬼」（64 处）；只写「尸鬼」丢掉 feral，并与同段尸鬼 NPC 混指。
QuestLoc_ExtremePrejudice_Conversation_1_Team_3	I *wish* I was a spy, so I could just kill you all.	我真希望我是间谍，所以我可以杀了你们所有人。	我真希望自己是间谍，这样就能把你们全杀了。	so I could 表目的（ES para poder、DE damit），ZH「所以我可以」译成因果，关系拧成「因为希望所以能」。
QuestLoc_ExtremePrejudice_Conversation_5_Team_2	Why *our* Vault, out of all of them?	为什么所有的这些避难所，你们选择了我们的？	这么多避难所，你们为什么偏偏看上我们的？	out of all of them 是「这么多里偏偏」，ZH 把状语「所有的这些避难所」堆到主语前，语序错位，「所有的这些」也不成词序。
QuestLoc_ExtremePrejudice_QuestShortDescription	Take out a hostile Vault Overseer.	拿下一个敌对避难所的首领。	干掉一名敌对的避难所监督者。	Vault Overseer 在本任务他处作「监督者」（消灭邪恶的监督者），ZH「首领」对应的是 leader；take out 是「干掉」不是「拿下」。
QuestLoc_FactoryFloorofFear_Conversation_1_NPCStart_4	I don't care what's in my way, whether it's bugs or chumps like you!	我根本不在乎谁挡我的路，不论是虫子还是你们这种傻瓜！	我才不管挡路的是什么，不管是虫子还是你们这种蠢货！	EN what's in my way 指物（ES lo que、DE was），ZH「谁」只能指人，与紧接的「不论虫子」相抵，应为「挡路的是什么」。
QuestLoc_FactoryFloorofFear_QuestLongDescription	While exploring, Dwellers found a note warning everyone to stay away from an old industrial complex. If folks have kept clear, it might still hold something useful.	探索的居民发现了一张告示，警告大家远离一幢旧的工业基地。如果没人在那儿，说不定还会有有用的东西留下。	居民在探索时发现了一张告示，警告大家远离那片老旧的工业区。如果一直没人靠近，里面说不定还留着些有用的东西。	「探索的居民」缺「在……时」成定语；「如果没人在那儿」丢掉 kept clear＝一直没人靠近；量词「幢」与工业区不搭。
QuestLoc_FamilyMatters_Conversation_1_NPCEnd_1	She's my grandma, but careful, she's a biter. Papa was too until he lost his dentures. They both mean well! Call it tough love.	她是我的外婆，但是小心，她会咬人。我外公也是，直到他丢了他的假牙。当然他们都是好心，我称之为“强悍的爱”。	她是我的外婆，不过小心，她会咬人。我外公也是，直到把假牙弄丢了才不咬了。他们其实都是好意！我管这叫“严厉的爱”。	tough love 指为你好而严厉，「强悍」是强大凶猛，词义走偏；姐妹条 NPCEnd_2 同词组已作「严厉的爱」，须统一。
QuestLoc_FamilyMatters_Conversation_1_NPCEnd_2	Sure is, but careful, she's a biter. Papa used to be until he lost his dentures. But they both mean well! I call it tough love.	当然是了。但小心，她爱咬人。老爸以前也这样，直到他丢了假牙。当然他们都是好意，我管这叫“严厉的爱”。	当然是了。不过要小心，她爱咬人。外公以前也这样，直到他丢了假牙。不过他们都是好意！我管这叫“严厉的爱”。	同一 Papa 在姐妹条 NPCEnd_1 作「外公」，本条作「老爸」；假牙与「他们俩」并列指老两口，称谓自相矛盾。
QuestLoc_FollowingHisFirstSteps_QuestLongDescription	Famed Minuteman, Preston Garvey, has gone missing! Search for clues to his whereabouts at his last known location.	小有名气的义勇军民兵——普雷斯顿·加维，消失了！在他最后出现的地方寻找有关他去向的线索。	大名鼎鼎的义勇军民兵——普雷斯顿·加维，失踪了！在他最后出现的地方寻找有关他去向的线索。	Famed（ES famoso、DE berühmte、RU знаменитый）是大名鼎鼎，ZH「小有名气」把声望压低一档，与这位民兵身份不符。
QuestLoc_FonsVivus_Conversation_1_NPCEnd_1	We tried to save some but it was so REFRESHING! Try Vault 315, they bought some as well.	我们试图节约一些，但它是如此清爽！去315号避难所看看吧，他们也买了一些。	我们本想留一些，可它实在太清爽了！你们可以去315号避难所问问，他们也买了。	save some＝留一些，非「节约」；it was so REFRESHING 硬译「它是如此清爽」，中文不成句。
QuestLoc_FoodFight_Conversation_1A_NPCEnd_1	Now that sounds like a balanced breakfast!	现在那个听起来像是营养均衡的早餐！	这么一说，倒像是一顿营养均衡的早餐！	Now that 是承接上文的口语，直译「现在那个」主语悬空；ES Eso suena、DE Das klingt 均无「现在那个」。
QuestLoc_FoodFight_Conversation_1D_Team_3	You do realize that stuff is, like, 200 years old?	你知道那东西起码放了……至少两百年了吧？	你知道那东西……少说也放了两百年了吧？	EN 只有 like 一个含糊插入语，ZH「起码……至少」两个同义下限词叠用，读来重复，保留省略号即可。
QuestLoc_FoodFight_Conversation_1E_NPCEnd_3	Indubitably. I am a Raider, after all. Refined palate notwithstanding.	毋庸置疑，我终究是个掠夺者。即使我的品位这么好。	毋庸置疑，我终究是个掠夺者——尽管我品味高雅。	notwithstanding＝让步「尽管」（DE Trotz、ES A pesar de），译「即使」后无主句成残句。
QuestLoc_FriendlySettlement_Conversation_2A_NPCEnd_1	Righteous. Here's one of my personal favorites. Catch you cats next time!	有品味。这是我个人最喜欢的一件。下次见啦，伙计们！	太好了。这是我个人最喜欢的一件。下次见啦，伙计们！	Righteous 是垮掉派俚语的赞叹（好极了／够正），ZH「有品味」变成评价玩家的品味，用词不准确。
QuestLoc_FriendlySettlement_Conversation_2A_NPCEnd_3	I hear ya, daddy-o, I hear ya. Here you go.	我听到了，公子哥，我听到啦。这就来了。	我听到了，伙计，我听到啦。给你。	daddy-o 是五十年代俚语泛称男性（DE Kollege），「公子哥」＝富家子，身份反；同句 Here you go 项目通译「给你」，「这就来了」不当。
QuestLoc_FriendlySettlement_Conversation_2A_NPCEnd_4	Suppose we can let some parts go. Enjoy.	我想我们应该能抛开一些东西吧。好好享受。	我们倒是可以匀出一些零部件。好好享用吧。	let some parts go 是「匀出/让出一些零件」，ZH「抛开」＝心理上放下、「东西」丢掉 parts（ES piezas），交付义走失。
QuestLoc_FriendlySettlement_Conversation_2D_NPCEnd_1	Ha! How about this? Served me well way back when.	哈，这个怎么样？很早的时候它和我一起征战沙场。	哈，这个怎么样？当年它可帮了我不少忙。	Served me well way back when 是前掠夺者随口自夸，ZH「很早的时候它和我一起征战沙场」搬书面套语，与前半句口语语域不符。
QuestLoc_GameShowGauntletA_Conversation_4_NPCEnd_4	Hey! Family is off limits. Just for that... Lose Your Head!	嘿！家人可是忌讳！因为这个……准备“掉脑袋”吧！	嘿！不许拿家人说事。就冲这句……准备“掉脑袋”吧！	off limits 是规则性「不许碰」，ZH「忌讳」偏禁忌义；Just for that 是「就冲这句」，「因为这个」宾语悬空，两处生硬。
QuestLoc_GameShowGauntletC_Conversation_2_NPCEnd_1	That's right! You must know the lady well.	你说的对！你一定很了解她！	你说得对！你一定很了解她！	「说得对」须用补语「得」，ZH「你说的对」是错别字；同批 GauntletA/B 同一句 EN 均作「你说得对」，前后不一致。
QuestLoc_GameShowGauntletC_Conversation_4_NPCEnd_3	Buzz! Wrongo. I guess you're going to... Lose Your Head!	哈哈！错了。准备……“掉脑袋”吧！	哔！答错了。看来你得……“掉脑袋”了！	Buzz 是答错蜂鸣提示音（ES ¡Rin, rin!、DE Bzzz!、RU Бжжж!），ZH 换成笑声「哈哈」，音效错位。
QuestLoc_GameShowGauntletE_Conversation_1_NPCStart_4	Who is the old psychic with the Minutemen?	和义勇军组织在一起的那个灵媒是谁？	义勇军里那个上了年纪的灵媒是谁？	with the Minutemen 是「义勇军里的」，ZH「和义勇军组织在一起」生硬，且漏译 old（DE das alte Medium）。
QuestLoc_GameShowGauntletE_Conversation_3_NPCStart_2	Who is the crazy mechanic in the Railroad?	谁是铁路上最疯狂的技工？	铁路组织里那个疯疯癫癫的技工是谁？	crazy 只是「疯狂的」，ZH 多出最高级「最」；Railroad 全库作「铁路」，「铁路上」易读成现实铁路。
QuestLoc_GameShowGauntletE_Conversation_4_NPCStart_2	What eyesore did Allistair Tenpenny want gone?	哪个是“特佩尼”老头阿利斯泰尔想要拔除的眼中钉？	阿利斯泰尔·特佩尼老头想除掉的眼中钉是哪一个？	Allistair Tenpenny＝阿利斯泰尔·特佩尼；ZH 把姓加引号前置充当绰号，人名顺序不合规范，但不致误读。
QuestLoc_GameShowGauntletF_Conversation_1_Team_2	Reilly's Rangers.	莱莉的骑兵。	莱莉的游骑兵。	Rangers 指游骑兵（RU Рейнджеры、ES Rangers），ZH「骑兵」是 cavalry；本库 NCR Ranger 亦作游骑兵。
QuestLoc_GameShowGauntletH_Conversation_1_Team_4	A nice two-bedroom in Waltham.	沃尔瑟姆的一个两床居室。	沃尔瑟姆一套不错的两居室。	two-bedroom 是「两居室」（ES dos habitaciones），ZH「两床」把卧室数换成床数，量词也错。
QuestLoc_GameShowGauntletH_Conversation_3_NPCEnd_2	Ixnay on the Iner Day! But you get to... Lose Your Head!	完全不对！但是你有机会……“掉脑袋”了！	别提那家餐厅了！不过你还是得……“掉脑袋”！	Ixnay on the Iner Day＝Nix on the Diner（别提那家餐厅），暗指选项剑桥校园餐厅；ZH「完全不对」把这层内容丢光。
QuestLoc_GameShowGauntletI_Conversation_4_NPCEnd_1	Just like Thanksgiving turkey, you're going to... Lose Your Head!	就像感恩节的火鸡，你将会失去你的脑袋！	就像感恩节的火鸡，你就要……“掉脑袋”了！	Lose Your Head 是节目名，全库 160 处均作「掉脑袋」；此处直译「失去你的脑袋」既断节目名呼应又生硬。
QuestLoc_GameShowGauntletI_Conversation_4_NPCStart_2	The Great War started just before which holiday?	世界大战发生在哪个节日之前？	大战是在哪个节日之前爆发的？	The Great War 全库专名作「大战」（如「让我们在大战中活了下来」），「世界大战」改指现实一战二战，指代错。
QuestLoc_GameShowGauntletJ_Conversation_1_NPCEnd_1	Just a hair too south. Speaking of hair... Lose Your Head!	有点太南边了吧。既然这样……“掉脑袋”吧！	往南偏了那么一根头发丝的距离。说到头发……你就快“掉脑袋”了！	a hair（一根头发丝）与 Speaking of hair（说到头发）被换成「既然这样」，hair 双关链断裂；「太南边」也不地道。
QuestLoc_GameShowGauntletJ_Conversation_3_Team_2	Mount Desert Island Naval Facility.	山沙漠岛海军设施。	芒特迪瑟特岛海军设施。	Mount Desert Island 是缅因州实地名，ZH 把 Mount 拆成「山」、Desert 拆成「沙漠」，造出不存在的地名。
QuestLoc_GameShowGauntletJ_Conversation_4_Team_4	Kasumi ran away? How horrible!	霞野逃跑了？太可怕了！	中野霞离家出走了？太可怕了！	Kasumi 是名不是姓（同轮 Kasumi Nakano＝中野霞），ZH 误拼成「霞野」；ran away 是离家出走，非「逃跑」。
QuestLoc_GameShowGauntletK_Conversation_3_NPCEnd_4	Brahmin, leeks and turnips? Yum! But wrong. Lose Your Head!	双头牛肉，韭菜和甘蓝？味道不错，但是错了。“掉脑袋”吧！	双头牛、韭葱和芜菁？味道不错，但是错了。“掉脑袋”吧！	leek 应为韭葱而非韭菜，turnip 应为芜菁而非甘蓝（ES nabos、RU репой）；「双头牛」本身译法可用。
QuestLoc_GameofVaults_Conversation_1_Team_1	Hark, fair maiden! It is I, your savior. Come forth and ride with me out of this beast's den.	听，少女！是我，你的救世主。快过来和我一起逃离这怪兽的深渊。	听着，美丽的少女！是我，你的救世主。快出来，与我一同骑马离开这野兽的巢穴。	den 指兽穴/巢穴（FR tanière、ES cubil），ZH「深渊」是地形；fair（美丽的）漏译，Hark 骑士腔亦未译出。
QuestLoc_GameofVaults_QuestShortDescription	Slay the Dragon (Deathclaw).	屠杀暴龙（死爪）。	斩杀巨龙（死爪）。	Dragon 是「龙」（各语言 dragón/Drachen/дракона），ZH「暴龙」是霸王龙，与括号内「死爪」自相矛盾。
QuestLoc_GasNGo_Conversation_1_NPCEnd_2	I'll make sure you get plenty of lead!	我保证你会得到很多的铅！	我保证让你吃够铅弹！	lead 在此指铅弹（get plenty of lead＝吃枪子），ZH 直译成金属「铅」，威胁与上句无铅汽油的对照全失。
QuestLoc_GasNGo_QuestLongDescription	One of your Dwellers encountered a Raider in an abandoned Red Rocket. Stop him before he heads for your Vault!	一位居民在废弃的红火箭服务站遇到了一位掠夺者。在他前往你们避难所之前阻止他！	你的一名居民在废弃的红火箭服务站遇到了一名掠夺者。趁他还没动身前往你的避难所，赶紧阻止他！	your 在「一位居民」中被抹掉；「一位掠夺者」对敌人误用敬语量词「位」（EN a Raider），应作「一名」。
QuestLoc_GetinLine_RaiderLine_1	You're about to check out... permanently!	你就要“退房”了——永远地！	你马上就要“结账”了——永远地！	关卡在大无敌超市里，check out 指收银台结账（DE 明写 an der Kasse），「退房」是酒店义项，双关落空。
QuestLoc_GhoulInBlack_Conversation02_NPC02	Thanks for keepin' them busy while I dug myself out of there. Was getting' a mite cramped.	谢谢你帮我挡着他们，给我机会把我自己挖出来。我都要憋死了。	谢谢你帮我拖住他们，我这才把自己挖了出来。里面挤得够呛。	while I dug myself out 译成「给我机会把我自己挖出来」，两个「我」叠用且丢同时性；a mite cramped=有点挤，非「憋死」。
QuestLoc_GhoulSupplies_Question2_Answer1	Wonderful! I, too, love to roll in bottle caps. Well, not really, they get stuck in my skin if I do that.	太好了！我也喜欢在瓶盖里打滚。唔，其实不行，弄到皮肤里会很痛。	太好了！我也喜欢在瓶盖里打滚。唔，其实也不是，这么干的话瓶盖会卡进我的皮肤里。	EN 只说 they get stuck in my skin，「会很痛」是凭空添加（ES、RU 亦无痛感）；if I do that 的条件也被丢掉。
QuestLoc_GivemeLibertyandorDeath_Conversation_1_NPCEnd_1	What? Triplicate backups? We'll just get those after we kill you.	什么？三备份？我们杀了你之后就会得到这些。	什么？备份还一式三份？等杀了你，我们照样拿得到。	Triplicate backups 应为「一式三份的备份」，同对话 Team_1 正是此译；「三备份」不成词，「得到这些」是英文语序。
QuestLoc_GivemeLibertyandorDeath_RaiderLine_3	The quota must be met!	配额必须被满足！	必须凑够配额！	The quota must be met 硬搬成「配额必须被满足」；中文不说「配额被满足」（ES 作 alcanzar），口号宜作「凑够配额」。
QuestLoc_GoingToTown_1_Question1_Answer2	Pfft. Whatever, just take this dress I used to wear when I was younger.	哼。随便，把我以前穿的这条裙拿去吧。	哼，随便，把我以前穿的这条裙子拿去吧。	「这条裙」漏「子」，中文「裙」不能单独作名词（EN dress）；when I was younger 现译仅以「以前」笼统带过。
QuestLoc_GoingToTown_1_Question3_Choice1	<Give a big smile>	<大大地笑>	<露出大大的笑容>	Give a big smile 是拍照时「笑一个」，现译「大大地笑」不成话；初审 fix 的「咧嘴大笑」是放声大笑，与相机场景不符。
QuestLoc_GoingToTown_3_Question2_Choice1	Tell us where the slavers are and you can live.	告诉我们奴隶商在哪里，你就可以活着。	告诉我们奴隶贩子在哪儿，就饶你一命。	you can live 意即饶你一命（DE: am Leben lassen），「你就可以活着」生硬；「奴隶商」应作「奴隶贩子」。
QuestLoc_GoingToTown_3_Question5_2	This is the lab where those slavers are making that fake Serum I sold you.	这就是那些奴隶贩子制造我卖给你的假血清的实验室。	这就是那间实验室——那些奴隶贩子在里面制造我卖给你们的那种假血清。	「那些奴隶贩子制造我卖给你的假血清的实验室」三层定语无停顿；初审 fix 的「造出」丢了 are making 的进行义，焦点也移开。
QuestLoc_GuardianoftheWastes:Deathclaws_QuestLongDescription	Let's do our part to protect the Wasteland by clearing out a nearby nest of dangerous, irradiated creatures!	让我们为保卫废土尽一份力。清理掉那一窝危险的，被辐射过的生物吧！	我们也该为保卫废土出份力——去清掉附近那窝又危险又受辐射的生物吧！	EN 的 a nearby nest 在「那一窝」中丢了 nearby；「危险的，被辐射过的」并列定语用逗号不成词；同 EN 另 4 条任务需同步改。
QuestLoc_HalfFullHalfEmpty_Conversation_1_NPCStart_2	I drank it, it tasted delicious and pure but nothing happened to me.	我喝了，它尝起来美味而纯净，但没有什么发生在我身上。	我喝了，味道又香又纯，可我身上什么反应也没有。	nothing happened to me 逐字搬成「没有什么发生在我身上」，中文不这样说（DE: nichts passiert）。
QuestLoc_HeatoftheKnight_QuestObjective_1	Support the soldiers at the RobCo Corporate Offices.	支持罗伯科企业办公室的士兵们。	支援罗伯科办公大楼的士兵们。	战斗支援义 EN Support 宜作「支援」，「支持」是赞同义（同任务 LongDesc 已用「支援」）；「企业办公室」也与「办公大楼」不一致。
QuestLoc_HighSteaks_RaiderLine_3	Coming here might have been a mis-steak.	来这里可能是个错误。	来这儿可能真是送肉上门。	EN mis-steak 是 mistake+steak 双关，ZH 只译出「错误」，同任务牛排梗的嘲讽全丢；fix「送肉上门」用「肉」补回双关。
QuestLoc_HittingtheBooks_QuestLongDescription	As Halloween approaches, the story of Vault 31 and its strange past is being told once again. But is the Vault really haunted, or is something else to blame? It's up to you to solve... The Mystery of Vault 31!	随着万圣节临近，有关31号避难所的故事和它奇怪的过去再一次流传了起来。但是到底是避难所真的闹鬼，还是有其他的什么原因？31避难所之谜正等待你去解决！	随着万圣节临近，有关31号避难所的故事和它奇怪的过去再一次流传了起来。但是到底是避难所真的闹鬼，还是有别的原因？31号避难所之谜正等着你去解开！	本段前文与 QuestlineName 均作「31号避难所之谜」，ZH 漏「号」；「之谜…解决」搭配亦不顺，EN solve 宜作「解开」。
QuestLoc_Homerun_QuestLongDescription	Still no Coach, and no Rackie Jobinson's Jersey. But he's close! I can sense it. Or maybe it's just his lingering B.O. In any event, it's time to search the Precious Paws Pet Store!	还是没有教练或是棒球衫的影子。但他应该就在附近了！我能感觉到。还是说只是他的狐臭！无论如何，我们去搜搜宝贝爪爪宠物商店吧！	还是没有教练或是罗基·杰宾森的棒球衫的影子。但他应该就在附近了！我能感觉到。还是说只是他的狐臭！无论如何，我们去搜搜宝贝爪爪宠物商店吧！	EN Rackie Jobinson's Jersey 的专名被整段省成「棒球衫」，任务链其余条目均作「罗基·杰宾森的棒球衫」，专名信息缺失。
QuestLoc_HoneymoonHorror_Conversation_2_NPCEnd_2	Darling, I'll never forget you as I toil away in complete safety. Stay strong!	亲爱的，当我在一个完全安全的环境下辛苦工作的时候，我永远都不会忘记你的。你 一定要坚强！	亲爱的，我就算在绝对安全的地方辛苦操劳，也永远不会忘记你的。你一定要坚强！	EN as I toil away in complete safety 状语被硬搬到句首成报告腔；「你 一定」间夹半角空格 U+0020，游戏内显示断字。
QuestLoc_HoneymoonHorror_Conversation_2_Team_4	Sure, I'll just tell your settlement the Radscorpions got you.	没问题，我会告诉你们定居点：你被辐射蝎抓走了。	没问题，我就跟你们定居点的人说，你们让辐射蝎给收拾了。	EN your settlement 与 you 指同一群听众（ES/DE/RU 均复数），ZH「你们定居点：你」人称跳换并用冒号硬接陈述句，读来突兀。
QuestLoc_HostageNegotiations_Conversation_2_NPCStart_4	Here, this is all I can offer you.	拿着，这是所有我能够给你们的。	拿着，我能给你们的就这些了。	this is all I can offer you 直译成「这是所有我能够给你们的」，「所有＋的字短语」缺中心语，不地道但可解。
QuestLoc_HouseWarming_1_QuestName	Party to the Max	派对到马克	派对到马克西姆斯	EN Party to the Max 双关借 Maximus 的 Max，ZH「马克」与同任务的「马克西姆斯」不一致，玩家会以为是另一人。
QuestLoc_HouseWarming_2_QuestLongDesc	Securitrons are supposed to be excellent guards. Go see Victor at RobCo headquarters and discuss security for Mr. House's party.	保安机器人本该是出色的守卫。去 罗伯科 总部见维克托，讨论豪斯先生派对的安保事宜。	保安机器人本该是出色的守卫。去罗伯科总部见维克托，讨论豪斯先生派对的安保事宜。	ZH「去 罗伯科 总部」在汉字之间夹两个半角空格 U+0020，属术语替换残留；全项目其它 RobCo 条目无此空格，游戏内显示突兀。
QuestLoc_HouseWarming_3_Question1	This Ghoul party is falling apart. Just like the hosts!	这场尸鬼派对要完蛋了。就跟主办人一样！	这场尸鬼派对快散架了。就跟主办人一样！	EN falling apart 双关：派对散架＋尸鬼身体散架，ZH「要完蛋了」只剩垮台义，与「就跟主办人一样」的呼应落空。
QuestLoc_HouseWarming_4_Question6_Choice2	A nice outfit, perhaps?	来身漂亮衣服，也许？	也许来身漂亮衣服？	EN 句末 perhaps 是英语后置疑问尾，中文「也许」不作后置疑问标记（DE 作 Vielleicht…），语序硬搬但不影响理解。
QuestLoc_HowCanYouNotBeRomanticAboutBaseball_QuestLongDescription	Okay, so Holy Heart Hospital was a dead end. But at least we're still alive! Next stop, the ruins of Lakeville Library.	好吧。所以圣心脏医院肯定是条死路了，但至少我们都还活着！下一站，莱克维尔图书馆。	好吧。所以圣心脏医院肯定是条死路了，但至少我们都还活着！下一站，莱克维尔图书馆的废墟。	EN the ruins of 的「废墟」漏译，ZH 只留「莱克维尔图书馆」；同链 HomerunDerby 已作「圣心脏医院的废墟」。
QuestLoc_HumanBeanJuice_QuestLongDescription	Jack's been through the ringer - and now he might get turned into dinner! Slavers sold him to a Potted Meat plant. We need to head there!	杰克已经受过一次大惊吓——可现在他马上要成为别人的晚餐！奴隶贩子把他卖给了肉酱厂。我们应该去那里找他！	杰克已经被折腾得够呛——可现在他马上就要变成别人的晚餐了！奴隶贩子把他卖给了肉酱厂。我们应该去那里找他！	EN been through the ringer=吃尽苦头（ES/DE/RU 同为受苦），ZH「受过一次大惊吓」把磨难改成惊吓，还凭空添「一次」。
QuestLoc_HumansLikeUs_Conversation_1_Team_3	Sorry, complimentary what?	对不起，赠送什么？	对不起，免费什么？	EN 回声的是上句 complimentary（现译「免费的体检」）的「免费」，ZH 却作「赠送什么？」，与上句关键词对不上，笑话接不住。
QuestLoc_HumansLikeUs_Conversation_2_NPCStart_1	[High-pitched guttural shriek]	[高音喉咙尖叫]	[高亢的喉音尖叫]	guttural 指喉音音质（ES gutural），非发声部位；「高音喉咙尖叫」以「喉咙」代「喉音」，硬摞不成搭配。
QuestLoc_HumansLikeUs_Conversation_4_NPCStart_4	They like killing us, for some reason ha ha.	他们喜欢杀我们，出于某种原因，哈哈。	不知道为什么，他们就是喜欢杀我们，哈哈。	for some reason 是状语，ES/FR/RU 均前置到句首；ZH 原样吊在「他们喜欢杀我们」之后，像话没说完。
QuestLoc_HumansLikeUs_Conversation_5_NPCEnd_3	ALERT! ALERT! ENGAGE EXTERMINATION PROTOCOL!	警报！警报！进行灭绝协议！	警报！警报！启动灭绝协议！	engage protocol 应作「启动协议」（同项目 Activate Security Protocols 作「激活安全协议」），「进行协议」动宾不成立。
QuestLoc_HumansLikeUs_Conversation_5_NPCStart_2	I hope you find everything here normal and not at all disquieting ha ha.	我希望你在这里一切正常，一点也不觉得不安呵呵。	我希望你觉得这里的一切都很正常，一点也不觉得诡异，哈哈。	find everything here normal 是「觉得这里一切正常」，ZH 换成「你在这里一切正常」；ha ha 全作「哈哈」，「呵呵」为全表孤例。
QuestLoc_INS_QL1_MajorPlayers_1_Room0_Question_Line3	I'm about as much help as a paper umbrella in a hurricane.	我这点作用，就像飓风里的纸伞一样靠不住。	我帮的忙，就跟飓风里的一把纸伞差不多。	as much help as a paper umbrella 意为帮不上忙；ZH「我这点作用……靠不住」让「作用」与「靠不住」硬配，把没用偏成不可靠。
QuestLoc_INS_QL1_MajorPlayers_1_Room2_Question_Line2	We are saved, right? I heard a lot of noises that sounded like dying Ghouls.	我们有救了，对吧？我听到好多像是尸鬼濒死的声音。	我们有救了，对吧？我听到好多动静，听着像是尸鬼临死前发出的声音。	EN 是 noises that sounded like dying Ghouls，ZH 压成嵌套定语「像是尸鬼濒死的声音」，「尸鬼濒死」缺中心语。
QuestLoc_INS_QL1_MajorPlayers_2_Room1_Question_Line4	Tell you what. If you can persuade the rest of my folks to join, we're in.	这样吧。只要你能说服我其他乡亲们加入，我们就入伙。	这样吧。只要你能说服我们其余的乡亲加入，我们就入伙。	the rest of my folks 即「我其余的乡亲」，ZH「我其他乡亲们」缺「的」且「我」与「们」冲突，念着别扭。
QuestLoc_INS_QL1_MajorPlayers_3_Room0_Question_Line1_Choice2	Got anything to help?	有什么能帮上忙的吗？	有什么能帮上忙的东西吗？	Got anything to help? 是索要援助（ES“Nos das algo…”）；ZH“有什么能帮上忙的吗”易读成主动帮忙，与后文答案错位。
QuestLoc_INS_QL1_MajorPlayers_4_Room0_Question_Line2	This is definitely the right place. It's crawling with Synths.	绝对是这地方。这里爬满了合成人。	绝对是这地方。这里到处都是合成人。	crawling with Synths 是「到处都是」（DE wimmelt、RU полно）；ZH「爬满了合成人」把用于虫豸的「爬满」扣在人形合成人上。
QuestLoc_INS_QL2_Railroaded_1_Room6_Question_Line1	Thank you. You saved me. I'm Wyatt. I run the Railroad.	谢谢你们。你们救了我。我是怀亚特。我经营着铁路。	谢谢你们。你们救了我。我是怀亚特，铁路的负责人。	run 此处是领导／掌管（ES lidero、DE leite、RU руковожу）；ZH「经营」专指做生意，配无引号「铁路」易读成开铁路公司。
QuestLoc_INS_QL2_Railroaded_1_Room6_Question_Line1_Answer0	We were founded on compassion. Try to remember that. Be quick and get out, Synth reinforcements are coming.	我们因恻隐之心而建立。记住这一点。动作要快，赶紧撤，合成人援军快到了。	我们是以恻隐之心创立的。记住这一点。动作要快，赶紧撤，合成人援军快到了。	We were founded on compassion 是被动句；“我们因恻隐之心而建立”中“我们”像施事又缺宾语，DE/RU 都补出了“我们的组织”。
QuestLoc_INS_QL2_Railroaded_1_Room6_Question_Line1_Answer2	I'll leave that to you. I've lost enough friends today. But remember: they're human, even if built in a lab.	这件事就交给你了。我今天已经失去了太多朋友。但请记住：它们是人类，即便是在实验室里造出来的。	这件事就交给你了。我今天已经失去了太多朋友。但请记住：他们是人类，即便是在实验室里造出来的。	EN they're human 在为合成人辩白，ZH「它们是人类」用非人代词「它们」与谓语相矛盾；全表同类强调句用的是「他们」。
QuestLoc_INS_QL2_Railroaded_1_Room6_Question_Line1_Choice2	If I find they're double agents, what should I do with them?	如果我查出它们两面三刀，我该怎么办？	如果我查出它们是双面间谍，我该怎么办？	double agents 是身份名词双面间谍（ES agentes dobles、DE Doppelagenten），ZH「两面三刀」只剩阴险品性，丢了身份。
QuestLoc_INS_QL2_Railroaded_1_Room7_Question_Line2	It's the guy in the other room. I saw him use an Institute comm device.	是另一个房间那家伙。我看见他用了学院的通讯设备。	是另一个房间里的那个家伙。我看见他用了学院的通讯设备。	EN the guy in the other room 中「另一个房间」是名词短语，须加「里的」才能带「那家伙」，现句缺定语标记像漏字。
QuestLoc_INS_QL2_Railroaded_1_Room8_Question_Line1_Choice1	Nothing personal. Can't let a possible spy loose, right?	不是针对你。总不能放走可能的间谍吧，对吧？	不是针对你。总不能放走一个可能是间谍的人吧？	EN 只有一个 right?，ZH「……吧，对吧？」把「吧」与「对吧」两个揣测语气词叠用，重复啰嗦；「可能的间谍」也生硬。
QuestLoc_INS_QL2_Railroaded_1_Room8_Question_Line2	He couldn't look me in the eye and do it himself, huh?	他没敢直视我的眼睛亲自动手，是吧？	他不敢当着我的面亲自动手，是吧？	look me in the eye and do it himself 是一件事，ZH 硬连成“直视我的眼睛亲自动手”要回读；fix 拆成两个“不敢”。
QuestLoc_INS_QL2_Railroaded_3_Room5_Question_Line1_Choice0	Saboteurs! Must've come through from the same holes the Mole rats came from…	破坏者！准是从鼹鼠进来的那些洞钻进来的……	破坏者！准是从鼹鼠钻进来的那些洞里钻过来的……	EN 是 the holes the Mole rats came from（鼹鼠钻进来的洞），ZH「从鼹鼠进来的」缺动词「钻」，又接「钻进来的」，须回读。
QuestLoc_INS_QL2_Railroaded_4_Room4_Question_Line1	Ah! It's you! Poetic, isn't it? You and Wyatt, erased on the same day.	啊！是你！多讽刺，对吧？你和怀亚特，同一天被抹去。	啊！是你！多有诗意，对吧？你和怀亚特，同一天被抹去。	Poetic 是有诗意（ES poético、DE poetisch、RU поэтичное），ZH「多讽刺」把命运般的对称换成了反讽。
QuestLoc_INS_QL2_Railroaded_4_Room5_Question_Line2	And here we are at a dead end... or is it? What does this terminal do?	我们走到了死胡同……等等，真的是吗？这台终端机是干什么的？	我们走到了死胡同……等等，真的走不通吗？这台终端机是干什么的？	or is it? 是反问「还是说并非如此」；ZH「真的是吗」缺中心语（真的是死胡同吗），问句落空。
QuestLoc_INS_QL2_Railroaded_4_Room6_Question_Line2	Wyatt... Poor Wyatt... They turned him into goo.	怀亚特……可怜的怀亚特……他们把他化成了一滩浆糊。	怀亚特……可怜的怀亚特……他们把他化成了一滩黏液。	goo 本表另三处作「粘液／浆液」（灰色粘液、一团粘液、发光的浆液）；「浆糊」在中文指糨糊，指人被化成的糊状物偏滑稽。
QuestLoc_INS_QL3_Betrayal_3_Room0_Question_Line3	And their other prisoners too, maybe? I guess we'll find out.	也许还有他们其他的囚犯？大概走着瞧吧。	也许还有他们其他的囚犯？到时候就知道了。	I guess we'll find out 是随口推测；「走着瞧」在中文带放狠话的挑衅义，「大概」也修饰不了这套语。
QuestLoc_INS_QL3_Betrayal_3_Room7_Question_Line1_Answer2	They might be, honestly. At least Synths will be polite when they stab you in the back.	也许吧，说实话。至少合成人在背后捅你刀时还会彬彬有礼。	也许吧，说实话。至少合成人在背后捅你一刀时还会彬彬有礼。	stab you in the back 的定式是「背后捅你一刀／捅刀子」，「捅你刀」缺量词、「捅你＋刀」搭配不全。
QuestLoc_INS_QL3_Betrayal_4_Room3_Question_Line1_Choice1	I'm not here to understand. I'm here to kick butt.	我不是来理解的。我是来揍人的。	我不是来搞懂这些的。我是来揍人的。	understand 在此省略了对象（听你讲的那套），ZH“我不是来理解的”光杆动词缺宾语，与后半句“我是来揍人的”利落口语节奏不齐。
QuestLoc_INS_QL4_Armistice_1_CombatInit4	Of course it's a Mole rat broodmother on the loose! Just our luck.	果然，跑出来的是一只鼹鼠育母！我们真是够倒霉的。	果然，跑出来的是一只鼹鼠妈妈！我们真是够倒霉的。	同一 Mole rat broodmother，本表 17 处作「鼹鼠妈妈」（另「鼹鼠巢母」1 处），此处「鼹鼠育母」使一物多名。
QuestLoc_INS_QL4_Armistice_1_Room2_Question_Line1_Answer2	I'm not. No one believes in my work. Any chance you do? No? Bummer.	我才不是呢。没人相信我的研究。你有哪怕一丝可能相信我吗？没有？真扫兴。	我才不是呢。没人相信我的研究。你会信吗？不会？真扫兴。	Any chance you do? 是随口一问，do 回指 believe in my work；现译「相信我吗」把宾语换成「我」又过于书面。
QuestLoc_INS_QL4_Armistice_1_Room3_Question_Line2	Well... good might be overstating it.	嗯……说好可能过头了。	嗯……说“好”可能有点过头了。	good 回指上文“来得正好”的那个“好”；ZH 无标记的“说好”会被先读成“谈妥”，与“过头了”搭配不通，FR/IT 均给 good 加引号。
QuestLoc_InShiningArmor_Conversation_1_NPCStart_3	I'm pleased to say I can't think of a better place for it to be.	我真的很高兴，因为我想不到它还可以成为什么更好的地方了。	我很高兴地说，我想不出还有比这里更合适的地方了。	I'm pleased to say 是「高兴地说」，ZH 用「因为」硬接成因果；「它还可以成为什么更好的地方」语序生硬，意思未错。
QuestLoc_Infested_QuestLongDescription	A woman living by herself in an abandoned cabin is being plagued by Radroaches. We should help her with that!	一位独居女人住在一座废弃小屋里，房间遭了虫害。我们应该帮助她！	一位独居的女人住在一座废弃小屋里，正被辐射蟑螂侵扰。我们应该帮帮她！	Radroaches＝辐射蟑螂（全项目通译）在 ZH 泛化成「虫害」，being plagued 的主语（女人）也变成「房间」，生物名丢失。
QuestLoc_ItsnotEasyBeingGreen_Conversation_1_NPCStart_1	Help us, Dwellers. Our community is being Ghoulified!	帮助我们，居民们。我们的社会正在尸鬼化！	帮帮我们，居民们！我们的社区正在尸鬼化！	community 本表另 3 处作「社区／社群」（ES comunidad、DE Gemeinschaft）；「社会」把几十人的聚落说得过大。
QuestLoc_ItsnotEasyBeingGreen_Conversation_2_NPCEnd_2	You mean, apart from drinking green beer? Nope. Nothing at all.	你的意思是，除了喝绿色啤酒？不。没影儿的事。	你的意思是，除了喝绿啤酒？没有。别的什么都没有。	Nothing at all＝别的什么都没有（DE gar nix/RU Ничего），ZH「没影儿的事」意为查无此事/纯属造谣，与坦承别无他因不符。
QuestLoc_JustDeserts_QuestObjective_1	Discover the origin of the Horsemen.	探索骑士的起源。	查明末日骑士的起源。	Horsemen 在同任务 QuestLongDescription、Conversation_2 均作「末日骑士」；「骑士」在本作另指兄弟会军衔，易混。
QuestLoc_KnockEmDown_Conversation_2_NPCStart_2	THE DEVASTATION YOU'VE CAUSED, THE SLAUGHTER... IT'S GLORIOUS!	你所造成的毁灭，杀戮……是无上荣光的！	你造成的毁灭、你掀起的屠杀……真是无上荣光！	IT'S GLORIOUS 是「真是无上荣光」；荣光为名词，ZH 尾巴加「的」成了缺中心语的字结构（是无上荣光的），判断句收不住。
QuestLoc_LittleMissWasteland_Conversation_1_Team_2	This isn't a swimsuit, it's, uh... Camouflage!	这可不是泳装，这是……额……迷彩服！	这可不是泳装，这是……呃……迷彩服！	uh 的停顿词全表基本作「呃」（同段 NPCStart_3、NPCEnd_3 亦然），此处独写「额」，属用字不统一。
QuestLoc_LittleMissWasteland_Conversation_4_NPCStart_1	Okay, it seems that first question was a bit tough, even if we practically gave you the answer... 	好吧，好像第一个问题就有点难，即使我们几乎是送分的……	好吧，看来第一题是有点难——虽说我们几乎等于把答案白送给你们了……	gave you the answer 指把答案告诉你，「送分的」丢宾语、语义变成白给分数；即使后置可接受，此句仍读不通。
QuestLoc_LittleMissWasteland_Conversation_4_Team_1	Makes my grandma feel warm and tingly, so I'm gonna say “good.”	辐射让我的外婆感到温暖和激动。所以我选“好”。	辐射让我外婆又暖和又麻酥酥的，所以我选“好”。	warm and tingly 是「暖＋发麻」的生理感（ES hormigueo、DE kribbelig 同证），「激动」换成情绪，用词不准。
QuestLoc_LittleMissWasteland_QuestLongDescription	Great news! We've been invited to participate in the Miss Wasteland pageant, which - in spite of its name - is open to men and women. Put on your nicest looking swimsuit and knock 'em dead!	好消息！我们受邀参加“废土小姐”选美比赛。有别于它的名字，这个比赛共同面向男人和女人。请大家穿上最美的泳装来艳压群芳吧。	好消息！我们受邀参加“废土小姐”选美比赛——虽然名字叫“小姐”，但男女都能报名。穿上你最漂亮的泳装，去把他们统统震住吧！	男女均可报名这层信息还在，但「共同面向」搭配不成立读着别扭，knock 'em dead 作「艳压群芳」把男女同台收窄成女性。
QuestLoc_LittleMissWasteland_QuestObjective_1	Place in the top three positions.	前三名的位置。	进入前三名。	Place in the top three 是动词祈使（ES Queda 同），ZH 只剩名词「前三名的位置」，动词丢失，与「完成问答环节。」句式不一。
QuestLoc_LittleRedRadiumHood_Conversation_1_NPCEnd_3	Well, it took you guys a while, and I was getting hungry, so I ate all the cakes.	好吧，有一段时间了，我饿了，所以我把所有蛋糕都吃了。	好吧，你们可算来了，我都等饿了，所以把蛋糕全吃光了。	it took you guys a while 的主体是你们，译文“有一段时间了”把这主体丢掉，读者不知是谁慢。
QuestLoc_LittleRedRadiumHood_Conversation_2_NPCEnd_2	Oh, those give me heartburn. And radiation poisoning.	哦，那些真是烧心。辐射中毒。	哦，那些吃了让我烧心，还会让我得辐射病。	give me heartburn 的使役义丢失，“真是烧心”读来像在评食物；“辐射中毒”独立成句缺连接。
QuestLoc_LittleRedRadiumHood_QuestLongDescription	We sent one of our Dwellers to bring food to the old Non-Feral Ghoul known as “Grandmamma,” but we haven't heard from her in a while. We need to send a team to investigate!	我们派一个居民把食物带给一只温顺的尸鬼名叫“奶奶”。但我们好久没听到她的消息了。赶紧派遣一个小组去调查吧！	我们派了一名居民把食物送给一只人称“奶奶”的年老不狂化尸鬼，但我们好久没听到她的消息了。我们必须派一支小队去调查！	“名叫”句式可通，非杂糅；真问题是 Non-Feral 在全库作“不狂化”（non-feral ones），非“温顺”，old 亦未译。
QuestLoc_LiveDeadDrop_Conversation_1_NPCEnd_3	That's it? Wow. Glad you didn't get killed for *that*!	就这样？哇，很高兴你没有因为那个被杀！	就这样？哇，还好你没为了这点事把小命搭上！	Glad 在此是「还好/幸好」；「很高兴你没有因为那个被杀」被动加「因为那个」生硬，*that* 的轻蔑强调也丢了。
QuestLoc_LiveDeadDrop_QuestLongDescription	We need to send a message to a friend who has infiltrated a gang of Raiders. Your mission is to drop the message at a nearby Super-Duper Mart for him to pick up. Try not to get spotted. Or, you know, killed.	我们需要给一个渗透进掠夺者帮派的朋友带个信。你的任务是在附近的大无敌超市里放下消息，然后他会捡起来。尽量不要被发现。或者，你知道，被杀。	我们需要给一位潜入掠夺者帮派的朋友送个信。你的任务是把消息放在附近的大无敌超市，让他自己去取。尽量别被发现——或者，你懂的，别把命丢了。	Or, you know, killed 承前省略“别”，中文“被杀”独句被动生硬；“放下消息，然后他会捡起来”亦偏直译。
QuestLoc_MaskHysteria_Conversation_1_Team_1	I fear ending this day with unnecessary bloodshed.	我恐怕今天要以不必要的杀戮来了结了。	我怕的是今天要以一场不必要的流血收场。	bloodshed 侧重流血，“以杀戮来了结”既搭配不当又把了结主体交给玩家；ES/RU 均作这一天以流血收场。
QuestLoc_MatterstoSettle_Conversation_3_NPCEnd_2	Yes... exactly. And then I'd still be hungry. Silly me.	对……没错。然后我还是会饿。愚蠢的我。	对……没错。可那样我还是会饿。我真傻。	Silly me 是自嘲「我真傻」（ES Que idiota soy、DE Ich bin so blöd）；「愚蠢的我」把名词短语硬搬句末，中文不这样自嘲。
QuestLoc_MatterstoSettle_Conversation_3_NPCStart_1	Don't shoot! I'm too hungry to fight! It's unbearable!	不要开枪！我太饿了无法战斗！难以忍受！	不要开枪！我饿得都打不动架了！实在受不了了！	too hungry to fight 直搬成「太饿了无法战斗」，口语该说「饿得打不动架」；「难以忍受！」独句无主语，像断掉的碎片。
QuestLoc_MatterstoSettle_Conversation_3_NPCStart_2	Only an ice cold Nuka-Cola would satisfy my hunger.	只有冰冷的核子可乐才能满足我的饥饿。	只有冰得透凉的核子可乐才能解我的饿。	satisfy my hunger 是「解饿/充饥」（ES me saciaría el hambre）；「满足」只能搭需求、愿望，搭「饥饿」不成立。
QuestLoc_MatterstoSettle_Conversation_4_NPCStart_1	Still your weapons, brave warriors. I've come to talk, not fight.	放下你的武器，勇敢的战士们。我来谈话的，不是来打架。	放下武器吧，勇敢的战士们。我是来谈话的，不是来打架的。	your weapons 与 brave warriors 同为复数，ZH「你的武器」单复错位；「不是来打架」缺「是……的」，句子断尾。
QuestLoc_MatterstoSettle_Conversation_4_NPCStart_2	I have a message from the great Horseman War, may he live forever.	我们有来自伟大的骑士“战争”的消息。愿他永生。	我带来了伟大的骑士“战争”的口信，愿他永生。	I have a message 是单数第一人称（ES/DE/RU 皆单数），ZH「我们有」改成集体，与上一句「我来谈话的」自相矛盾。
QuestLoc_MatterstoSettle_Conversation_4_NPCStart_3	You've fought well here, and he appreciates your efforts against his foes.	你们很会打架，他很欣赏你们对他的敌人所做的一切。	你们在这里打得很出色，他也很赞赏你们为对抗他的敌人所付出的努力。	fought well here 是赞「在这儿打得漂亮」，ZH「很会打架」评好斗习性、语气转贬；efforts 译「所做的一切」也虚。
QuestLoc_MiseryLoathesCompany_RaiderLine_1	Fresh meat, huh? Good, I was gettin' lonely!	来送死的小鲜肉？哈哈，不错。我正觉得有点孤单呢。	新鲜的肉，是吧？不错，我正觉得有点孤单呢。	Fresh meat 是掠夺者口中的猎物「鲜肉」（本表它处作新鲜肉、更多鲜肉）；「小鲜肉」指年轻男偶像，还添了「来送死」「哈哈」。
QuestLoc_MondayNightBrawl_Conversation_3_NPCEnd_2	Get ready to get hurt real bad, Vault Dweller!	避难所居民们，准备好被狠狠伤害吧！	准备挨一顿狠揍吧，避难所居民！	get hurt real bad 是「挨一顿狠揍」的口语，ZH「被狠狠伤害」被动生硬；Vault Dweller 单数（ES/RU 同），「居民们」多出复数。
QuestLoc_MyMetalPony_QuestLongDescription	Will you use it for spare parts, or riding in your spare time? Up to you, you're the Overseer. Send Dwellers to get one!	你想用它来制造零件，还是在闲暇时间骑一骑？你说得算，谁让你是监督者。派你的居民们去弄一匹回来。	你想用它来制造零件，还是在闲暇时间骑一骑？你说了算，谁让你是监督者。派你的居民们去弄一匹回来。	EN 是 Up to you，汉语固定说法为「你说了算」；ZH「你说得算」多一个「得」，属固定短语写错字。
QuestLoc_NVB_QL2_Leftovers_2_Question3_Choice1	I'll pass. My love life doesn't involve irradiated flesh.	我算了。我的感情生活可不牵扯辐射皮肉。	算了，我不参与。我的感情生活可不涉及被辐射过的肉体。	I'll pass 单作「我算了」不成一句话；involve irradiated flesh 直搬成「牵扯辐射皮肉」，搭配生硬。
QuestLoc_NVB_QL2_Leftovers_3_Question1_Line1	Invaders. We are dedicated to peace and the pursuit of ideas.	入侵者。我们致力于和平与追求思想。	入侵者。我们致力于和平，也一心追求思想。	EN 是 peace 与 the pursuit of ideas 两个名词短语并列，ZH 把动词短语「追求思想」与「和平」同挂在「致力于」下，结构参差。
QuestLoc_NVB_QL2_Leftovers_3_Question4_Line1_Choice1	Did... did you just admit to mass murders?	你……你刚才是不是承认了大量谋杀？	你……你刚才是不是承认自己犯下了大规模谋杀？	mass murders 指事件，ZH「大量谋杀」量词搭配不当（应作多起/大规模），admit 也宜作「承认犯下」。
QuestLoc_NVB_QL2_Leftovers_3_Question6_Line1_Answer1	Then move along and ponder this: who defines pain but the many, to oppress the one?	那就请继续赶路，好好思考：是谁在定义痛苦？还不是多数人，为了压迫那一个人？	那就请继续赶路，好好想想：是谁在定义痛苦？还不是多数人——为的就是压迫那一个人。	“还不是多数人”已完整表反问，只是“为了压迫那一个人？”与前半并列生硬，EN 目的状语宜用破折号承接。
QuestLoc_NVB_QL2_Leftovers_3_Question7_Line1_Choice2	Life is like a box of Sugar Bombs! You always know what you're gonna get: the craps!	生命就像一盒糖炸弹！你总知道会得到什么：那就是糟粕！	生命就像一盒糖衣炸弹麦片！你总知道会得到什么：那就是糟粕！	全库 8 处作“糖衣炸弹麦片”，此处“一盒糖炸弹”专名不一致，还丢掉了“麦片”这层梗。
QuestLoc_NVB_QL2_Leftovers_4_Question5_Line1	One of the mainframes! Let's get password cracking!	其中一台主机！让我们来破解密码！	找到一台主机了！来破解密码吧！	Let's get password cracking 译成「让我们来破解密码」是课堂式直译；「其中一台主机！」单句成残句，读不出发现主机的意思。
QuestLoc_NVB_QL3_Stripper_1_Question9	What are you doing here, Sweet Peach? Don't you know the place is crawling with Deathclaws?	你在这儿干什么，甜桃？你不知道这地方爬满了死爪吗？	你在这儿干什么，甜桃？你不知道这地方到处都是死爪吗？	crawling with 是「到处都是」的习语（ES hasta arriba、DE wimmelt），译「爬满了死爪」把巨兽写成虫蚁在爬。
QuestLoc_NVB_QL3_Stripper_2_Question1_Line1_Answer1	Hey, I'm a poisoner, not a miracle worker.	嘿，我是制毒师，不是创造奇迹的人。	嘿，我是配毒药的，可不是创造奇迹的人。	poisoner 是配毒下毒者，上文正说死爪毒药；汉语「制毒师」专指造毒品，玩家会读成化学药品贩子。
QuestLoc_NVB_QL3_Stripper_2_Question1_Line1_Answer3	<Eye roll> Next you'll tell me you can wrestle one barehanded...	<翻个白眼> 接下来你是不是要说你能赤手空拳摔一只？……	<翻个白眼> 接下来你是不是要说，自己能赤手空拳把一只死爪摔倒？……	wrestle one barehanded 是空手把死爪摔倒，ZH 单用「摔一只」缺结果补语，话像没说完，量词后也不带名词。
QuestLoc_NVB_QL3_Stripper_2_Question4_Line1	Deathclaws everywhere, and no Ma June to make me her famous Omelet...	到处是死爪，却没人能做玛·琼那道拿手煎蛋卷……	到处是死爪，玛·琼也不在，没人给我做她那道拿手的煎蛋卷……	no Ma June to make me 是「玛·琼不在、没人给我做」，ZH 改成「没人能做」，丢了人不在与给我做（ES、FR 均保留）。
QuestLoc_NVB_QL3_Stripper_2_Question4_Line1_Answer1	A gastronome after my own heart! Here's something to help your hunt.	真是懂吃的同道中人！这个能帮你觅食。	真是懂吃的同道中人！这个能帮你狩猎。	your hunt 指猎杀死爪（ES la caza、DE die Jagd），ZH「觅食」是动物找食，把玩家的狩猎写成找吃的。
QuestLoc_NVB_QL3_Stripper_2_Question5_Line1_Choice2	In-laws, am I right?	亲戚之间那点破事，对吧？	姻亲之间那点破事，对吧？	In-laws 特指姻亲（上文正吵「你妈」），ZH 泛化成「亲戚」；ES Suegros、RU теща 都保留了具体对象。
QuestLoc_NVB_QL3_Stripper_3_Question1_Answer3	I make my own pomade out of Wonderglue. Here. Try for yourself.	我自己用万能胶做发油。给。你试试看。	我自己用神奇胶水做发油。给。你试试看。	Wonderglue 在本表道具条目为「神奇胶水」，此处写「万能胶」，同一道具两种叫法，专名丢失。
QuestLoc_NoTimeforPaws_QuestLongDescription	I rescued the salvage team, but Bigsby wasn't with them. One said they may have taken shelter in Vault 314.	我救下了救援队。但比格斯比没有和他们在一起。有人说他们可能去了314号避难所。	我救下了那支回收队。但比格斯比没有和他们在一起。有人说他们可能躲进了314号避难所。	salvage team 是回收物资的队伍，应为「回收队」非「救援队」；taken shelter 是躲进避难，现译「去了」丢失躲避义。
QuestLoc_OBrother_QuestLongDescription	The brotherhood has a pretty large base set up nearby. As quasi-religious orders of militants go, they're generally not awful. Maybe we should stop in and say hello.	附近有个钢铁兄弟会的基地，虽然他们是带有宗教色彩的军事组织，但总体来说还算不错。或许我们可以去打个招呼。	附近有个钢铁兄弟会相当大的基地，虽然他们是带有宗教色彩的军事组织，但总体来说还算不错。或许我们可以去打个招呼。	pretty large 在 ZH 无对应（ES bastante grande、IT piuttosto grande 均保留），基地规模信息丢失。
QuestLoc_OverwhelmingForce_QuestShortDescription	Send a group of Dwellers in Power Armor to clear out a Raider camp.	派遣一队穿着动力装甲的居民去清缴掠夺者营地。	派遣一队穿着动力装甲的居民去清除掠夺者营地。	「清缴」指清理上缴（税款），clear out 剿灭义应作「清剿／清除」；同项目其它 clear out 一律译「清除」。
QuestLoc_ParleyTime_Conversation_3_NPCStart_2	I PROPOSE AN ALLIANCE UNTIL THE OTHER HORSEMEN ARE DEFEATED.	我建议联盟，直到其他骑士被击败。	我提议结盟，直到其他骑士被击败。	PROPOSE AN ALLIANCE 是「提议结盟」；「建议」后接名词「联盟」搭配不成立，也弱化了正式提议的语气。
QuestLoc_ParleyTime_Conversation_3_NPCStart_4	*cough cough* I'm sorry. Talking like that is murder on the throat. Do we have a deal?	*咳嗽*对不起。那样说话是对喉咙的谋杀。我们有交易吗？	*咳嗽*抱歉。这么说话太费嗓子了。说定了吗？	murder on the throat 是习语“太费嗓子”，Do we have a deal 是“说定了吗”；ZH 两句直译，不地道但含义尚存。
QuestLoc_ParleyTime_Conversation_3_Team_2	Absolutely. You are, after all, the most powerful Horseman.	好的。你，毕竟是，最强大的骑士。	当然。毕竟你是最强大的骑士。	after all 是插入状语，ZH 照搬逗号切成“你，毕竟是，最强大的骑士”割裂主谓；Absolutely 也不是“好的”。
QuestLoc_PartyCrasher_QuestLongDescription	One of your Dwellers came aross an old cabin in the Wasteland. Sounds like somebody's having a party.	一位居民发现了一间小屋。听起来像是有人在开派对。	你的一位居民在废土上发现了一间老旧的小屋。听起来像是有人在开派对。	old 与 in the Wasteland 在 ZH 无对应（ES vieja/en el yermo 保留）；同任务短描述作「在废土发现了一间旧的小木屋」。
QuestLoc_PitStop_QuestLongDescription	Opportunity knocks! One of your Wasteland explorers has discovered a Red Rocket fuel station that looks uninhabited. There might be something useful inside.	机会来敲门！你的一位废土勇士发现了一个尚未被占领的红火箭服务站。里面可能有些有用的东西。	机会来敲门！你的一位废土探险者发现了一个看起来无人居住的红火箭服务站。里面可能有些有用的东西。	looks uninhabited 是「看起来无人居住」（ES parece deshabitada），非「尚未被占领」；explorer 全项目作「探险者」。
QuestLoc_PoweredUp_Conversation_1_NPCStart_3	Paula thought this place might be Vaultopolis. Obviously not.	宝拉以为这地方可能是避难所之城。显然并不是。	宝拉以为这地方可能是避难所大都会。显然并不是。	Vaultopolis 主流译「避难所大都会」（另2处作避难所之城），本条独作「避难所之城」；同任务线其余均用大都会，应统一。
QuestLoc_PowertothePeople_Conversation_2_Team_2	You know, for a Raider, your vocabulary is exemplary.	你知道吗，作为一个掠夺者，你的措辞还挺典范的。	你知道吗，作为一个掠夺者，你这用词还真是堪称典范。	vocabulary 是「用词/词汇」，ZH 作「措辞」；「措辞还挺典范的」搭配不合中文，应作「堪称典范」。
QuestLoc_PowertothePeople_Conversation_3_NPCStart_1	Phew! Close one!	嘘，好惊险！	呼——好险！	Phew 是松气感叹（DE Puh!、RU Уф!），「嘘」在中文是叫人安静，感叹词用错。
QuestLoc_RadiationLeak_QuestLongDescription	A neighboring Vault has had a massive radiation leak and the citizens have turned into Feral Ghouls!	我们的邻近的避难所发生了大型的辐射泄漏，居民们变成了狂尸鬼！	我们邻近的一座避难所发生了大规模的辐射泄漏，居民们变成了狂尸鬼！	「我们的邻近的避难所」两个「的」叠用；massive 是「大规模」，「大型的辐射泄漏」搭配生硬。
QuestLoc_RadroachRoundup_Conversation_1_NPCEnd_4	No, sorry. They just vanished into the Wasteland. Like... *dare I say it?*... Radroaches.	不，对不起。他们刚刚消失在废土了。就像……*我敢说吗？*……辐射蟑螂一样。	不，对不起。他们就这么消失在废土里了。就像……*我敢说吗？*……辐射蟑螂一样。	just vanished 的 just 是「就这么」（DE einfach），ZH「刚刚」误作时间；「消失在废土」缺方位词「里」。
QuestLoc_RadroachRoundup_Conversation_2_NPCStart_4	At any rate, have you killed the Radroach Queen yet?	无论如何，你们杀死了蟑螂女王吗？	话说回来，你们把辐射蟑螂女王干掉了吗？	At any rate 此处是转话题的“话说回来”，have you killed... yet 宜作“把…干掉了吗”；ZH 机翻腔且漏“辐射”。
QuestLoc_RadroachRoundup_QuestLongDescription	A distress call has come in from a nearby science lab studying Radroaches. Thieves stole their Radiation Suits and released all the Radroaches to cover their escape. Now the scientists are in over their heads and asking for help!	一个求救电话从附近的一个研究辐射蟑螂的科学实验室传来。小偷偷走了他们的防辐射服并释放了所有的辐射蟑螂来辅助他们逃跑。现在科学家们束手无策，正在求救！	附近一座研究辐射蟑螂的科学实验室发来了求救信号。小偷偷走了他们的防辐射服，还放出了所有的辐射蟑螂来掩护自己逃跑。现在科学家们束手无策，正请求帮助！	cover their escape 是「掩护逃跑」（ES cubrir su huida），ZH 作「辅助逃跑」，掩护义丢失。
QuestLoc_RaiderTroublesatCorvega_Conversation_1_NPCEnd_1	Nothing, he left before we could catch him. Said some settlers were stuck in a Mole rat den. But enough talk, now you die!	没怎么，在我们能抓到他之前就离开了。说是一些定居点的人被困在了鼹鼠洞穴里。话说完了，准备受死吧！	没什么，我们还没来得及抓住他，他就跑了。他说有些定居者被困在了鼹鼠洞里。废话少说，受死吧！	「在我们能抓到他之前就离开了」语序生硬；some settlers 应作约定的「定居者」，非「定居点的人」。
QuestLoc_ReleasetheRaiders_Conversation_2_NPCStart_2	He's warning everyone about Vault 144...	他警告大家关于144号避难所的事……	他在警告所有人提防144号避难所……	warn sb. about sth. 硬搬成「警告大家关于……的事」，中文搭配不成立；应作「警告……提防」。
QuestLoc_ReleasetheRaiders_Conversation_3_NPCStart_2	I'm sorry, I'm just lost without it. I... I... must... become War. The one they believe in.	对不起，没有了它我完全失去了方向。我……我……必须……成为“战争”。他们所信仰的人。	对不起，没有了它我完全失去了方向。我……我……必须……成为“战争”。成为他们所信仰的那一位。	The one they believe in 是 become War 的同位语（RU Тем, в кого они верят），ZH 独立成无谓语短语。
QuestLoc_ReleasetheRaiders_Conversation_4_NPCStart_4	All will be revealed when the story continues in Part 3!	故事在第3部分时，一切都将被揭示！	一切都会在故事的第3部分揭晓！	continues 未译，从句「故事在第3部分时」缺谓语；「将被揭示」被动硬搬，应作「揭晓」。
QuestLoc_RescueSanta_Conversation_1_Team_3	We want a pony.	我们想要一个小马。	我们想要一匹小马。	pony「小马」的量词是「匹」，ZH「一个小马」量词误用，同场景已作「一匹奶油小马」。
QuestLoc_RescueSanta_Conversation_1_Team_4	We don't need anything, Santa. We just like doing good!	圣诞老人，我们什么都不需要，我们只是喜欢成为好孩子！	圣诞老人，我们什么都不需要，我们只是喜欢做好事！	doing good 是「做好事／行善」（ES poder ayudar、DE helfen），ZH「成为好孩子」把行善换成当乖孩子。
QuestLoc_RevengeoftheGeeks_Conversation_2_Team_3	The only prime I want is a prime rib.	我想要的优质东西只有优质牛排。	我唯一想要的质数，就是一块上等肋排。	上句问 prime number（质数），prime 双关两处都译「优质」，玩笑与题干彻底失联。
QuestLoc_RoboRampage_Conversation01_NPC02	We do not recognize humans as civilized, but so be it.	我们不承认人类是文明的，但随你怎么说吧。	我们不承认人类是文明的，但那就这样吧。	but so be it 是「那就这样吧」（ES que así sea），ZH「随你怎么说吧」变成回应玩家。
QuestLoc_RockThemLikeAHurricane_QuestLongDescription	Let's see how you fare against a nest full of Radscorpions. Oh, and this time, you can only have two people in your squad.	让我们来看看你想怎么对付一窝辐射蝎。但这次，你的小队里只能有两个人。	让我们看看你对付一窝辐射蝎的本事吧。哦，还有，这次你的小队里只能有两个人。	how you fare 是「表现如何」（FR vous débrouillez），ZH「想怎么对付」把表现换成打算。
QuestLoc_RubarbsReckoning_Conversation_1_NPCEnd_4	Unpaid overtime? Sign me up!	无薪加班？帮我报名！	无薪加班？算我一个！	Sign me up 是口语「算我一个」，ZH「帮我报名」变成请别人替自己报名，主语错位。
QuestLoc_RubarbsReckoning_QuestLongDescription	Rubarb and his Raiders just took over Vault 711, and he's still there. Take down his lieutenants, then confront Rubarb himself!	鲁巴布和他的掠夺者们占领了711号避难所，他还在那儿。拿下他的手下，然后亲自和他对峙！	鲁巴布和他的掠夺者刚占领了711号避难所，他本人还在那儿。先拿下他的副手，然后去会会鲁巴布本人！	himself 强调宾语「鲁巴布本人」，ZH「亲自和他对峙」把「亲自」挂到玩家(主语)身上，重点错位；just（刚刚）也未译出。
QuestLoc_S2_QL2_Q3_Req_Question1_Answer1	Go meet the quartermaster B38. Up a floor, second left, then down, retrace your steps, up again... maybe.	去找军需官B38。上一层，左转第二个，然后下去，原路返回，再上去……也许。	去找军需官B38。上一层，第二个路口左转，然后下楼，再原路折返，再上去……大概吧。	second left（ES segunda a la izquierda）指第二个路口；ZH「左转第二个」语序不通、缺中心语。
QuestLoc_S2_QL3_Q3_Insider_Question2_Answer2	Oh, you're a killjoy! I'll find a place where I can be my true self.	哦，你真是个扫兴鬼！我要找个能做真正自己的地方。	哦，你真扫兴！我要找个能让我做回真正自己的地方。	EN be my true self 的固定说法是「做真正的自己」，「做真正自己」缺结构助词「的」，读来卡顿。
QuestLoc_Sabotage_Conversation_1_NPCEnd_3	Oh, sure, if you're going to cheat and use *weapons*...	哦，当然，如果你要欺骗和使用武器的话……	哦，好吧，要是你们耍赖动武器的话……	cheat 此处是耍赖/作弊（ES hacer trampas、DE schummeln），ZH「欺骗」须有被骗对象，此处无宾语，与「使用武器」并列也不搭。
QuestLoc_Sabotage_QuestLongDescription	We found some worrying info in the documents retrieved from the Raider base. It appears they made camp in a nearby uranium mine to poison our water supply. We need to send someone to stop this... discreetly, of course.	我们在掠夺者基地的文件中发现了一些令人担忧的信息。他们似乎在附近的一个铀矿井里毒害我们的水源。我们需要派人……当然是谨慎地阻止他们。	我们在掠夺者基地的文件里发现了一些令人担忧的信息。他们似乎在附近的一座铀矿井里扎营，想要毒害我们的水源。我们需要派人去阻止他们……当然，得做得悄无声息。	discreetly, of course 是句末追加的插评，ZH 提前到谓语前，「当然是谨慎地」悬空，结构断裂。
QuestLoc_ScienceCooperative_Conversation_1B_NPCEnd_1	Vandalism for science! Never mind. You just don't get it. Excuse me.	为了科学而蓄意破坏的！算了，说了你们也不明白。恕我失陪。	这叫为科学搞破坏！算了，说了你们也不明白。恕我失陪。	EN Vandalism for science 是名词短语；ZH 以「……的！」收尾却无中心语，成残句，接不上上句「听起来像是破坏公物」的反驳。
QuestLoc_ScienceCooperative_Conversation_2A_Team_2	Use a proton emitter. It's positively positronic!	质子发射器。感觉应该是这个！	用质子发射器吧，正电子，正得不能再正！	positively positronic 是「绝对地/带正电」双关，ZH 换成 EN 没有的「感觉应该是这个」，双关丢失。
QuestLoc_SecondStringers_QuestLongDescription	A gang of Raiders has taken a settler hostage. Rescue the captive and solve the mystery of the Super Cup!	一群掠夺者们绑架了一位定居者做人质。拯救人质并解开“超级杯”之谜！	一群掠夺者绑架了一位定居者做人质。救出人质，并解开“超级杯”之谜！	A gang of Raiders 的复数已由「一群」表达，再加「们」构成量词＋们的冗余语病。
QuestLoc_SecretWeaponTest_Conversation_1_NPCStart_2	Tell you what. You give it to us, and we'll let you live.	告诉你。你把它给我们，我们会让你活下去。	这样吧。你把它交给我们，我们就饶你一命。	Tell you what 是提议开场「这样吧」（ES Te diré qué vamos a hacer），直译「告诉你。」丢了提议语气，属不地道。
QuestLoc_SetEmUpPestilence_Conversation_1_NPCStart_1	You Warshippers shouldn't have come here.	你们这些“战狂”不应该来这里。	你们这些“战争崇拜者”不应该来这里。	同库 9 处 Warshippers 均作「战争崇拜者」（含同任务长描述），仅此句作「战狂」，同一派系两名易致误认。
QuestLoc_SetEmUpPestilence_RaiderLine_2	Worthiness is overrated!	价值被高估了！	配不配得上什么的，都是被吹出来的！	worthiness=配得上（同套 unworthy 均作“不配”），ZH 换成名词“价值”，教义指向丢失，读成无关吐槽。
QuestLoc_SlidingintoHome_QuestLongDescription	Maybe Coach got hungry and is hiding out in the old cereal processing plant. Rackie Jobinson's Jersey, here we come!	也许教练饿了，然后躲在了某个麦片加工厂。罗基·杰宾森的棒球衫，我们来了！	也许教练饿了，躲进了那家旧麦片加工厂。罗基·杰宾森的棒球衫，我们来了！	the old cereal processing plant 为定指，ZH 丢掉 old 又添“某个”；ES/DE 均为定指译法。
QuestLoc_SnakeWater_Conversation_1_NPCStart_1	You have found me, the mighty Wizard of Water! The Deacon of Drink! The Titan of Thirst!	你找到了我，强大的水之术士！饮料之神！水中泰坦！	你找到了我，强大的水之术士！饮品执事！干渴泰坦！	Titan of Thirst 的 thirst 是干渴（ES Sed、DE Dursts），ZH“水中泰坦”又回到 water；deacon 也升格成“神”。
QuestLoc_SnakeWater_QuestLongDescription	We've finally pinned down the Wizard of Water. Time to confront him and stop him from selling any more of his glorified tap water.  Maybe we can make some money on the side as well...	我们终于抓住了水之术士。是时候面对他了，阻止他再出售他的虚假神水。也许我们还可以赚一笔……	我们终于锁定了水之术士的下落。是时候去当面质问他，阻止他继续兜售他那吹上天的自来水了。也许我们还能顺便赚上一笔……	pinned down 是查明下落，ZH“抓住了”与后半“阻止他再卖”矛盾；glorified tap water 的自来水整处丢失。
QuestLoc_SomewhereintheBallpark_QuestLongDescription	We're off to search the tenth location for Rackie Jobinson's Jersey. We may get lucky this time... right?	我们出发去寻找第十个棒球衫可能存在的地点。这次我们应该会走运的……对吗？	我们出发去搜索第十个地点，寻找罗基·杰宾森的棒球衫。这次我们也许会走运……对吗？	Rackie Jobinson's Jersey 被压成“第十个棒球衫可能存在的地点”，专名丢失；全表 18 处均作“罗基·杰宾森的棒球衫”。
QuestLoc_SpearFishing_Conversation_1_NPCEnd_1	Beats me. We sent our best tracker, Shadow Wolf, to follow their tunnels back to their source. He headed north, left an hour ago.	我不知道。我们派了最好的追踪者，影狼，顺着它们的地道去找源头。他向北走了，走了一个小时了。	我不知道。我们派了最好的追踪者影狼，顺着它们的地道去找源头。他往北去了，一个小时前就出发了。	left an hour ago 是「一小时前走了」（ES hace una hora），ZH「走了一个小时了」改说持续时长，还重复「走了」。
QuestLoc_SpelunKingTrainingD_Conversation_1_NPCStart_2	Which you seem to have in abundance.	你看上去似乎完美拥有了这些。	而这些，你似乎多得用不完。	in abundance 是“多得用不完”（ES de sobra、RU в избытке），ZH“完美拥有”误读 abundance 且搭配不通。
QuestLoc_SpelunKingTrainingE_QuestShortDescription	Do charming and agile Dwellers have what it takes?	魅力又敏捷的居民真的有本事赢得大赛吗？	有魅力又敏捷的居民真的有本事赢得大赛吗？	charming 是形容词，ZH 拿名词“魅力”直接作定语而缺“有”；同任务长描述与 B 条均作“有魅力又……的居民”。
QuestLoc_SpringForwardFallBack_RaiderLine_1	Rejoice, E-Ster is coming!	欢呼吧，E-斯特要来了！	欢呼吧，复活节要来了！	E-Ster 全表十余处均译“复活节”（ES P-Ascua、DE O-Stern 同为谐音），此处音译“E-斯特”前后不一。
QuestLoc_SpringingtheTrap_Conversation_1_NPCStart_2	To be a Pest is to be unworthy of his radiation, so we serve in other ways.	作为一个“害虫”是不配他的辐射的，所以我们在其他方面服务。	当“害虫”就意味着不配得到他的辐射，所以我们改用别的方式来侍奉。	serve in other ways 直搬成「我们在其他方面服务」缺宾语，中文不成话；本句含义未错（ES le servimos 仍指向瘟疫），属不地道。
QuestLoc_SpringingtheTrap_Conversation_1_NPCStart_4	That's all I have for now. So, how can we help you?	这就是我现在所拥有的。那么，我们如何帮助你呢？	我眼下就会这么多。那么，有什么需要我们帮忙的吗？	上句经文背到一半（all glowing and...），That's all I have=我眼下只会这么多，ZH“所拥有的”把 have 读成拥有财物。
QuestLoc_SpringingtheTrap_Conversation_2_Team_1	No luck either. Remind me, why are we looking for these suits?	运气不好。提醒我，我们为什么要找这些装备？	我们也没找到。话说回来，我们为什么要找这些动力装甲？	suits 指上一句的 Power Armor，ZH 泛化成“装备”并与固定译名 Outfit=装备 撞车；Remind me 是插入语，非祈使。
QuestLoc_SpringingtheTrap_Conversation_3_NPCEnd_2	No, I don't know why but it leaves the Pests alone while they're in fully enclosed outfits.	不，我也不知道为什么，但只要它们穿着完全封闭的装备，那兽就不会去招惹“害虫”。	不，我也不知道为什么，但只要“害虫”们穿着全封闭的装备，那只野兽就不会去招惹他们。	EN they 指害虫（人），ZH 却用「它们」；it 又生造成「那兽」，与下句「一只普通的野兽」不接，属指代不当。
QuestLoc_SpringingtheTrap_Conversation_3_NPCStart_1	Oh good, you're not Pests! I'm an undercover reporter with the Weekly Exposition.	哦，好吧，你不是“害虫”！我是一名每周博览会的卧底记者。	哦，太好了，你们不是“害虫”！我是每周博览会的卧底记者。	Oh good 是松口气的“太好了”，ZH“好吧”成勉强接受；you're 是复数（ES no sois、DE ihr seid），ZH 用“你不是”。
QuestLoc_SpyonRaiders_Conversation_1B_NPCStart_2	We're called the Screeching Falcons. Big scary bird, you got it?	我们被称之为“尖叫猎鹰”。就是那种又大又吓人的鸟知道吗？	我们叫“尖叫猎鹰”，就是那种又大又吓人的鸟，明白吗？	We're called 是主动式，ZH“被称之为”把“被称为”“称之为”叠成双重被动；同任务 1C/1D 自称均作“我们是……”。
QuestLoc_SpyonRaiders_Conversation_1D_NPCStart_2	We're the Burning Bullets. We shoot people, then set them on fire.	我们是“火焰飞弹”。我们射击敌人，然后让他们着火。	我们是“燃烧子弹”。我们开枪打人，然后把他们点着。	bullets 是子弹，同场 1D_Team_2 即译“子弹加火焰”，ZH“火焰飞弹”与飞弹=Missile 撞车；set them on fire 亦译偏。
QuestLoc_SpyonRaiders_Conversation_2D_NPCStart_3	Thinking maybe I should retire. Start a farm. Grow some flowers.	想着我应该退休了吧，建一个小农场，种点花。	我想我该退休了。弄个小农场，种点花。	Thinking…/Start a farm/Grow some flowers 被逗号串成一句，「想着……了吧」翻译腔，句末「吧」把独白变商量；含义未错。
QuestLoc_SpyonRaiders_Conversation_2E_Team_1	You should start your own gang. Leave this place behind.	你们应该自己成立一个新帮派。别管这个地方。	你们应该自己成立一个新帮派。离开这个地方吧。	leave this place behind 是「离开/抛在身后」（ES dejar atrás），ZH「别管这个地方」只剩不理会，丢了离开动作。
QuestLoc_SpyonRaiders_Conversation_3A_NPCEnd_1	Good. Now go and cause mayhem!	很好。现在去致伤致残吧！	很好。现在去大闹一场吧！	cause mayhem 是「放手大闹/制造混乱」，ZH「致伤致残」把范围窄化成「弄伤弄残」，且是法律医疗书面语，不配头目打发手下的口气。
QuestLoc_SpyonRaiders_Conversation_3A_NPCStart_1	You stand before Cracking Knuckles, leader of the Bone Breakers!	你现在面前站的就是“扳关节者”，“碎骨者”的首领！	站在你面前的，就是“碎骨者”的首领“扳关节者”！	You stand before 的状语前置被直搬成「你现在面前站的就是」，汉语该说「站在你面前的」。
QuestLoc_SpyonRaiders_Conversation_3E_NPCStart_1	You stand before Sharp Point, leader of the Pencil Pushers!	你们跟前站的名叫“尖点”，“铅笔推进器”的首领！	站在你们面前的，就是“推铅笔帮”的首领“尖点”！	「你们跟前站的」缺中心语不成句；Pencil Pushers 在 1E 已作「推铅笔帮」，此处「铅笔推进器」把帮派名当机械名。
QuestLoc_SpyonRaiders_RaiderLine_1A	We're called the Bone Breakers for a reason!	我们之所以被称作“碎骨者”是有原因的！	我们叫“碎骨者”可不是白叫的！	called ... for a reason 是「不是白叫的」这种喊法，ZH「之所以被称作……是有原因的」是书面说明句，与战斗吼叫不搭。
QuestLoc_SuperDuperTrooper_Conversation_1_NPCStart_2	This is a Brotherhood of Steel tactical operation.	这是钢铁兄弟会的战术运作。	这是钢铁兄弟会的一次战术行动。	tactical operation 指军事行动，ZH「战术运作」的「运作」用于公司/系统（公司运作），搭配不当。
QuestLoc_SuperDuperTrooper_Conversation_2_NPCStart_2	Moderate radiation, adequate hygiene, low brain activity...	适度的辐射，充分的卫生，轻度大脑活动……	辐射中等，卫生达标，脑活动偏低……	adequate 是「达标」不是「充分」，low brain activity 指脑活动低，ZH「轻度大脑活动」读成「轻微的脑活动」，笑点落空。
QuestLoc_TheAbyss_Conversation_1_NPCEnd_1	Sure. I think. I've never been myself, but there *has* to be one, right?	当然，我想。我自己从没下去过，但肯定有个底，对吧？	当然。应该是吧。我自己从没下去过，但总得有个底，对吧？	「Sure. I think.」的 I think 是独立口语缓冲，ZH「我想。」缺宾语成半句；「has to be」译「肯定有」尚可，不算错。
QuestLoc_TheBansheesKeen_Conversation_1_NPCEnd_1	What, you can't hear it? But, it's so *loud*!	什么，你听不见？但是，它是如此响亮！	什么，你听不见？可它响得要命！	it's so loud 被按「它是如此＋形容词」直译，汉语口语不用此式；loud 指音量震耳，ZH「响亮」偏褒义。
QuestLoc_TheBansheesKeen_Conversation_2_NPCEnd_1	Then you're one of *them* and you must be killed!	那么你就是他们中的一员，你必须被杀死！	那你就跟他们是一伙的，必须去死！	you must be killed 的被动被直搬成「你必须被杀死」，像判决书；「他们中的一员」也偏书面，威胁喊话不这样讲。
QuestLoc_TheBansheesKeen_Conversation_2_NPCStart_1	You! Make that noise stop right now!	你们！现在让噪音停止！	你们！马上让那噪音停下来！	Make that noise stop 的使役被搬成「让噪音停止」，口语该说「让那声音停下来」；right now 的急迫也没译出。
QuestLoc_TheBansheesKeen_RaiderLine_3	Make it stop!	让它停止！	快让它停下来！	Make it stop! 是喊「快让它停下来」，「让它停止！」是把 make 的使役照抄，不像吼出来的话。
QuestLoc_TheCaseoftheQuantumCreeper_Conversation_3_NPCStart_1	Wait a minute. Are those... claw marks? They're... glowing. Must be getting close now.	等等，这些是……爪印吗？他们正在……发光。应该就在附近。	等等，这些是……爪印吗？它们……正在发光。看来我们快接近了。	They're 指 claw marks（爪印），ZH 用指人的「他们」，代词与所指不符。
QuestLoc_TheCatBurglar_Conversation_1_NPCEnd_3	Well obviously the rule doesn't apply to me. Duh!	很明显这个规则不适用于我。呸！	这规矩显然管不着我。废话！	Duh! 是「废话/那还用说」的反驳口吻，ZH「呸！」是啐人表鄙夷，语气与含义都错位。
QuestLoc_TheCatBurglar_Conversation_2_NPCEnd_3	You've come to decorate your hats? Here, you can use this.	你来装饰你的帽子？这里，你可以用这个。	你是来装饰帽子的？给，这个拿去用吧。	Here 是递物时的语气词（ES Tened、DE Hier, nehmt das），译成方位词「这里」；同段 NPCEnd_1/2 都作「来，」。
QuestLoc_TheDeBuggers_Conversation_2_NPCEnd_1	Don't worry, you should be able to get a solid three minutes of play before that happens.	别担心，在那之前你应该能得到三分钟的上场时间。	别担心，在那之前你应该还能玩上整整三分钟。	of play 指玩游戏（IT giocare per tre minuti buoni），不是体育的「上场时间」；solid（整整）也漏译。
QuestLoc_TheDeBuggers_RaiderLine_3	Game over, man!	游戏结束了，男人！	游戏结束了，老兄！	句尾 man 是称呼语「老兄」，ZH 当名词译成「男人」，中文不成话。
QuestLoc_TheEndoftheRainbow_RaiderLine_2	Fierce weather we're havin'...	我们正在经历可怕的天气……	这天气可真够呛……	Fierce weather we're havin' 是随口抱怨（RU Ну и погодка），「正在经历可怕的天气」写成书面报告腔。
QuestLoc_TheGreatAmericanPastime_QuestLongDescription	Well, Coach wasn't in the sports bar. Maybe he's a teetotaler. He'd better not spill any darjeeling on that Jersey! Time to keep looking...	好吧，教练并不在运动酒吧里。也许他是个禁酒主义者。他最好不要把什么茶水洒在那件棒球衫上。该继续寻找了……	好吧，教练并不在运动酒吧里。也许他是个禁酒主义者。他最好不要把大吉岭茶洒在那件棒球衫上。该继续寻找了……	darjeeling 是具体茶名（RU 作 дарджилингом），ZH 泛化成「茶水」，讲究茶与棒球衫的反差被抹平。
QuestLoc_TheHauntingofVault110_QuestName	The Haunting of Mass Chemical	大众化学惊魂（Mass Chemical 闹鬼事件）	大众化学惊魂	正文已作「大众化学惊魂」，括号又留英文 Mass Chemical 与重复释义「闹鬼事件」，属未清理译注，含义本身不错。
QuestLoc_TheInfiltrationGame_QuestObjective_2	Retrieve the “For Your Eyes Only” documents.	找回“只为你的眼睛”文档。	找回“仅限本人阅览”的文档。	同组 Top Secret 已作「绝密」，ES confidenciales／DE Verschlusssache 均为密级，ZH「只为你的眼睛」是硬译。
QuestLoc_TheMysteryofVault666_Conversation_1_NPCEnd_4	Everyone's a critic.	每个人都是一个批评家。	人人都爱挑刺。	Everyone's a critic 是「谁都要挑刺」（ES le da por criticar），逐字译「一个批评家」是机翻腔。
QuestLoc_TheMysteryofVault666_Conversation_1_NPCStart_2	So! You have discovered my lair! Vault 666! I am...	所以！你发现了我的藏身之处！666号避难所！我是……	那么！你发现了我的藏身之处！666号避难所！我是……	句首 So! 是感叹词「那么/这么说」（RU Итак!），译成因果连词「所以！」在中文里无前因可承。
QuestLoc_TheNightWatch_Conversation_1_NPCStart_3	Somethin's stealin' the Tatos from underground!	有人正从地下窃取红果！	有什么东西正从地底下偷红果！	Somethin' 是不明之物（ES Algo、DE Irgendwas），译成「有人」坐实为人；口语 stealin' 却译作书面「窃取」。
QuestLoc_TheRedRocketReveal_Conversation_1_NPCStart_2	It's me - Paula Plumbkin! The Wasteland has toughened me up!	是我 - 宝拉·普朗布金！废土给了我很好的锻炼！我已经不是原来的我了！	是我 - 宝拉·普朗布金！废土把我磨炼得更硬朗了！	toughened me up 对应磨炼得更硬朗，本库 gym 语境才用「锻炼」；末句「我已经不是原来的我了」EN 完全没有，属加戏。
QuestLoc_TheRedRocketReveal_QuestObjective_1	Search the Red Rocket Headquarters.	寻找红火箭总部。	搜查红火箭总部。	Search＝搜查内里（ES Registra、DE Durchsuche）；「寻找」＝look for，把宾语变成地点本身。
QuestLoc_TheReluctantShill_Conversation_1_Team_1	Can you point us to him?	你能指给我们他在哪儿吗？	你能告诉我们他在哪儿吗？	point us to him 即「告诉我们他在哪儿」（FR nous indiquer où il se trouve）；「指给我们他在哪儿」搭配不通。
QuestLoc_TheRiteofSpraying_QuestLongDescription	We've had reports of nearby Settlers being randomly sprayed with radioactive material by unknown assailants. We should deliver some RadAway to those settlers and find out more about the attacks.	我们收到关于附近的定居者被身份不明的袭击者随机喷洒放射性材料的报告。我们应该给这些定居者送些消辐宁，并查明这些袭击的更多信息。	有报告称，附近的定居者遭到不明袭击者随意喷洒放射性物质。我们该给这些定居者送些消辐宁，并进一步查清这些袭击的来龙去脉。	we've had reports of 译成「收到关于…的报告」套三层定语；find out more 是了解情况，「查明信息」搭配不成立。
QuestLoc_TheRiteofSpraying_RaiderLine_2	Good thing we brought extra RadAway...	好消息，我们带来了额外的消辐宁……	还好我们多带了些消辐宁……	Good thing＝幸好（ES Qué bien que、DE Zum Glück），本库他处作还好/好在；「好消息」把庆幸语气改成宣告。
QuestLoc_TheScenicRoute_Conversation_1_NPCEnd_2	Safe... here? Oh. Thanks, I guess.	这里……安全？哦，我想说……谢谢。	这里……安全？哦。谢了，大概吧。	I guess＝大概、勉强（ES Supongo、IT credo、DE Oder so），ZH 当成 I mean 译「我想说」，勉强道谢语气丢失。
QuestLoc_TheScenicRoute_QuestLongDescription	A keen-eyed Wasteland explorer has spotted a lonely cabin in the distance. Looks like someone, or something, is lurking inside.	一位眼尖的探险者发现了一处孤零零的小屋。看上去像是，有人，或者有东西藏在里面。	一位眼尖的废土探险者在远处发现了一处孤零零的小屋。看来里面藏着什么人，或者什么东西。	Wasteland 与 in the distance 均漏译；「看上去像是，有人，或者有东西」照搬英文逗号，lurking 也弱化成「藏在里面」。
QuestLoc_TheScorpionKing_Conversation_1_NPCStart_1	Howdy folks, they call me the Radscorpion Earl!	亲爱的乡亲们，他们叫我辐射蝎厄尔！	乡亲们好啊，大伙儿都叫我辐射蝎厄尔！	Howdy folks 是随口招呼（ES ¡Hola, gente!、本库他处作你好啊）；「亲爱的乡亲们」是书信腔，不合匪号人设。
QuestLoc_TheScorpionKing_Conversation_1_NPCStart_4	And now you've set me back years!	现在你们让我一下回到解放前！	现在你们害得我几年的心血全白费了！	set me back years 是「让我倒退好几年」（FR retour à la case départ），「回到解放前」把中国近现代史梗塞进废土对白。
QuestLoc_TheSecretofREDACTED_QuestShortDescription	Uncover a far-reaching conspiracy.	揭露一个深远的阴谋。	揭露一个影响深远的阴谋。	far-reaching 修饰阴谋应作「影响深远/牵扯甚广」（ES de gran alcance），「深远的阴谋」搭配不成立。
QuestLoc_TheShadowWolf_QuestShortDescription	Meet the tracker who may have found the source of the Mole rat infestation that's targeting Tatos.	去见见那个可能发现鼹鼠窃取红果事件线索的追踪者吧。	去见见那位追踪者吧，他可能已经查到鼹鼠成灾、专偷红果的源头了。	source＝源头（ES origen de la plaga、IT causa），infestation＝成灾，ZH 降成「线索」「事件」并叠长定语。
QuestLoc_TheSixthSun_Conversation_1_NPCStart_3	You've been warned!	你已经被警告！	我已经警告过你了！	You've been warned! 是主动威胁（DE Wir haben euch gewarnt!），被动式「你已经被警告」读着像系统提示。
QuestLoc_TheSixthSun_Conversation_2_NPCEnd_2	Just to be sure, you realize that's a figure of speech, right?	你知道，这只是一个修辞，对吧？	先确认一下，你明白那只是个比喻，对吧？	Just to be sure 的确认口气丢失，只留下 you realize＝「你知道」；figure of speech 说成「一个修辞」搭配不通。
QuestLoc_TheSixthSun_Conversation_2_Team_1	What? We don't want to kill him, but to return him to the Children of Atom.	什么？我们不想杀死他，却要把他归还给原子之子。	什么？我们不想杀他，而是要把他送回原子之子那里。	but to 是更正：不是杀他，而是送回；ZH「却要」用成转折，且「归还」不能用于人。
QuestLoc_TheSixthSun_Conversation_3_NPCStart_2	You have to stop Confessor Alvarado's plans before E-Ster arrives.	你必须阻止神父阿尔瓦拉多的计划，在复活节到来之前。	你必须在复活节到来之前阻止神父阿尔瓦拉多的计划。	before E-Ster arrives 是时间状语，中文须前置为「在复活节到来之前阻止……」；句尾逗号断句是英文语序。
QuestLoc_TheSpiritofTaking_Conversation_1_NPCStart_2	Unfortunately, some Raiders jumped me and took my Pet Carrier.	不幸的是，一些掠夺者跳了出来，拿走了我的宠物盒子。	不幸的是，一些掠夺者跳了出来，拿走了我的宠物笼子。	Pet Carrier 在 chunk_015/063/073 均定译为「宠物笼子」，此处「宠物盒子」让玩家对不上道具名。
QuestLoc_TheSpiritofTaking_RaiderLine_3	Well, well, look who wandered in!	哈，哈，哈，看看谁来了。	哟，哟，看看是谁溜达进来了。	Well, well 是玩味招呼语而非笑声，「哈，哈，哈」把语气变成傻笑；wandered in 也未译出。
QuestLoc_TheTailContinues_QuestObjective_1	Find the salvage team.	寻找救援队。	寻找回收队。	salvage 是回收/打捞，非「救援」；同任务 QuestLongDescription 与 ShortDescription 均作「回收队」，此处自相矛盾。
QuestLoc_TheToweringIlForno_Conversation_1_NPCStart_2	Outfits? Certain death? Priceless junk?	衣服？确定的死亡？无价的杂物？	装备？必死无疑？无价的破烂？	Certain death 是必死无疑，「确定的死亡」为逐字直译的病句；Outfits 按项目约定可作「装备」。
QuestLoc_TheToweringIlForno_Conversation_2_NPCStart_2	Whatever possessed you to come to this place?	什么使你来到这个地方？	你究竟是中了什么邪，才跑到这种地方来？	possessed 是「中邪」（DE geritten、FR diable），ZH「什么使你」把习语拉平成中性书面句，语气丢失。
QuestLoc_TheYolksonYou_QuestLongDescription	The chef never ceases to be amazed by your uncanny ability to escape death, and he wants to celebrate it with a Radscorpion egg omelet. Vault 923 was recently overrun by these critters, so that'd be a good place to start.	大厨对你死里逃生的能力表示惊讶。他想用辐射蝎蛋卷来庆祝。923号避难所最近被这些生物侵占了，不妨就从那里开始吧。	大厨对你那不可思议的死里逃生本领总是惊叹不已，他想用一份辐射蝎蛋卷来庆祝一下。923号避难所最近被这些家伙侵占了，不妨就从那里开始吧。	never ceases=总是、uncanny=不可思议均漏译；celebrate it 的 it（死里逃生）在「来庆祝」后落空。
QuestLoc_ThrowMeSomePepper_QuestLongDescription	Some Raiders have taken over an old apartment complex. Maybe these jerks know the big jerk, Coach. Can't hurt to ask!	一些掠夺者占领了一幢旧的复式公寓。也许这些混蛋们知道教练这个混蛋在哪儿。问问也无妨。	一些掠夺者占领了一幢旧的公寓大楼。也许这些混蛋们知道教练这个混蛋在哪儿。问问也无妨！	apartment complex 是公寓楼/小区，「复式公寓」给原文加上 duplex（跃层）这层不存在的信息。
QuestLoc_ToySoldiers_Conversation_1_NPCEnd_1	The survivors ran off to Poseidon Energy's Offices. Too bad you won't be so lucky!	幸存者逃往了海神能源办公室。抱歉你不够走运！	幸存者逃往了海神能源办公室。可惜你不会这么走运了！	Too bad 是挖苦（可惜），「抱歉」成道歉且缺停顿；fix 把定名「海神能源办公室」改作「办公楼」，与全库 6 处不一致。
QuestLoc_TruthAmongtheAshes_Conversation_1_NPCStart_4	She didn't care. Something about an epic Quest. Alrighty then.”	她不在乎。她说是什么华丽的冒险。那就这样吧。	她满不在乎。说什么要去干一番史诗般的冒险。那就随她吧。	epic=史诗般的/了不起的，译「华丽」换掉了词义，日记的随口转述因此变得莫名其妙。
QuestLoc_UndercoverOperations_Conversation_1_NPCEnd_4	You think the Feral Ghouls might be infected? We'll call for medics. Now go!	你认为狂尸鬼会传染吗？我们会请医务人员。现在去！	你以为狂尸鬼是染上病了？我们会叫医护过来。现在去吧！	might be infected 指狂尸鬼自己被感染，「会传染」把方向反了，也与下句「叫医护」接不上。
QuestLoc_UndercoverOperations_Conversation_1_NPCStart_3	But we need you to go down there and cut the head off this assault.	但我们需要你到那里去斩断这次袭击。	但我们得靠你们下去，把这次袭击的头目收拾掉。	cut the head off 是打掉首脑，「斩断这次袭击」搭配不成立且丢掉「头」，与下句「找领头的」脱节。
QuestLoc_Vault199_QuestLongDescription	The Raiders mentioned Bigsby may have fled to Vault 199. I should go ask around. Hopefully, the Dwellers have him.	掠夺者有提到比格斯比可能逃到了199号避难所。我应该帮你问问。但愿它在居民那里。	掠夺者有提到比格斯比可能逃到了199号避难所。我应该去四处打听一下。但愿居民们收留了它。	Bigsby 是狗（Vault199 对话 a dog named Bigsby），全库用「它」，fix 的「他/抓住」不妥；「帮你问问」多出添加。
QuestLoc_VaultTecExperimentReviewB_Conversation_1_NPCEnd_2	Yes! Now take this briefcase. This meeting never took place...	是的！现在拿着这个行李箱。记住，这次见面从未发生……	是的！拿着这个公文包。这次见面从未发生过……	briefcase=公文包（ES maletín、DE Aktentasche），ZH「行李箱」指行李厢，物件指称错。
QuestLoc_VaultTecExperimentReviewB_Conversation_2_NPCStart_2	Give us intel on your Vault, or else!	给我们你们避难所的情报，不然的话！	把你们避难所的情报交出来，不然有你们好看！	「给我们你们避难所的情报」两个「你们」相连拗口；or else! 的威胁宜译实为「不然有你们好看」。
QuestLoc_VaultTecExperimentReviewB_Conversation_2_Team_2	Here's some choice intel: it's underground.	第一条情报就是：避难所在地下。	给你一条绝佳情报：避难所在……地下。	choice intel=上等／精选情报（ES información de primera），ZH 误读成序数「第一条」，反讽尽失。
QuestLoc_VaultTecExperimentReviewC_Conversation_2_NPCStart_1	The Code of Chivalry rules here.	在这里，骑士精神才是王道。	此地以骑士准则为尊。	EN 用 thee／thou 古语塑造骑士（We dub thee），ZH「才是王道」是现代惯用语，语域冲突。
QuestLoc_VaultTecExperimentReviewC_Conversation_3_NPCEnd_3	The treasures of our land are yours.	城堡里的财富都是你们的。	我们国土上的财富都是你们的。	our land=我国土（ES nuestra tierra、DE Landes），ZH「城堡里」凭空添 castle 并丢掉 our。
QuestLoc_VaultTecExperimentReviewE_Conversation_1_NPCEnd_1	Sorry, you lose. Better luck next time!	抱歉，你们输了。欢迎下次再来！	抱歉，你们输了。下次手气好点吧！	Better luck next time 的 luck 是「运气」，ZH「欢迎下次再来」丢掉运气义；但「下次运气好点吧」生硬，宜赌局口吻。
QuestLoc_VaultTecExperimentReviewF_Conversation_1_NPCStart_2	Behold our signature move, the Radscorpion Hold!	看好了，我们的大招，传说中的“辐射蝎锁”！	看好了，我们的招牌技——辐射蝎锁！	「大招」尚可对应 signature move，但「传说中的」在 EN 无任何对应，是凭空加的传奇色彩；招牌技更贴 signature。
QuestLoc_VaultTecExperimentReviewF_Conversation_1_Team_3	Our counter-move is we kill all of you!	我们的回应就是我们会把你们都杀了！	我们的反击招数就是把你们全杀了！	counter-move 译「回应」丢掉招式对应；「就是我们会把你们都杀了」照搬 EN 语序生硬；「破解招」非通用说法。
QuestLoc_VaultTecExperimentReviewF_Conversation_2_NPCStart_2	You want to stay, you need an awesome wrestling name!	你们想留下来的话，会需要一些帅气的艺名！	你们想留下来的话，得有个帅气的擂台名！	EN 的 wrestling 在 ZH 中消失，wrestling name 落成娱乐圈用词「艺名」，还多出「一些」；擂台名才对得上。
QuestLoc_WaroftheNerds_Conversation_1_NPCStart_3	You have to bring them to their senses!	赶紧让他们正常点吧！	你必须让他们恢复理智！	EN have to 的命令语气被「赶紧…吧」的提议语气取代，bring to their senses 落成随意的「正常点」。
QuestLoc_WaroftheNerds_Conversation_2_NPCEnd_3	Ugh! Set masers to carbonize!	呸！设置微波激射器碳化！	呸！微波激射器，调到碳化档！	EN Set masers to carbonize 是「把微波激射器调到碳化」，ZH 照搬语序成「设置…碳化」，缺「为／到」不成搭配。
QuestLoc_WastelandDoctoring_Conversation_1_NPCEnd_1	You've saved this settlement. Here. You deserve everything we can afford to give!	你救了我们，拿着，你值得得到所有我们拥有的东西！	你救了这座定居点。拿着，你值得拥有我们能拿得出的一切！	「值得得到」冗余；afford to give 是「能拿得出」，「拥有」过译成所有物；this settlement 又变成「我们」。
QuestLoc_WastelandDoctoring_Conversation_1_NPCEnd_3	You Vault Dwellers are amazing! Thank you!	你们这些居民真是太棒了！谢谢！	你们这些避难所居民真是太棒了！谢谢！	Vault Dwellers 的 Vault 未译（FR résidents d'abris、RU жители Убежища）；单说「居民」易混同定居者。
QuestLoc_WastelandGetaway_QuestLongDescription	You came across a small secluded cabin while adventuring in the Wasteland. Perhaps you should see what's inside.	你在废土探险时发现了一个小而隐蔽的小屋。也许你该看看里面有什么。	你在废土探险时发现了一间隐蔽的小屋。也许你该看看里面有什么。	secluded cabin 的 small 已由「小屋」承担；「小而隐蔽的小屋」八字内两次用「小」，属用字冗赘。
QuestLoc_WastelandGetaway_QuestName	Wasteland Getaway	开启废土探险	废土度假屋	Getaway 是名词「度假/避世」（ES Escapada、RU Укрытие），「开启废土探险」改成动作，无对应词。
QuestLoc_WastelandTheMusical_QuestShortDescription	Stop a gang of singing Raiders from terrorizing the area.	停止一帮唱歌的掠夺者威胁整个地区。	阻止一帮唱歌的掠夺者在这一带制造恐慌。	「停止」不能带兼语「掠夺者威胁整个地区」，须用阻止／制止；the area 亦非「整个地区」。
QuestLoc_WaterintoBrine_Conversation_1_NPCEnd_1	Tell you what, some Raiders have been hassling us. Take down their leader and we'll tell you. Deal?	告诉你，有些掠夺者给我们脸色看了。打倒他们的首领，我们就告诉你。成交吗？	这样吧，有些掠夺者一直在找我们麻烦。干掉他们的头目，我们就告诉你。成交？	hassling=反复找麻烦（FR nous harcèle），「给脸色看」是摆冷脸，词义走偏；Tell you what 宜作这样吧。
QuestLoc_WeddingCrashers_QuestLongDescription	The notorious Raider, Sally Switchblade, is getting married to the infamous Marcus Hammer. But they're both having second thoughts, because neither wants to live the Raider lifestyle anymore. If only they'd communicate! Bust in and solve their problems for them.	臭名昭著的掠夺者“刀锋萨莉”准备和另一个声名狼藉的掠夺者“铁锤马克斯”结婚了。但双方都还有点犹豫，因为他们都不想再作为掠夺者生活了。问题是他们根本不知道该怎么交流！赶紧介入帮他们解决问题吧。	臭名昭著的掠夺者“刀锋萨莉”要和声名狼藉的“铁锤马克斯”结婚了。但两人都还在犹豫，因为他们都不想再过掠夺者的日子了。他们要是肯沟通就好了！赶紧闯进去替他们解决问题吧。	If only they'd communicate＝他们要是肯沟通就好了，ZH「根本不知道该怎么交流」把不肯说成不会。
QuestLoc_WeddingCrashers_RaiderLine_2	You with the bride, or groom? Need to know which lot to bury you in.	你是新郎的熟人还是新娘的熟人？需要知道把你们埋在哪个坑里、	你是新娘那边的，还是新郎那边的？我得知道该把你们埋在哪个坑里。	Need to know 缺主语似说明书，句尾顿号「、」截断；bride／groom 也无「熟人」义。
QuestLoc_WeddingCrashers_RaiderLine_3	Yeah! Carnage! Now this is a great wedding!	耶！大屠杀！现在这个婚姻才像样点！	耶！血肉横飞！这才叫婚礼嘛！	wedding＝婚礼（ES boda、DE Hochzeit），ZH「婚姻」指夫妻关系状态，用词错且语序拗。
QuestLoc_WelcometoParadise_QuestLongDescription	I've discovered a map leading to Vault 242, where the “Dwellers” were all creatures rather than humans. I should follow the map and unlock the secrets this Vault has to offer.	我们已经发现了通往242号避难所的地图，这个避难所里的“居民”不是人类而是各种生物。我该跟着地图然后解开关于这个避难所的秘密。	我发现了一张通往242号避难所的地图，那里的“居民”全都不是人类，而是各种生物。我该循着地图去揭开这座避难所的秘密。	EN 两处均为单数第一人称（I've discovered／I should follow），ZH 首句“我们已经发现”与末句“我该”人称混用
QuestLoc_WhosonFirst_QuestLongDescription	Henrietta was Coach's old girlfriend. She doesn't know where he is, but gave us a sweet weapon to help take him down. The search goes on!	亨丽埃塔是教练的前女友。她不知道他在哪里，但她给了一个很赞的武器来帮助你拿下他。继续寻找吧！	亨丽埃塔是教练的前女友。她不知道他在哪里，但给了我们一件很赞的武器来帮我们拿下他。继续寻找吧！	EN “gave us”受益者是我们，ZH 丢掉宾语并换成“帮助你”，受赠对象变成玩家个人；本表 help us 均作“帮助我们”
QuestLoc_WithFriendsLikeThese_RaiderLine_1	You killed my furry little friends! How could you!?	你杀死了我毛茸茸的小朋友！你好大胆子？！	你杀了我毛茸茸的小伙伴！你怎么能这样？！	little friends 指他养的鼹鼠，「小朋友」在中文专指小孩；How could you 是悲愤质问（ES ¿Cómo has podido?）。
QuestLoc_WondersofNature_QuestLongDescription	Famed scientist Otto von Hurfburg is nearby, researching the mating habits of Radscorpions. Make sure he's not in over his head.	著名科学家欧拓凡霍夫伯格就在附近，正在研究辐射蝎的交配习惯，请确保他的安全。	著名科学家欧拓凡霍夫伯格就在附近，正在研究辐射蝎的交配习惯。可别让他陷得太深。	in over his head=力不从心、陷得太深；「确保他的安全」只剩人身安全，「别逞强」这层没了。
QuestLoc_WondersofScience_QuestLongDescription	Famed scientist Otto von Hurfburg is nearby, searching for a modern-day Fountain of Youth. Find him, and learn what he's discovered!	著名科学家欧拓凡霍夫伯格就在附近，正在研究现代社会永葆青春的方法。找到他，看看他有什么发现。	著名科学家欧拓凡霍夫伯格就在附近，正在寻找现代的“青春之泉”。找到他，看看他有什么发现！	searching for 译成“研究”，Fountain of Youth 的“青春之泉”被抽成“永葆青春的方法”，modern-day 还错挂“现代社会”
QuestLoc_WondersofScience_QuestShortDescription	Dr. Hurfburg is on a Quest for knowledge and adventure!	霍夫伯格博士背负着探索知识和冒险的重任！	霍夫伯格博士正在追寻知识与冒险！	is on a Quest for 只是“追寻”，ZH 多出原文没有的“背负……重任”，把轻快语气拔高成公事报告
QuestLoc_WondersofTechnology_QuestShortDescription	Dr. Hurfburg is on a Quest for knowledge and adventure!	霍夫伯格博士背负着探索知识和冒险的重任！	霍夫伯格博士正在追寻知识与冒险！	is on a Quest for 只是“追寻”，ZH 多出原文没有的“背负……重任”，把轻快语气拔高成公事报告
QuestLoc_WorkingOvertime_Conversation_1_NPCEnd_3	Extortion? Really? You sure you're not a Raider?	勒索？真的吗啊？你确定你不是掠夺者？	勒索？真的吗？你确定你不是掠夺者？	EN Really? 对应“真的吗？”，ZH“真的吗啊”把语气词“吗”“啊”叠用，属衍字
QuestLoc_WorkingOvertime_Conversation_2_NPCStart_2	I mean... look at me... I don't have a nose!	我想说……看看我……我连鼻子都没有！	我是说……看看我……我连鼻子都没有！	I mean 是自我修正、强调，本表一律译“我是说”；“我想说”在本表对应的是 I say（chunk_024）
QuestLoc_WorstCoachEver_QuestLongDescription	No luck in the pencil factory, but we're not discouraged. Rackie Jobinson's Jersey will be ours! We'll search the old Hubris Comics store.	铅笔厂里也没有。但我们并不气馁。棒球衫一定是我们的！我们去“虎不理漫画”漫画店看看吧。	铅笔厂里没有收获，但我们并不气馁。罗基·杰宾森的棒球衫一定是我们的！我们去老“虎不理漫画”店找找看。	Rackie Jobinson's Jersey 专名被删，同 chunk 目标行作「罗基·杰宾森的棒球衫」，此处只剩棒球衫。
Quest_Dialog_1_3	We've got no love for him.	我们对他毫无情分可讲。	我们跟他可没什么交情。	have no love for him=对他没好感；「毫无情分可讲」偏书面，「情分」落在情面交情，不像掠夺者口语。
RichPresence_Xbox_02	Defending against a Ghoul attack	反抗尸鬼的攻击	抵御尸鬼的攻击	Defending against 是抵御、抵挡；“反抗”只带压迫、统治类对象，与“攻击”搭配不当
RichPresence_Xbox_07	Squashing a Radroach incident	阻止辐射蟑螂事件	平息辐射蟑螂事件	Squashing an incident 是平息事态，“阻止……事件”搭配不成立，还与 Xbox_06 Repelling 的“阻止”重样
RichPresence_Xbox_09	Overseeing {0} Dwellers in Vault {1}	在{1}避难所里管理{0}位居民	在{1}号避难所里管理{0}位居民	EN 为 Vault {1}，本表编号一律作“N号避难所”（242号、700号），ZH“在{1}避难所里”缺“号”
RoomLevel_Mega	MEGA	大	巨型	EN 及 ES/FR/DE/RU 均保留 MEGA 这一顶级档名，ZH 只作“大”，与同组 ADVANCED=“高级”不成等级词
RoomType_Utility_Description	Utility Description...	功效说明……	公用设施说明……	同组均为“X说明”且与类别名一致（RoomType_Utility=公用设施）；“功效”是药效义，并非 Utility
Room_BarberShop_Desc	ASSIGN DWELLERS HERE TO CUSTOMIZE THEM	将居民分配在这里来满足个性化需求	将居民分配在这里为他们定制外观	EN “to customize them”的 them 指居民，ZH 丢掉宾语作“满足个性化需求”，未说明是给居民定制外观
Room_Casino_2	ARCADE	游乐场	游戏厅	ARCADE 指室内街机厅（FR SALLE D'ARCADE／DE SPIELMEILE），“游乐场”在本表用于 playground
Room_Elevator_Desc	USED TO ACCESS LOWER FLOORS OF YOUR VAULT	用来进入到避难所里更低的楼层	用于进入避难所更低的楼层	EN ACCESS＝进入；ZH「用来进入到…里…更低的楼层」叠了「到」「里」两层冗余，同表 Tutorial_Tip_20 作「进入避难所的下层」。
Room_Overseer_Upgrade_Level2	Send Dwellers out on 2 Quests at a time	将居民送去一次执行两个任务	可同时派遣居民执行两个任务	at a time=同时（ES al mismo tiempo/DE gleichzeitig）；「送去一次」语序硬搬，「送去」用于人不当。
Room_Overseer_Upgrade_Level3	Send Dwellers out on 3 Quests at a time	将居民送去一次执行三个任务	可同时派遣居民执行三个任务	at a time=同时（ES al mismo tiempo/DE gleichzeitig）；「送去一次」语序硬搬，「送去」用于人不当。
RushMode_Button_Failed	PROCEED	进行	继续	PROCEED=继续（ES CONTINUAR/DE WEITER）；「进行」是及物动词却无宾语，不可能单作按钮。
RushMode_Button_Success	CLAIM REWARDS	奖励领取	领取奖励	EN CLAIM REWARDS 是动宾祈使；ZH「奖励领取」把动词后置成标题，与本表 CLAIM=领取、CLAIM ALL=全部领取 的按钮语序相反。
SeasonPass_UpsellModal_Premium	Take your Season to the next level!\nBuy the Premium Pass for instant boosts to your vault, plus get exclusive rewards you won't find anywhere else!	将你的赛季提升至新高度！\n购买高级通行证可立即为你的避难所注入强力提升，还能获得其他地方找不到的独家奖励！	将你的赛季提升至新高度！\n购买高级通行证可立即为你的避难所带来强力加成，还能获得其他地方找不到的独家奖励！	EN instant boosts 是名词性加成（本表 boost 通译「加成」），ZH「注入…强力提升」动宾搭配不成立，换成「带来加成」即通。
Shop_StarterPack_Line2	Amazing Value	了不起的价值	超值之选	EN Amazing Value 是促销价格卖点（DE「Großartiger Preis」），ZH「了不起的价值」逐字直译，不指划算。
SnipSnipDialog_Wasteland_42	I'll find what I find, then head back. No heroics! Not for this Mister Handy!	我会找到需要的东西，然后就回去。英雄主义什么的可不适合像我这样的巧手先生！	找到什么算什么，然后就回去。英雄主义什么的可不适合像我这样的巧手先生！	EN what I find＝碰上什么算什么（DE was ich finde），ZH「需要的东西」多了「所需」这一目的义。
SnipSnipDialog_Wasteland_43	Agh! A Deathclaw! Retreat! I'm a lover not a fighter!	啊！死爪！快跑！我只擅长爱人，不擅长打架！	啊！死爪！快跑！我只会谈情说爱，不会打打杀杀！	lover not a fighter 是习语；ZH「擅长爱人」硬译且搭配不自然，「爱人」易被读成配偶，宜作谈情说爱。
SnipSnipDialog_Wasteland_58	A spooky pass through blasted woods? How could I possibly resist.	一个恐怖的森林小径？这诱惑真是难以抵挡。	一条穿过焦枯树林的阴森小径？这诱惑真是难以抵挡。	EN blasted woods 是烧毁的树林（DE verbrannten Wald），ZH「森林」丢失此义；小径论「条」不论「个」。
SnipSnipDialog_Wasteland_68	A child's wooden blocks. From before the war. I wonder where... Oh.	小孩的木制积木，来自战前。我好奇那个小孩……哦。	小孩的木制积木，来自战前。不知道那孩子后来怎么样了……哦。	I wonder where... 的 where 被丢，「好奇」直接带人宾语不合搭配，读来像半截话，恍然的 Oh 接不上。
Social_Button_SendHelpRequest	SEND REQUESTS	发送要求	发送请求	EN REQUESTS＝请求（ES solicitudes、RU просьбы）；ZH「要求」中文义为条件、命令式索取，同面板却已作「礼物请求」。
Social_Filter_HelpRequests	REQUESTS	要求	请求	EN REQUESTS 与按钮 SEND REQUESTS 同源；「要求」在本表已归 requirements 用，此筛选项应与「礼物请求」一致。
Social_NoHelpRequests	You have not received any Gift requests.	你还没有收到过任何礼物请求。	您还没有收到过任何礼物请求。	EN 与 Social_NoGifts 同句式；后者作「您还没有收到过任何礼物。」用「您」，本条 ZH 用「你」，同面板人称不统一。
Speech_Conversation_NPC1_Topic16	Knock knock.	叩叩。	咚咚咚。	EN Knock knock 是敲门拟声；NPC2_Topic16_Response2 已作「别再讲“咚咚咚”的笑话」，ZH「叩叩」接不上。
Speech_Conversation_NPC1_Topic25	Want to play a game later? Checkers or something?	待会想要玩点什么？跳棋还是？	待会想不想玩点什么？跳棋之类的？	EN or something 未译，ZH「跳棋还是？」的「还是」后无成分，被问号截成病句；Want to play…? 是邀请，非「想要玩点什么」。
Speech_Conversation_NPC1_Topic36	Knock knock.	叩叩。	咚咚咚。	EN 与 Topic16 同为 Knock knock.；ZH 两处均作「叩叩」，须与 NPC2 的「别再讲“咚咚咚”的笑话」统一为「咚咚咚」。
Speech_Conversation_NPC2_Topic25_Response1	Checkers? What are we, ten years old? We'll play chess.	跳棋？我们才十岁吗？我们还是下象棋吧。	跳棋？我们才十岁吗？我们还是下国际象棋吧。	chess=国际象棋（ES ajedrez、DE Schach）；汉语「象棋」默认中国象棋，与 EN 的 chess 不是同一种棋。
Speech_Conversation_NPC2_Topic42_Response2	Yeeeeaahhh... See, I'm more of a “lover not a fighter” type.	是……是啊……你看，比起当战士，我更适合当爱人。	是……是啊……你看，我更愿意谈情说爱，不想打打杀杀。	lover not a fighter 习语；「更适合当爱人」中「爱人」在中文多指配偶，搭配别扭，易读成更适合结婚。
Speech_Conversation_NPC2_Topic8_Response3	Try “Nitwit.”	试试“土包子”。	试试“糊涂虫”。	Nitwit 指蠢（RU Тупица），「土包子」偏没见识；但「蠢货」两字，与本题「三个字」及另两条三字猜测不合。
Speech_Eviction_15	You'll rue the day you banished me! Rue the day!	你会后悔你赶走了我！后悔！	你会后悔赶走我的！你一定会后悔的！	「后悔！」独用不成句，Rue the day! 的重复落空；「后悔你赶走了我」的「你」是 you'll rue the day you… 的语序残留。
Speech_Eviction_25	Overseer! Overseer, help! They're kicking me out!	监督者！监督者，救命！他们想踹我出去！	监督者！监督者，救命！他们要把我赶出去！	They're kicking me out 是正在发生（RU Меня выгоняют）；ZH「想踹」成意图，「踹」是用脚踹，赶人应作赶/踢。
Speech_Eviction_27	You guys are doing me a favor. I was getting too soft in the Vault.	你们算是帮了我一个忙。我在避难所里好像住得过于舒服了。	你们算是帮了我一个忙。我在避难所里待得太安逸，人都变软了。	getting soft=变得软弱（ES ablandando、DE verweichlicht）；ZH「住得过于舒服」丢此义，又加「好像」把断言改猜测。
Speech_Fail_Rush1	Oh no! Critical production failure!	哦不！生产出了严重事故！	哦不！生产严重失败！	production failure=生产失败（ES fallo、RU сбой на производстве）；ZH「生产出」搭「事故」，搭配不通。
Speech_Generic_Dweller6	Did China build Vaults? Huh.	中国也建过避难所吗？谁知道呢。	中国也建过避难所吗？嗯……	句末 Huh. 只是语气词（ES Uh…、DE Hm.、RU Ха.），ZH「谁知道呢。」替说话人下了「无人知晓」的结论。
Speech_Happiness_Happy2	Looks like I turned my frown upside down permanently!	看来我这愁脸是要永远翻成笑脸了！	看来我这苦瓜脸是要彻底变成笑脸了！	汉语无「愁脸」一词（应作苦瓜脸）；「翻成笑脸」是 turned my frown upside down 逐词照搬，汉语不这么说。
Speech_Happiness_Radiation1	Phew! I really needed that!	松一口气！我真的很需要那个！	呼！我可太需要这个了！	Phew 同库多译「呼！」，「松一口气！」独用读作祈使句；that 指刚用的药剂，ZH「那个」无所指。
Speech_Kid32	I want to have a sleepover tonight!	我今晚想去朋友家过夜！	我今晚想在家里办个过夜派对！	have a sleepover=请朋友来自己家过夜（FR inviter mes amis、RU к себе），ZH「去朋友家」把主客方向弄反。
Speech_LivingQuarter_Dialogue_NPC2_14	You... do see the irony in that statement. Don't you?	你……该看出了那句话里的讽刺。对不对？	你……应该也看出那句话里的讽刺了吧。对不对？	EN do see（RU ведь видишь）的强调未译，「该看出了那句话里的讽刺」又不合「该…了」框式，读来卡顿。
Speech_LivingQuarter_PickupLines_16	You're the apple of my eye.	你是我的小呀小苹果。	你是我心尖上的人。	apple of my eye=最珍视的人；「小呀小苹果」是流行歌歌词衬字，属现代歌曲梗替换（同系列 PickupLines_12 优乐美已判错）。
Speech_LivingQuarter_PickupLines_29	Are we in a vertibird? 'Cause my heart's taking off.	我们是在一架飞鸟上吗？因为我的心好像起飞了。	我们是在一架垂直起降机上吗？因为我的心好像起飞了。	同一 vertibird 另 3 处（Encounter_Random_Message85 等）均作「垂直起降机」，此处「飞鸟」成一物两名。
Speech_LivingQuarter_PickupLines_62	Do you have a watch? I think it's snuggle time.	你有手表吗？我想依偎在一起的时间到了。	你有手表吗？我觉得现在是依偎的时间了。	「我想」后接「依偎在一起」先被读成我想要，到「的时间到了」才需回读；it's snuggle time 应作「是依偎的时间了」，属英文定语硬搬。
Speech_Quest_Alone_Dweller_5	Doing this is one thing. Doing it alone? Ugh.	任务是要完成的，但真的要一个人去吗？真是的。	干这事是一回事。一个人干？呃。	Doing this is one thing 是让步（做这事倒还好），译成「任务是要完成的」换了命题；Ugh 的厌恶被「真是的」弱化成嘟囔。
Speech_Quest_Generic_Dweller_27	Hey, a dead rat on the floor. How charming.	嚯，地上还有只死老鼠，真够风雅的。	嚯，地上还有只死老鼠，真有情调。	charming＝迷人/有魅力，「风雅」指文人雅士的雅致，与地上的死老鼠搭配失当，反讽失去落点（全项目仅此一处用此词）。
Speech_Quest_Generic_Dweller_Conversation_21_Response_1	You are... By me.	你是啊，被我监视着。	没错……我正盯着你呢。	You are... 是承接「被人监视」的省略句，直搬成「你是啊」在汉语不成话；By me 的停顿反转宜作「没错……我正盯着你呢」。
Speech_Quest_Generic_Dweller_Conversation_22_Response_3	Wow. That's not a loaded question at all.	哇。这可真是个别有用心的问题。	哇。这问题可真是一点坑都没有啊。	not... at all 的反讽否定被抹平，「别有用心」还带上算计义；loaded question 宜用「一点坑都没有」保住假装无辜的机锋。
Speech_Quest_Generic_Dweller_Conversation_23_Response_3	Hello! Vault Dweller. Not a vending machine...	你好！避难所居民在此——不是自动贩卖机……	拜托！我可是避难所居民，不是自动售货机……	被讨零食时的 Hello! 是「拜托/喂」的无奈感叹，非问候语；「居民在此」系 there 的硬译，宜口语化并沿用项目既有的「自动售货机」。
Speech_Quest_Generic_Dweller_Conversation_25_Response_3	Not getting distracted by over-talkative companions?	不要被喋喋不休的同伴所干扰而分心？	不被喋喋不休的同伴分心？	「干扰」与「分心」同义叠加；EN 是与前两条并列的动名词短语，现译「不要被…所…而…」成了书面命令句，节奏脱节。
Speech_Quest_Generic_Dweller_Conversation_26_Response_1	Probably take my allocated 2.5 minute shower.	也许是去洗一个分配给我的2分半钟的澡。	大概是去洗个澡吧，就用分配给我的那两分半钟。	my allocated 2.5 minute shower 三层定语压在「澡」上，中文习惯时长后置；fix 尾句「就分配给我的那两分半钟」缺谓语，须补「用」。
Speech_Quest_Generic_Dweller_Conversation_26_Response_3	Request never to be assigned with you again.	向上级请求再也不要和你分配在一起了。	请求再也别跟你分到一组。	assign 在此是「（被）分配/分到一组」，「和你分配在一起」搭配不成立；句末「了」又把打算写成已发生，与同组回答语气不一。
Speech_Quest_Generic_Dweller_Conversation_29_Response_1	 Oh, you know. Having fun. Staying safe. Being happy.	哦，你懂的。玩得开心，住得安全，安居乐业。	哦，你懂的。玩得开心，平平安安，快快乐乐。	Staying safe 译「住得安全」窄化成住所安全；「安居乐业」含「乐业（工作）」且与前项重叠，三项并列的并列感被打乱。
Speech_Quest_Generic_Dweller_Conversation_30_Response_1	Kind of charming, right? In it's own horrible way.	挺迷人的，对吧？用它那吓人的独门方式。	挺迷人的，对吧？以它自己那种可怕的方式。	「独门」只与绝技/秘方类词搭配，「独门方式」是生造搭配；horrible 又窄化成「吓人」，its own way 宜作「它自己那种可怕的方式」。
Speech_Quest_Loot_Dweller_40	I earned this, dang it.	这可是我挣来的，就是这么回事。	这可是我挣来的，真是的。	dang it 是给自己壮胆的感叹；全库「Dang it.」译「该死」（chunk_032），「就是这么回事」把它换成了平铺论断，感叹情绪丢失。
Speech_Room_LoveJob1	Best. Job. EVER.	最好。的工作。没有。之一。	最好的。工作。没有之一！	EN Best. Job. EVER. 用句点做重音，ZH 断在「的」「之一」中间，碎出「的工作」残片；库内同类句断片均成词。
Speech_Room_SomeoneUnhappy_Classroom	I'm just here to learn. Not put up with this know-it-all.	我只是来学习的，不是来受这个自以为是家伙的气的。	我只是来学习的，不是来受这个自以为是的家伙的气的。	know-it-all 译「自以为是」可以，但该成语作定语须带「的」；「这个自以为是家伙」缺结构助词，是病句，补「的」即可。
SpinToWin_FreeChip	FREE TOKEN IN	免费筹码刷新于	免费筹码刷新倒计时	TOKEN=筹码 无误，但 IN 后接倒计时读数；「刷新于」是「在某时刻刷新」的介词结构，同族 NextRaidIn 作「倒计时」。
Stats_Alien_Attacks_Stopped	Alien Attacks Stopped	外星人进攻已停止	终止外星人袭击	同族死爪/掠夺者/狂尸鬼条目均作「终止X攻击」，本条 Attacks Stopped 却译成陈述句「已停止」，与计数标签体例不符。
Stats_Time_Played	Time Played (All-Time)	玩游戏时间（所有时间）	游戏时间（累积）	All-Time 指累计（FR total、DE gesamt），非「所有时间」；同屏 Stats_Title_All_Time 已译「累积」，故应用「累积」。
Stats_Wasteland_Creatures_Killed	Wasteland Creatures Killed	废土生物被杀	消灭的废土生物	全统计表仅此条用「被」字句：Killed 译作「废土生物被杀」，成了无施动者的被动小句；同列 Weapons Collected=收集的武器 均为名词性标签。
Steam_Overlay	To access the Store, please enable the Steam Overlay in the Fallout Shelter Steam properties.	想进入商店，请在辐射避难所的 Steam 属性中启用 Steam 覆盖。	要进入商店，请在《辐射避难所》的 Steam 属性中启用 Steam 界面（Overlay）。	Steam 简中客户端与 Steamworks 文档把 Overlay 作「Steam 界面」（在游戏中启用 Steam 界面），按「覆盖」找不到该选项。
Theme_Name_EnclaveLivingQuarters	Enclave Living Quarters	英克雷生活区	英克雷宿舍	Living Quarters 全库译「宿舍」（标准宿舍、学院宿舍等），游戏内房间亦名「宿舍」；「生活区」全语料仅此一处，会被当成另一个房间。
Theme_Name_Standard_WeaponFactory	Standard Weapon Plant	标准武器车间	标准武器工厂	EN 是 Weapon Plant；房间表 _3「WEAPON PLANT」=武器工厂、_2「WEAPON FACTORY」=武器车间，现译占了低一档名。
Theme_Name_UltraciteWeaponFactory	Ultracite Weapon Plant	辐射极琉矿武器车间	辐射极琉矿武器工厂	EN 是 Ultracite Weapon Plant；房间表 _3 既定名「辐射极琉矿武器工厂」，「车间」属 FACTORY 档。
Title_DailyReport	DAILY REPORT	日常报告	每日报告	daily 是「每日」，ZH「日常报告」解作「日常、例行」，与同窗口 Title_DailyReportSmall「每日报告」及库内 3 处不一致。
Title_IcloudSave	CLOUD SAVE	云保存	云存档	SAVE 指存档文件，ZH「云保存」译成动作；库内 CloudSaveConfirmMessage 等 6 处均作「云存档」。
Tutorial_Tip_27	When a Dweller is assigned to the Radio room it will increase all Vault Dwellers happiness.	当一个居民被分配到广播室时，它会增加所有避难所居民的幸福度。	把居民分配到广播室，可以提高避难所全体居民的幸福度。	EN 的 it 指「分配到广播室」这件事，ZH「它」紧跟「居民」，读起来像居民在提升幸福度，指代错位。
Tutorial_Tip_37_Xbox	You can sort the Dweller list by selecting column names with [LB] and [RB].	您可以通过和来选择名字整理居民列表。	您可以通过和选择列表的列名，为居民列表排序。	column names 是「列表的列名」，ZH 仅作「名字」易误为居民姓名；「选择名字整理居民列表」动词粘连。
Tutorial_Tip_52	Deathclaws are faster, stronger and deadlier than Raiders.	死爪比掠夺者更快，更强，更致死。	死爪比掠夺者更快，更强，更致命。	EN deadlier 对应「更致命」；ZH「更致死」不能受「更」修饰，属生造搭配，致死一般只用于致死率/量。
Tutorial_Tip_68	Some enemies on Quests are more powerful and have special attacks, try targeting them first!	任务里的某些敌人会很强大，并产生特殊攻击，试着先除掉他们！	任务里的某些敌人更强大，还拥有特殊攻击，试着优先解决他们！	have special attacks 即「拥有特殊攻击」，「产生攻击」搭配不成立；are more powerful 是现状，ZH 误加将来义「会很强大」。
VictorDialog_Generic_20	Toilets to scrub? Invaders to vaporize? I'm your man! Er, so to speak.	要刷厕所？要消灭入侵者？包在我身上！呃，打个比方说。	要刷厕所？要消灭入侵者？包在我身上！呃，姑且这么说吧。	so to speak 是「姑且这么说」，接住上文自称 I'm your man 的自嘲；ZH「打个比方说」变成举例说明，自嘲落空。
VictorDialog_Generic_24	I wonder if the Overseer is listenin'. If you are… I like you, pardner.	不知道监督者有没有在听。如果有……我挺喜欢你的，搭档。	不知道监督者有没有在听。如果你在听……我挺喜欢你的，搭档。	If you are… 省略的是 are listening；ZH「如果有……」的「有」无法承接上句的「在听」，成了半句话。
VictorDialog_ScienceLab_01	Between you and me, I ain't got such a good head for science-y stuff.	和你说句悄悄话，我对那些科学的东西不太有头脑。	和你说句悄悄话，我对那些科学的东西不太灵光。	got a good head for 是「擅长」；ZH「对……不太有头脑」搭配不成立（有头脑不与「对」连用），应作「不太灵光」。
VictorDialog_Wasteland_19	Oh, give me a home where the Radroaches roam, where the Mole rats and Cazadors play…	喔，给我一个辐射蟑螂乱窜的家，那里鼹鼠和卡扎多尽情欢玩……	喔，给我一个辐射蟑螂乱窜的家，那里鼹鼠和卡扎多尽情嬉戏……	EN play 是「玩耍」；ZH「尽情欢玩」的「欢玩」不成词，欢与玩不能这样组合，全库仅此一处。
Wasteland_DwellerRevived2	Back in action!	重新开始探险！	又能继续探险了！	Back in action 是居民苏醒后的第一人称「我又能行动了」；ZH「重新开始探险」无主语，成了系统宣告，语境也不符。
Wasteland_Full	You have reached the maximum amount of Dwellers allowed in the Wasteland!	您已经达到了允许在废土探险居民数量的上限！	您已达到废土中居民数量的上限！	allowed in the Wasteland 是「允许进入废土」；ZH「允许在废土探险居民数量的上限」定语套叠又缺「的」，读起来费劲。
Wasteland_ItemCycleNormal_01	I've found a locker containing a {0}.	我找到了一个锁柜，里面有{0}。	我找到一个储物柜，里面有{0}。	locker 是「储物柜」；ZH「锁柜」为 lock+柜硬凑，并非中文词，库内 QuestLoc_NVB_QL3 两处 locker 均作「储物柜」。
Wasteland_ItemCycleRarePet_02	A {0} just appeared and saved me from walking into a pit! Better take it with me to watch my back.	一个{0}出现并阻止我走进一个坑里！最好带着它，应该能帮衬我一点。	一只{0}突然出现，把我从坑边救了回来！最好带上它，能帮我看着点背后。	watch my back=替我看着背后，译作「帮衬我一点」（接济/捧场义）失准；宠物用「一个」量词也不妥。
Weapon_Description_032Pistol_Enhanced	A decent gun for killing unarmored opponents.	一把体面的枪。可以干掉没有护甲的对手。	对付没有护甲的对手，这把枪还算像样。	decent 在此为『还行、过得去』（ES decente、RU неплохое），ZH 取了『体面、有面子』一义，用于评枪的效能属搭配不当。
Weapon_Description_AlienBlaster_Amplified	This much power is usually reserved for a Zetan cruiser.	这么强大的力量是为外星人巡航舰准备的。	这种级别的威力通常是泽塔人巡洋舰才配得上的。	Zetan 是专名，ES/DE/IT/RU 均保留；ZH 泛化为『外星人』丢专名，同表 QuestLoc_Blackout 已用『泽塔』。
Weapon_Description_AssaultRifle_Hardened	Perfect for a merc who wants one gun for any situation, forever.	适用于雇佣兵在任何情况下对枪的需要。永远。	对于想在任何情况下、永远只用一把枪的雇佣兵来说，再合适不过。	for a merc who wants one gun 的「一把枪」丢成「对枪的需要」，属死译；句末「永远。」孤句。
Weapon_Description_AssaultRifle_Rusty	It jams every now and then, but so what? Still great.	偶尔会堵塞，但那又怎样呢？还是很强大的。	偶尔会卡壳，但那又怎样？还是很棒。	枪械 jam 是『卡壳』，ZH『堵塞』用于管道；同表 50CalMachineGun_Rusty 已作『卡壳』，Still great 译『很强大的』亦偏。
Weapon_Description_BBGun_Enhanced	Be careful! This baby may actually break the skin.	小心！这个宝贝可能会破坏你的皮肤。	小心！这小宝贝说不定真能擦破皮。	break the skin 即『擦破皮』（ES arañazo、FR égratigner），ZH『破坏你的皮肤』成毁容/护肤腔，与 BB 枪的调侃语气不合。
Weapon_Description_Flamer_Rusty	Shoots fire a few degrees lower than normal, but still a death dealer.	喷射的火焰会比正常型号低几度，但仍然是一个死亡使者。	喷出的火焰温度比标准型号低几度，但依然是死亡使者。	『喷射的火焰』与『正常型号』直接相比而缺『温度』这一比较项，属成分残缺；『一个死亡使者』的量词与搭配亦生硬。
Weapon_Description_GatlingLaser	It's a Minigun. With lasers. 'Nuff said.	这是一个旋转机枪。有激光。足够了。	这是一挺旋转机枪，还带激光。不用多说了。	机枪量词应为『挺』（架/门），『一个旋转机枪』搭配不当；'Nuff said 是『不用多说』，ZH『足够了』语义偏移。
Weapon_Description_HuntingRifle_Hardened	Once, you were the hunted. With this weapon, those days are gone.	曾经，你被四处追杀。有了这个，那些日子就是过去时了。	曾经，你是被猎杀的那一方。有了这把枪，那种日子一去不复返了。	those days are gone=那些日子一去不复返，译「就是过去时了」把英语语法术语 past tense 直搬进中文。
Weapon_Description_InstituteRifle_Excited	There's a particle party in that power core.	在力量的核心有一个粒子派对。	那具动力核心里正在开粒子派对。	power core 是部件『动力核心』（ES núcleo de energía），ZH 拆成抽象短语『力量的核心』，部件指向丢失。
Weapon_Description_LaserMusket	Revolutionary style meets high-tech power.	革命式的模型遇上高科技能力。	独立战争时代的造型遇上高科技火力。	style 误作『模型』、power 误作『能力』；Revolutionary 指这把滑膛枪的独立战争造型（义勇军风格），非泛指『革命式』。
Weapon_Description_LaserRifle_WazerWifle	Biwwy says you'we handy with a weapon. He's got that wight.	比依说你很会使武器。他说得没错。	比依说你很灰使武器。他说得没错。	EN 通篇 R→W 口齿不清（you'we、wight），ZH『很会使/说得没错』全被抹平，只剩人名留痕；RU 版保留了讹音。
Weapon_Description_LeverActionRifle_Enhanced	A little extra oil in the lever, some fresh rounds. It's killin' time.	在杠杆上上点油，装一些新发子弹。现在是杀戮时间。	给杠杆上点油，装几发新子弹。该大开杀戒了。	『在杠杆上上点油』两个『上』连读打结；fresh rounds 是『几发新子弹』，『新发子弹』易读成新发行；killin' time 语序硬搬。
Weapon_Description_LeverActionRifle_Henrietta	Looks like an antique, but don't let Old Longfellow hear you say that.	看上去像是个古董，但别让老费朗罗听到你这么说。	看上去像是个古董，但别让老朗费罗听到你这么说。	Longfellow 通译『朗费罗』，ZH『费朗罗』把费/朗两音节颠倒，指称同一位游戏人物（同表 FarHarborSpecial 同错）。
Weapon_Description_Minigun_LeadBelcher	It just. Doesn't. Stop. Shooting. And. Killing.	它只是……不停止地……射击。然后……杀死。	它就是。停不下来。不停地射。不停地杀。	And 是并列（ES y、RU И），译「然后」变成先后；「不停止地」非「不停地」，断句节奏也读不顺。
Weapon_Description_Minigun_Rusty	The barrel doesn't spin up quite as fast, but when it does... ouch.	弹筒旋转得不快，但当它快的时候……哎呦喂。	枪管转起来没那么快，但一旦转起来……哎哟。	barrel 是转管枪的『枪管』（ES cañón、RU ствол），『弹筒』指弹鼓；quite as fast 是比较级，ZH『不快』丢了『没那么』。
Weapon_Description_PipePistol_Scoped	Can a pistol this crude really be called accurate? It can now!	这么粗劣的手枪真的能瞄准目标吗？它可以！	这么粗糙的手枪真能打准吗？现在能了！	EN「It can now!」的 now（装上瞄准镜后才准）未译出，前后反差丢失；「它可以！」作应答也生硬。
Weapon_Description_Pistol_ArmorPiercing	Bring justice to the Wasteland, one Raider corpse at a time.	为废土世界主持正义，一次搞定一个掠夺者尸体。	为废土主持正义，一次干掉一个掠夺者。	corpse 论「具」，「搞定…尸体」把动作落在尸体上；调侃重心应是「一次一个」。
Weapon_Description_PlasmaThrower_Agitated	Something to get excited about, in a strictly molecular sense.	让人激动的事，从严格分子层面来说。	严格从分子层面讲，这东西确实能让人兴奋起来。	in a strictly molecular sense 状语后置成残句；「严格分子层面」搭配也别扭。
Weapon_Description_SniperRifle_Enhanced	Engineered to shoot a little farther, a little faster.	射击得更远，速度更快。	经过改良，射得更远，也更快。	「射击得」不是中文搭配（应「射得更远」），全句无主语，速度快指代不明。
Weapon_Description_SniperRifle_Rusty	The trigger is a bit loose, but it will still drop a Mirelurk at 300 yards.	触发器是松了一点，但它仍然能放倒一个300码外的泥沼蟹。	扳机有点松，但它依然能在300码外放倒一只泥沼蟹。	枪械的 trigger 是「扳机」，「触发器」指电子触发元件；本库他处已用「扳机」。
Weapon_Name_FireHydrantBat	Fire Hydrant Bat	消防栓	消防栓球棒	EN 为 Fire Hydrant Bat，ZH 只剩「消防栓」丢掉 Bat；同表 Baseball Bat 作「棒球棍」保留类别词
Weapon_Name_GatlingLaser_Tuned	Tuned Gatling Laser	调试型加特林激光枪	调谐型加特林激光枪	Tuned＝调校/调谐（ES tuneada、RU Настроенный），非「调试」＝debug；同表同修饰语已作「调谐激光手枪」
Weapon_Name_InstituteRifle_Long	Long Institute Rifle	长款学院步枪	加长型学院步枪	Long＝加长/长管（DE Langgewehr、RU Длинный карабин），「长款」是服装版型用语，修饰枪械搭配不当
Weapon_Name_LaserRifle_Tuned	Tuned Laser Rifle	调试型激光步枪	调谐型激光步枪	Tuned Laser Rifle 的 Tuned＝调校/调谐，「调试」＝debug，会被读成未定型测试型号；与「调谐激光手枪」自相矛盾
Weapon_Name_LaserRifle_WazerWifle	Wazer Wifle	“瓦仄外辐”经典激光步枪	“瓦仄外辐”激光步枪	EN 仅 Wazer Wifle，ZH 多出 EN 没有的「经典」；同表另19个唯一武器名皆「外号+类型」无形容词，易误读为特别版
Weapon_Name_PipeRifle_Long	Long Pipe Rifle	长款管道步枪	加长型管道步枪	Long＝加长/长管（ES larga、IT lungo），「长款」是服装箱包版型说法，与枪械搭配不当
Weapon_Name_PlasmaPistol_Tuned	Tuned Plasma Pistol	调试型等离子手枪	调谐型等离子手枪	Tuned Plasma Pistol 的 Tuned＝调校/调谐（DE Getunte、RU Настроенный），译「调试」＝debug/试运行，非原意
Weapon_Name_PlasmaRifle_Tuned	Tuned Plasma Rifle	调试型等离子步枪	调谐型等离子步枪	Tuned Plasma Rifle 的 Tuned＝调校/调谐而非「调试」；同表 LaserPistol_Tuned「调谐激光手枪」为同一修饰语，应统一
Weapon_Name_PlasmaThrower	Plasma Thrower	等离子发射器	等离子喷射器	PlasmaThrower 与 PlasmaCaster 现译完全同名「等离子发射器」，玩家无法区分；同表 Flamer＝火焰喷射器，thrower 宜作喷射器
Weapon_Name_PlasmaThrower_Agitated	Agitated Plasma Thrower	激活型等离子发射器	激发型等离子喷射器	Agitated＝被激发/搅动（ES con agitador、DE Agitierter），非「激活」；并须随 PlasmaThrower 统一为「喷射器」
Windows_Service_Error	Something went wrong. If the problem persists, please contact customer support.\n\nError Code {0}	出现了错误，如果问题继续的话，请联系客服。\n\n错误代码{0}	出现了错误，如果问题仍然存在，请联系客服。\n\n错误代码{0}	persists＝持续存在，「问题继续」中文不搭配（FR persiste、DE weiterhin besteht）；其余「出现了错误/错误代码{0}」无误
localSaveConfirmMessage	Are you sure you want to keep the Local save?	确定想要保留本地存档？	您确定要保留本地存档吗？	「确定想要」搭配生硬、缺疑问句骨架；平行条目 CloudSaveConfirmMessage 同句已作「您确定要保留云存档吗？」
