key	new_zh	severity	type	旧译
Help_Page09_MainText	升级您的房间，来提高它们的性能。\n\n- 大多数房间都可以升级两次。升级的资源房间能够生产更多资源。\n\n- 同类型的房间最多可以合并三个，只要将它们建在彼此相邻的位置即可。\n\n- 合并的房间能容纳更多居民，同时效率也会更高。\n\n- 有些房间，比如工坊，开始就是一个大房间，是不能合并的。\n\n- 主题只能应用于完全合并并升级至顶级的餐厅和宿舍。	S1	漏译	升级您的房间，来提高它们的性能。\n\n- 大多数房间都可以升级两次。升级的资源房间能够生产更多资源。\n\n- 最多能合并三个房间。但三个房间必须左右相邻。\n\n- 合并的房间能容纳更多的居民，更多的居民也会让房间效率变高。\n\n- 有些房间，比如工坊，开始就是一个大房间，是不能合并的。\n\n- 主题只能应用于完全合并并升级至顶级的餐厅和宿舍。
Message_TutorialPopup_ScorchedAttackWarning_Body	辐尸人正在前来袭击您的避难所！\n\n辐尸人比普通入侵者更强更难对付，但战斗结束后您的居民会免费复活。\n\n痛苦是真实的，但死亡只是暂时的！	S3	误译	辐尸人正在前来袭击您的避难所！\n\n辐尸人比普通掠夺者更强更难对付，但战斗结束后您的居民会免费复活。\n\n痛苦是真实的，但死亡只是暂时的！
Message_Tutorial_50	{虚线矩形边框}内的{物品}超出了您的{库存}容量，在有足够空间之前无法{使用}。	S2	误译	有{虚线矩形边框}的{物品}不在您的{库存}范围内，当建造更多储藏室或升级储藏室获得足够空间时，才能被{使用}。
Outfit_Description_FlightSuit_Advanced	不行，避难所居民。进场航线已经满了。	S1	误译	糟糕，避难所的居民们。这个样式已经满员了。
Outfit_Description_MaximusJacket	红色能掩盖血迹，军衔臂章则能掩盖严重的自我怀疑。	S2	漏译	红色能掩盖血迹……
Outfit_Description_SpecialThemeHalloween	不给糖就捣蛋，收了糖果就享用，只是别吃到血糖飙升。	S2	漏译	小心别吃糖吃到发晕。
Outfit_Description_WrestlerSpecial	无论擂台内外，防护与造型一样不缺。	S1	误译	安全性和造型感，总是很难两全。
QuestLoc_AllsFairinLoveandNuclearWar_Conversation_2_NPCEnd_3	真有？好吧兄弟们，咱们离开这个鬼地方吧。来，拿着这个，记住是我饶了你一命。	S1	漏译	好了兄弟们，咱们离开这个鬼地方吧。
QuestLoc_BeatReporting_Conversation_2_NPCEnd_2	也许“饥饿”是上了年纪才有的？已知的发光种里，没有哪只有他这么老。	S1	误译	也许“饥饿”年纪大了？没有哪只已知的发光种是老的。
QuestLoc_BeatReporting_Conversation_3_NPCEnd_2	比方说，传闻他曾赤手空拳杀死六只死爪，但这只是个传说！真相早就无从查证了。	S2	误译	曾赤手空拳杀死了六只死爪，一只手，但这只是一个传说！早已无法搞清真相。
QuestLoc_Broadsides_Conversation_1_NPCStart_2	我们的人都跑出去干那些冒险的差事，就为了能入号角报的眼……	S1	漏译	他们希望能引起号角报的注意
QuestLoc_CanineRecovery_Conversation_1_NPCStart_2	我们花了那么大的力气把他们捆起来、还留着他们的命，可不是为了让他们跑掉！真是没礼貌！	S1	误译	我们没有将他们绑住，还保证他们活着，结果他们居然逃跑了！什么玩意！
QuestLoc_CheerfortheGhouls_Conversation_1_NPCEnd_2	我们算是看清你们了，“光滑皮肤”们！赶紧滚吧！	S1	乱译	我们看到了它是怎样的。赶紧滚吧，“光滑皮肤”们！
QuestLoc_CollateralMurder_Conversation_1_NPCEnd_1	哦，是啊。我们一直在盯着他，就等着下手的机会。去试试从这里往北约一公里处的旧大无敌超市吧。	S2	漏译	试试从这里往北约一公里处的旧大无敌超市吧。
QuestLoc_DeathRevealed_Conversation_3_NPCStart_3	所以我们今天让你们流血不是出于恶意，而是为了凑够那个配额。	S1	指代	所以我们今天让你们流血不是出于恶意，而是为了帮助你达到这个配额。
QuestLoc_DeathRevealed_QuestLongDescription	在672号避难所，我们遇到了来自144号避难所的居民，他们熟悉那位神秘的第四骑士“死亡”。按照约定，他们的监督者联系了我们并安排了会面，届时她会把她知道的一切都告诉我们！但她不想透露自己避难所的位置，所以我们将会在一座废弃的建筑里与她碰面……	S1	漏译	我们遇到了来自144号避难所、熟悉“死亡”的居民……她会把她知道的一切告诉我们！
QuestLoc_DeathandDenial_Conversation_4_NPCEnd_1	是皮博迪让夫人的儿子迷上了剪刀石头布，然后每次出石头，把钱全赢光了。	S1	指代	她让儿子迷上了剪刀石头布，然后总是出石头让他一败涂地。
QuestLoc_DeathandDenial_Conversation_4_NPCEnd_3	我在给沃辛顿夫人做急救复苏——她想咬一口蓝莓烤饼，结果噎住了。	S1	指代	沃辛顿夫人试图咬一口蓝莓烤饼后苏醒过来。
QuestLoc_DivideandConquer_Conversation_3_NPCEnd_1	通常我会同意你的，但今天我的心情很负面。	S3	误译	通常我同意你的意见，但今天我并不想。
QuestLoc_DogGone_Conversation_2_NPCEnd_4	不是？哎呀。那你们就把它带走吧。反正它吃得也太多了。	S3	误译	它不是吗？好吧，真烦。我想你们可以带走它了。它也太能吃了。
QuestLoc_Dog_Answer01_NPC02	是兄弟会派你来的吧？那条杂种狗是我们的！绝不能给他们！	S2	误译	是兄弟会派你来的吧？那条杂种是我们的！和他们无关！
QuestLoc_DogsofWar_Conversation_2_NPCEnd_3	你看起来可一点都不饿。那些尸鬼一定是在把你养肥，留着以后吃呢。	S1	误译	你看起来不太饿。那些尸鬼肯定会等你养肥了之后再说。
QuestLoc_DogsofWar_Conversation_3_NPCEnd_1	不。不过“害虫”们很想要防护装备。你可以拿一些来把他们引进陷阱……	S2	误译	不。但“害虫”们正觊觎着这些美好的装备。你可以用一些来引诱他们进入陷阱……
QuestLoc_DogsofWar_Conversation_3_NPCStart_1	你们这些孩子确实懂得为正义而战！你们可真是了不起的英雄。谢啦！	S2	误译	你们这些孩子一定知道如何打好仗！你们就是那些该死的英雄。谢谢！
QuestLoc_ENC_QL2_Defective_1_Room2_Question_Line1_Choice2	房租到期了。	S2	误译	房租涨了。
QuestLoc_ExtremePrejudice_Conversation_5_NPCStart_2	我看你出现在这儿，不过是早晚的事。	S1	乱译	我想在你出现之前只是时间问题。
QuestLoc_FriendlySettlement_Conversation_2D_Team_1	来点武器怎么样？	S2	误译	也许能送我们一点装备？
QuestLoc_GameShowGauntletA_Conversation_1_NPCEnd_2	戴维……答对了！我们喜欢先从简单的开始。	S1	漏译	我们一般喜欢从简单的开始。
QuestLoc_GameShowGauntletF_Conversation_4_NPCEnd_3	差一点就答对了。现在我们要让你……“掉脑袋”了！	S1	乱译	很接近但是不是。现在准备好……“掉脑袋”吧！
QuestLoc_Ghooooooooooooooooooul_QuestLongDescription	从93号避难所传来了奇怪的无线电信号。听起来像是大爆炸之前的体育广播。去查一查吧！	S2	漏译	从93号避难所传来了奇怪的无线电信号。听起来像是大爆炸之前的体育广播。
QuestLoc_GroomforDoubt_Conversation_3_NPCEnd_1	已经结束了？好吧，我想该面对现实了。	S1	指代	它有吗？好吧，我想该面对现实了。
QuestLoc_HalfFullHalfEmpty_Conversation_1_NPCStart_1	水之术士的“神奇水”真有那么神奇吗？我们没弄到足够的量来做科学测试。	S1	漏译	我们没弄到足够的量来做科学测试。
QuestLoc_HerestoYouRackieJobinson_Conversation_2_Team_2	尽量别把血溅到我的棒球衫上！	S1	指代	我会努力不让血溅到我的棒球衫上！
QuestLoc_HittingtheBooks_Conversation_1_NPCEnd_1	不，不过去问问旧糖果厂的赫伯韦斯特吧。来，把我的戏服拿去。	S1	漏译	不，去问问旧糖果厂的赫伯韦斯特吧。
QuestLoc_JackAintBack_Conversation_1_NPCStart_4	把苦艾酒和超强捷特混在一起可不是好主意。我们只好把他处理掉——他已经完全失控了！	S1	漏译	把苦艾酒和超强捷特混在一起可不是好主意。
QuestLoc_KnockEmDown_Conversation_2_NPCStart_1	我该谢谢你们给了我夺回装甲的机会吗？	S1	指代	你是想谢谢我给你收回装甲的机会吗？
QuestLoc_MVPoftheYear_QuestLongDescription	教练在领头死爪爪下活了下来，但他活不过我！“黏液苏丹”又留下一张自恋的纸条，所以我们知道他还在外面。继续搜索！	S1	漏译	领头死爪没能杀掉教练。但坏家伙又留下了其他的信息！所以至少我们知道他还在外面。继续搜索！
QuestLoc_MondayNightBrawl_QuestLongDescription	附近的掠夺者团伙正在向你们叫阵！是时候让他们知道谁才是老大了……而且要有型！穿上你最体面的行头，去把他们揍趴下！	S1	误译	附近的掠夺者团伙正在挑衅你！是时候告诉他们谁才是真正的老大了……摆出点老板样子，给他们点颜色瞧瞧！
QuestLoc_OneGhoulCustomer_Conversation_1_NPCEnd_1	拿着，这瓶量子核子可乐还是交给你保管比较好。	S1	误译	拿着，也许你会想要给量子核子可乐们上个保险。
QuestLoc_OneGhoulCustomer_Conversation_1_NPCEnd_2	哦，也对，那还是交给你保管比较好。	S1	误译	哦，对啊，也许真的需要安保险。
QuestLoc_ParleyTime_Conversation_2_NPCStart_4	你觉得可以吗？	S1	误译	你还好吗？
QuestLoc_ParleyTime_Conversation_3_NPCEnd_1	我可不听你……的命令。抱歉，我入戏太深了。没问题，我们不去动他们。	S1	漏译	我可不听你……的命令。抱歉，我一下演过头了。
QuestLoc_PlayingPolitics_Conversation_1_NPCStart_3	……上面写着525号避难所的位置！他们真的有“伊甸园制造器”！	S1	漏译	位于525号避难所！他们真的有“伊甸园制造器”！
QuestLoc_RadroachRoundup_Conversation_1_NPCEnd_1	是的，他们说自己是“害虫”。这话一点没错！	S1	误译	是的，他们说他们是“害虫”。你们可以再说一次！
QuestLoc_RadroachRoundup_Conversation_2_NPCEnd_2	太棒了！这下我们就能把其余的辐射蟑螂赶进笼子里了。	S1	指代	太棒了！我们现在可以把其余的人关在笼子里。
QuestLoc_ReleasetheRaiders_QuestObjective_1	在建筑里搜寻“战争崇拜者”和“害虫”。	S2	误译	搜索“战争崇拜者”和“害虫”的建筑。
QuestLoc_RescueSanta_QuestLongDescription	当我们四处散播圣诞节日气氛时，有人找到了圣诞老人。他遇到了麻烦。我们走！	S1	漏译	当我们四处散播圣诞节日气氛时，有人找到了圣诞老人。我们走！
QuestLoc_ReturntoVault333_Conversation_1_NPCStart_1	哦我的天！那简直是一场屠杀！尸横遍野的噩梦！	S1	误译	哦我的天！她是个杀人狂！太平间的噩梦！
QuestLoc_SantasHelpers_Conversation_1_NPCEnd_2	嘘！滚出去！	S1	误译	嘿！快出来！
QuestLoc_ScienceCooperative_Conversation_1D_NPCEnd_3	科学不等人，我恐怕得继续了。恕我失陪……	S1	误译	科学研究不求回报。我恐怕得继续了。恕我失陪……
QuestLoc_ScienceCooperative_Conversation_2D_NPCEnd_3	你是说你们……吃人？呃……你们还是走吧。	S1	误译	科学可不等人，恐怕我得继续了。恕我失陪……
QuestLoc_SignalFailure_Conversation_1_NPCStart_2	“今天我们的巧手先生到了。要想按时把维修做完，就得赶紧让这家伙运转起来。”	S1	误译	“今天收到了‘巧手’先生。如果我们能及时把它修好，应该能让它重新工作，灵活运转。”
QuestLoc_SpringForwardFallBack_QuestLongDescription	我们的调查表明，最近这些毒物喷洒袭击是原子之子教会当地分会所为。我们必须当面质问他们的领袖忏悔者阿尔瓦拉多，让他停止这些攻击，否则就别怪我们不客气。	S1	漏译	我们必须去找他们的领袖忏悔者阿尔瓦拉多，叫他停止这些攻击，否则后果自负。
QuestLoc_SpyonRaiders_Conversation_2B_NPCEnd_2	呃，是啊。喊得不错，小子们。你们还是赶紧走吧。	S1	误译	呃，是啊。喊得不错啊小子们。为什么不继续呢？
QuestLoc_TakeMeOuttotheBallGame_RaiderLine_4	全垒打！兄弟们，该冲上场了！	S1	乱译	全垒打！该去找那些场地男孩了！
QuestLoc_TheAbyss_Conversation_1_NPCStart_2	这下面小动物什么的太多，所以没什么访客来。	S1	误译	没有很多游客到这里来，所以有很多小动物什么的。
QuestLoc_TheBansheesKeen_Conversation_2_NPCEnd_3	行。好吧。随便啦。给你！	S1	误译	可以。当然。无论怎么样。加油！
QuestLoc_TheCaseoftheLostLunch_Conversation_1_NPCEnd_1	什么？没有！我们什么也没拿。我是说，你看看这地方，有什么可偷的？拜托，赶紧去帮帮我的伙伴，行吗？	S1	乱译	什么？没有！我们什么也没拿，想说拜托看看这地方，有什么好偷的？现在赶紧去帮助我的伙伴好吗？
QuestLoc_TheCaseoftheQuantumCreeper_Conversation_1_NPCEnd_1	哦，谢天谢地！上次有人见到它时，它还在避难所更深处。拜托了，趁那头野兽还没再害人，赶紧把它解决掉！	S1	漏译	哦，谢天谢地！上次有人见到它时，它还在避难所更深处。
QuestLoc_TheSixthSun_QuestLongDescription	我们认为失踪的教会见习信徒威尔修士可能被驻扎在附近的一帮掠夺者绑架了。我们会派一支队伍去救他，等他平安回来之后，再视情况通知神父阿尔瓦拉多。	S1	漏译	我们认为失踪的教会见习信徒威尔修士可能被附近一帮掠夺者绑架了。
QuestLoc_TheSpreadingBlight_Conversation_1_NPCStart_3	那边一个研究所里有群人认为这不是病害。他们另有一套说法……	S1	误译	一个研究所里的一群人认为这可能不是单纯的虫灾。一定有其他的原因……
QuestLoc_TheresnoCryinginBaseball_QuestLongDescription	有一家旧的“五金小镇”商店我们还没去看过。也许教练去那里补给物资了。我们出发吧。	S1	漏译	有一家旧的“五金小镇”商店我们还没去看过。
QuestLoc_ThirdandGoal_Conversation_1_NPCEnd_2	我的季后赛征程才刚开始，我会一路杀到底的！	S1	误译	我的季后赛跑才刚刚开始，我会一直跑下去的！
QuestLoc_ThymeisMoney_Conversation_2_NPCStart_1	我的天，是条子！	S1	乱译	天哪，是毛毛！
QuestLoc_ToGrandmothersHouseWeGo_Conversation_1_NPCEnd_2	拿好，希望里面有什么好东西！	S1	误译	你们走吧，希望里面有什么好东西！
QuestLoc_VaultTecExperimentReviewA_Conversation_2_Team_1	三个词：没完。没了。死爪。	S1	乱译	三个词：永远。结束。死爪。
QuestLoc_WastelandDoctoring_Conversation_1_Team_3	快捷的医疗服务！由你们友好的避难所邻居提供！	S2	误译	快捷的医疗服务！这是出于避难所邻居的友好礼节！
QuestLoc_WorkingOvertime_Conversation_1_NPCEnd_4	我也这么觉得！	S2	误译	我俩都是！
QuestLoc_ZinesFromtheCommonwealth_QuestlineName	来自联邦的杂志	S1	误译	联邦来的扎因斯
Speech_Conversation_NPC2_Topic8_Response2	哦，我知道了！“尸体”！	S1	误译	哦，我知道了！“拾荒者”！
Tutorial_Tip_50	鼹鼠会从紧挨着泥土的房间开始出现，还可能蔓延到整个避难所。	S1	误译	鼹鼠袭击时房间会有泥土冒出，然后向其他房间蔓延。
Tutorial_Tip_76	有些任务需要秘密线索才能解锁。尽可能把能找到的容器都搜刮一遍！	S1	误译	一些任务需要解锁秘密线索。所以搜刮每一个你能发现的储物箱。
Weapon_Description_ButcherKnife	去好好教训别人一顿吧。懂我意思吗？	S1	乱译	为了某些惩罚而存在的，明白吗？
Weapon_Description_FatMan_Hardened	更高当量的炮弹带来更大的爆炸……以及更多的阵亡者。	S1	误译	高收益率炮弹带来更大的爆炸……和更多的死亡人数。
Weapon_Description_HuntingRifle	非常适合猎杀猎物——不管是人还是野兽。	S1	误译	非常适合参与放倒人类或动物之类的游戏。
Weapon_Description_Magnum_Enhanced	只要换上更好的瞄准镜，你就能像冠军一样横扫那些坏蛋。	S1	漏译	只要换上更好的瞄准镜……
Weapon_Description_PlasmaRifle_Amplified	这把枪打在人身上会造成什么后果，完全无法想象。	S1	指代	这件事对人体造成的影响是超出想象的。
Weapon_Description_Shotgun_Rusty	它在谷仓里搁得太久了，但杀起人来依然不输任何好枪。	S1	漏译	但杀起人来依然不输任何好枪。
AlienDrone_campaign_ClaimedText	您可以在库存中找到新的宠物。感谢您游玩辐射避难所。	S2	误译	您可以在仓库中找到新的宠物。感谢您游玩辐射避难所。
Android_PushNotification_Summary	您的避难所出事了！	S3	生硬	您的避难所有事情发生！
Crafting_FreeJunk_Main1	这里有一些配方和杂物，能打造出无法通过其他途径获得的武器和装备。	S2	语序	这里有一些配方和杂物，可以打造探险时无法得到的装备和武器。
Crafting_FreeJunk_Main2	还有许多物品无法找到，只能靠打造获得。选择要打造的物品时，它们会带有打造图标标识。	S2	多译	许多物品无法探险时找到，只能通过打造获取。当您选择时，这些物品会有打造图标标识。
EULA_LEGAL_LINK	https://www.zenimax.com/en/legal/mobile-eula	S2	其他	fo.sdo.com/policy/
Encounet_Progression_Creature23	一只火兵蚁？它又不会真的喷火。该我出手了！	S2	生硬	一只火兵蚁？好像不是真能喷火的样子。准备攻击！
Encounet_Progression_Creature43	在这只死爪面前，我怎么可能活下来？！	S2	病句	这只死爪面前，我怎么可能活下来？！
Encounter_Defeat_Creature23	这只英克雷死爪受过训练，会把挡它路的一切都杀掉！我得跑！	S2	病句	这只英克雷死爪受过训练，挡它路的通通杀掉！我得跑！
Encounter_Victory_Creature3	我杀死了巨大苍蝇，它炸成了一堆碎块。好恶心。	S2	指代	我杀死了巨大苍蝇，炸成了一堆碎块。好恶心。
Help_Page01_MainText	总会有三个目标可供您完成。\n\n您可以每天免费放弃一个目标，并会获得一个新目标作为替代。\n\n每天还能使用量子核子可乐跳过额外的目标。\n\n目标越难，奖励越大。	S2	误译	总会有三个目标同时给您完成。\n\n您可以每天放弃一个目标，同时会出现一个新目标。\n\n每天还能使用量子核子可乐跳过额外的目标。\n\n目标越难，奖励越大。
Help_Page08_MainText	建造宿舍，诞生更多的新居民。\n\n- 建造更多房间来扩大您的避难所，生产更多的资源。\n\n- 注意避难所资源的标尺。在选择下一间要建造的房间时，它们是很好的参考。\n\n- 想要向下扩张时，请建造电梯。\n\n- 与两侧都相连的房间无法拆除。\n\n- 同种房间建造得越多就越贵。	S2	病句	建造宿舍，诞生更多的新居民。\n\n- 建造更多房间来扩大您的避难所，生产更多的资源。\n\n- 注意避难所资源的标尺。在选择下一间要建造的房间时，它们是很好的参考。\n\n- 想要向下扩张时，请建造电梯。\n\n- 和两边都有联通的房间无法被拆除。\n\n- 同种房间建造得越多就越贵。
Help_Page16_MainText	避难所科技的午餐盒能加快您的进程。\n\n居民- 需要更快获得更多居民？每个午餐盒都有机会抽到一个居民。\n\n武器- 所有能在废土生存中用到的好东西。从BB枪到小型核武器“胖子”都有。\n\n装备- 给您的居民穿上这些又能增强属性又有型的好装备。\n\n宠物- 找到一位忠诚的伴侣，它会帮助您的居民，还能让您的避难所充满生机！\n\n量子核子可乐- 用这种清爽的饮料快速搞定一切。\n\n杂物- 在您的工坊里用这些被长时间遗忘的物件打造武器装备。\n\n资源- 储备充足的瓶盖，消辐宁，治疗针，食物，水和电。\n\n午餐盒里可能有普通，稀有或者传奇的物品。每个午餐盒至少会有一个居民或者稀有的物品。	S2	漏译	避难所科技的午餐盒能加快您的进程。\n\n居民- 需要更快获得更多居民？每个午餐盒都有机会抽到一个居民。\n\n武器- 所有能在废土生存中用到的好东西。从BB枪到小型核武器“胖子”都有。\n\n装备- 给您的居民穿上这些又能增强属性又有型的好装备。\n\n宠物- 一个忠诚的伴侣，同时让您的避难所充满生机！\n\n量子核子可乐- 用这种清爽的饮料快速搞定一切。\n\n杂物- 在您的工坊里用这些被长时间遗忘的物件打造武器装备。\n\n资源- 储备充足的瓶盖，消辐宁，治疗针，食物，水和电。\n\n午餐盒里可能有普通，稀有或者传奇的物品。每个午餐盒至少会有一个居民或者稀有的物品。
Help_Page26_MainText	任务能让您探索新的地点，遇见新的居民和收集战利品。\n\n建造监督者办公室来派遣居民小队去完成任务。\n\n点击监督者办公室里或者哔哔小子上的地图图标来进入任务列表。任务列表会显示您现在可以执行的任务，以及相对应的奖励，要求和状态。\n\n在任务中，将居民拖到新房间中来探索或者直接点击您想要探索的房间。\n\n居民会自动战斗，但是您可以先点击居民后点击敌人来让他们攻击一个特定目标。您也可以点击并按住一位居民，然后把出现的准星拖到敌人身上。\n\n居民在战斗时会出现一个暴击蓄力器；一旦准备好，您的蓄力居民正在攻击的敌人上方会出现一个勾形图标，点击会对敌人进行致命暴击。\n\n当箭头出现在十字线的中心时，请点击移动的箭头。离中心越近，暴击伤害的倍率就越高。\n\n居民的运气（L）属性越高，暴击蓄力器的恢复速度也就越快。居民的观察力（P）属性越高，箭头移动的速度越慢。\n\n点击右上角的地图图标查看必须完成和可选完成的任务目标。\n\n当您结束探险时，点击地图图标让任务小队返回避难所。	S2	漏译	任务能让您探索新的地点，遇见新的居民和收集战利品。\n\n建造监督者办公室来派遣居民小队去完成任务。\n\n点击监督者办公室里或者哔哔小子上的地图图标来进入任务列表。任务列表会显示您现在可以执行的任务，以及相对应的奖励，要求和状态。\n\n在任务中，将居民拖到新房间中来探索或者直接点击您想要探索的房间。\n\n居民会自动战斗，但是您可以先点击居民后点击敌人来让他们攻击一个特定目标。您可以点击然后按住，将其拖向敌人。\n\n居民在战斗时会出现一个暴击蓄力器；一旦准备好，敌人上方会出现一个勾形图标，点击会对敌人进行致命暴击。\n\n当箭头出现在十字线的中心时，请点击移动的箭头。离中心越近，暴击伤害的倍率就越高。\n\n居民的运气（L）属性越高，暴击蓄力器的恢复速度也就越快。居民的观察力（P）属性越高，箭头移动的速度越慢。\n\n点击右上角的地图图标查看必须完成和可选完成的任务目标。\n\n当您结束探险时，点击地图图标让任务小队返回避难所。
Help_Page26_MainText_PC	任务能让您探索新的地点，遇见新的居民和收集战利品。\n\n建造监督者办公室来派遣居民小队去完成任务。\n\n点击监督者办公室里或者哔哔小子上的地图图标来进入任务列表。任务列表会显示您现在可以执行的任务，以及相对应的奖励，要求和状态。\n\n在任务中，将居民拖到新房间中来探索或者直接点击您想要探索的房间。\n\n居民会自动战斗，但是您可以先点击居民后点击敌人来让他们攻击一个特定目标。您也可以点击并按住一位居民，然后把出现的准星拖到敌人身上。\n\n居民在战斗时会出现一个暴击蓄力器；一旦准备好，您的蓄力居民正在攻击的敌人上方会出现一个勾形图标，点击会对敌人进行致命暴击。\n\n当箭头出现在十字线的中心时，请点击移动的箭头。离中心越近，暴击伤害的倍率就越高。\n\n居民的运气（L）属性越高，暴击蓄力器的恢复速度也就越快。居民的观察力（P）属性越高，箭头移动的速度越慢。\n\n点击右上角的地图图标查看必须完成和可选完成的任务目标。\n\n当您结束探险时，点击地图图标让任务小队返回避难所。	S2	漏译	任务能让您探索新的地点，遇见新的居民和收集战利品。\n\n建造监督者办公室来派遣居民小队去完成任务。\n\n点击监督者办公室里或者哔哔小子上的地图图标来进入任务列表。任务列表会显示您现在可以执行的任务，以及相对应的奖励，要求和状态。\n\n在任务中，将居民拖到新房间中来探索或者直接点击您想要探索的房间。\n\n居民会自动战斗，但是您可以先点击居民后点击敌人来让他们攻击一个特定目标。您可以点击然后按住，将其拖向敌人。\n\n居民在战斗时会出现一个暴击蓄力器；一旦准备好，敌人上方会出现一个勾形图标，点击会对敌人进行致命暴击。\n\n当箭头出现在十字线的中心时，请点击移动的箭头。离中心越近，暴击伤害的倍率就越高。\n\n居民的运气（L）属性越高，暴击蓄力器的恢复速度也就越快。居民的观察力（P）属性越高，箭头移动的速度越慢。\n\n点击右上角的地图图标查看必须完成和可选完成的任务目标。\n\n当您结束探险时，点击地图图标让任务小队返回避难所。
Help_Page26_MainText_PS4	任务允许您探索新的地点，遇见新的居民和收集战利品。\n\n建造监督者办公室，从您的避难所里派出一队居民去完成任务。\n\n要访问任务列表，在监督者的办公室按或从哔哔小子选择地图图标。任务列表显示您的可用任务、奖励、需求和状态。\n\n在任务中，通过选择您希望居民前往的房间来探索地点。\n\n居民在战斗中自动战斗，但您可以命令一个选定的居民攻击一个特定的敌人，只需按住使一个目标出现，然后选择一个敌人。\n\n当您的居民战斗，他们将显示一个暴击计量器；时机成熟时，一个复选标记图标将出现在您的居民正攻击的敌人身上。\n\n当一个居民被选中后，用左摇杆选择复选标记，然后按住发动致命一击。\n\n按以停止出现的移动的箭头；箭头越靠近十字线的中心，您的致命一击的伤害倍数就越高。\n\n居民的运气属性越高，暴击计量器填充得越快，您的居民观察力越高，暴击箭头移动得就越慢。\n\n按可以查看必须完成和可选完成的任务目标。\n\n当您完成探索后，可通过任务目标界面将任务小队召回避难所。	S2	误译	任务允许您探索新的地点，遇见新的居民和收集战利品。\n\n建造监督者办公室，从您的避难所里派出一队居民去完成任务。\n\n要访问任务列表，在监督者的办公室按或从哔哔小子选择地图图标。任务列表显示您的可用任务、奖励、需求和状态。\n\n在任务中，通过选择您希望居民前往的房间来探索地点。\n\n居民在战斗中自动战斗，但您可以命令一个选定的居民攻击一个特定的敌人，只需按住使一个目标出现，然后选择一个敌人。\n\n当您的居民战斗，他们将显示一个暴击计量器；时机成熟时，一个复选标记图标将出现在您的居民正攻击的敌人身上。\n\n当一个居民被选中后，用左摇杆选择复选标记，然后按住发动致命一击。\n\n按以停止出现的移动的箭头；箭头越靠近十字线的中心，您的致命一击的伤害倍数就越高。\n\n居民的运气属性越高，暴击计量器填充得越快，您的居民观察力越高，暴击箭头移动得就越慢。\n\n按可以查看主线和支线任务目标。\n\n当您完成探索后，可通过任务目标界面将任务小队召回避难所。
Help_Page26_MainText_Switch	任务允许您探索新的地点，遇见新的居民和收集战利品。\n\n建造监督者办公室，从您的避难所里派出一队居民去完成任务。\n\n要访问任务列表，在监督者的办公室按或从哔哔小子选择地图图标。任务列表显示您的可用任务、奖励、需求和状态。\n\n在任务中，通过选择您希望居民前往的房间来探索地点。\n\n居民在战斗中自动战斗，但您可以命令一个选定的居民攻击一个特定的敌人，只需按住使一个目标出现，然后选择一个敌人。\n\n当您的居民战斗，他们将显示一个暴击计量器；时机成熟时，一个复选标记图标将出现在您的居民正攻击的敌人身上。\n\n当一个居民被选中后，用左摇杆选择复选标记，然后按住发动致命一击。\n\n按以停止出现的移动的箭头；箭头越靠近十字线的中心，您的致命一击的伤害倍数就越高。\n\n居民的运气属性越高，暴击计量器填充得越快，您的居民观察力越高，暴击箭头移动得就越慢。\n\n按可以查看必须完成和可选完成的任务目标。\n\n当您完成探索后，可通过任务目标界面将任务小队召回避难所。	S2	误译	任务允许您探索新的地点，遇见新的居民和收集战利品。\n\n建造监督者办公室，从您的避难所里派出一队居民去完成任务。\n\n要访问任务列表，在监督者的办公室按或从哔哔小子选择地图图标。任务列表显示您的可用任务、奖励、需求和状态。\n\n在任务中，通过选择您希望居民前往的房间来探索地点。\n\n居民在战斗中自动战斗，但您可以命令一个选定的居民攻击一个特定的敌人，只需按住使一个目标出现，然后选择一个敌人。\n\n当您的居民战斗，他们将显示一个暴击计量器；时机成熟时，一个复选标记图标将出现在您的居民正攻击的敌人身上。\n\n当一个居民被选中后，用左摇杆选择复选标记，然后按住发动致命一击。\n\n按以停止出现的移动的箭头；箭头越靠近十字线的中心，您的致命一击的伤害倍数就越高。\n\n居民的运气属性越高，暴击计量器填充得越快，您的居民观察力越高，暴击箭头移动得就越慢。\n\n按可以查看主线和支线任务目标。\n\n当您完成探索后，可通过任务目标界面将任务小队召回避难所。
Help_Page26_MainText_Xbox	任务能让您探索新的地点，遇见新的居民和收集战利品。\n\n建造监督者办公室来派遣居民小队去完成任务。\n\n按下监督者办公室里的或者哔哔小子上的地图图标来进入任务列表。任务列表会显示您现在可以执行的任务，以及相对应的奖励，要求和状态。\n\n在任务中，选择您希望居民前往的房间即可探索地点。\n\n居民会自动战斗，但您可以命令选定的居民攻击一个特定目标：按住使目标出现，然后选择敌人。\n\n居民在战斗时会出现一个暴击蓄力器；一旦准备好，居民攻击的敌人上方会出现一个勾形图标。\n\n当选中一个居民时，用左摇杆选择勾形图标，按住来释放一次致命暴击。\n\n当箭头出现在十字线的中心时，按下来停下移动的箭头。离中心越近，暴击伤害的倍率就越高。\n\n居民的运气（L）属性越高，暴击蓄力器的恢复速度也就越快。居民的观察力（P）属性越高，箭头移动的速度越慢。\n\n按下来查看必须和选择性完成的任务目标。\n\n当您结束探险时，可以从任务目标里让任务小队返回避难所。	S2	多译	任务能让您探索新的地点，遇见新的居民和收集战利品。\n\n建造监督者办公室来派遣居民小队去完成任务。\n\n按下监督者办公室里的或者哔哔小子上的地图图标来进入任务列表。任务列表会显示您现在可以执行的任务，以及相对应的奖励，要求和状态。\n\n在任务中，将居民拖到新房间中来探索或者直接点击您想要探索的房间。\n\n居民会自动战斗，但是您可以先点击居民后点击敌人来让他们攻击一个特定目标。您可以按住使目标出现，然后选择敌人。\n\n居民在战斗时会出现一个暴击蓄力器；一旦准备好，居民攻击的敌人上方会出现一个勾形图标。\n\n当选中一个居民时，用左摇杆选择勾形图标，按住来释放一次致命暴击。\n\n当箭头出现在十字线的中心时，按下来停下移动的箭头。离中心越近，暴击伤害的倍率就越高。\n\n居民的运气（L）属性越高，暴击蓄力器的恢复速度也就越快。居民的观察力（P）属性越高，箭头移动的速度越慢。\n\n按下来查看必须和选择性完成的任务目标。\n\n当您结束探险时，可以从任务目标里让任务小队返回避难所。
Junk_Desc_BrahminHide	用来做全粒面皮夹克再好不过。有两个头，正好做两个兜帽！	S2	漏译	……两个头就意味着两个兜帽！
Junk_Desc_DuctTape	每个修理工的秘密武器——用它把东西牢牢固定住。	S2	误译	心灵手巧的人们的秘密武器。用它来让事情有条有理。
Junk_Desc_MilitaryDuctTape	用这东西能把一艘航空母舰拼在一起，不信你可以问问铆钉城的居民。	S2	误译	你能用这个东西包住一艘航空母舰，不信你可以问问铆钉城的居民。
Login_PasswordDoesntMatch	两次输入的密码不一致	S2	误译	密码不正确
MainMenu_Survival_Mode_Confirm	避难所科技特级警报！我们发现您正选择参加我们迄今为止最严苛、最危险的社会实验——生存模式！在生存模式中，您的避难所将面临更致命的威胁，对资源的需求也会更大，而且您将无法复活已死亡的居民！	S2	误译	避难所科技特级警报！我们发现您正选择进入最严苛最危险的社会环境——生存模式！在生存模式中，您的居民将会面临着更残酷的威胁，对资源的需求也更高，以及您无法复活死亡的居民！
Message_Intro_04	每个房间都会使用一项 SPECIAL 属性。把 SPECIAL 属性最好的居民分配进去，能让他们开心并产出额外的资源。	S2	漏译	每个房间都有一个所需属性。将此属性最好的居民分配在此房间能让他们发挥优势，变得开心并产出更多的资源。
Message_OneHundredMillionPopup_Body	经过大家的共同努力，我们取得了一个重要的里程碑：\n\n超过1亿名监督者已经创建了属于他们自己的避难所！\n请收下这份免费礼物，这是避难所科技在向您说……谢谢！\n别忘了明天再来领取另一份特别的奖励！	S2	误译	经过大家的共同努力，我们达成一个重要的里程碑：\n\n超过1亿的监督者已经建立了属于他们自己的避难所！\n请笑纳这个免费礼物，就像避难所科技常说的……谢谢！\n别忘了明天再来领取另一份特别的奖励！
Message_OneHundredMillionPopup_Body2	经过大家的共同努力，我们取得了一个重要的里程碑：\n\n超过1亿名监督者已经创建了属于他们自己的避难所！\n请收下这份免费礼物，这是避难所科技在向您说……谢谢！	S2	误译	经过大家的共同努力，我们达成一个重要的里程碑：\n\n超过1亿的监督者已经建立了属于他们自己的避难所！\n请笑纳这个免费礼物，就像避难所科技常说的……谢谢！
Message_Quest_DeadDweller_RemoveAll_Warning	您将失去死去的居民。您确定要全部移除吗？	S2	病句	您将失去您死亡的居民。您确定要移除全部吗？
Message_ThemeChange_Diner	所有已完全合并并升级的餐厅，其主题都将从{0}更改为{1}。确定吗？	S2	漏译	您的主题餐厅已经最大化合并及升级了，您确定将它从{0}改成{1}吗？
Message_ThemeChange_LivingQuarters	所有已完全合并并升级的宿舍，其主题都将从{0}更改为{1}。确定吗？	S2	漏译	您的主题宿舍已经最大化合并及升级了，您确定将它从{0}改成{1}吗？
Message_TooManyVictorInWasteland	您派往废土的维克托数量已达上限。	S3	生硬	你已将最大数量的维克托派往废土
Message_TutorialPopup_01_Body	当任何一项资源不足时，屏幕顶端的资源条都会变红。\n\n电力不足时，房间将陆续停止运作。\n食物不足时，居民会开始损失生命值。\n水不足时，居民会受到辐射伤害。\n\n资源条上的所需资源线显示了避难所当前的资源需求。	S2	生硬	如果您的资源不足，屏幕顶端的资源条会变红。\n\n当电力不足时，房间将开始停止工作。\n当食物不足时，居民的生命值将开始降低。\n当水资源不足时，居民将开始受到辐射伤害。\n\n所需资源的刻度线会在资源条上显示，表明了现在的资源需求。
Message_TutorialPopup_15_Body	您可以点击居民打开居民信息面板，给居民配备武器和装备，或者使用消辐宁和治疗针。	S2	生硬	您可以点击居民打开居民信息面板来给他们配备武器，装备和治疗针和消辐宁。
Message_TutorialPopup_15_Body_PC	您可以点击居民打开居民信息面板，给居民配备武器和装备，或者使用消辐宁和治疗针。	S2	生硬	您可以点击居民打开居民信息面板来给他们配备武器，装备和治疗针和消辐宁。
Message_TutorialPopup_15_Body_Xbox	选中居民即可打开居民信息面板，为居民配备武器和装备，或者使用消辐宁和治疗针。	S2	生硬	您可以点击居民打开居民信息面板来给他们配备武器，装备和治疗针和消辐宁。
Message_Tutorial_53_Xbox	想要打开{任务列表}，请按下来打开{哔哔小子}。	S3	病句	想要打开{任务列表}。按下来打开{哔哔小子}。
Message_Tutorial_57	先{选择}一个{居民}栏位。	S3	误译	先{选择}一个{居民}队列位置。
Message_Tutorial_SpinToWinSpin	{点击}按钮，转！那！个！盘！	S3	生硬	{点击}按下按钮，转！那！个！盘！
Message_XboxSomethingWrong	出错。请重试，或重启游戏。	S2	误译	出错。请再次尝试并重启游戏。
MrHandyDialog_Generic_22	听说有个灯泡学坏了？他们把它关进了棱镜监狱。懂吗？棱镜？	S3	病句	听说有个灯泡学坏了？他们把它关进了“棱镜”（prism，谐音监狱 prison）。懂吗？棱镜？
MrHandyDialog_Generic_24	在那场该死的战争之前，我本来大概会有一个生活小康的郊区家庭要照顾……	S3	漏译	在那场该死的战争之前，我可能会照顾一个生活小康的郊区家庭……
MrHandyDialog_Wasteland_27	想想看，人类还担心机器人会反叛他们呢。他们自己反目成仇，倒是干得挺漂亮的……	S2	误译	人类居然还担心机器人会反叛他们，他们自己的内斗都控制不住了……
MrHandyDialog_Wasteland_29	像个乡巴佬一样在废土上捡破烂？我可不该沦落到这个地步。	S2	误译	像个乡巴佬一样在废土上捡破烂？我可不是干这个的料。
MrHandyDialog_Wasteland_68	小孩的木制积木，来自战前。不知道那孩子后来怎么样了……哦。	S2	病句	小孩的木制积木，来自战前。我好奇那个小孩……哦。
NewVegasB_Description	新维加斯需要你的关注，监督者。建造一座新避难所，以保护并支持避难所科技在该地区的盟友。招募关键人员，消灭所有敌对势力，让新维加斯的灯塔照亮整片废土！愿幸运女神对你微笑！	S2	病句	新维加斯需要你的关注，监督者。建造新避难所以保护并支持避难所科技在该地区的盟友。招募关键人员，消灭所有敌对势力，让新维加斯的灯塔在整片废土上熊熊燃烧！愿幸运女神对你微笑！
Objective_EquipRandomWeapon_Plural	为{0}名居民各装备{1}	S3	数字	给{0}个居民配备了一件{1}
Objective_StopIncidentWithoutPropagate_Plural	在{0}次{1}灾害扩散之前将它们制止	S3	生硬	在{0}次{1}灾害扩散之前终止事件
Outfit_Description_AbrahamSpecial	专为演唱那首著名的战歌——国歌——而准备。	S3	病句	为了演唱那首著名的抗争之歌，国歌！
Outfit_Description_BattleArmor_Sturdy	能让你拥有雇佣兵队长的外形与防护。	S2	误译	能让你拥有一个雇佣兵队长的能力和……外形。
Outfit_Description_BittercupSpecial	对于所有童心未泯、却不得不忍受废土的人来说再完美不过。	S2	误译	对于所有不得不忍受废墟的孩子来说是完美的存在。
Outfit_Description_BurnedConditionResistence	+50%抵抗灼烧状态	S3	误译	+50%抵抗燃烧条件
Outfit_Description_ColonelSpecial	曾由一位强硬的上校穿着。现在轮到你发号施令了。	S2	病句	曾被一个勇猛的上校穿过。现在轮到你发布施令了。
Outfit_Description_DetectiveOutfit	为任何有自尊的废土侦探准备的侦探行头——不管你是不是人类。	S2	漏译	为任何有自尊的废土侦探定制的侦探装备。
Outfit_Description_InstituteJumper_Expert	让你看起来像个合成人——省掉身份认同危机。	S2	误译	让你看起来像一个合成人——避免身份被怀疑。
Outfit_Description_JailhouseRocker	末日前猫王《监狱摇滚》演出服的复制品，曾由新维加斯帮派“猫王帮”穿着。	S2	其他	末日前猫王《监狱摇滚》演出服的复制品，曾由新维加斯帮派\“猫王帮\”穿着。
Outfit_Description_LabCoat_Advanced	分裂原子，或者发明曲速航行——全都能赶在午饭前搞定。	S2	误译	分裂原子或发明弯曲旅行——就在午餐前。
Outfit_Description_LibrarianSpecial	向所有人证明：在未来，纸质印刷并没有消亡。	S2	误译	证明给未来的人类，打印并没有消亡。
Outfit_Description_MaJuneJacket	别指望穿着这身行头的人会大惊小怪，十有八九他们手里已经端着步枪了。	S2	误译	别指望穿这身衣服的人会感到害怕，十有八九她手里已经拿着步枪了。
Outfit_Description_MoviefanSpecial	最适合在废弃的老式汽车影院里消磨时光。	S2	误译	对于在废弃的“免下车”通道中闲逛的人来说很完美。
Outfit_Description_PowerArmor_T45d	战前被派去对抗中国坦克。你没听错——就是坦克。	S2	漏译	战前被用来对抗外国坦克的。你没听错——就是坦克。
Outfit_Description_RaiderArmor_Heavy	给那个管着其他疯子的疯子准备的。	S2	病句	为了管理其他疯子的疯子准备的。
Outfit_Description_RiotGear_Sturdy	废土扔过来什么，你都能帅气地接住。	S3	生硬	把废墟带给你的任何东西都处理得……有型。
Outfit_Description_ScientistScrubs_Commander	你一下令，人们就会跳起来。跳得老高。	S2	误译	当你发布命令的时候，人们会激动得跳起来。很高。
Outfit_Description_ScientistScrubs_Officer	适合那些你必须拿出威严气场的场合。	S2	病句	为了在某些日子，你需要显得颇具威严。
Outfit_Description_SpecialThemeHalloween2	骷髅——2077年最流行的万圣节服装，也是2078年前后美国人的标准形象。	S2	误译	骷髅——2077年最受欢迎的万圣节服装，也是2078年美国人的日常。
Outfit_Description_SynthArmor_Heavy	受过高强度战斗训练的合成人才穿它。	S3	生硬	被训练用来进行重型战斗的合成人穿过。
Outfit_Description_WandererArmor	传说中的那副装甲，废土上最伟大的英雄曾穿着它……	S3	误译	装甲界的传奇，被废土上最伟大的英雄们穿过……
Outfit_Description_WandererArmor_Heavy	猎手还是猎物，英雄还是恶棍——只要你是狠角色，就穿上它。	S2	误译	捕猎或被捕，英雄或反派——如果你是坏蛋，请穿上它吧。
Outfit_Description_jump	避难所时尚的终极宣言。	S2	多译	避难所时尚终结者的宣言。
Outfit_Name_OrionsExplorerGear	奥利安的探险者装备	S3	误译	猎户的探险者装备
Pet_Description_akita_l	喜欢自认为是老大，你得让它明白谁才是主人。	S2	乱译	乐意认为它是在负责一切。不然的话还得教它。
Pet_Description_blacklab_l	由孩子们养大，人人都疼它。早就习惯了在地下生活。	S2	误译	由孩子们养大的，所有人都很爱它。曾生活在地下。
Pet_Description_bloodhound_l	闻到了吗？没有？它闻得到！	S2	生硬	闻到了吗？没有？它可以！
Pet_Description_blueyellowmacaw_l3	要论学人说话，它可从不怯场。	S2	误译	一提到演讲时，它就准备好想要挑战了。
Pet_Description_collie_b	困在了井里？它会去搬救兵！	S2	误译	困在了井里？它会让你得到帮助！
Pet_Description_doberman_b	有攻击性？当然。又忠诚又亲人？那还用说。	S2	语气	有攻击性？当然。 给你忠诚和爱？你最好相信这点。
Pet_Description_goldenret_l	据说它能一次接住五个球。	S2	误译	已经知道……可以一次用五个球来玩接球游戏。
Pet_Description_laperm_b	就爱把人类当宠物养。	S2	生硬	爱让人类成了宠物。
Pet_Description_laperm_l3	它一身华丽的皮毛，还有与之相配的傲气。	S2	误译	拥有一件华丽的外套，和想和其他人一决高下的态度。
Pet_Description_ocicat_l	它身上的斑点比脑子还多，但你还是会一样喜欢它。	S2	误译	它的斑点比你想象的多，但你还是会一样喜欢它。
Pet_Description_persian_l	第一只进入太空的猫，也是最后一只离开你心里的猫。	S3	病句	第一只进入太空的猫。最后一只离开你心的猫。
Pet_Description_poodle_b	别被这身花哨行头骗了——它聪明、乖巧又强壮。	S2	误译	不要误解这个花裤子——它聪明、可爱又坚强。
Pet_Description_rottweiler_b	它个头大又不好惹，却忠心又听话，会是你一辈子的朋友。	S2	误译	虽然有时又大又讨厌，但善于奉献又听话。会是一辈子的朋友。
Pet_Description_stbernard_l	不包括木桶装的核子可乐。	S3	误译	不包括核子可乐罐。
Pet_TurkishVan	土耳其梵猫	S3	其他	土耳其梵猫？
Piper_campaign_Text	一位来自《辐射4》的特殊新访客想要加入您的避难所	S2	语序	一位新来自辐射4的特殊拜访者想要加入您的避难所
PrivacyPolicy_InfoCollected	[212F21]哪些信息可能被收集[365136]\n• 注册和个人资料信息（例如，联系方式和登录信息）\n• 来自Steam、Twitch和Facebook等第三方账户的信息（如好友和公众资料信息）\n• 支付信息（例如，购买历史）\n• 技术（如设备ID、IP地址和广告标签）\n• 人口统计（如国家和年龄）\n• 使用信息（例如，游戏内消息、统计数据和使用数据）	S2	漏译	[212F21]哪些信息可能被收集[365136]\n• 注册和个人资料信息（例如，联系方式和登录信息）\n• 来自Steam、Twitch和Facebook等第三方账户的信息（如好友和公众资料信息）\n• 支付信息（例如，购买历史）\n• 技术（如设备ID、IP地址和广告标签）\n• 人口统计（如国家和年龄）\n• 使用信息（例如，统计数据和使用数据）
QuestList_ActiveQuest	进行中！	S2	误译	可执行！
QuestLoc_ADeliciousTrailofDanger_Conversation_1_NPCStart_2	那简直就是一阵由爪子、蛋糕碎和杀戮组成的旋风！	S2	病句	那是一阵旋风爪，蛋糕碎和谋杀！
QuestLoc_ALaborofLove_Conversation_1_NPCStart_1	站住，不许动！	S2	误译	等等，慢点儿！
QuestLoc_ALaborofLove_Conversation_1_NPCStart_4	马上离开这里——不然的话！	S2	误译	马上清空这个地基——不然的话！
QuestLoc_ALaborofLove_Conversation_2_Team_1	恐怕你们得腾出这块地方了。	S2	误译	我恐怕你们得清空一下地基了。
QuestLoc_ANiceGhoulLikeYou_QuestLongDescription	你们的一名居民发现了一处几乎没被动过的红火箭加油站。也许里面有些值钱的东西！	S2	生硬	一个你们的居民遇见了个几乎未动过的红火箭。也许里面有些值钱的东西！
QuestLoc_APaleImitation_Conversation_3_NPCStart_2	不过，我想我可能招来的不是合适的那帮人。	S2	误译	但是，我想我可能吸引了错误的目标群。
QuestLoc_APaleImitation_RaiderLine_1	嘿！有人找到了避难所，可他们连张邀请函都没有！	S2	误译	嘿！有人找到了那个避难所，他们可不接受不请自来的人！
QuestLoc_ASettlerNeedsYourHelp_Conversation_1_NPCEnd_3	“一分钟内响应，保护人民。”这就是义勇军的初衷。	S2	漏译	“团结起来，义务保护人民。”这是最初的想法。
QuestLoc_ASettlerNeedsYourHelp_Conversation_1_NPCStart_3	我本来是来这儿找物资的，结果被这些尸鬼打了个措手不及。	S2	误译	我来到这里，寻找物资。结果让尸鬼抢先了。
QuestLoc_ASpecialBrand_Conversation_1_NPCEnd_1	就是你们为了朋友杰克换出去的那只？当嫁妆的那只？和科兰特聊聊吧，他手里有你们想要的东西。	S1	指代	那个你用来交换杰克的人呢？作为嫁妆的？和科兰特聊聊吧，他手里有你们想要的。
QuestLoc_ASpecialBrand_QuestName	一个特殊的烙印	S2	误译	一个特殊的品牌
QuestLoc_AWinningSeason_QuestLongDescription	据说一只凶猛的领头死爪在一幢旧办公楼里安了家。也许它把教练干掉了！想想总可以吧？	S2	误译	据说一只凶猛的领头死爪占领了一幢旧的办公楼。也许它杀了教练！它还真的做得出来！
QuestLoc_AlienBotQuest04_Conversation_2_PC3_1	他们走的时候把这儿搬了个精光，留下的全是没用的东西。	S2	误译	他们在撤离时把这里打扫得干干净净，留下的全是没用的东西。
QuestLoc_AlienBotQuest05_Conversation_1_PC1_1	根据坠毁现场的日志，政府把他们一直念叨的“那个东西”交给了罗伯科公司。	S3	漏译	根据坠毁现场的日志，政府把“那个东西”交给了罗伯科公司。
QuestLoc_AlienBotQuest06_Conversation_2_ED_4	我是埃德，以前是这儿的工程师——在我这张脸变得跟收音机似的之前。	S3	漏译	我是埃德，在遭到辐射变异之前，曾经是这儿的工程师。
QuestLoc_AlienBot_01_QuestLongDescription_03	在寻找装饰品的过程中，我们在那座旧政府大楼里发现了让我们大吃一惊的东西。我们查阅了所有日志，发现其中提到了一处可能藏有更多秘密信息的政府设施。这或许能让我们找到一些科技，使避难所获得远超原计划的提升。我们需要尽快派队伍出发！	S3	生硬	在寻找装饰品的过程中，我们在那座旧政府大楼里发现了让我们大吃一惊的东西。我们查阅了所有日志，发现其中提到了一处可能藏有更多秘密信息的政府设施。我们有可能可以找到一些科技帮助我们大幅提升避难所的实力。我们需要尽快派队伍出发！
QuestLoc_AlienBot_01_QuestLongDescription_06	我们破解了罗伯科公司工厂高管的日志，发现了一处秘密的研发设施。它占据了当地商场一家零售店下方的一系列秘密楼层。罗伯科公司竟然在利用外星科技推进他们的机器人研究。他们试图打造一些大玩意儿。如果我们能搞清楚他们知道些什么，就能对避难所进行大幅改进！	S3	漏译	我们破解了罗伯科公司工厂高管的日志，发现了一处秘密的研发设施。它就藏在当地商场的一家零售店地下，罗伯科公司竟然在利用外星科技推进他们的机器人研究。他们试图打造一些大玩意儿。如果我们能搞清楚他们知道些什么，就能对避难所进行大幅改进！
QuestLoc_AlienBot_Quest04_Conversation_3_Team_1	呃，随便啦，准备去见你的造物主吧，你这个会走路的烤面包机！	S2	误译	呃，随便啦，准备爆炸吧，你这个会走路的烤面包机！
QuestLoc_AllSalesFinal_QuestShortDescription	从被敌人占据的大无敌超市中获取原料。	S2	误译	从被感染的大无敌超市中获取原料。
QuestLoc_AllsFairinLoveandNuclearWar_Conversation_1_NPCEnd_2	好主意！你应该去告诉他们。来，拿着这个壮壮胆。	S2	误译	好主意！你应该去告诉他们。来拿着这个以示勇气。
QuestLoc_AllsFairinLoveandNuclearWar_Conversation_2_NPCEnd_1	没人能嘲笑我的魅力！	S2	误译	没有人敢嘲笑我的符咒！
QuestLoc_AllsFairinLoveandNuclearWar_Conversation_2_NPCEnd_2	我可以。我也这么做了。杀你这一份，我先占了。	S2	误译	我可以。我也这么做了。现在我已经抢先预订要杀了你。
QuestLoc_AquaNukaCola_QuestLongDescription	想打听水之术士的更多消息，唯一的办法就是先端掉这个掠夺者营地。这活儿应该小菜一碟！	S3	生硬	我们能获得更多关于水之术士的信息的唯一方法就是清除这个掠夺者营地。应该像在公园里散步一样容易！
QuestLoc_Aquaschema_Conversation_1_NPCEnd_1	他的前助手就躲在那边的一家大无敌超市里。他准知道内情。	S2	病句	他的前助手是躲藏在一个大无敌超市那边。他肯定会知道。
QuestLoc_Aquaschema_QuestLongDescription	我们照避难所科技办公室那帮人的要求做了。现在该轮到他们给个说法了！	S2	误译	我们做了那些避难所科技办公室的人拜托的事情。现在是回答的时候了！
QuestLoc_BeatReporting_Conversation_2_NPCEnd_1	他活了这么久，在小孩和老兵眼里都已经是个传奇人物。	S2	误译	他已经待了太长的时间，足以成为儿童眼里的传奇，就像那些退伍军人一样。
QuestLoc_BeatReporting_Conversation_2_NPCStart_1	你好！我在写关于“饥饿者”的报道。我们有好几个卧底尸鬼一直跟着他们在外面跑。	S2	病句	你好！我正在写关于“饥饿者”的。我们有多个卧底尸鬼在现场与他们一起。
QuestLoc_BeatReporting_Conversation_2_Team_4	“饥荒”是狂化尸鬼吗？	S2	误译	“饥荒”很凶残吗？
QuestLoc_BeatReporting_Conversation_3_NPCStart_1	你好，关于“战争”和“战争崇拜者”的报道，我都是根据卧底记者们寄来的材料写的。	S2	误译	你好，我在写关于“战争”和“战争崇拜者”的故事，那个卧底记者寄给我的。
QuestLoc_BeatReporting_Conversation_4_NPCStart_1	有事吗？我是所有卧底记者的联络人。	S2	误译	是吗？我是所有卧底记者的监督者。
QuestLoc_BeatReporting_Conversation_4_NPCStart_4	看到了吗？我这幅拼图快拼好了，图案是几只可爱的小猫在玩毛线。	S2	误译	看到了吗？我差点就搞到一张可爱小猫玩毛线的照片了。
QuestLoc_BewareofOverdog_Conversation_1_NPCEnd_1	他显然是最合适的人选。什么？监督者？你想和他们一起去？你不在的时候，我想我还能把事情撑起来……	S2	误译	他显然最有资格。监督者你怎么了？你想和他们一起去？你不在我应该也行的……
QuestLoc_Blackout_Conversation_1_Team_1	我们跟掠夺者一起开过派对？我们可……不记得……有这回事！这派对是在哪儿办的？	S2	误译	我们要和掠夺者一起开派对？我可……不记得……有这么回事！派对是在哪儿办的？
QuestLoc_BoogieWoogieBugleBoy_Conversation_1_Team_1	不是吗？因为报头上写得清清楚楚，《新波士顿号角报》就是从核子可乐仓库发行出来的。	S2	误译	学不乖又怎样？这里说得清清楚楚新波士顿号角就是从核子可乐仓库里发行出来的。
QuestLoc_BoogieWoogieBugleBoy_QuestLongDescription	到头来，新波士顿号角报是某种骗局，而我们唯一的线索就是号角男孩——他正躲在大无敌超市里。去找到他，从他嘴里撬点情报出来吧！	S2	误译	到头来新波士顿号角报是某种骗局，而我们唯一的线索就是号角男孩。他现在被关在了大无敌超市里。去找到他然后询问点信息吧。
QuestLoc_BountyBash_RaiderLine_1	你！你搅了暴击的场子！暴击要把你砸扁！	S2	乱译	你！你击溃了“暴击”的暴击！他会撕碎你！
QuestLoc_BreakingalltheRecords_Conversation_1_NPCStart_1	我敢发誓这次肯定找对地方了。看来不是。	S2	病句	我本来发誓这次一定能找到，但好像并不能。
QuestLoc_Broadsides_QuestName	号外	S2	误译	舷侧
QuestLoc_ByHookorbyCook_Conversation_1_NPCEnd_2	那是勃艮第红酒炖牛肉，真是太惊艳了！	S3	错别字	那是勃垦地牛肉，真是太不可思议了！
QuestLoc_CabinFever_Conversation_1_NPCStart_1	哦，快看，一个地表居民……	S3	生硬	哦看，一个地表居民……
QuestLoc_CabinFever_Conversation_1_NPCStart_2	幸好我们的实验隐形场开着。	S2	生硬	好事情，我们实验隐形场起作用了。
QuestLoc_CantStopTheSignal_Conversation_1_NPCStart_2	我本来能有一整支辐射蟑螂大军听我差遣。	S2	生硬	我本来会有一个军队的辐射蟑螂来供我支配。
QuestLoc_CheesePlease_QuestLongDescription	厨师又高兴又惊讶——你居然完好无损地回来了！他现在要的是加工奶酪，也就是“灰金”，这种神奇食物能经受住时间和核战争的考验。老奶酪厂里可能还剩下一些。	S2	指代	厨师很高兴——也很惊讶——你完好无损地把它带回来了！他现在需要加工过的奶酪，也就是灰金奶酪，这种神奇的食物能经受住时间和核战争的考验。有些可能留在老奶酪厂。
QuestLoc_CleanUpOnAisleFive_RaiderLine_2	是时候大干一场了。5号通道需要清理！	S2	误译	是时候大干一场了。清空5号通道！
QuestLoc_CollateralMurder_Conversation_1_NPCStart_1	我是唯一活下来的人了。这大概就是和暴徒还有小报记者作对的下场。	S2	误译	我就是所剩无几的人之一。这大概就是和暴徒还有小报记者作对的下场。
QuestLoc_CollectorsEdition_Conversation_1_NPCEnd_1	我们的口味可没那么讲究！	S2	生硬	我们还是有单纯的味蕾的！
QuestLoc_CollectorsEdition_Conversation_2_NPCEnd_2	是啊，我早就明白了——在你过度解释之前就明白了。	S2	病句	是的，我知道-你知道，在你过分解释一切之前。
QuestLoc_CrimeSceneInvestigation_Conversation_2_NPCEnd_1	我们喊“我们不配”的动静太大，你们的谎言根本没人听得见！	S1	指代	你们根本就不配让我们听到你们的谎言！
QuestLoc_CrossingPaths_Conversation_1_NPCEnd_3	真看不出来。不过，至少让我为你们的辛苦做点补偿吧。	S2	误译	你本来可以骗过我的。不过，至少让我对你们的遭遇有所补偿吧。
QuestLoc_DartofHarkness_Conversation_2_NPCStart_1	你终于来了，我都开始担心了。	S3	生硬	终于，你在这里。我开始担心。
QuestLoc_DaysGoneBye_Conversation_1_NPCEnd_1	嗯，也许你们可以从附近的旧服装厂弄些鬼服，穿上把他们吓跑！	S2	语序	嗯，也许你们可以穿上鬼服把他们从附近的旧服装厂吓跑！
QuestLoc_DearthOfClaws_QuestLongDescription	我们的几个采集者最近和一个旅行者聊天，他说他正在该地区寻找死爪聚集地，还计划在那里进行“社会实验”。他们担心他不过是在绕远路把自己送进死爪嘴里。去附近这个死爪经常出没的地方，去看看能不能救救这个可怜的家伙，别让他自寻死路。	S2	漏译	我们的几个采集者最近和一个旅行者聊天，他说他正在该地区寻找死爪聚集地，还计划在那里进行“社会实验”。他们担心他可能会自讨苦吃。去附近这个死爪聚集地，看看能不能救救这个可怜的家伙。
QuestLoc_DeathandDenial_Conversation_2_NPCStart_1	我说，我们还开始为您担心了呢！我是雷金纳德，首席管家。	S2	漏译	我是雷金纳德，首席管家。
QuestLoc_DeathandDenial_Conversation_2_Team_2	别急。谋杀案发生的那天晚上，你在哪里？	S2	生硬	没有那么快。谋杀案发生的那天晚上你在哪里？
QuestLoc_DeathandDenial_Conversation_3_NPCEnd_2	很巧的是，我当时正在琢磨怎么巧妙地谋杀皮博迪先生。	S1	指代	很巧的是，他想找到谋杀皮博迪先生的好办法。
QuestLoc_DeathandDenial_Conversation_3_NPCStart_4	反正自从我们来到这里就没杀过人……	S2	多译	我们当然没杀任何人！反正自从我们来到这里就没杀过人……
QuestLoc_DeathandDenial_Conversation_6_NPCEnd_1	只有在我发狂行凶的时候，所以……大概每隔一周？	S2	误译	只有当我暴跳如雷的时候，所以……也许每隔一周？
QuestLoc_DeathandDenial_Conversation_6_NPCEnd_4	我会记住的，等我下次发狂杀人的时候。	S3	生硬	我将记住这一点，下一次我将进行暴力的、血腥的暴行。
QuestLoc_DeathandDenial_Conversation_7_NPCEnd_3	我想一切都说通了。来，皮博迪先生会希望你收下这个。	S2	生硬	我想这一切都说明了问题。这里，皮博迪先生想让你拿到这个。
QuestLoc_DeathclawDeeLite_2_Question2_2	哦，你们不是掠夺者。嗯……有什么我能帮上忙的吗？	S2	语序	哦，你不是掠夺者。嗯，有什么……我能帮你？
QuestLoc_DeathclawDeeLite_2_Question2_Answer2	哎呀。听起来很严重。你需要杀掉头头，然后用这种毒药喷在它们的蛋上。祝你好运！	S2	误译	哦，亲爱的。听起来很严重。你需要杀掉头头，然后用这种毒药喷在它们的蛋上。祝你好运！
QuestLoc_DeathclawDeeLite_3_Question1_2	我自愿留在这里当囚犯，因为我想让我的族人过上不那么暴力的生活——这就是我的罪。	S2	指代	因为向往和平生活，我在这里自愿成为囚犯，为我同族的罪愆受罚。
QuestLoc_DeathclawDeeLite_3_Question1_Choice3	我们是在对付害虫，而你就是其中之一！	S2	病句	对付害虫的，你就是其中之一！
QuestLoc_DenofThieves_QuestLongDescription	红瑞秋是一个凶残的掠夺者首领，她偷走了一些你们的物资。拿回本属于你的东西，再给那个胆大妄为的恶棍一点颜色看看！	S2	指代	红瑞秋是一个凶残的掠夺者首领。她偷走了一些你们的物资。拿回本属于你的东西，然后给这些莽夫们一点颜色看看！
QuestLoc_DenofThieves_QuestName	贼窝	S2	多译	深入丹恩城
QuestLoc_DibsattheRedRocket_QuestLongDescription	你的一名居民发现了一座废弃的红火箭卡车休息站！说不定里面有些值钱的破烂……	S3	误译	你的一个居民发现了一辆废弃的红色火箭卡车站！也许里面有一些有价值的垃圾……
QuestLoc_DiplomaticMission_QuestShortDescription	派出一队身穿正装的居民，去和一个定居点交谈。	S2	漏译	派遣一队着装正式的居民去和定居点的代表交谈。
QuestLoc_DivideandConquer_Conversation_1_NPCEnd_1	那是“点22”口径。来，我给你演示一下。	S2	误译	那是“点22”（.22口径）。且听我说。
QuestLoc_DivideandConquer_Conversation_1_Team_2	这只对取极大值的2成立。	S1	病句	只有2里非常大的值。
QuestLoc_DivideandConquer_Conversation_2_NPCEnd_2	确实如此！这是你的奖励。	S2	病句	的确，它是！这是你的奖励。
QuestLoc_DivideandConquer_Conversation_2_NPCEnd_3	我打算画张散点图……就用你们的脑子来画！	S3	生硬	我想我会做一个散点分析……关于你的大脑的！
QuestLoc_DivideandConquer_Conversation_2_NPCStart_3	那是小数点后无限循环的0.9……	S2	病句	这是一个无限重复小数点0.9。
QuestLoc_DogsofWar_Conversation_2_NPCEnd_2	哦不！“害虫”来抢我们的装备了！我吓得腿都软了。才怪。	S2	乱译	哦不！“害虫”来抢我们的装备了！我在颤抖。不。
QuestLoc_DoitfortheBatBoy_Conversation_1_NPCStart_1	找到了！是……等等……不对。是一件扯烂的橄榄球服。	S3	误译	找到了！是……等等……不对。是一件扯烂的足球服。
QuestLoc_DrivingtheSnakesOut_Conversation_2_NPCEnd_1	我觉得这话不该照字面理解……	S2	病句	我不认为这应该是字面……
QuestLoc_DrivingtheSnakesOut_Conversation_2_NPCStart_1	你们知道吗，红发人是没有灵魂的？	S2	错别字	你们知道，红法人没有灵魂吗？
QuestLoc_DrivingtheSnakesOut_Conversation_3_NPCStart_3	我们必须阻止那些胡萝卜头！	S2	病句	我们必须阻止那些长者胡萝卜颜色头发的家伙们！
QuestLoc_DrivingtheSnakesOut_Conversation_3_Team_3	我说，是时候学圣帕特里克，把你们这些蛇赶出去了！	S2	误译	我说是时候让所有的爱尔兰人对付你们这些蛇了！
QuestLoc_DrivingtheSnakesOut_QuestLongDescription	一伙被称为“蛇”的掠夺者一直在针对红头发的定居者，称他们为“生姜”，声称他们是低等人种。我们得把这伙“蛇”彻底赶出这一带，永绝后患！	S2	漏译	一伙被称为“蛇”的掠夺者正在针对红头发的定居者，称他们为“生姜”，声称他们是下等人种。我们得把这些人赶走。
QuestLoc_DuoofDestructionGlowingOnex2_Conversation_1_NPCStart_1	天哪。隔着大半个废土都能看见那绿光。进去之后祝你好运。	S3	误译	天。隔着大半个废土都能看见那绿光。上帝保佑。
QuestLoc_DuoofDestructionGlowingOnex2_QuestLongDescription	两只发光种占领了一处旧的聚变核心工厂。把那帮尸鬼撵出去，让他们一个个摔个屁股蹲儿！	S3	误译	两只发光种占领了一处旧的聚变核心工厂。赶紧解决掉他们。
QuestLoc_DuoofDestructionMoleRatBroodMothers_QuestLongDescription	附近的狗粮工厂里出现了两只鼹鼠妈妈。该有人去收拾它们了。	S3	病句	两只鼹鼠妈妈被发现出现在了附近的狗粮工厂。是时候有人拿下它们了。
QuestLoc_ENC_QL2_Defective_1_QuestLongDesc	我们截获了一段加密的求救信息，来自一个想脱离英克雷的人。此人正藏身于一处易于渗透的民用哨站里。	S2	指代	我们截获了一段密码求援，来自一个想脱离英克雷的人。他们躲在一处适合渗透的民用哨站里。
QuestLoc_ENC_QL2_Defective_2_Room2_Question_Line1_Choice2	我信你这句话。只要你肯叫我一声爱人，我便重新受洗；从此我永远不再是罗密欧。	S2	漏译	只要你肯叫我一声爱人，我便重新受洗；从此不再是罗密欧。
QuestLoc_ENC_QL2_Defective_3_Room4_Question_Line1_Choice0	哀悼？我还以为你在说早上呢——可这明明是下午！	S2	漏译	早上？可这明明是下午！
QuestLoc_ESterEggHunt_Conversation_1_NPCStart_3	死爪蛋最了不起，因为小小的壳里蕴藏着巨大的力量。	S2	病句	死爪蛋最重要，因为那些小壳里所包含的巨大力量。
QuestLoc_ESterEggHunt_Conversation_2_NPCEnd_1	哦，对了，那个……别管那个了，快去找些蛋吧。	S2	误译	哦，是的，那个……请别介意。只是找一些蛋。
QuestLoc_ESterEggHunt_Conversation_2_NPCStart_1	那些死爪蛋有收获吗？	S3	病句	找到那些死爪蛋吗？
QuestLoc_ESterEggHunt_Conversation_2_NPCStart_2	很难办，这些家伙护得很紧。	S2	生硬	这是很难的，这些生物们都很会保护自己。
QuestLoc_ESterEggHunt_Conversation_2_Team_1	我以为我找到了，结果那其实是某种大炸弹？	S2	指代	我想我找到了，但其实他们是某种大炸弹？
QuestLoc_ESterEggHunt_QuestObjective_1	进一步了解那枚所谓的核弹。	S3	病句	了解更多有关所谓的核弹。
QuestLoc_ESterEggHunt_QuestShortDescription	弄清那枚所谓的核弹的底细。	S3	病句	了解更多有关所谓的核弹。
QuestLoc_ESterisComing_Conversation_1_NPCStart_2	我是萨德思修士，这位是奥利维亚修女。	S2	多译	我是萨德思兄弟（修士），这是奥利维亚修女。
QuestLoc_ESterisComing_RaiderLine_2	是我多心，还是他们一提起失踪的那位修士就不自在？	S2	误译	是我的问题，还是说谈论他们失踪的兄弟让他们不安？
QuestLoc_EvictionNotice_Question3_Choice3	不得不说……你们一个个也太臭了。	S3	误译	不得不说……你们身上有点味儿。
QuestLoc_ExpressCheckout_Conversation_1_NPCEnd_3	没，我只是碰巧撞上他们了。话说，这个你要不要？	S2	误译	不用了，我只是恰好碰上了。你是说你想要这个？
QuestLoc_ExtremePrejudice_Conversation_2_NPCEnd_2	哦，对，他确实死了。嘿嘿。老迈克啊。	S2	病句	哦，对了，他是。嘿嘿。好人迈克。
QuestLoc_ExtremePrejudice_Conversation_2_Team_1	我当然知道！他……呃……他就在那边，你看！	S2	误译	我当然会！他……呃……他就在那边，看！
QuestLoc_FactoryFloorofFear_Conversation_1_NPCEnd_3	不知道，等我收拾完你再去弄清楚！	S2	漏译	没，但我要和你了结之后再说！
QuestLoc_FactoryFloorofFear_QuestLongDescription	居民在探索时发现了一张告示，警告大家远离那片老旧的工业区。如果一直没人靠近，里面说不定还留着些有用的东西。	S3	生硬	探索的居民发现了一张告示，警告大家远离一幢旧的工业基地。如果没人在那儿，说不定还会有有用的东西留下。
QuestLoc_FashionStatement_Conversation_1_Team_1	很久了。顺便说一句，尖刺配皮衣现在可时髦了。	S2	误译	很久了。顺便告诉你们，皮质和铆钉挺配的。
QuestLoc_FollowingHisFirstSteps_Conversation_1_NPCEnd_1	没错！就是那个。他从这里出发，去了河对岸的那座工厂，要干掉“道路丘疹”和他那帮掠夺者！	S2	误译	没错！就是那个。离开这里然后去工厂，穿过小河，拿下“道路丘疹”和他那帮掠夺者团伙吧！
QuestLoc_FollowingHisFirstSteps_Conversation_1_NPCEnd_2	他往汽车厂的方向去了，要去干掉住在那里的那帮掠夺者。	S2	漏译	他往汽车厂的方向去了，那群掠夺者就住在那里。
QuestLoc_FonsVivus_Conversation_1_NPCEnd_1	我们本想留一些，可它实在太清爽了！你们可以去315号避难所问问，他们也买了。	S3	生硬	我们试图节约一些，但它是如此清爽！去315号避难所看看吧，他们也买了一些。
QuestLoc_FoodFight_Conversation_1A_NPCEnd_1	这么一说，倒像是一顿营养均衡的早餐！	S3	生硬	现在那个听起来像是营养均衡的早餐！
QuestLoc_FoodFight_Conversation_1C_NPCStart_1	哎哟。我们掠夺者想填饱肚子，就非得被哪个爱管闲事的好心人骚扰吗？	S2	生硬	天。难道掠夺者就不能在不被某个多管闲事的假善人骚扰的情况下解决温饱吗？
QuestLoc_FoodFight_Conversation_1D_Team_2	哦……我就好这一口饱饱牌肉罐头。那我就不客气了。	S2	误译	哦……我喜欢来点饱饱牌肉罐头。别介意。
QuestLoc_FoodFight_Conversation_1D_Team_4	老实说，我不想要那玩意儿。但我确实想杀了你。那么……	S2	误译	老实说我不想要。但我确实想要杀了你。非常……
QuestLoc_FoodFight_Conversation_1E_NPCEnd_3	毋庸置疑，我终究是个掠夺者——尽管我品味高雅。	S3	病句	毋庸置疑，我终究是个掠夺者。即使我的品位这么好。
QuestLoc_FriendlySettlement_Conversation_1A_NPCEnd_2	这才像话！拿着，这是我们给你们的一点纪念品。	S2	误译	现在才像个好故事，牵牛花！拿着，这是我们给你们的一点纪念品。
QuestLoc_FriendlySettlement_Conversation_1A_NPCEnd_3	等等，等等。放轻松，帅哥。你还是走吧？	S2	误译	等等，等等。放轻松，帅哥。为什么不四处看看呢？
QuestLoc_FriendlySettlement_Conversation_1A_NPCStart_2	我们最酷，其他人只有干瞪眼的份。懂「挖」的意思吗？	S2	生硬	我们太厉害，其他人都只能干瞪眼，是不是挖？
QuestLoc_FriendlySettlement_Conversation_1B_NPCEnd_2	哈！你们人不错，“光滑皮肤”们。来，拿着这个。	S2	误译	哈！你说的对，“光滑皮肤”。来，拿着这个。
QuestLoc_FriendlySettlement_Conversation_1B_NPCStart_1	嘿，你们这些光滑皮肤的家伙！我们还以为你们来不了呢。	S2	指代	嘿，那个有光滑皮肤的！我们没想到你能逃过这一劫。
QuestLoc_FriendlySettlement_Conversation_2A_NPCEnd_1	太好了。这是我个人最喜欢的一件。下次见啦，伙计们！	S3	误译	有品味。这是我个人最喜欢的一件。下次见啦，伙计们！
QuestLoc_FriendlySettlement_Conversation_2A_NPCStart_3	我们可以回赠你们一些东西，但你们得自己挑一样，不挑可就没有了。	S2	误译	我们可以回赠你们一些东西，但是要么留要么丢。
QuestLoc_FriendlySettlement_Conversation_2A_Team_3	我们不介意来点提神的东西。	S2	多译	我们不介意来点酒。
QuestLoc_FriendlySettlement_Conversation_2B_NPCEnd_2	没问题。	S2	误译	你说的没错。
QuestLoc_FriendlySettlement_Conversation_2C_NPCEnd_1	我想我这儿应该有点能派上用场的东西。	S2	病句	我想我应该有一些东西有用。
QuestLoc_FriendlySettlement_Conversation_2D_NPCStart_2	不过经营定居点这摊子事也不赖。再说了，我们做买卖还挺在行。谁能想到呢？	S2	生硬	但是这个定居点干着也不赖啊。我们又那么擅长交易。当初谁知道呢？
QuestLoc_GameShowGauntletA_Conversation_4_NPCEnd_3	真厉害！你答对了！你赢下了……“掉脑袋”！	S2	误译	真不错！你说对了！你赢了……该“掉脑袋”了！
QuestLoc_GameShowGauntletB_Conversation_2_NPCStart_2	谁是兆吨镇的警长？	S2	误译	谁是兆吨镇的镇长？
QuestLoc_GameShowGauntletB_Conversation_2_Team_4	比利小子。	S2	乱译	那个叫比利的孩子。
QuestLoc_GameShowGauntletB_Conversation_4_NPCEnd_3	真厉害！你答对了！你赢下了……“掉脑袋”！	S2	误译	真不错！你说对了！你赢了……该“掉脑袋”了！
QuestLoc_GameShowGauntletC_Conversation_3_NPCEnd_2	换我我肯定去那儿买，可她没让你去。只好请你……“掉脑袋”了！	S2	误译	我会愿意在那儿购物的，但她不会。还是准备……“掉脑袋”吧！
QuestLoc_GameShowGauntletC_Conversation_4_NPCStart_2	以下哪个地方，莫伊拉没有派“孤独流浪者”去过？	S2	病句	下面中的哪个地方是莫伊拉没有派“孤独流浪者”去过的？
QuestLoc_GameShowGauntletE_Conversation_1_NPCEnd_4	我看你是不想留着脑袋了。那就……“掉脑袋”吧！	S2	指代	感觉你根本就不想要保住脑袋啊。那就拿下它吧！
QuestLoc_GameShowGauntletE_Conversation_1_NPCStart_4	义勇军里那个上了年纪的灵媒是谁？	S3	生硬	和义勇军组织在一起的那个灵媒是谁？
QuestLoc_GameShowGauntletE_Conversation_3_NPCEnd_1	哦！是汤姆，不是泰德。等你……“掉脑袋”的时候，脑袋就该滚下来了！	S2	病句	哦！是汤姆，不是泰德。“掉脑袋”之后……“脑袋会自动滚开”的。
QuestLoc_GameShowGauntletE_Conversation_4_NPCStart_2	阿利斯泰尔·特佩尼老头想除掉的眼中钉是哪一个？	S3	语序	哪个是“特佩尼”老头阿利斯泰尔想要拔除的眼中钉？
QuestLoc_GameShowGauntletF_Conversation_4_NPCEnd_2	那真是个愚蠢的名字。砍掉你的……不对……“掉脑袋”吧！	S2	漏译	那真是个愚蠢的名字。好吧，准备……“掉脑袋”吧！
QuestLoc_GameShowGauntletG_Conversation_3_NPCEnd_4	不对，不过你肯定特别渴望失败！准备好……“掉脑袋”吧！	S2	病句	不对，但你必须一定很渴望失败！准备好……“掉脑袋”吧！
QuestLoc_GameShowGauntletG_Conversation_3_NPCStart_2	超级变种人是用什么制造出来的……	S2	误译	超级变种人的构成是……
QuestLoc_GameShowGauntletG_Conversation_4_Team_3	原子的子民。	S2	其他	原子之子。
QuestLoc_GameShowGauntletJ_Conversation_1_NPCEnd_4	哈哈哈哈！几乎和你……“掉脑袋”的时候一样好笑！	S2	误译	哈哈哈哈！这答案简直和你一样好笑——在你“掉脑袋”的时候！
QuestLoc_GameShowGauntletJ_Conversation_4_NPCStart_2	为什么中野霞逃跑去了阿卡迪亚？	S2	漏译	为什么霞野逃跑去了阿卡迪亚？
QuestLoc_GameShowGauntletK_Conversation_3_NPCEnd_1	没错！那些白痴就是不肯承认那不过是个游乐场的设施。	S2	误译	好的！这些白痴拒绝承认这个只是一个奇幻旅程。
QuestLoc_GameofVaults_QuestLongDescription	听好啦，听好啦！一头凶猛可憎的野兽一直在全境恐吓村民。循着踪迹找到它的巢穴，干掉它！	S2	多译	号外，号外啦！一个凶猛恶心的怪兽占领了村庄，到处恐吓村民。找到它的藏身处并干掉它！
QuestLoc_GasNGo_Conversation_1_Team_4	别管我，我这就走了。	S2	误译	别管我，我自己会去的。
QuestLoc_GhoulSupplies_QuestObjective1	打听销售员的下落。	S2	指代	向销售员询问情况。
QuestLoc_GhoulSupplies_Question3	我只想买点家具！可为了逃命，我已经跑了好几个小时了！	S2	错别字	我只想买点家具！但我已经跑命跑了好几个小时了！
QuestLoc_GivemeLibertyandorDeath_Conversation_1_NPCStart_1	标准居民的老一套作风——一成不变，而且总是误了期限。	S2	多译	德维勒（居民）的老一套作风——毫无新意，而且早就过时了。
QuestLoc_GivemeLibertyandorDeath_Conversation_1_Team_4	没错，可第174条第b款又该怎么说？	S2	误译	是的，但是第174条，B条怎么样？
QuestLoc_GivemeLibertyandorDeath_Conversation_2_NPCStart_1	多谢你们收拾了那帮疯子！监控摄像头把一切都拍下来了。	S2	误译	感谢你们照顾那些疯子！我通过安全摄像机看到了一切。
QuestLoc_GivemeLibertyandorDeath_Conversation_2_Team_1	手册里每一条关于居民死亡的条款里……“死亡”都是大写的。	S2	误译	在每一篇关于居民死亡的文章里……“死亡”总是大写。
QuestLoc_GoingToTown_1_Question5_Answer1	你不会后悔的！包你满意，否则退钱——前提是你找得到我。	S2	误译	你不会后悔的！这是保证，或者退款！如果你能找到我的话。
QuestLoc_GoingToTown_2_Question3	哦，你好！你……躲过了那些奴隶贩子。我是说，警卫。太好了！干得好！	S2	生硬	哦，你好！你……通过了那些奴隶商。我是说，警卫。太好了！为你骄傲！
QuestLoc_GoingToTown_3_CombatInit2	本来还指望这班能清闲点！	S2	病句	本来是个安静的班次的！
QuestLoc_GroomforDoubt_Conversation_1_NPCEnd_3	行啊，等我们把你收拾了之后再说。	S2	生硬	好吧，在我们结束你之后。
QuestLoc_GroomforDoubt_Conversation_2_NPCEnd_3	来吧，女士们，让这些废物见识见识我们的本事！	S2	生硬	来吧，女士们，让我们向这些失败者展示下我们是什么做的！
QuestLoc_GroomforDoubt_Conversation_2_NPCStart_2	你们要是想找点冒险，那可来对地方了。	S2	生硬	如果你正在寻找冒险，你来到了正确的地方。
QuestLoc_GroomforDoubt_Conversation_3_NPCStart_1	嘿，伙计们，你们可算来了！	S2	误译	嘿，伙计们，你们在那里！
QuestLoc_GroomforDoubt_Conversation_3_Team_3	是啊，绝对是最好的……不过我们现在得送你去结婚了。	S1	指代	它肯定是……但是我们现在得送你去结婚了。
QuestLoc_HalfFullHalfEmpty_QuestLongDescription	看来这事可不只是味蕾上的文章。这款提神的奇迹饮料说到底既不神奇也不提神。而罗伯科工厂里的人或许知道真相……	S2	生硬	显然这个故事并不只是满足味蕾。这令人耳目一新的神奇饮料也许并不是那么神奇或清新。而罗伯科工厂里的人或许知道真相……
QuestLoc_HerestoYouRackieJobinson_Conversation_1_Team_1	你知道我们这一路是怎么过来的吗？那件装备是我们的！	S2	误译	你以为我们是吃素的吗？把那件衣服交出来！
QuestLoc_HighSteaks_QuestLongDescription	好吧，那份辐射蝎蛋卷确实有点恶心。为了补偿，大厨提议做他的招牌菜——威灵顿死爪。他只需要新鲜的死爪肉，直接从它们的巢穴里弄来就行（据说光照会破坏味道）。	S2	病句	好吧，辐射蝎蛋卷还是有点恶心的。为了弥补，大厨提议把威灵顿死爪作为他的招牌菜，他只需要深藏巢穴里新鲜的死爪肉就行（据说光照会破坏味道）。
QuestLoc_HoneymoonHorror_Conversation_1_NPCEnd_1	太好了，我们总算解脱了！给你。	S2	误译	太好了！我们脱险了！干得漂亮！
QuestLoc_HoneymoonHorror_Conversation_1_NPCEnd_2	太好了，我们总算解脱了！给你。	S2	误译	太好了！我们脱险了！干得漂亮！
QuestLoc_HoneymoonHorror_Conversation_1_NPCEnd_3	我们没意见！给你。	S2	误译	我们没问题！干得漂亮。
QuestLoc_HoneymoonHorror_Conversation_1_Team_1	来替你们完成任务。那些治疗针就交给我们吧。	S2	误译	做好你自己的事。把那些治疗针交过来吧。
QuestLoc_HoneymoonHorror_Conversation_2_Team_3	你知道……我们避难所还能再住一个人。格兰特，我邀请你来。	S2	指代	你知道……我们避难所还有一个人的空间，格兰特，我们邀请你们加入我们。
QuestLoc_HopontheRoachCoach_Conversation_1_NPCStart_2	这些蟑螂冒出来的时候，我们正在拍一部业余恐怖片。	S2	误译	我们只是想在这些蟑螂出现的时候拍摄一部业余的恐怖电影。
QuestLoc_HostageNegotiations_Conversation_2_NPCStart_4	拿着，我能给你们的就这些了。	S3	语序	拿着，这是所有我能够给你们的。
QuestLoc_HostageNegotiations_QuestLongDescription	掠夺者一直在废土上四处掳人。终结他们的勾当，救出那些受害者。	S2	误译	掠夺者们在废土上到处欺负善良的人们。拯救那些受害者，终结这一切吧！
QuestLoc_HotTubSlimeMachine_Conversation_1_NPCStart_1	什么鬼……？又来一批找水池的冒险者？	S2	漏译	什么鬼……？继续寻找水池？
QuestLoc_HouseWarming_3_Question0_Answer1	愿意为尸鬼承办餐饮的人，正是我们这场狂欢派对最合适的工作人员。	S2	病句	愿意为尸鬼做餐饮的人，正是为我们狂欢派对的完美人选。
QuestLoc_HouseWarming_3_Question1_Choice3	你在豪斯先生的派对上能大赚一笔。	S2	误译	你在豪斯先生的派对上会大出风头的。
QuestLoc_HouseWarming_4_Question6_02	为了感谢你们尽心尽责的照料与关注，我想给你们一些奖赏。你们想要什么？	S2	病句	我想为你们尽心尽责的照料与关注，给你们一些奖赏。你们想要什么？
QuestLoc_HouseWarming_4_Question6_Choice2	也许来身漂亮衣服？	S3	语序	来身漂亮衣服，也许？
QuestLoc_HumanBeanJuice_Conversation_1_NPCStart_4	他要是还在这一带，那肯定跟他们在一起。	S2	生硬	如果他可能在任何地方的话，他应该是和他们在一起。
QuestLoc_HumansLikeUs_Conversation_2_NPCStart_1	[高亢的喉音尖叫]	S3	生硬	[高音喉咙尖叫]
QuestLoc_HumansLikeUs_Conversation_5_NPCEnd_3	警报！警报！启动灭绝协议！	S3	病句	警报！警报！进行灭绝协议！
QuestLoc_HumansLikeUs_Conversation_5_NPCStart_3	重要的是，你不要觉得自己正被高等存在审视。	S2	误译	重要的是，你不要觉得自己是在接受上级的检查。
QuestLoc_HumansLikeUs_QuestLongDescription	有好几份报告说，在离这里不远的废土上有奇怪的光在盘旋。灯光聚集在一个废弃的旧矿井上。我们需要在外星访客的谣言开始传播之前进行调查！	S2	多译	有好几份报告说，在离这里不远的废土上有奇怪的光在盘旋。灯光聚集在一个废弃的旧矿井上。我们需要在外星人入侵的谣言开始传播之前进行调查！
QuestLoc_IDontKnowsonThird_QuestLongDescription	如果教练手里有棒球衫，也许他需要把球衫保持干净。我们去泡泡多自助洗衣店找找看！	S2	指代	如果教练手里有棒球衫的话，也许他需要保持干净。我们去泡泡多自助洗衣店看看吧！
QuestLoc_INS_QL1_MajorPlayers_1_Room7_Question_Line1_Answer1	我的信任？你只是想显得自己高人一等。就像那些合成人……就像所有人。走开。	S2	指代	信任你？你只是想显得自己高人一等。就像那些合成人……就像所有人。走开。
QuestLoc_INS_QL1_MajorPlayers_2_Room2_Question_Line1_Answer0	你说得对！他们确实如此！现在我火大了。我入伙。来，为了这项事业，收下这个。	S2	病句	你说得对！他们确实！现在我火大了。我入伙。来，为了这项事业，收下这个。
QuestLoc_INS_QL1_MajorPlayers_3_Room0_Question_Line1_Choice2	有什么能帮上忙的东西吗？	S3	指代	有什么能帮上忙的吗？
QuestLoc_INS_QL2_Railroaded_1_Room6_Question_Line1_Answer0	我们是以恻隐之心创立的。记住这一点。动作要快，赶紧撤，合成人援军快到了。	S3	病句	我们因恻隐之心而建立。记住这一点。动作要快，赶紧撤，合成人援军快到了。
QuestLoc_INS_QL2_Railroaded_1_Room8_Question_Line2	他不敢当着我的面亲自动手，是吧？	S3	生硬	他没敢直视我的眼睛亲自动手，是吧？
QuestLoc_INS_QL2_Railroaded_3_Room0_Question_Line1_Answer1	我解锁了补给室。就在你下去的路上。不过对之前那批人没什么用。	S2	误译	我解锁了补给室。就在你下去的路上。不过帮不了其他人了。
QuestLoc_INS_QL3_Betrayal_2_Room6_Question_Line1_Answer0	我不赞成我们用的手段……但我相信他们的理由。去死吧，合成人爱好者！	S2	指代	我不赞成我们用的手段……但我相信它们的理由。去死吧，合成人爱好者！
QuestLoc_INS_QL3_Betrayal_4_Room3_Question_Line1_Choice1	我不是来搞懂这些的。我是来揍人的。	S3	病句	我不是来理解的。我是来揍人的。
QuestLoc_INS_QL4_Armistice_1_Room3_Question_Line2	嗯……说“好”可能有点过头了。	S3	生硬	嗯……说好可能过头了。
QuestLoc_INS_QL4_Armistice_3_QuestName	科技社团小子	S2	误译	技术兄弟会
QuestLoc_INS_QL4_Armistice_4_Room3_Question_Line1_Choice2	学院照着我们的样子造合成人，这让我很不舒服。	S2	生硬	学院制造我们的模样的合成人，让我很不舒服。
QuestLoc_InAnotherVault_QuestLongDescription	比格斯比不在199号避难所，但那里的一位居民告诉我，他可能在他们的姐妹避难所——899号避难所里。我应该去那儿看看。	S2	病句	比格斯比不在199号避难所，但一个成员告诉我它可能会在他们的姐妹避难所，899号。我应该去那儿看看。
QuestLoc_InHotPursuit_QuestObjective_1	在177号避难所里搜寻瓶瓶和盖盖的踪迹。	S2	语序	搜寻177号避难所关于瓶瓶和盖盖的消息。
QuestLoc_InShiningArmor_Conversation_1_NPCStart_3	我很高兴地说，我想不出还有比这里更合适的地方了。	S3	语序	我真的很高兴，因为我想不到它还可以成为什么更好的地方了。
QuestLoc_InShiningArmor_QuestLongDescription	我们几乎已经向钢铁兄弟会证明了避难所的价值！最后的任务——核子可乐工厂的救援行动。	S2	漏译	已经向钢铁兄弟会证明了我们避难所的价值！最后的任务——核子可乐工厂的救援行动。
QuestLoc_Infested_Conversation_1_NPCStart_1	你好啊，孤单的旅行者，欢迎来到我家！	S2	误译	你好啊，孤单的旅行者，欢迎回家！
QuestLoc_Infested_Conversation_1_NPCStart_4	作为奖励，你可以从地下室随便拿走任何你想要的东西！	S2	漏译	你可以从我这里带走任何一样你需要的东西作为奖励！
QuestLoc_Infested_QuestLongDescription	一位独居的女人住在一座废弃小屋里，正被辐射蟑螂侵扰。我们应该帮帮她！	S3	漏译	一位独居女人住在一座废弃小屋里，房间遭了虫害。我们应该帮助她！
QuestLoc_IntoVault333_Conversation_1_NPCEnd_1	去杀掉掠夺者“坦克弗兰克”，他是个混蛋。他就在这条路上的那幢建筑里。这个也许能帮上忙。	S2	误译	去杀掉掠夺者“坦克弗兰克”，他是个混蛋。他在这条路上的那幢建筑里。希望这些信息能帮到你。
QuestLoc_IntoVault333_Conversation_1_NPCEnd_2	你能杀掉“坦克弗兰克”吗？他三天两头来抢我们。他就在这条路上的那幢建筑里。这个也许用得上。	S2	误译	你能杀掉“坦克弗兰克”吗？他总是将我们洗劫一空。他就在这条路上的那幢建筑里。希望这些消息能帮到你。
QuestLoc_IntotheInfield_Conversation_1_NPCStart_1	这是什么？地上有张便条？	S2	误译	这是？地上写了什么？
QuestLoc_IntotheOutfield_Conversation_1_NPCStart_1	地上有张便条！	S2	误译	地上写了什么！
QuestLoc_IntotheOutfield_Conversation_1_NPCStart_4	来我的藏身处——球员休息区。——教练”	S2	误译	来我的据点，防空洞。——教练”
QuestLoc_ItsnotEasyBeingGreen_Conversation_1_Team_1	不用了，谢谢，我们直接去看看病人就行。	S2	误译	不，谢谢，我们宁愿看到受苦的人。
QuestLoc_ItsnotEasyBeingGreen_Conversation_2_NPCEnd_2	你的意思是，除了喝绿啤酒？没有。别的什么都没有。	S3	误译	你的意思是，除了喝绿色啤酒？不。没影儿的事。
QuestLoc_ItsnotEasyBeingGreen_QuestLongDescription	在一年一度的圣帕特里克节庆祝活动之后，附近的定居者病得很厉害，还有些报告显示出现了尸鬼化病例！这可能只是，呃，“食物”中毒，但我们应该调查一下，以防这真的是一场流行病……	S2	误译	随着一年一度圣帕特里克节庆祝活动的到来，附近的一些定居者病得很厉害。一些病例报告显示他们正在逐渐变成尸鬼。这可能只是，呃，“食物”中毒，但我们应该调查此事，以防它是一个真正的流行病……
QuestLoc_ItsnotEasyBeingGreen_RaiderLine_3	往一品脱 Gat 啤酒里加任何东西都是*犯罪*……	S2	漏译	加入任何一点那个东西都是罪过……
QuestLoc_JackAintBack_Conversation_1_NPCStart_2	你听说过杰克吧？他本来能让我们卖个好价钱！	S2	误译	你听说过杰克吗？如果你们有他的话，我们的出价可不会低！
QuestLoc_JackAintBack_QuestLongDescription	监督者的儿子和一个掠夺者结婚了，但她把他卖给了奴隶贩子！我们必须在他们消失在西部之前抓住他们！	S2	漏译	监督者的儿子和一个掠夺者结婚了，但她把他卖给了奴隶贩子！我们必须赶紧抓住他们！
QuestLoc_JunkRun_QuestLongDescription	废土上到处都是杂物，但有时候那正是你需要的东西……	S2	乱译	废土上充满了杂物，但有的时候你需要找到你所需要的那种……
QuestLoc_JustDeserts_Conversation_5_NPCEnd_1	不错的选择！内衬是用“饥荒”的破布做的！	S2	误译	不错的选择！内衬是“饥荒”的碎屑做的！
QuestLoc_JustDeserts_Conversation_5_Team_4	“死亡”夹克（观察/耐力/敏捷/运气+4）	S2	误译	“死神”夹克（观察/耐力/敏捷/运气+4）
QuestLoc_KHAAANNNNN_QuestLongDescription	我们的孩子先被人拿去换亲，被迫结婚，又被卖去当奴隶，再被送进肉加工厂，现在落到几个掠夺者手里当人质……接下来还会怎样？	S2	误译	我们的孩子被拐卖给别人，强制结婚，后来又被卖给人贩子，最后送进了肉加工厂。现在一些掠夺者把他作为人质……接下来会发生什么？
QuestLoc_KnockEmDown_Conversation_2_NPCStart_3	有你们做我的副官，战争必将至高无上。	S2	误译	作为我的副官，你将和战争站在同一制高点。
QuestLoc_KnockEmDown_Conversation_2_NPCStart_4	加入我！除非你想让……我……成为你的麻烦。	S2	生硬	加入我！除非你想有一个……我……在你手上。
QuestLoc_KnockEmDown_Conversation_2_Team_1	绝不！要么滚出废土，大家相安无事……要么就留在这儿碎成几块！	S2	误译	绝不！让废土归于安宁……或者碎成一地留在这儿！
QuestLoc_KnockEmDown_RaiderLine_2	“瘟疫”，准备好挨一顿史无前例的暴打吧！	S2	乱译	“瘟疫”，准备好被“流行病毒”打倒在地吧！
QuestLoc_LastInningOrnot_Conversation_2_NPCStart_2	不好意思，菜鸟们，可我们那位超级无敌坏的大老板不在这儿。	S2	误译	不好意思小矮人们，可我们的超级无敌坏蛋大老板不在这里。
QuestLoc_LittleMissWasteland_Conversation_4_NPCEnd_3	唉，我真是无语了……你就直接穿过那扇门吧。	S2	乱译	呃，我不能……只是穿过那扇门。
QuestLoc_LittleMissWasteland_Conversation_5_NPCStart_3	小心点，目标可是活的，它们真的会试图吃掉你。	S2	漏译	小心点，目标是活的，可能会吃掉你。
QuestLoc_LittleMissWasteland_Conversation_6_NPCStart_2	你是射击比赛里唯一的幸存者，这一点或许能帮上忙。	S2	病句	你是射击比赛的唯一幸存者应该能说明点问题。
QuestLoc_LittleMissWasteland_QuestLongDescription	好消息！我们受邀参加“废土小姐”选美比赛——虽然名字叫“小姐”，但男女都能报名。穿上你最漂亮的泳装，去把他们统统震住吧！	S3	生硬	好消息！我们受邀参加“废土小姐”选美比赛。有别于它的名字，这个比赛共同面向男人和女人。请大家穿上最美的泳装来艳压群芳吧。
QuestLoc_LittleRedRadiumHood_Conversation_1_NPCEnd_1	呃，我只是照着指示做的。我可不是什么尸鬼专家。	S2	误译	不，我只是跟着方向走。我不是尸鬼专家。
QuestLoc_LittleRedRadiumHood_Conversation_1_NPCEnd_2	她确实有！仔细想想，说不定那其实是只死爪。	S2	误译	她做的！想一想，也许这是一只死爪。
QuestLoc_LittleRedRadiumHood_Conversation_1_NPCEnd_3	好吧，你们可算来了，我都等饿了，所以把蛋糕全吃光了。	S3	漏译	好吧，有一段时间了，我饿了，所以我把所有蛋糕都吃了。
QuestLoc_LittleRedRadiumHood_Conversation_2_NPCEnd_2	哦，那些吃了让我烧心，还会让我得辐射病。	S3	病句	哦，那些真是烧心。辐射中毒。
QuestLoc_LittleRedRadiumHood_QuestLongDescription	我们派了一名居民把食物送给一只人称“奶奶”的年老不狂化尸鬼，但我们好久没听到她的消息了。我们必须派一支小队去调查！	S3	病句	我们派一个居民把食物带给一只温顺的尸鬼名叫“奶奶”。但我们好久没听到她的消息了。赶紧派遣一个小组去调查吧！
QuestLoc_LiveDeadDrop_QuestLongDescription	我们需要给一位潜入掠夺者帮派的朋友送个信。你的任务是把消息放在附近的大无敌超市，让他自己去取。尽量别被发现——或者，你懂的，别把命丢了。	S3	生硬	我们需要给一个渗透进掠夺者帮派的朋友带个信。你的任务是在附近的大无敌超市里放下消息，然后他会捡起来。尽量不要被发现。或者，你知道，被杀。
QuestLoc_MaskHysteria_Conversation_1_Team_1	我怕的是今天要以一场不必要的流血收场。	S3	指代	我恐怕今天要以不必要的杀戮来了结了。
QuestLoc_MatterstoSettle_Conversation_3_NPCStart_3	这也饿，那也饿！我张口闭口就只有这个！	S2	误译	这种饥饿！饥饿！已经到了我忍耐的极限！
QuestLoc_MatterstoSettle_Conversation_4_NPCEnd_1	不会。“战争崇拜者”在去追随“战争”的路上，会毫不掩饰地想要你的命。	S2	生硬	不会。“战争崇拜者”在追随“战争”的路途中会很坦率地杀死你。
QuestLoc_MondayNightBrawl_Conversation_1_NPCStart_1	你们这身打扮到底是什么玩意儿？	S2	误译	你们到底来干嘛的？
QuestLoc_MonsterUndertheBed_QuestLongDescription	避难所里的一个孩子在外面玩耍时，一只可怕的怪兽偷走了他的泰迪熊。现在他死活不肯睡觉，说那只怪兽每晚都会回来，躲在他的床底下！我们必须把这头怪兽揪出来，永久地终结这孩子的恐惧。	S2	数字	一群避难所小朋友在外面玩耍时，一只可怕的怪兽偷走了他们的泰迪熊。现在他们拒绝睡觉，说那只怪兽每晚都会来，躲在他们的床下！我们必须要找到这个怪兽，不再让这些孩子担惊受怕。
QuestLoc_MyMetalPony_Conversation_1_NPCEnd_4	那根本就说不通！	S2	误译	那个简直不像话！
QuestLoc_NVB_QL2_Leftovers_2_Question1_Choice3	你不会想让我这样的头脑混进你们的集体。它……不太正常。	S2	病句	你不会想让我这样的头脑混进你们的。它……不太正常。
QuestLoc_NVB_QL2_Leftovers_3_Question6_Line1_Answer1	那就请继续赶路，好好想想：是谁在定义痛苦？还不是多数人——为的就是压迫那一个人。	S3	病句	那就请继续赶路，好好思考：是谁在定义痛苦？还不是多数人，为了压迫那一个人？
QuestLoc_NVB_QL2_Leftovers_3_Question7_Line1_Choice2	生命就像一盒糖衣炸弹麦片！你总知道会得到什么：那就是糟粕！	S3	误译	生命就像一盒糖炸弹！你总知道会得到什么：那就是糟粕！
QuestLoc_NVB_QL2_Leftovers_4_Question0_Answer1	异端宣告了盲目的毯子！	S2	误译	异端吹响了盲目的号角！
QuestLoc_NVB_QL2_Leftovers_4_Question2_Line1	那些药物。算不上什么防护。我知道。我知道。	S2	误译	那些药物。糟糕的守卫。我知道。我知道。
QuestLoc_NoRestfortheWicked_Conversation_2_NPCEnd_2	哦！真的假的？所以咱们就是……就是能当朋友了？我没意见！	S2	病句	哦！真的吗？所以我们能，就是，像朋友一样？我当然愿意！
QuestLoc_OBrother_Answer05_PC03	没问题。只要你舍得把那些玩意儿分我们一点。	S2	病句	没问题。只要你跟我们分享一些那些东西。
QuestLoc_OBrother_Conversation02_NPC01	手别乱碰东西，也尽量别碍事。	S2	其他	别乱动手动脚，也尽量别碍事。
QuestLoc_OfftheRails_Conversation_1_NPCStart_1	哦，天啊。我还以为我死定了！	S2	误译	哦，天啊。我想我已经完了！
QuestLoc_OfftheRails_QuestLongDescription	一群自称“铁路”的人正试图把难民偷偷送过这一带，结果被掠夺者抓住。趁还来得及，找到他们并把他们救出来。	S2	漏译	一群称作是“铁路”的人试图将难民偷偷送走，结果被掠夺者们发现并抓走了。请尽快找到他们。
QuestLoc_OneGhoulCustomer_Conversation_1_Team_2	你疯了吧，女士。它们是冲你来的，不是冲你那瓶量子核子可乐来的。	S2	生硬	这位女士你真的疯了。它们是冲你来的，不是你的量子核子可乐。
QuestLoc_OperationSandman_Conversation_2_NPCEnd_1	太好了！我们共同为之努力的那一天就在眼前了！	S2	生硬	精彩的！我们一起努力的目标就在眼前！
QuestLoc_OperationSandman_Conversation_2_NPCEnd_2	上千人？！但“死亡”仍在沉睡……稍等……给我上！	S2	生硬	千？但“死亡”仍在沉睡……稍等……给我上！
QuestLoc_OperationSandman_Conversation_2_Team_4	我们已经查明了真相。手册写错了。“Death”的首字母大写才是笔误！	S2	漏译	我们发现了真相。手册是错误的。“死亡”是一个拼写错误！
QuestLoc_OperationSandman_Conversation_3_Team_1	绝对是前一个。	S2	病句	绝对第一。
QuestLoc_OurCupsRunnethOverWITHFAILURE_Conversation_1_NPCStart_3	我们刚喝下它，就遭到了掠夺者的袭击——要不是你们出现，我们早就都死了。	S2	病句	一旦我们喝了它，我们被掠夺者袭击-如果你没有出现，我们都会死的。
QuestLoc_OutoftheVaultIntotheShadows_QuestLongDescription	长久以来，邪恶的土匪依莱·卡尔弗特一直在劫掠废土上无辜的居民。为了避难所的安全，召集你的战士们，把死亡降在依莱和他那帮疯子头上吧！	S2	误译	很长一段时间，恶毒的土匪依莱·卡尔弗特总是喜欢欺负无辜的居民。为了避难所的安全，召集你的战士们给依莱和他的疯子帮派下死亡通知书吧！
QuestLoc_Overrun_Conversation_1_NPCStart_1	不！！你杀死了我珍贵的宠物——我那些超酷的辐射蝎！	S2	误译	不！！你杀死了我珍贵的宠物——我那活泼的辐射蝎！
QuestLoc_ParleyTime_Conversation_1_NPCStart_2	这意味着你得先过“战争崇拜者”那一关。	S2	病句	这意味着你必须通过“战争崇拜者”们。
QuestLoc_ParleyTime_Conversation_2_NPCEnd_1	当然。都听你的。我这就去办。	S2	病句	当然。听从你的意见。我马上就可以。
QuestLoc_ParleyTime_Conversation_2_NPCEnd_3	暗号！有一天，一些掠夺者突然开始用起来了，不过我觉得是有人给他们出的主意。	S2	误译	暗号！有些掠夺者才刚刚开始用了一天，但我认为有人给了他们这个想法。
QuestLoc_ParleyTime_Conversation_3_NPCStart_4	*咳嗽*抱歉。这么说话太费嗓子了。说定了吗？	S3	生硬	*咳嗽*对不起。那样说话是对喉咙的谋杀。我们有交易吗？
QuestLoc_ParleyTime_Conversation_3_Team_2	当然。毕竟你是最强大的骑士。	S3	语序	好的。你，毕竟是，最强大的骑士。
QuestLoc_ParleyTime_QuestLongDescription	骑士“战争”邀请我们去讨论共同感兴趣的事情。他的信使告诉我们战争崇拜者会杀了我们，但为了弄清他想要什么，这个险值得冒！同时，我们应该留心每周博览会记者，在他们谈论核子可乐后使用暗号“鹰”。	S2	漏译	骑士“战争”，已经邀请我们讨论共同感兴趣的事情。他的信使告诉我们战争崇拜者会杀了我们，但值得冒这个风险！同时，我们应该留心每周博览会记者，在他们谈论核子可乐后使用暗号“鹰”。
QuestLoc_PartyCrasher_Conversation_1_Team_1	邀请？就当它是在邮寄路上弄丢了吧。	S2	误译	邀请？我想说我把邀请忘在了邮箱里。
QuestLoc_PittStop_QuestLongDescription	几天前，一群全副武装的掠夺者袭击了一个商队，还带走了几名定居者，估计是打算把他们当作奴隶。虽然知道他们最后出现的地点和移动方向，但没人能找到他们的行踪。我们得派些可靠的人去追查并解救被绑架的定居者，并消灭这些奴隶贩子。我们最不希望的就是他们还在我们后院附近游荡。	S2	误译	几天前，一群全副武装的掠夺者袭击了一个商队，还带走了几名定居者，估计是打算把他们当作奴隶。虽然知道他们最后出现的地点和移动方向，但没人能找到他们的行踪。我们得派些可靠的人去解救被绑架的定居者，顺便消灭这些奴隶贩子。可不能再让这帮掠夺者在我们的地盘上欺行霸市。
QuestLoc_RadroachRoundup_Conversation_1_NPCEnd_3	她会让其他辐射蟑螂发狂。如果你杀了她，我们就能把剩下的都围捕起来。	S1	指代	她把大家都逼疯了。如果你杀了她，我们就可以围捕其他人。
QuestLoc_RadroachRoundup_Conversation_2_NPCEnd_3	末日四骑士之一，没错。我猜是有人冒用了这个名字，招募了一批追随者。	S2	病句	末日，是的。我猜肯定有人用了这个名字，招募了追随者。
QuestLoc_RadroachRoundup_Conversation_2_NPCStart_4	话说回来，你们把辐射蟑螂女王干掉了吗？	S3	生硬	无论如何，你们杀死了蟑螂女王吗？
QuestLoc_RadroachRoundup_Conversation_2_Team_3	先别提那个了。“瘟疫”是怎么回事？那不是四骑士中的一个吗？	S2	误译	请别介意。“瘟疫”是怎么回事？那不是四骑士中的一个吗？
QuestLoc_RadroachRoundup_Conversation_2_Team_4	叫“染疫者”或者“传染病”本来会好得多。	S2	误译	“蔓延”或“传染”将是一个更好的名字。
QuestLoc_RadroachRoundup_QuestShortDescription	从他们自己研究的辐射蟑螂手中救出科学家。	S2	语序	从科学家研究的辐射蟑螂手中拯救他们。
QuestLoc_RaiderTroublesatCorvega_Conversation_1_NPCStart_1	哈，瞧瞧这是谁来了？	S2	误译	哈，我们现在是什么情况？
QuestLoc_RaidingParty_Conversation_1_NPCEnd_1	什么？那个升职本来该是我的！我得去好好数落他一顿！	S2	误译	什么？我可是为了那个升职而来的！我会和他直说的，才不顾及什么面子。
QuestLoc_RaidingParty_Conversation_1_NPCEnd_2	要是他真这么干，我可不能冒这个险。谢了，新来的！	S2	误译	如果他这么做，我就没有机会了。谢谢你，新来的！
QuestLoc_RaidingParty_Conversation_2_NPCEnd_2	只要我还有一口气，他就别想得逞！来，拿着这个。让他跟我的拳头好好聊聊吧！	S1	误译	说的我好像能控制得住！来，拿着这个。他先要和我的拳头讲讲理。
QuestLoc_RaidingParty_QuestLongDescription	一群掠夺者趁着老大不在，闹哄哄地开起了狂欢派对。现在正是趁他们玩乐时渗透进去的好机会。只要能挑拨他们跟自家老大反目，整个帮派就会从内部瓦解！	S2	生硬	一群掠夺者趁着他们的老大不在，偷偷开了一个疯狂而盛大的舞会。现在是我们渗透到他们内部的好机会。如果我们能离间他们和他们的老板，整个帮派就会从内部瓦解掉！
QuestLoc_ReleasetheRaiders_Conversation_2_NPCStart_2	他在警告所有人提防144号避难所……	S3	生硬	他警告大家关于144号避难所的事……
QuestLoc_ReleasetheRaiders_RaiderLine_4	愿战争降临于你！	S2	误译	战争就在你身上！
QuestLoc_RescueSanta_Conversation_1_Team_4	圣诞老人，我们什么都不需要，我们只是喜欢做好事！	S3	误译	圣诞老人，我们什么都不需要，我们只是喜欢成为好孩子！
QuestLoc_RubarbsReckoning_Conversation_1_NPCStart_4	但我知道自己什么时候该认输。我会回你们的避难所，累死累活地干活！	S2	误译	但我知道如果我败了。我就去你们的避难所然后工作到吐血！
QuestLoc_RunThreeDogRun_Conversation_1_NPCEnd_3	非常接近了。三狗可能就是他们需要的最后一个目标。	S1	病句	相当的。三狗大概是他们最后一个要杀掉的。
QuestLoc_RunThreeDogRun_Conversation_1_NPCEnd_4	无非是“都写在手册里”那一套。这种事你根本编不出来。	S2	错别字	差不多“所有东西都在手册里”。你胡编滥造不来。
QuestLoc_RunThreeDogRun_Conversation_3_NPCStart_1	*这才叫*打好这场仗！我对你们这些英雄感激不尽！	S2	多译	现在*这就是*你打好仗的窍门！我非常感谢你们这些英雄！
QuestLoc_RunThreeDogRun_Conversation_3_Team_1	到我们避难所来吧！为了电台界的传奇人物，我们的电台员工很乐意让出他们那份清闲的工作。	S2	生硬	到我们的避难所来！我们的电台工作人员将很乐意用他们的轻松工作来交换一个电台界传说。
QuestLoc_RunThreeDogRun_RaiderLine_3	愿“死亡”一觉醒来心情大好！	S2	生硬	愿“死亡”在床的右边醒来！
QuestLoc_RunnersinScoringPosition_Conversation_1_NPCStart_1	更热了……不过还没到着火的地步！	S2	误译	已经有点热了，不过还不到开火的时候！
QuestLoc_S2_QL2_Q2_Field_QuestLongDesc	多亏了我们的联系人，我们有信心说服钢铁兄弟会签字批准我们申领装备——而这些装备将被我们用来突袭他们自己的设施。啊，真是讽刺！	S2	漏译	有了联系人的帮助，我们有信心说服钢铁兄弟会签署一份申领表，让我们用他们自己的装备来进行突袭。啊！真是讽刺！
QuestLoc_S2_QL2_Q2_Field_Question1_Choice2	我们在找这里带队的圣骑士。我们有份文件要签。	S2	语序	我们在找你们负责的圣骑士，有份文件要签。
QuestLoc_S2_QL2_Q2_Field_Question2_Answer3	你们是那种死板的人，是吧？行，我签，签完我就走。	S2	指代	你们是那种死板的人，是吧？行，我签，签完你们就走。
QuestLoc_S2_QL3_SecuritronsUncapped_1_Question1_Line1	哦天哪！保安机器人打进大楼了。这里面已经成战场了！	S2	误译	哦天哪！保安机器人打进大楼了。这里面已经打成一片了！
QuestLoc_Sabotage_Conversation_1_NPCStart_1	哟，哟，哟……瞧瞧辐射蟑螂把谁给拖来了。	S2	误译	好吧，好吧……看看辐射蟑螂拖来了什么。
QuestLoc_Sabotage_Conversation_1_NPCStart_4	你们几十年内就都会死光！哈哈哈！	S2	病句	你会在几十年内都会死的！哈哈哈！
QuestLoc_Sabotage_QuestLongDescription	我们在掠夺者基地的文件里发现了一些令人担忧的信息。他们似乎在附近的一座铀矿井里扎营，想要毒害我们的水源。我们需要派人去阻止他们……当然，得做得悄无声息。	S3	语序	我们在掠夺者基地的文件中发现了一些令人担忧的信息。他们似乎在附近的一个铀矿井里毒害我们的水源。我们需要派人……当然是谨慎地阻止他们。
QuestLoc_SantasHelpers_Conversation_3_Team_2	节日气氛这么浓，我们也该添几件新装备了。	S2	生硬	所有的节日气氛都意味着我们可以有一些新衣服。
QuestLoc_SavingDaylight_Conversation_1_NPCEnd_1	你错了！别指望我们会告诉你，“夏令时”会怎么让我们活下去！	S2	误译	错了。不要指望我们告诉你“节省天光”将如何让我们生活！
QuestLoc_SavingDaylight_Conversation_2_NPCEnd_1	愿原子宽恕你的灵魂！	S2	误译	愿原子能宽恕你的灵魂！
QuestLoc_SavingDaylight_Conversation_2_NPCStart_1	欢呼吧！复活节降临了！	S2	语气	好开心！复活节降临在我们身上！
QuestLoc_SavingDaylight_Conversation_3_NPCEnd_1	闭嘴！你的话对我根本没用！	S2	生硬	沉默！你的话语对我没有力量！
QuestLoc_SavingDaylight_Conversation_3_NPCEnd_3	想得美！现在让我专心输入引爆代码……	S2	语气	厉害了！现在让我集中精力输入引爆代码……
QuestLoc_SavingDaylight_Conversation_3_NPCStart_1	啊，居民们！我们又见面了。你们觉得我这副新造型怎么样？	S2	多译	啊，居民们！我们又见面了。你们觉得我的新发型怎么样？
QuestLoc_ScienceCooperative_Conversation_1D_Team_2	你们研究死人？这尸体味儿可真是迷死人了！	S2	误译	你们研究死人？特别迷恋尸体那种苍白的颜色？
QuestLoc_ScienceCooperative_Conversation_2A_NPCEnd_2	当然！现在说得通了！来，拿着，多谢你帮了大忙！	S2	误译	当然！现在说得通了！来拿着，可以在关键时候帮助你！
QuestLoc_ScienceCooperative_Conversation_2A_NPCEnd_3	一个有机光电发射器？我觉得这项技术可能太超前了。也罢……	S2	误译	一个有机光电发射器？我还以为这个技术过于先进了。既然这样……
QuestLoc_ScienceCooperative_Conversation_2C_NPCStart_2	我正在用严谨的烧水实验，研究物质的守恒。	S2	误译	我正在通过严密的烧水过程研究物质的交换。
QuestLoc_ScienceCooperative_Conversation_2D_NPCEnd_2	有趣的理论！谢谢你。来，拿着，算是对你费心的谢礼。	S2	误译	有趣的理论！谢谢你。来拿着，遇到麻烦的时候可以用它。
QuestLoc_SecretWeaponTest_Conversation_1_NPCStart_2	这样吧。你把它交给我们，我们就饶你一命。	S3	误译	告诉你。你把它给我们，我们会让你活下去。
QuestLoc_SecretWeaponTest_QuestLongDescription	从掠夺者基地搜出的文件里有一份新武器的设计方案。我们的工程师已经把它造了出来，现在得拉到实地测试一下性能。务必别让任何人看见你，更不能留活口。	S2	误译	从掠夺者基地检索的文件中有一个新武器计划。我们的工程师已经造好了它，但现在我们需要实地测试下，看看它的表现如何。确保没有活着的人看到你。
QuestLoc_SetEmUpFamine_Conversation_2_NPCEnd_1	哎，别放弃！你们是仅剩的、还能对抗骑士的人了！	S2	误译	好吧，别放弃！你是唯一活着的，可以对抗骑士的人！
QuestLoc_SetEmUpFamine_Conversation_3_NPCEnd_1	哦，他肯定赶得上，而且他会把“所有”的食物都吃光！	S2	误译	哦，他会没事的，他会把“所有”的食物都吃光的！
QuestLoc_SetEmUpFamine_QuestLongDescription	“害虫”将把“瘟疫”带到226号避难所，因此“战争”肯定会跟着来。如果我们也能让“饥荒”在那儿出现，骑士和他们的信徒说不定就会自相残杀！我们需要装扮成“害虫”，去和“饥饿”部落里那些尚未狂化的头领谈谈。	S2	误译	“害虫”将把“瘟疫”带到226号避难所，因此战争肯定会接踵而至。如果我们也能让“饥荒”在那儿出现，骑士和他们的信徒就可以自相残杀了！我们需要装扮成“害虫”，和“饥饿”部落不那么野蛮的头领们谈谈。
QuestLoc_SetEmUpFamine_RaiderLine_4	就让我们来终结这场绝食抗议吧！	S2	误译	让我们结束这场饥肠辘辘的侵扰吧！
QuestLoc_SetEmUpPestilence_Conversation_2_NPCStart_4	我……我……不……配……不！我现在配得上了！	S2	误译	我……我……呃……不！我现在值得！
QuestLoc_SetEmUpPestilence_Conversation_3_Team_1	当然，不过“战争”——愿他长生不老——正在向“瘟疫”叫阵。就在226号避难所单挑。	S2	误译	当然，但是“战争”……愿他长生不老，他正在召唤“瘟疫”。在226号避难所单挑。
QuestLoc_SetEmUpPestilence_QuestLongDescription	停战协议已被抛在脑后，“战争”如今渴求鲜血，正准备把废土翻个底朝天去找“瘟疫”！拖得越久，死去的无辜定居者就越多。所以我们扮成“战争崇拜者”，说服“害虫”把“瘟疫”带到“战争”面前。群山之中那座废弃的226号避难所，将是他们末日对决的绝佳竞技场！	S2	误译	停战协议被遗忘，“战争”现在外面猎取鲜血，准备撕裂废土寻找“瘟疫”! 时间拖得越久，无辜的定居者就会死得越多，所以让我们装扮成“战争崇拜者”的人，说服“害虫”把“瘟疫”拉进战争。群山里被遗弃的226号避难所，将成为他们末日对决的大竞技场！
QuestLoc_ShamrocktheCasbah_Conversation_1_NPCStart_2	三叶草应该只长三片叶子才对……	S2	病句	三叶草或者是应该只有三片叶……
QuestLoc_ShamrocktheCasbah_QuestLongDescription	我们收到情报，317号避难所里有战前的三叶草样本。这种耐寒又营养丰富的野草据信已经灭绝了，却可能成为我们重要的口粮。我们得把这些样本带回来——如果还有剩下的话！	S2	误译	我们已经收到信息，317号避难所有战前的三叶草样品。这种耐寒，营养丰富的杂草，据说已经灭绝了，现在证明可以是我们重要的主食。如果有的话，我们需要把这些样品带回来！
QuestLoc_SignalFailure_RaiderLine_1	嘿！是我们先到的！除了我们，谁也别想碰这个避难所里的东西！	S2	误译	嘿！我们是第一个到这里的！还没有人搜刮过这个避难所呢！
QuestLoc_SnakeWater_Conversation_1_NPCStart_3	但没必要闹到那一步……免得领受我的怒火，我们可以平分利润！	S2	误译	但它不需要到那步……别生气，我们可以平分利润！
QuestLoc_SnakeWater_QuestObjective_1	捣毁水之术士的生意。	S2	误译	关闭水之术士的操作。
QuestLoc_SnakeWater_QuestShortDescription	捣毁水之术士的生意。	S2	误译	关闭水之术士的操作。
QuestLoc_SpearFishing_Conversation_1_NPCEnd_1	我不知道。我们派了最好的追踪者影狼，顺着它们的地道去找源头。他往北去了，一个小时前就出发了。	S3	误译	我不知道。我们派了最好的追踪者，影狼，顺着它们的地道去找源头。他向北走了，走了一个小时了。
QuestLoc_SpelunKingTrainingA_Conversation_1_NPCStart_1	看啊，傻子待在他们的天然栖息地里！	S2	误译	看，傻子找到了他们的家！
QuestLoc_SpelunKingTrainingA_Conversation_1_NPCStart_3	我们将会成为洞穴探险之王，所以你们最好现在就认输。也就是说，你们“放弃吧”。	S2	误译	我们猜是洞穴探险的王者，所以你们最好还是退下吧。也就是说，你们“放弃吧”。
QuestLoc_SpelunKingTrainingA_Conversation_1_Team_2	石笋——就这个，书呆子！意思就是，“咱们打一架”。	S2	误译	书呆子，要不要尝试下这个的滋味？我想说，“我们打一架吧”。
QuestLoc_SpelunKingTrainingB_Conversation_1_NPCStart_2	迅捷又安静，我们会毫发无伤地成为洞穴探险之王。	S2	误译	快速又安静，我们会不动声色地成为洞穴探险的王者。
QuestLoc_SpelunKingTrainingD_Conversation_1_NPCEnd_1	这场胜利本来就该是你们的，在你们夺冠之前，我们会一路替你们保驾护航。	S2	误译	那个胜利是你们应得的。在你们拿下它之前我们会一直关注着你的。
QuestLoc_SpelunKingTrainingD_Conversation_1_NPCEnd_2	你确定我们就不能好好谈谈这件事吗？	S2	误译	你确定我们不需要讨论一下这个吗？
QuestLoc_SpelunKingTrainingG_Conversation_1_Team_2	谁敢侮辱我们，就别想活着！	S2	病句	没有人侮辱了我们还能活着的！
QuestLoc_SpringingtheTrap_Conversation_1_NPCEnd_1	很不巧，他正在废土上到处跑。眼下你可以帮我们在这下面找动力装甲。	S2	生硬	不幸的是，漫游在废土上。现在，你可以帮助我们找到动力装甲在哪里。
QuestLoc_SpringingtheTrap_Conversation_1_NPCEnd_4	这说法行得通！而且居然是真的。他总是满身是土。谢谢您！	S2	生硬	有用的！甚至是真的。他总是满身是土。谢谢您！
QuestLoc_SpringingtheTrap_Conversation_1_NPCStart_2	当“害虫”就意味着不配得到他的辐射，所以我们改用别的方式来侍奉。	S3	生硬	作为一个“害虫”是不配他的辐射的，所以我们在其他方面服务。
QuestLoc_SpringingtheTrap_Conversation_1_NPCStart_3	我真可悲啊，我真可悲啊，因为我不配。但“瘟疫”是伟大的，浑身发光，而且……	S2	乱译	我是悲哀的，悲哀是我，因为我不配。但“瘟疫”是伟大的，散发圣光和……
QuestLoc_SpringingtheTrap_Conversation_1_Team_1	那就有劳赐福了。“瘟疫”在哪儿？	S2	误译	庇佑将是美好的。瘟疫在哪里？
QuestLoc_SpringingtheTrap_Conversation_2_NPCStart_1	喂，那边的！你们是新来的皈依者吗？	S2	误译	你在那里！你是新的皈依者吗？
QuestLoc_SpringingtheTrap_Conversation_3_NPCEnd_2	不，我也不知道为什么，但只要“害虫”们穿着全封闭的装备，那只野兽就不会去招惹他们。	S3	指代	不，我也不知道为什么，但只要它们穿着完全封闭的装备，那兽就不会去招惹“害虫”。
QuestLoc_SpringingtheTrap_Conversation_3_NPCEnd_4	你跟我说这个是白费口舌，可他们实在算不上聪明。	S2	误译	你在对牛弹琴，而且他们可算不上聪明。
QuestLoc_SpringingtheTrap_QuestLongDescription	在三狗的建议下，我们放出消息，说有十二套动力装甲藏在某个洞穴里。“害虫”上钩了，现在正在里面搜寻那些动力装甲。是时候进去打探一下“瘟疫”和“害虫”的底细了！	S2	误译	在三狗的建议下，我们散播一个谣言，说有十几个动力装甲藏在某个洞穴里。“害虫”上钩了，目前正在里面搜寻洞穴。是时候去调查一下“瘟疫”和“害虫”了！
QuestLoc_SpyonRaiders_Conversation_2D_NPCEnd_2	不，我不会的。算了。你们赶紧走人吧。	S2	病句	不，我不是。算了。你们赶紧走人吧。
QuestLoc_SpyonRaiders_Conversation_2D_NPCStart_3	我想我该退休了。弄个小农场，种点花。	S3	病句	想着我应该退休了吧，建一个小农场，种点花。
QuestLoc_SpyonRaiders_Conversation_2E_NPCStart_1	你们是谁？新加入“推铅笔帮”的？	S2	其他	你们是谁？新来到“铅笔推进器”的吗？
QuestLoc_SpyonRaiders_Conversation_2E_Team_1	你们应该自己成立一个新帮派。离开这个地方吧。	S3	误译	你们应该自己成立一个新帮派。别管这个地方。
QuestLoc_SuperDuperTrooper_Conversation_1_NPCEnd_1	哦，是吗？我看是该给你敲敲警钟了……	S2	误译	哦，是吗？我想你需要叫醒服务……
QuestLoc_SuperDuperTrooper_Conversation_1_Team_1	我是噩梦，你最可怕的噩梦。	S1	指代	噩梦，你是最糟糕的。
QuestLoc_SuperDuperTrooper_Conversation_2_NPCEnd_3	好吧，我们才不在乎你呢，就这样！	S2	病句	好吧，我们不在乎你，所以！
QuestLoc_SynthsforSale_RaiderLine_1	你们不是学院来的，是吧？那就别怪我们送你们上西天了！	S2	错别字	你们不是从学院来到是吧？那只能送你们上西天了！
QuestLoc_TakeMeOuttotheBallGame_Conversation_1_Team_2	我不挥棒。我觉得你会投出坏球。	S2	误译	我先放着。我觉得你会扔球。
QuestLoc_TakeMeOuttotheBallGame_RaiderLine_1	这么说你已经上了一垒。我们会在二垒把你封杀出局。	S2	误译	所以你必须要拿下第一垒。我们会让你在第二垒出局。
QuestLoc_TakeMeOuttotheBallGame_RaiderLine_2	内野二垒安打！看来我们得来个双杀了，兄弟们！	S2	误译	内野双打！看来我们需要双杀球员了！
QuestLoc_TheAbyss_Conversation_1_NPCEnd_1	当然。应该是吧。我自己从没下去过，但总得有个底，对吧？	S3	病句	当然，我想。我自己从没下去过，但肯定有个底，对吧？
QuestLoc_TheAbyss_Conversation_1_NPCEnd_3	留意死爪什么时候害怕得不敢再往深处追你。	S2	生硬	寻找死爪，因为太害怕而不敢追的太深。
QuestLoc_TheAbyss_Conversation_1_NPCStart_3	越往深处走，情况只会更糟——这是我哥哥说的。	S2	病句	只有当你走得更深时会更糟糕，这是我哥哥告诉我的。
QuestLoc_TheAbyss_Conversation_1_Team_1	所以说，确实是有个底的？	S2	误译	所以说，是有一个底部的，然后呢？
QuestLoc_TheAbyss_Conversation_2_Team_1	那这里就是底部了？	S2	病句	那这是底部呢？
QuestLoc_TheBansheesKeen_Conversation_1_NPCEnd_3	真的？声音大得我几乎听不清你在说什么！	S2	生硬	真的？它是如此大声我几乎不能弄清楚你在说什么！
QuestLoc_TheBansheesKeen_Conversation_3_NPCEnd_1	我们当然可以！这都是为了大局，或者别的什么……	S2	生硬	我们当然可以！这是为了更大的好处，或某事……
QuestLoc_TheBansheesKeen_Conversation_3_NPCEnd_2	算了，我们只是奉命行事。	S2	语气	去你的，我们只是服从命令。
QuestLoc_TheBansheesKeen_Conversation_3_NPCStart_2	我们把猫头鹰的尖叫声直接传进定居者的脑子里。	S2	误译	我们把一只猫头鹰尖叫直接传送到定居者的大脑里。
QuestLoc_TheBansheesKeen_RaiderLine_1	也许定居者听到的是鼹鼠的求偶叫声？	S2	误译	也许定居者听到的是鼹鼠交配对话？
QuestLoc_TheBigsbyBrownCase_RaiderLine_2	哦快看呐，我们的宠物又有零食可以吃了。把他们捶软点儿！	S2	误译	哦快看呐，我们的宠物又有零食可以吃了。给我煮了他们！
QuestLoc_TheBrothersGrime_QuestLongDescription	论手段之肮脏，很少有掠夺者比得上这两个号称“污秽兄弟”的掠夺者首领。给这对黑心肠的兄弟无赖一点颜色瞧瞧。	S2	生硬	很少有掠夺者的手段会比两个称之为“污秽兄弟”的掠夺者首领更肮脏。给这对黑心的兄弟无赖一点颜色瞧瞧。
QuestLoc_TheCaseoftheLostLunch_Conversation_2_NPCEnd_2	哇！别这样，没必要动粗！不过，食物没找回来之前，我们是不会放那个掠夺者走的。你要是找到了，我们或许会放了他。	S2	病句	等等，我们不需要。但没有找到食物之前，我们是不会让那个掠夺者离开的。你要是找到了，我们可以放他走。
QuestLoc_TheCaseoftheLostLunch_Conversation_3_NPCStart_1	你！你是来这里帮忙的是吗？听着，不是我干的。不管是谁偷了他们的食物，它肯定就住在这栋楼里的某个地方。而且听起来很凶！求求你们，帮帮我！	S2	多译	你！你是来这里帮忙的是吗？听着，不是我干的，不管是谁偷了他们的食物，一定是这栋楼里的生物。而且肯定不好对付！求求你们，快救我出去！
QuestLoc_TheCaseoftheMissingMitt_Conversation_1_NPCEnd_3	因为附近也没有其他人。听着，我不是要审问谁。我只想拿回我的手套。所以快去吧。	S2	误译	因为附近也没有其他人。现在我不指望有什么审讯，我只想拿回我的手套。
QuestLoc_TheCaseoftheMissingMitt_Conversation_1_NPCStart_2	……曾祖父的手套？好吧，我给你们行个方便。	S2	多译	……曾祖父的手套？也许这些信息能帮助你们。
QuestLoc_TheCaseoftheQuantumCreeper_Conversation_3_NPCStart_1	等等，这些是……爪印吗？它们……正在发光。看来我们快接近了。	S3	指代	等等，这些是……爪印吗？他们正在……发光。应该就在附近。
QuestLoc_TheCaseoftheQuantumCreeper_QuestLongDescription	有人请尼克去查明“量子爬行者”之谜——这头怪兽一直在啃食当地避难所的居民，还偷走他们的量子核子可乐。你们去帮他们一把怎么样？	S2	病句	有人请求尼克去解开“量子爬行者”的谜题。这个怪兽把当地的避难所居民吃掉并偷走他们的量子核子可乐。去帮他们一下怎么样？
QuestLoc_TheCatBurglar_Conversation_2_NPCEnd_2	好吧，那就能解释为什么没有呼噜声了。来，这个给你，算是一点辛苦费。	S2	误译	好吧，那就说明为什么没有呼噜声。来，拿这个解决你的烦恼。
QuestLoc_TheDeBuggers_Conversation_1_NPCStart_2	辐射蟑螂老是烧坏主机的电路板……	S2	误译	辐射蟑螂们总是油炸主机的电路板……
QuestLoc_TheDeBuggers_Conversation_2_NPCEnd_3	我是制作人：我负责保证团队每天都能吃上新鲜的农产品，这样大家才能保持健康。	S2	误译	我是一个制片人：我确保我们每天都有新鲜的产品，所以团队能保持健康。
QuestLoc_TheDeBuggers_Conversation_2_NPCStart_3	每当完成一个目标，我们就会在石板上刻下“干得漂亮！”。	S2	病句	当我们达到目标时，我们就刻下“干得漂亮”！在一块岩石上。
QuestLoc_TheDeBuggers_Conversation_2_NPCStart_4	然后，我们会用那块石板把业绩最差的团队成员压死。	S2	漏译	然后，我们会粉碎最低生产力的团队成员。
QuestLoc_TheDeBuggers_RaiderLine_3	游戏结束了，老兄！	S3	误译	游戏结束了，男人！
QuestLoc_TheDoorBuster_RaiderLine_4	又来人了？哎哟喂！这人多得越来越离谱了！	S2	误译	这么多人？嘘！这些人可真是搞笑！
QuestLoc_TheEndoftheRainbow_Conversation_1_Team_1	你们不是尚恩的打手吗？	S2	误译	你不是尚恩的肌肉吗？
QuestLoc_TheFinalHunt_Conversation_1_NPCStart_1	你们确实有两下子。这点我服气。	S2	误译	你们是好人。我尊重这点。
QuestLoc_TheFinalHunt_Conversation_1_NPCStart_2	但我才是废土头号猎人，不是你们！	S2	误译	但我才是废土第一名的杀手，不是你们！
QuestLoc_TheFinalHunt_QuestLongDescription	大维斯在向你叫板！是时候把他拉下马，成为废土头号大型猎物猎人了！	S2	误译	大维斯在呼唤你！是时候让他下台，成为废土第一名的杀手了！
QuestLoc_TheFinalPush_Conversation_1_NPCEnd_1	彼此彼此，战士。拿着吧，你们比我们更适合带上这个。	S2	生硬	战士你们也一样。拿着吧，你们比我更适合带上这个。
QuestLoc_TheFinalPush_QuestLongDescription	390号避难所废墟里的掠夺者首领告诉我，“麦克森硬汉小队”在避难所科技总部。我很担心他们的安危，所以我最好赶紧穿好装备赶过去！	S2	指代	390号避难所废墟里的掠夺者首领告诉我，“麦克森硬汉小队”在避难所科技的总部。我很担心他们的安危。所以赶紧穿好装备去找他们吧！
QuestLoc_TheHauntingofVault110_Conversation_1_NPCStart_2	求……求你了，鬼先生，别伤害我！你、你到底想要什么？	S2	误译	亲爱的鬼，不……不要伤害伤害我好不好？你要什么我都给你！
QuestLoc_TheHauntingofVault110_QuestName	大众化学惊魂	S3	多译	大众化学惊魂（Mass Chemical 闹鬼事件）
QuestLoc_TheHauntingofVault110_RaiderLine_1	一只鬼！当心！	S2	误译	一只鬼！快看！
QuestLoc_TheInfiltrationGame_Conversation_2_NPCEnd_3	呃，我真是……算了。拿着，记得把找零带回来！	S2	乱译	呃，我甚至不能……这里，一定要找零钱给我！
QuestLoc_TheInfiltrationGame_Conversation_2_NPCStart_3	我一个多小时前就点好了……	S2	误译	我确实一个小时前才要求过的……
QuestLoc_TheInfiltrationGame_QuestObjective_2	找回“仅限本人阅览”的文档。	S3	生硬	找回“只为你的眼睛”文档。
QuestLoc_TheMysteriousDisappearingSpuds_Conversation_1_NPCStart_1	呀！你一定得帮帮我们！我们的红果一株接一株地死！怎么也种不活一茬庄稼！	S2	误译	呀！你一定得帮帮我们！我们的红果一株株都死掉了！我们救不活了！
QuestLoc_TheMysteryofVault666_Conversation_1_NPCEnd_1	你说谁二流呢？	S2	指代	谁说这只是二流水平？
QuestLoc_TheMysteryofVault666_Conversation_1_NPCEnd_2	你根本想象不到。	S2	指代	不知道。
QuestLoc_ThePathofPaulaPlumbkin_Conversation_1_Team_1	普朗布金！宝拉·普朗布金！她去哪里了？	S2	错别字	布朗金！宝拉·普朗布金！她去哪里了？
QuestLoc_TheRedRocketReveal_Conversation_1_NPCStart_2	是我 - 宝拉·普朗布金！废土把我磨炼得更硬朗了！	S3	误译	是我 - 宝拉·普朗布金！废土给了我很好的锻炼！我已经不是原来的我了！
QuestLoc_TheRedRocketReveal_QuestObjective_1	搜查红火箭总部。	S3	误译	寻找红火箭总部。
QuestLoc_TheRiteofSpraying_Conversation_2_NPCStart_2	再晚几个小时，我这位朋友就要发狂了。	S2	误译	再过几个小时的话，我的朋友就要变得残暴了。
QuestLoc_TheRiteofSpraying_QuestLongDescription	有报告称，附近的定居者遭到不明袭击者随意喷洒放射性物质。我们该给这些定居者送些消辐宁，并进一步查清这些袭击的来龙去脉。	S3	生硬	我们收到关于附近的定居者被身份不明的袭击者随机喷洒放射性材料的报告。我们应该给这些定居者送些消辐宁，并查明这些袭击的更多信息。
QuestLoc_TheRiteofSpraying_RaiderLine_2	还好我们多带了些消辐宁……	S3	误译	好消息，我们带来了额外的消辐宁……
QuestLoc_TheScenicRoute_Conversation_1_NPCEnd_2	这里……安全？哦。谢了，大概吧。	S3	误译	这里……安全？哦，我想说……谢谢。
QuestLoc_TheScorpionKing_Conversation_1_NPCEnd_2	多亏了你们，我已经没有更多了！拿了这个赶紧滚吧！	S2	误译	就是因为你们，我还什么都没有！拿了这个赶紧滚吧！
QuestLoc_TheScorpionKing_Conversation_1_NPCStart_1	乡亲们好啊，大伙儿都叫我辐射蝎厄尔！	S3	语气	亲爱的乡亲们，他们叫我辐射蝎厄尔！
QuestLoc_TheSecretofREDACTED_Conversation_1_NPCEnd_1	得了吧，我看不行。	S2	误译	是的，我不这么认为。
QuestLoc_TheSecretofREDACTED_Conversation_1_Team_1	只是路过，我们这就走！	S2	乱译	只是路过，23号，史酷多！
QuestLoc_TheSecretofREDACTED_Conversation_2_NPCEnd_3	嚯，还真巧，我们也是。向狄斯科耳狄亚致敬！	S2	误译	你知道吗，我们也知道。向狄斯科耳狄亚致敬！
QuestLoc_TheShadowWolf_Conversation_1_NPCStart_3	他住在那个工厂里，训练他那些“小可爱”。那疯子把它们当亲生孩子养。我看他脑子不太正常。	S2	指代	他住在那个工厂里，训练它的“小可爱”们。那个疯子把它们当自己的孩子。不要期待他脑子会正常。
QuestLoc_TheShadowWolf_QuestShortDescription	去见见那位追踪者吧，他可能已经查到鼹鼠成灾、专偷红果的源头了。	S3	生硬	去见见那个可能发现鼹鼠窃取红果事件线索的追踪者吧。
QuestLoc_TheSixthSun_Conversation_1_Team_2	你的愤怒我跟了，再加注一份天谴。	S2	误译	我会看到你的愤怒，看愤怒如何吞噬你。
QuestLoc_TheSixthSun_Conversation_2_NPCStart_2	你们要想杀他，得先过我们这一关。	S2	生硬	如果你们想杀了他，你必须先经过我们。
QuestLoc_TheSixthSun_Conversation_2_NPCStart_3	放马过来吧，居民们！	S2	误译	作最坏的打算吧，居民！
QuestLoc_TheSixthSun_Conversation_2_Team_1	什么？我们不想杀他，而是要把他送回原子之子那里。	S3	误译	什么？我们不想杀死他，却要把他归还给原子之子。
QuestLoc_TheSixthSun_Conversation_3_NPCEnd_3	就在明天那场例行仪式的死爪彩蛋狩猎之后。	S2	病句	在传统的死爪彩蛋寻宝活动之后，就是明天。
QuestLoc_TheTailContinues_Conversation_1_NPCEnd_1	他们可是两个难缠的家伙。我打赌莎莉很可能会躲进314号避难所。那地方已废弃，千万小心！	S2	漏译	我打赌莎莉很可能会躲进314号避难所。那地方已废弃，千万小心！
QuestLoc_TheTailContinues_Conversation_1_Team_1	没有。那你知道他们去哪儿了吗？	S2	误译	不是吧，你知道他们去哪里了吗？
QuestLoc_TheThinlyVeiledPlotThickens_Conversation_1_NPCEnd_1	他拜访完罗伯科工厂的定居者之后，会来这里打听物资和宝物的最新消息，再带回去给编辑。	S2	误译	他拜访完罗伯科工厂的定居者之后，来到了这里搜刮物资和宝物并带回给编辑。
QuestLoc_TheThinlyVeiledPlotThickens_Conversation_1_NPCEnd_2	你该去跟罗伯科工厂的定居者谈谈。他们是最先遭到袭击的。关于“号角男孩”和他的编辑，他们知道的应该更多。	S2	指代	我会和罗伯科工厂的定居者谈谈。他们是最先被袭击的。他们应该了解更多关于“号角男孩”和编辑的信息。
QuestLoc_TheToweringIlForno_Conversation_2_NPCStart_1	到此为止了，居民们。这就是你们的终点站。	S2	指代	终点线，居民们。这是你最后一站。
QuestLoc_TheToweringIlForno_Conversation_2_NPCStart_2	你究竟是中了什么邪，才跑到这种地方来？	S3	生硬	什么使你来到这个地方？
QuestLoc_TheToweringIlForno_Conversation_2_Team_2	我敢肯定，大厨派我们来这儿，就是想让我们送死。	S2	病句	我很确定我们的厨师把我们送到这里来是为了杀了我们。
QuestLoc_TheVaultTecVantage_Conversation_1_NPCStart_1	我们找到了避难所科技关于避难所大都市的记录！上面写着……	S2	指代	我们找到了避难所科技留下来的关于避难所大都市的信息！他们说……
QuestLoc_TheYolksonYou_Conversation_1_NPCStart_1	你们来这儿干什么？	S2	误译	你能在这里做什么啊？
QuestLoc_TheYolksonYou_Conversation_2_NPCEnd_1	他大概是觉得你根本不是这块料。他说得没错！	S2	误译	他可能觉得你不是能挑战自己的人。他说得对！
QuestLoc_TheYolksonYou_Conversation_2_NPCEnd_3	还想让我们把蛋分给你们？做梦吧，老兄！	S2	误译	然后和我们去分享这些蛋？做梦吧，约瑟！
QuestLoc_ThirdandGoal_QuestName	三档达阵	S2	乱译	第三和目标
QuestLoc_ThymeisMoney_Conversation_1_NPCStart_2	罗勒，迷迭香，把这些家伙挡在外面（月桂叶）。	S2	误译	罗勒，迷迭香，把这些家伙挡在外面(离开)。
QuestLoc_ThymeisMoney_Conversation_2_NPCStart_2	你是冲着我们那点私货来的吧，缉毒员？	S2	误译	你来盘点过我们了吗，缉毒员？
QuestLoc_ThymeisMoney_RaiderLine_2	我本来就是故意的。	S2	乱译	我很勒意那样做。
QuestLoc_TimeforaGrandSlam_QuestLongDescription	我们的下一站是克莱斯勒69号火箭工厂。反正去哪儿都是找，这地方也一样。	S2	生硬	我们的下一站是克莱斯勒69号火箭工厂。最好还是和其他地方一样去看看吧。
QuestLoc_UndercoverOperations_Conversation_1_NPCEnd_3	不，就是每个狂尸鬼都穿的那种破布。嗯，这是为什么呢？不管了，快去吧！	S2	病句	不，就是每个狂尸鬼穿着的那种破布。嗯，为什么？不管，只要走！
QuestLoc_UndercoverOperations_Conversation_2_NPCEnd_3	新鲜的肉。新鲜的肉。说起来就是顺口。谢谢。现在让我们的饥饿吞噬你！	S2	误译	新鲜的肉。新鲜的肉。在唇齿间流转。谢谢。现在让我们的饥饿吞噬你！
QuestLoc_UndercoverOperations_Conversation_2_NPCStart_3	还有，所有肉都很新鲜……我意思是，新鲜的肉……都将被吞噬！	S2	病句	和所有肉的新鲜……我的意思是新鲜的肉……将被吃掉！
QuestLoc_UndercoverOperations_QuestLongDescription	一个地下军事基地遭到攻击，正在召集他们所有的废土巡逻队。难道又是“害虫”吗？我们需要阻止他们！不过我们得穿上军装伪装成巡逻队的一员，才能混进基地……	S2	误译	一个地下军事基地遭到攻击，召唤他们所有的废土巡逻前去帮忙。难道又是“害虫”吗？我们需要阻止他们！但我们需要军装来通过他们的巡逻并进入基地……
QuestLoc_Vault199_Conversation_1_NPCEnd_1	这里没有狗。去我们的姐妹避难所899号碰碰运气吧，那边更有档次。不过先拿着这个，算是我们的一点谢意。	S2	指代	这里没有狗。试试他们的姐妹避难所吧：899号。他们更经典。但首先，拿着这个吧，当做是我们的感谢。
QuestLoc_VaultTecExperimentReviewA_Conversation_3_NPCEnd_4	拿着，希望你用它做出点吓人的东西。	S2	多译	拿着，有了它你可以自己拍恐怖片。
QuestLoc_VaultTecExperimentReviewA_Conversation_3_Team_4	这个避难所里有没有什么吓人的打造杂物？	S2	病句	这个避难所里有没有什么厉害的杂物可供打造吗？
QuestLoc_VaultTecExperimentReviewB_Conversation_1_NPCEnd_1	这可是超级机密！我们死也不会说的！	S2	误译	这可是高级机密。记住，我们从没说过话！
QuestLoc_VaultTecExperimentReviewB_Conversation_1_NPCEnd_3	有特工叛变！红色警报！	S2	误译	流氓特工！代号红！
QuestLoc_VaultTecExperimentReviewB_Conversation_2_NPCEnd_3	发现敌人！杀了所有人！	S2	误译	联络！杀了所有人！
QuestLoc_VaultTecExperimentReviewB_Conversation_2_Team_3	没人能刺探我们的避难所。给我上！	S2	误译	没有人能藏在我们避难所做间谍。给我上！
QuestLoc_VaultTecExperimentReviewC_Conversation_1_NPCEnd_1	说话的腔调真古怪！你走吧。	S2	误译	如此奇怪的演讲！你还是走吧。
QuestLoc_VaultTecExperimentReviewC_Conversation_2_NPCStart_2	诚实、勇敢和好客，就是我们的法则。	S2	误译	我们的法则就是忠诚，勇敢和友善。
QuestLoc_VaultTecExperimentReviewC_Conversation_2_NPCStart_3	你们能发誓在我们的城堡逗留期间恪守这些美德吗？	S2	病句	你们能发誓在我们的城堡里活动的时候，能做到这几点吗？
QuestLoc_VaultTecExperimentReviewC_Conversation_2_Team_1	以我们的荣誉起誓！	S2	多译	以上帝之名，我们发誓。
QuestLoc_VaultTecExperimentReviewC_Conversation_3_NPCStart_2	我的领地慷慨而高贵。	S2	误译	我的城堡美丽又神圣。
QuestLoc_VaultTecExperimentReviewD_Conversation_2_Team_2	说点别的行不行！	S2	语气	敢不敢说点其他词！
QuestLoc_VaultTecExperimentReviewE_Conversation_1_NPCEnd_1	抱歉，你们输了。下次手气好点吧！	S3	误译	抱歉，你们输了。欢迎下次再来！
QuestLoc_VaultTecExperimentReviewE_Conversation_1_NPCEnd_3	赌局作废，结果早就内定了！	S2	误译	赌注已下，大局已定！
QuestLoc_VaultTecExperimentReviewE_Conversation_2_NPCEnd_1	还是押你最靠谱！你赢了。	S2	生硬	总是你厉害！你赢了。
QuestLoc_VaultTecExperimentReviewE_Conversation_2_NPCStart_2	我准备抽一张牌。猜对了的话就能赢得奖励！	S2	病句	我准备抽一张卡。猜对了话就能赢得奖励！
QuestLoc_VaultTecExperimentReviewE_Conversation_3_NPCEnd_3	行啊，我来给你们兑现。	S2	误译	行啊，你们把现金拿走吧。
QuestLoc_VaultTecExperimentReviewE_Conversation_3_NPCStart_1	这也太巧了吧？避难所居民们！	S2	生硬	几率是多大啊？避难所居民们！
QuestLoc_VaultTecExperimentReviewE_Conversation_3_Team_4	我们就要奖品橱窗里那堆杂物。	S2	漏译	我们选择把杂物带回家。
QuestLoc_VaultTecExperimentReviewF_Conversation_1_NPCEnd_2	哦不！好厉害的招式！我们完蛋了！	S2	生硬	哦不！多么了不起的一步！我们完蛋了！
QuestLoc_VaultTecExperimentReviewF_Conversation_1_NPCStart_2	看好了，我们的招牌技——辐射蝎锁！	S3	生硬	看好了，我们的大招，传说中的“辐射蝎锁”！
QuestLoc_VaultTecExperimentReviewF_Conversation_1_Team_3	我们的反击招数就是把你们全杀了！	S3	误译	我们的回应就是我们会把你们都杀了！
QuestLoc_VaultTecExperimentReviewF_Conversation_2_NPCStart_2	你们想留下来的话，得有个帅气的擂台名！	S3	误译	你们想留下来的话，会需要一些帅气的艺名！
QuestLoc_VaultTecExperimentReviewF_Conversation_3_NPCEnd_3	拿着吧，我上一场比赛的奖品。	S2	指代	拿着吧，我们最后一场比赛的奖励。
QuestLoc_VaultopolisAwaits_QuestLongDescription	宝拉·普朗布金到头来其实只是个妄想当掠夺者的坏蛋，但至少她告诉了我们525号避难所的位置，也就是所谓的避难所大都会！	S2	漏译	宝拉·普朗布金到头来其实是一个邪恶的掠夺者。但至少她告诉了我们525号避难所的位置。
QuestLoc_WaroftheNerds_Conversation_1_NPCEnd_1	现在有《太空旅行》的粉丝“趣皮士”，也有《宇宙碰撞》的行家。	S2	病句	现在有太空旅行的粉丝，趣皮士和宇宙碰撞的行家。
QuestLoc_WaroftheNerds_Conversation_1_NPCStart_3	你必须让他们恢复理智！	S3	误译	赶紧让他们正常点吧！
QuestLoc_WaroftheNerds_Conversation_1_Team_1	好，我们这就去办。主要的派系有哪些？	S2	误译	好吧，我们会说到的。主要的派系有哪些？
QuestLoc_WaroftheNerds_Conversation_2_NPCEnd_1	正确！让我们都放下武器，重温一下那集经典吧。	S2	漏译	正确！让我们放松，来重温下经典的剧情。
QuestLoc_WaroftheNerds_Conversation_2_NPCEnd_3	呸！微波激射器，调到碳化档！	S3	生硬	呸！设置微波激射器碳化！
QuestLoc_WaroftheNerds_Conversation_2_NPCStart_3	想弄清楚，只有一个办法：回答下面这个问题。	S2	病句	只有通过回答这个问题来找出答案。
QuestLoc_WaroftheNerds_Conversation_3_Team_3	我们只追求宇宙的和谐。这个星系足够大，容得下所有人。	S2	漏译	我们只追求宇宙的和谐。这个星系足够大了。
QuestLoc_WastelandDoctoring_Conversation_1_NPCEnd_1	你救了这座定居点。拿着，你值得拥有我们能拿得出的一切！	S3	病句	你救了我们，拿着，你值得得到所有我们拥有的东西！
QuestLoc_WastelandDoctoring_Conversation_1_NPCEnd_3	你们这些避难所居民真是太棒了！谢谢！	S3	漏译	你们这些居民真是太棒了！谢谢！
QuestLoc_WastelandGetaway_QuestLongDescription	你在废土探险时发现了一间隐蔽的小屋。也许你该看看里面有什么。	S3	生硬	你在废土探险时发现了一个小而隐蔽的小屋。也许你该看看里面有什么。
QuestLoc_WastelandGetaway_QuestName	废土度假屋	S3	误译	开启废土探险
QuestLoc_WastelandTheMusical_Conversation_3_NPCStart_1	♪ 嘟哇哇，那是我们的歌 ♪\n♪ 想跟着唱？你敢试试！♪	S1	误译	♪ 嘟哇哇，那是我们的歌 ♪\n♪ 你敢跟着一起唱！♪
QuestLoc_WastelandTheMusical_Conversation_7_Team_1	♪ 我的父母，我不敢相信！♪ 但我不能答应这件事 ♪ 也许我只去拜访一下？♪	S2	误译	♪ 我的父母，我不敢相信！♪ 但我不能与他们相认，♪ 也许我只去拜访一下？♪
QuestLoc_WaterintoBrine_QuestLongDescription	“神奇”水到底是真管用，还是彻头彻尾的骗局？我们得找到这位水之术士，看看他是真有本事，还是个卖假药的骗子。	S2	误译	“神奇”水真的有效还是完全假的？我们需要追踪这个水之术士，看看他是不是真正的商人还是卖大力丸的骗子。
QuestLoc_WeaponsRun_QuestName	武器搜寻	S2	误译	武器赛跑
QuestLoc_WeddingCrashers_Conversation_2_Team_3	你们俩谁都不适合再干掠夺者这行了。为什么不干脆放弃，一起私奔呢？	S2	误译	你们两个都很久不做掠夺者了。为什么不放弃然后私奔呢？
QuestLoc_WeddingCrashers_RaiderLine_1	老大可不会喜欢有人来搅了她的婚礼！	S2	指代	老大们可不喜欢有人破坏他们的婚礼！
QuestLoc_WereBatting1000_QuestName	我们百发百中！	S2	误译	击球一千次！
QuestLoc_WhatsonSecond_QuestName	“什么”在二垒？	S1	乱译	什么是第二。
QuestLoc_WithFriendsLikeThese_RaiderLine_1	你杀了我毛茸茸的小伙伴！你怎么能这样？！	S3	误译	你杀死了我毛茸茸的小朋友！你好大胆子？！
QuestLoc_WondersofNature_Conversation_1_NPCStart_2	我见识过一些东西……不该被任何人看到的恐怖。	S2	误译	我见识过一些东西……无人见识过的恐怖。
QuestLoc_WondersofNature_QuestLongDescription	著名科学家欧拓凡霍夫伯格就在附近，正在研究辐射蝎的交配习惯。可别让他陷得太深。	S3	误译	著名科学家欧拓凡霍夫伯格就在附近，正在研究辐射蝎的交配习惯，请确保他的安全。
QuestLoc_WorstCoachEver_Conversation_1_NPCStart_2	“越来越近了”	S2	误译	“越来越暖和了”
QuestLoc_WorstCoachEver_QuestLongDescription	铅笔厂里没有收获，但我们并不气馁。罗基·杰宾森的棒球衫一定是我们的！我们去老“虎不理漫画”店找找看。	S3	漏译	铅笔厂里也没有。但我们并不气馁。棒球衫一定是我们的！我们去“虎不理漫画”漫画店看看吧。
Quest_Dialog_1_1	瞧瞧这是谁？避难所居民？	S2	生硬	我们有什么呢？避难所居民？
Quest_Dialog_1_3	我们跟他可没什么交情。	S3	语气	我们对他毫无情分可讲。
Room_Overseer_Upgrade_Level2	可同时派遣居民执行两个任务	S3	生硬	将居民送去一次执行两个任务
Room_Overseer_Upgrade_Level3	可同时派遣居民执行三个任务	S3	生硬	将居民送去一次执行三个任务
RushMode_Button_Failed	继续	S3	病句	进行
Screenshot_Twitter_Message	#FalloutShelter 快来看看我的避难所！	S2	误译	#辐射避难所查看一下我的避难所！
SeasonModal_BattlePass_LockedReward_Premium	使用赛季通行证解锁	S2	误译	解锁赛季通行证以获取
Seasons_MessageSeasonEndsInStub	距离赛季结束还有	S2	病句	赛季将于
Shop_PetBanner_Text5	提升打造速度，降低打造花费。	S2	误译	提升打造速度和花费。
Shop_SeasonPass_NewVegasB_Premium_Description	将赛季通行证提升至新高度。获得普通通行证全部权益，外加以下内容：25枚赛季徽章、维克托（相当于巧手先生）、露西的黄色连衣裙、重型雇佣兵装备、维尔齐格的旅行服、低调休闲装、“吐铅者”旋转机枪、2个宠物笼子，以及5000瓶盖。	S2	误译	将赛季通行证提升至新高度。获得普通通行证全部权益，外加以下内容：25枚赛季徽章、维克托（Mr. Handy同等角色）、露西的黄色连衣裙、重型雇佣兵装备、维尔齐格的旅行服、隐形休闲装、铅击者、2个宠物笼子，以及5000瓶盖。
SnipSnipDialog_Wasteland_27	想想看，人类居然还担心机器人会反叛他们。他们自己反目成仇，倒是干得挺漂亮……	S2	误译	人类居然还担心机器人会反叛他们，他们自己的内斗都控制不住了……
SnipSnipDialog_Wasteland_29	像个乡巴佬一样在废土上捡破烂？我可比这强多了。	S2	误译	像个乡巴佬一样在废土上捡破烂？我可不是干这个的料。
SnipSnipDialog_Wasteland_43	啊！死爪！快跑！我只会谈情说爱，不会打打杀杀！	S3	生硬	啊！死爪！快跑！我只擅长爱人，不擅长打架！
SnipSnipDialog_Wasteland_68	小孩的木制积木，来自战前。不知道那孩子后来怎么样了……哦。	S3	病句	小孩的木制积木，来自战前。我好奇那个小孩……哦。
Speech_Conversation_NPC2_Topic1_Response3	不，谢了。我还是自己玩单人纸牌吧。	S2	误译	不，谢了。我还是一个人吧。
Speech_Conversation_NPC2_Topic42_Response2	是……是啊……你看，我更愿意谈情说爱，不想打打杀杀。	S3	生硬	是……是啊……你看，比起当战士，我更适合当爱人。
Speech_Conversation_NPC2_Topic54_Response2	这还不简单。“大白菜”。不对，等等——“电灯泡”！“老油条”？	S2	误译	这还不简单。“苦大仇深”。不对，等等——“水深火热”！“叫苦连天”？
Speech_Conversation_NPC2_Topic55_Response1	无间地狱？	S2	误译	字谜成瘾？
Speech_Conversation_NPC2_Topic8_Response3	试试“糊涂虫”。	S3	误译	试试“土包子”。
Speech_Eviction_19	这辈子最糟糕的一天。没有之一。	S2	病句	最。糟糕的。一天。
Speech_Eviction_3	这段日子挺实在，也挺美好——就是没好到哪儿去。	S2	生硬	曾经很真实，曾经很美好，但不是真正的美好。
Speech_Happiness_Radiation1	呼！我可太需要这个了！	S3	生硬	松一口气！我真的很需要那个！
Speech_LivingQuarter_PickupLines_12	你是我见过最可爱的人。	S2	乱译	你是我的优乐美。
Speech_LivingQuarter_PickupLines_61	你这身连身衣是毛毡的吗？——还是说，你想让我摸摸看？	S2	乱译	你这身连身衣是毛毡做的吗？——你想让它变成毛毡吗？
Speech_LivingQuarter_PickupLines_68	我想一定是地震了，因为我正为你倾倒。	S2	生硬	我想一定发地震了，因为我正为你坠落。
Speech_Room_LoveJob1	最好的。工作。没有之一！	S3	病句	最好。的工作。没有。之一。
Title_Diff	难度	S2	误译	差异
Tutorial_Tip_25_PS4	选中居民后按下R3，即可查看该居民SPECIAL属性的更多细节。	S2	语序	按下R3，选中居民来查看更多关于SPECIAL属性的细节。
Tutorial_Tip_25_Switch	选中居民后按下右摇杆，即可查看该居民SPECIAL属性的更多细节。	S2	语序	按下右摇杆，选中居民来查看更多关于SPECIAL属性的细节。
Tutorial_Tip_25_Xbox	选中一名居民后点击右摇杆，即可查看其SPECIAL属性的更多细节。	S2	语序	点击右摇杆选择一个居民来查看更多关于SPECIAL属性的细节。
Tutorial_Tip_40	每项SPECIAL属性都会以各自的方式提升居民在废土上的效能。	S2	漏译	每个SPECIAL属性都会增加居民在废土存活的可能性。
Tutorial_Tip_44	核冬天很冷，让避难所科技为您保暖！	S2	误译	核爆炸后的冬天是寒冷的，所以请让避难所保持温暖！
Tutorial_Tip_52	死爪比掠夺者更快，更强，更致命。	S3	生硬	死爪比掠夺者更快，更强，更致死。
Tutorial_Tip_70	配备了宠物的居民如果在任务中死亡且没有复活，宠物会自动回到避难所。	S2	病句	那些配备了宠物的居民如果在任务中死亡了且不准备复活时，宠物会自动回到避难所。
Tutorial_Tip_85	在任务中集齐某套主题配方的全部碎片，就能获得这套主题配方。	S2	漏译	您可以在任务中找到所有主题配方的碎片。
VictorDialog_Generic_15	它也就是地底下挖出来的一个豪华大坑，但这避难所就是家。	S2	指代	她也就是地底下挖的个豪华坑，但这避难所就是家。
Wasteland_DwellerRevived3	优秀的居民可没那么容易倒下！	S2	误译	不能让一个优秀的居民倒下！
Wasteland_ItemCycleRarePet_02	一只{0}突然出现，把我从坑边救了回来！最好带上它，能帮我看着点背后。	S3	生硬	一个{0}出现并阻止我走进一个坑里！最好带着它，应该能帮衬我一点。
Weapon_Description_032Pistol_WildBillsSidearm	当有人说“拔枪”时，你就说“受死”。	S2	误译	当有人说“出招”时，你说“死”。
Weapon_Description_AlienBlaster_Focused	经过专门强化，只为尽可能多地消灭地球人。	S2	误译	特别为最大化的地球毁灭而增强制造的。
Weapon_Description_AlienBlaster_Tuned	这东西大概曾属于某个外星军官，他做过一些……改动。	S2	病句	可能是一个外星人军官，他做了一些……调整。
Weapon_Description_AssaultRifle_Hardened	对于想在任何情况下、永远只用一把枪的雇佣兵来说，再合适不过。	S3	生硬	适用于雇佣兵在任何情况下对枪的需要。永远。
Weapon_Description_BBGun_Hardened	它可能杀不死敌人，但绝对能疼得人哇哇叫。	S2	病句	它可能不会杀死你的敌人。但它肯定会狠狠伤害。
Weapon_Description_BBGun_Rusty	打上二十枪，说不定就能把篱笆上的锡罐打下来。	S2	误译	打了二十枪之后，你才能将一个锡罐打下栏杆。
Weapon_Description_BaseballBat	敌人的脑袋，来见见球棒吧。我相信你们俩一定能打得火热。	S2	指代	敌人的头，和棒球棒相遇。我相信你会喜欢它的。
Weapon_Description_CombatShotgun_Rusty	就算有一发哑弹，也还有五发能顶上。	S2	误译	子弹走火不用急，还有五枚帮助你。
Weapon_Description_Cryolator	废土上最酷的武器之一，人人都想跟你一起凉快凉快。	S2	乱译	废土上最酷的武器之一，所有人都想与你一起冷静下来。
Weapon_Description_GatlingLaser_Focused	每道光束威力更强，每一枪也就更疼！	S2	病句	每束光线有更多力量，意味每一次射击有更多痛苦！
Weapon_Description_GatlingLaser_Vengeance	想要复仇吗？满腔怒火无处发泄？哦，那你可有好戏看了。	S2	误译	想要复仇吗？感受到了狂暴的怒火？来吧，这是奖励。
Weapon_Description_GaussRifle_Accelerated	等等，弹丸还能……更快？你根本想象不到。	S2	指代	等等，炮弹可以……更快吗？不知道。
Weapon_Description_GaussRifle_Hardened	走出研发实验室、投入实战，这东西更加致命。	S2	误译	出了研发实验室而在实地演练，这会更致命。
Weapon_Description_HuntingRifle_Hardened	曾经，你是被猎杀的那一方。有了这把枪，那种日子一去不复返了。	S3	生硬	曾经，你被四处追杀。有了这个，那些日子就是过去时了。
Weapon_Description_JunkJet	你绝对想不到高速飞射的破烂能有多致命。	S2	病句	你会惊讶于高速喷射杂物如何的致命。
Weapon_Description_JunkJet_Electrified	被破烂电死，从来没这么震撼过。	S2	误译	你一定不知道杂物致死如此令人震惊。
Weapon_Description_JunkJet_RecoilCompensated	轰翻那些坏蛋时，站得稳稳的。	S2	指代	当你喷射这个坏家伙时，请站稳了。
Weapon_Description_JunkJet_Tactical	便携火力与精度的最新水准。	S2	误译	在便携式电源和精度上的最新款。
Weapon_Description_KelloggsPistol	数十年的创伤与复仇执念，让这把枪变得致命无比。	S2	病句	历经数十年的创伤与复仇执念，让这把枪变得致命无比。
Weapon_Description_Magnum_ArmorPiercing	想在 300 码外一枪崩掉穿金属装甲的雇佣兵吗？好好享受吧。	S2	误译	想要将穿金属装甲的雇佣兵爆到300码那么远吗？试试看。
Weapon_Description_Magnum_Blackhawk	隔着半个废土的距离，一枪打爆变种人巨兽的脑袋。	S2	误译	将一只变种人巨兽的脑袋射到半个废土那么远。
Weapon_Description_Minigun_ArmorPiercing	能把废土上任何装甲——以及装甲下的人——都打成瑞士奶酪。	S2	误译	能够从废土任何装甲——和尸体上——做出瑞士奶酪。
Weapon_Description_Minigun_Hardened	其实用不着打这么多发，可这枪就是这么好玩。	S2	数字	射击许多轮可能不是必要的，但它肯定是有趣的。
Weapon_Description_Minigun_LeadBelcher	它就是。停不下来。不停地射。不停地杀。	S3	语序	它只是……不停止地……射击。然后……杀死。
Weapon_Description_MissileLauncher_Hardened	爆炸威力更强，射速更快。这玩意儿真给力。	S2	误译	用更快的速度，产生更大的爆发力。这家伙能帮你。
Weapon_Description_MissileLauncher_Rusty	磕碰得有点破旧，但照样能用。这才是最重要的。	S2	误译	有一点松动，但仍然有效。这就够了。
Weapon_Description_PipePistol_Scoped	这么粗糙的手枪真能打准吗？现在能了！	S3	病句	这么粗劣的手枪真的能瞄准目标吗？它可以！
Weapon_Description_PipeRifle_Long	趁对方没察觉的时候开火，总是更有意思。	S2	乱译	当他们看不到它发生的时候，总是很有趣。
Weapon_Description_Pistol_ArmorPiercing	为废土主持正义，一次干掉一个掠夺者。	S3	语序	为废土世界主持正义，一次搞定一个掠夺者尸体。
Weapon_Description_PlasmaRifle_Rusty	即便是报废的老型号，也能把你的目标开膛破肚。	S2	误译	即使是废旧的款型也能把你的目标弄得面目全非。
Weapon_Description_PlasmaThrower	这小东西脾气火爆，但总能完成任务。	S2	误译	喷火虽不大，但总能完成任务。
Weapon_Description_PlasmaThrower_Agitated	严格从分子层面讲，这东西确实能让人兴奋起来。	S3	生硬	让人激动的事，从严格分子层面来说。
Weapon_Description_PowerFistEd	你最喜欢的那个尸鬼打造的更精良的砸击武器。	S2	生硬	你最喜欢的尸鬼制作的更复杂的拳击工具。
Weapon_Description_Railgun_Hardened	改装后连动力装甲里的四肢都能穿透并钉住。	S2	漏译	改装过，能穿透穿着动力装甲的四肢。
Weapon_Description_Railgun_Rusty	偶尔会有尖钉没法把四肢钉在墙上，但照样能要命。	S2	误译	这个奇怪的尖钉可能不能将四肢钉在墙上，但它还是一样能杀戮。
Weapon_Description_SawedOffShotgun_DoubleBarrelled	枪身锯短一半，枪管加倍，死亡一点不少。	S2	误译	枪管减半，枪筒加倍，必死无疑。
Weapon_Description_SawedOffShotgun_Enhanced	枪口初速更快，弹着散布比标准型号更集中。	S2	病句	比标准型号枪口速度更快和扩散更紧。
Weapon_Description_SawedOffShotgun_Rusty	它身经百战……不过还能再打几场。	S2	误译	见识过了很多行动……但还准备多看一些。
Weapon_Description_SniperRifle_Enhanced	经过改良，射得更远，也更快。	S3	病句	射击得更远，速度更快。
Weapon_Description_SniperRifle_Rusty	扳机有点松，但它依然能在300码外放倒一只泥沼蟹。	S3	误译	触发器是松了一点，但它仍然能放倒一个300码外的泥沼蟹。
Weapon_Description_SniperRifle_VictoryRifle	据说狙击手一个人就能赢下一场战争。靠的就是这把枪。	S2	漏译	据说狙击手单凭一人就能赢得战争。
Weapon_Name_032Pistol_WildBillsSidearm	狂野比尔手枪	S2	误译	野生比尔手枪
Weapon_Name_JunkJet_RecoilCompensated	后坐力补偿型垃圾喷射炮	S2	误译	反冲辅助型垃圾喷射炮
Weapon_Name_PlasmaCaster	等离子投射器	S2	误译	等离子发射器
Weapon_Name_PlasmaThrower_DragonsMaw	“龙之颚”等离子发射器	S2	误译	“龙胃”等离子发射器
Weapon_Name_SuperSledge	超级大锤	S2	误译	超级雪橇锤
Achievement_Xbox_Name_04	都市游侠	S3	误译	城野游侠
Android_Ask_Notification_Message	是否允许辐射避难所向您发送通知？	S3	生硬	您想要辐射避难所给您发送通知吗？
Button_QuantumSkip	立即到达	S3	生硬	现在到达
CloudActionImport	导入	S3	生硬	引入
CloudFailedVersionMismatch	您的云存档来自比当前更新的《辐射避难所》版本。请更新游戏后再试。	S3	生硬	您的云存档来自于一个更新的辐射避难所版本。请更新游戏后再尝试。
Controls_Xbox_Quest_Target	瞄准敌人（按住）	S3	漏译	瞄准目标（按住）
Encounet_Progression_Creature17	巨型工蚁朝我这边来了，大颚已经张开！	S3	多译	巨型工蚁朝我这边来了，嘴张开准备要吃了我！
Encounet_Progression_Creature51	超级变种人霸王是同类中最强的之一！能活下来算我走运！	S3	误译	超级变种人霸王是最强的种类之一！能活下来算我走运！
Encounter_Defeat_Creature3	我没提防这只巨大苍蝇的螫针！快跑吧！	S3	错别字	我没防住这只巨大苍蝇的蛰刺！快跑吧！
Encounter_Defeat_Creature9	巨型工蚁死缠不放！跟它硬拼根本没用！	S3	生硬	巨型工蚁如此冷酷无情！和它打一点用都没有！
Encounter_Defeat_Repeatable_JunkLocation5	一个我没察觉到的刀片陷阱，差点把我的脑袋削下来。还是回头吧。	S2	病句	一个没察觉的刀片陷阱，差点把我的脑袋削下来。还是回头吧。
Encounter_Message_Creature27	一只硕大的超级变种人巨兽。	S2	漏译	一个硕大的巨兽。
Encounter_Message_Creature3	一只巨大苍蝇，嗡嗡叫着逼近，近得危险。	S3	语序	一只巨大苍蝇，危险地嗡嗡叫着靠近。
Encounter_Message_Repeatable_JunkLocation12	一片开阔的田野，想不被发现地穿过去根本不可能。	S2	病句	一片开阔的田野，想不被发现就穿过去是不可能的。
Encounter_Progression_JustStartedTier1_18	不管碰上什么，我都准备好了。	S3	误译	我已经准备好了一切。
Encounter_Progression_Repeatable_JunkLocation2	探索藏身处，但走错一步，整座建筑就会塌下来砸在我头上。	S3	生硬	探索藏身处，但只要走错一步，上头就会整个塌下来砸到我头上。
Encounter_Progression_Repeatable_JunkLocation8	找找公馆里是否还剩下什么有价值的东西。	S3	病句	找找公馆里还有没有任何有价值的东西。
Encounter_Random_Message107	我的鞋底快磨破了。	S2	误译	我的鞋底已经磨穿了。
Encounter_Random_Message112	那几栋楼已经完全塌到街上了。	S3	生硬	那几栋楼整个塌进了街道。
Encounter_Random_Message165	探险家日志。新条目：动力装甲依然存在，但很少见。能提供最高级别的防护。	S3	语气	探险家日志。新条目：动力装甲依然存在，但很少见。防护性能拉满。
Encounter_Random_Message17	我顺着这条路走，看它会通向哪里。	S3	误译	我选这条路，看它会带我去何方。
Encounter_Random_Message53	得把物资带回避难所。就想着这件事……	S3	生硬	得把物资带回避难所。专心想这个……
Encounter_Random_Message61	地上那个……是干掉的血吗？	S3	生硬	地上那干的东西……是血？
Encounter_Random_Message72	我是在跟自己说话吗？我想是的。糟了。	S3	生硬	我是在跟自己说话吗？我想我是。糟了。
Encounter_Random_Message77	一家旧咖啡馆。现在要能喝上一杯咖啡就太棒了。	S3	生硬	一个旧咖啡馆？现在要能喝上一杯咖啡就太棒了。
Encounter_Random_Message91	得稳住呼吸。保持冷静。	S3	生硬	需要控制我的呼吸。保持冷静。
Encounter_Victory_Creature12	一只火兵蚁……被我扑灭了！	S3	漏译	一只火兵蚁……被我消灭了！
Help_Page01_BottomText	提示：完成某些目标可获得午餐盒、宠物笼子或巧手先生盒子！	S3	错别字	提示：完成某些目标能赢得午餐盒、宠物笼子或巧手先生盒！
Help_Page02_MainText	每个居民都有SPECIAL属性。\n\nS（力量）\nP（观察力）\nE（耐力）\nC（魅力）\nI（智力）\nA（敏捷）\nL（运气） \n\n避难所的每间房都对应一项SPECIAL属性。居民在该房间对应的属性越高，对房间效果的影响就越大。	S3	生硬	每个居民都有SPECIAL属性。\n\nS（力量）\nP（观察力）\nE（耐力）\nC（魅力）\nI（智力）\nA（敏捷）\nL（运气） \n\n避难所的每间房都和居民SPECIAL属性中的一个有关。居民的相关属性越好，对房间的产出影响也越大。
Help_Page15_MainText	派遣您的居民去探险废土。\n\n在那里，他们会找到瓶盖，增长经验值，然后给避难所带回武器、装备和杂物。他们走得越远，找到的奖励就越好，不过遇到的困难也越多。\n\n- 将一个居民拖到废土上，为他/她配备武器、装备、宠物、消辐宁和治疗针。\n\n- 将他们送去探险。请不要忘记查看他们的动态。\n\n- 送去废土的居民能随时被召回。返回的时间是去时的一半。\n\n- 确保在生命值降到零之前召回他们，否则会死亡。\n\n- 当居民无法再携带更多的物品时会自动返回。\n\n- 废土上的居民可能会经过一个特殊的地点。点击他们头上的惊叹号图标来选择进入地点或继续探索废土。	S3	错别字	派遣您的居民去探险废土。\n\n在那里，他们会找到瓶盖，增长经验值，然后给避难所带回武器、装备和杂物。他们走的越远，找到的奖励就越好，不过遇到的困难也越多。\n\n- 将一个居民拖到废土上，为他/她配备武器、装备、宠物、消辐宁和治疗针。\n\n- 将他们送去探险。请不要忘记查看他们的动态。\n\n- 送去废土的居民能随时被召回。返回的时间是去时的一半。\n\n- 确保在生命值降到零之前召回他们，否则会死亡。\n\n- 当居民无法再携带更多的物品时会自动返回。\n\n- 废土上的居民可能会经过一个特殊的地点。点击他们头上的惊叹号图标来选择进入地点或继续探索废土。
Help_Page15_MainText_PC	派遣您的居民去废土寻宝。\n\n在外面他们会找到瓶盖，获得经验，并带回各种武器，装备和杂物。他们走得越远，找到的奖励就越好，当然遇到的困难也越大。\n\n- 拖拽一个居民到废土，给他或她配备武器，装备，宠物，消辐宁和治疗针。\n\n- 派他们出去探险，但不要忘了时刻查看他们的进度。\n\n- 居民可以随时从废土召回，返程时间只需去程的一半。\n\n- 确保在生命值降到零之前让他们回来！\n\n- 如果居民再也装不下任何物品，他们会自动从废土返回。\n\n- 废土上的居民可能会偶然发现一个特殊地点。点击他们头上的惊叹号图标，选择进入该地点或继续探索废土。	S3	病句	派遣您的居民去废土寻宝。\n\n在外面他们会找到瓶盖，获得经验，并带回各种武器，装备和杂物。他们走得越远，找到的奖励就越好，当然遇到的困难也越大。\n\n- 拖拽一个居民到废土，给他或她配备武器，装备，宠物，消辐宁和治疗针。\n\n- 派他们出去探险，但不要忘了时刻查看他们的进度。\n\n- 居民可以随时从废土召回，返程时间只需去程的一半。\n\n- 确保在生命值降到零之前让他们回来！\n\n- 如果他们再装不下任何物品了，居民会自动从废土返回。\n\n- 废土上的居民可能会偶然发现一个特殊地点。点击他们头上的惊叹号图标，选择进入该地点或继续探索废土。
Help_Page17_MainText	您的避难所随时都会发生灾害！当极速模式失败时，也会造成灾害。灾害是随机的，请注意以下情况：\n\n火灾-在火势蔓延到其他房间之前赶紧扑灭。\n\n辐射蟑螂-这些烦人的小虫子很难根除。趁它们还没扩散，赶紧消灭。\n\n掠夺者- 掠夺者们会闯入避难所然后破坏资源。赶紧阻止他们！如果不小心的话，强悍的掠夺者们还会偷走瓶盖！升级您的避难所入口将会使得掠夺者花费更长时间进入，因此给您更多时间准备。您可以派居民驻守入口，在他们进入时形成良好的前线防御。您可以从死亡的掠夺者身上掠夺瓶盖和物品！\n\n鼹鼠- 这些坏蛋喜欢从土里挖进您的避难所，吃掉每个房间的电线。迅速消灭它们，不然您的电力将枯竭！\n\n死爪-您每一次打开避难所的大门，都是在给这些野兽们发送邀请信息。它们会毫不留情地来避难所破坏资源。请备好充足的治疗针和武器，不然它们会像切蛋糕一样劈开您的居民！\n\n狂尸鬼- 狂尸鬼会在您的避难所里四处跑动，制造混乱，给居民带来物理和辐射伤害。\n\n辐射蝎- 这些变种的蝎子能钻洞，然后随机攻击避难所里任何的房间。请迅速解决掉它们，因为它们的攻击也会带来辐射伤害。\n\n孕妇和孩子在灾害发生时会躲起来。	S3	语气	您的避难所随时都会发生灾害！当极速模式失败时，也会造成灾害。灾害是随机的，请注意以下情况：\n\n火灾-在火势蔓延到其他房间之前赶紧扑灭。\n\n辐射蟑螂-这些磨人的小妖精很难被除掉。请在虫灾扩散前消灭它们。\n\n掠夺者- 掠夺者们会闯入避难所然后破坏资源。赶紧阻止它们！如果不小心的话，强悍的掠夺者们还会偷走瓶盖！升级您的避难所入口将会使得掠夺者花费更长时间进入，因此给您更多时间准备。您可以派居民驻守入口，在他们进入时形成良好的前线防御。您可以从死亡的掠夺者身上掠夺瓶盖和物品！\n\n鼹鼠- 这些坏蛋喜欢从土里挖进您的避难所，吃掉每个房间的电线。迅速消灭它们，不然您的电力将枯竭！\n\n死爪-您每一次打开避难所的大门，都是在给这些野兽们发送邀请信息。它们会毫不留情地来避难所破坏资源。请备好充足的治疗针和武器，不然它们会像切蛋糕一样劈开您的居民！\n\n狂尸鬼- 狂尸鬼会在您的避难所里四处跑动，制造混乱，给居民带来物理和辐射伤害。\n\n辐射蝎- 这些变种的蝎子能钻洞，然后随机攻击避难所里任何的房间。请迅速解决掉它们，因为它们的攻击也会带来辐射伤害。\n\n孕妇和孩子在灾害发生时会躲起来。
Help_Page18_MainText	1. 废土- 点击避难所外面可查看废土日志。\n2. 居民菜单- 可以用来快速整理和选择您的居民。\n3. 幸福度- 避难所整体的幸福度。点击可以查看它能为避难所带来哪些加成。\n4. 资源条- 您现有的资源总量。勿让资源低于所需资源线，否则避难所将开始恶化。点击可查看您有多少资源。\n5. 瓶盖- 点击瓶盖可以进入午餐盒商店。\n6. 建造锤子-点击可建造房间\n7. 哔哔小子- 点击哔哔小子可打开菜单。数字表示您有可以打开的午餐盒。感叹号表示有目标奖励可领取。\n8. 午餐盒- 点击可进入午餐盒菜单\n9. 目标- 点击缎带图标进入目标页面。一个感叹号表示有目标奖励可以领取。\n10. 库存- 点击盒子图标进入库存菜单。\n11. VDSG- 点击书图标可打开避难所居民生存指南\n12. 设置- 点击齿轮图标可进入设置菜单。	S3	误译	1. 废土- 点击避难所外面可查看废土日志。\n2. 居民菜单- 可以用来快速整理和选择您的居民。\n3. 幸福度- 避难所整体的幸福度。点击可以查看其为避难所带来多少奖励。\n4. 资源条- 您现有的资源总量。勿让资源低于所需资源线，否则避难所将开始恶化。点击可查看您有多少资源。\n5. 瓶盖- 点击瓶盖可以进入午餐盒商店。\n6. 建造锤子-点击可建造房间\n7. 哔哔小子- 点击哔哔小子可打开菜单。数字表示您有可以打开的午餐盒。感叹号表示有目标奖励可领取。\n8. 午餐盒- 点击可进入午餐盒菜单\n9. 目标- 点击缎带图标进入目标页面。一个感叹号表示有目标奖励可以领取。\n10. 库存- 点击盒子图标进入库存菜单。\n11. VDSG- 点击书图标可打开避难所居民生存指南\n12. 设置- 点击齿轮图标可进入设置菜单。
Help_Page18_MainText_PC	1. 废土- 点击避难所外面可查看废土日志。\n2. 居民菜单- 可以用来快速整理和选择您的居民。\n3. 幸福度- 避难所整体的幸福度。点击可以查看它为避难所带来哪些加成。\n4. 资源条- 您现有的资源总量。勿让资源低于所需资源线，否则避难所将开始恶化。点击可查看您有多少资源。\n5. 瓶盖- 点击瓶盖可以进入午餐盒商店。\n6. 建造锤子-点击可建造房间\n7. 哔哔小子- 点击哔哔小子可打开菜单。数字表示您有可以打开的午餐盒。感叹号表示有目标奖励可领取。\n8. 午餐盒- 点击可进入午餐盒菜单\n9. 目标- 点击缎带图标进入目标页面。一个感叹号表示有目标奖励可以领取。\n10. 库存- 点击盒子图标进入库存菜单。\n11. VDSG- 点击书图标可打开避难所居民生存指南\n12. 设置- 点击齿轮图标可进入设置菜单。	S3	误译	1. 废土- 点击避难所外面可查看废土日志。\n2. 居民菜单- 可以用来快速整理和选择您的居民。\n3. 幸福度- 避难所整体的幸福度。点击可以查看其为避难所带来多少奖励。\n4. 资源条- 您现有的资源总量。勿让资源低于所需资源线，否则避难所将开始恶化。点击可查看您有多少资源。\n5. 瓶盖- 点击瓶盖可以进入午餐盒商店。\n6. 建造锤子-点击可建造房间\n7. 哔哔小子- 点击哔哔小子可打开菜单。数字表示您有可以打开的午餐盒。感叹号表示有目标奖励可领取。\n8. 午餐盒- 点击可进入午餐盒菜单\n9. 目标- 点击缎带图标进入目标页面。一个感叹号表示有目标奖励可以领取。\n10. 库存- 点击盒子图标进入库存菜单。\n11. VDSG- 点击书图标可打开避难所居民生存指南\n12. 设置- 点击齿轮图标可进入设置菜单。
Help_Page1_MainText_PC	电脑版设置能够通过点击哔哔小子中的齿轮图标进入。\n\n默认设置中，辐射避难所有如下几个热键：\n\nEsc - 设置/取消\nF1 - 商店\nF2 - 库存\nF3 - 生存指南\nF4 - 目标\nF5 - 废土\nF6 - 帮助\nB - 建造/升级\nSpace - 任务列表\nLeft Shift - 剪贴板\nLeft Control - 房间操作\nTab - 居民列表\n\n按方向键、WASD键或点击并拖动鼠标来移动镜头。\n\n使用鼠标滚轮或Q和E键缩放画面。\n\n您可以在设置菜单中调整镜头缩放和滚动速度。\n\n当辐射避难所最小化到任务栏或长时间无人操作时，它会继续运行几分钟，然后进入休眠模式。\n\n辐射避难所会自动定期保存游戏，但如果想更加保险，可以点击设置菜单中的保存按钮。	S3	其他	电脑版设定能够通过点击哔哔小子中的齿轮图标进入。\n\n默认设置中，辐射避难所有如下几个热键：\n\nEsc - 设置/取消\nF1 - 商店\nF2 - 库存\nF3 - 生存指南\nF4 - 目标\nF5 - 废土\nF6 - 帮助\nB - 建造/升级\nSpace - 任务列表\nLeft Shift - 剪贴板\nLeft Control - 房间操作\nTab - 居民列表\n\n按方向键、WASD键或点击并拖动鼠标来移动镜头。\n\n使用鼠标滚轮或Q和E键缩放画面。\n\n您可以在设置菜单中调整镜头缩放和滚动速度。\n\n当辐射避难所最小化到任务栏或长时间无人操作时，它会继续运行几分钟，然后进入休眠模式。\n\n辐射避难所会自动定期保存游戏，但如果想更加保险，可以点击设置菜单中的保存按钮。
Junk_Desc_GiddyupButtercup	去吧，没人看着。骑上去溜一圈吧。	S3	生硬	去吧，没人看着。上车然后兜兜风。
Junk_Desc_TeddyBear	废土的日子可不好过，所以他随时都准备好给您一个温暖的拥抱。	S3	生硬	废土的生活不是野餐，所以他随时准备给您一个温暖拥抱。
Junk_Desc_YaoGuaiHide	“别惹我。”你的兽皮装备会这么对你说。	S3	语气	“请不要乱来。”你的兽皮装备会这么对你说。
MainMenu_Xbox_SignInError	未处理的登录事件	S3	误译	未处理的登录活动
Message_MaxLevel	已达最高等级	S2	漏译	达到最大值
Message_ProductionTimeSkipNukaQuantum	花费{0}瓶量子核子可乐，保证极速模式成功？	S3	生硬	花费{0}量子核子可乐保证完成加速？
Message_TutorialPopup_03_Hint	提示：当电力不足时，可以给发电室分配属性更高的居民，或者对发电室使用极速模式。	S3	漏译	提示：当电力不足时，可以分配属性更高的居民去发电室，或者点击极速模式。
Message_TutorialPopup_11_Body	建造一个实验室可以生产消辐宁来降低居民的辐射值。	S3	误译	建造一个实验室可以生产消辐宁来减少居民的辐射伤害。
Message_TutorialPopup_21_Body_Part2	攻击敌人时，点击居民然后再点击敌人。您也可以按住居民不放，再把目标拖到敌人身上。	S3	病句	攻击敌人时，点击居民然后再点击敌人。您也可以按住居民不动然后拖拽至敌人处。
Message_TutorialPopup_21_Body_Part2_PC	攻击敌人时，点击居民然后再点击敌人。您也可以按住居民不放，再把目标拖到敌人身上。	S3	病句	攻击敌人时，点击居民然后再点击敌人。您也可以按住居民不动然后拖拽至敌人处。
Message_TutorialPopup_24_Body_Part1_Xbox	当勾形图标出现时，像选择居民那样选择它，然后按住来释放暴击。	S3	漏译	当勾形图标出现时，选择它，然后按住来释放暴击。
Message_TutorialPopup_BuildUltraciteMine_Hint	提示：高耐力居民能大幅缩短采矿倒计时。别把时间都耗在等待上！	S3	生硬	提示：高耐力居民将显著减少采矿所需的计时器时间。别把时间浪费在等待上！
Message_Tutorial_04	{建造区域}就是可以建造{房间}的位置。{点击}{建造区域}来确认位置。	S3	病句	{建造区域}是可以选择来建造{房间}的位置。确认位置，{点击}{建造区域}。
Message_Tutorial_04_PC	{建造区域}就是可以建造{房间}的位置。{点击}{建造区域}来确认位置。	S3	病句	{建造区域}是可以选择来建造{房间}的位置。确认位置，{点击}{建造区域}。
Message_Tutorial_09	要分配一个{居民}，{点击}并{按住}该居民，再将其{拖拽}到一个房间。试试把这个{居民}分配到您刚刚建好的{发电室}里。	S3	其他	要派遣一个{居民}，{点击}并{按住}居民，然后将他们{拖拽}到一个房间。试试将这个{居民}分配到您刚刚建好的{发电室}里。
Message_Tutorial_09_PC	要分配一个{居民}，{点击}并{按住}该居民，再将其{拖拽}到一个房间。试试把这个{居民}分配到您刚刚建好的{发电室}里。	S3	其他	要派遣一个{居民}，{点击}并{按住}居民，然后将他们{拖拽}到一个房间。试试将这个{居民}分配到您刚刚建好的{发电室}里。
Message_Tutorial_19	{添加好友}，{访问}他们的{避难所}并{收集瓶盖}。	S3	生硬	{增加朋友}来{访问}并查看他们的{避难所}并{收集瓶盖}。
Message_Tutorial_63_Xbox	用{量子核子可乐}，您可以立即到达{任务}地点。选择{现在到达}来使用避难所科技提供的{量子核子可乐}。	S3	生硬	用{量子核子可乐}，您可以立即到达{任务}地点。选择{现在到达}来使用避难所科技提供的{量子核子可乐}来极速到达现场。
Message_Tutorial_68_PS4	用左摇杆{移动}{居民}到{发电室}，然后按下键将其分配到这个房间。	S3	生硬	用左摇杆{移动}{居民}到{发电室}然后按下来分配他们。
Message_Tutorial_68_Switch	用左摇杆{移动}{居民}到{发电室}，然后按下键将其分配到这个房间。	S3	生硬	用左摇杆{移动}{居民}到{发电室}然后按下来分配他们。
Message_Tutorial_68_Xbox	用左摇杆{移动}{居民}到{发电室}，然后按下键将其分配到这个房间。	S3	生硬	用左摇杆{移动}{居民}到{发电室}然后按下来分配他们。
Message_Tutorial_SpinToWinSpin_PC	{点击}按钮，转！那！个！盘！	S3	病句	{点击}按下按钮，转！那！个！盘！
Message_Tutorial_SpinToWinSpin_Xbox	{选择}按钮，转！那！个！盘！	S3	病句	{选择}按下按钮，转！那！个！盘！
MrHandyDialog_Generic_04	愿用我的整个王国换一场机油浴……	S3	漏译	我渴望一场机油浴……
MrHandyDialog_Generic_19	不得不承认，对于地底下这么个巨大的金属坑来说，这个避难所非常舒适。	S3	漏译	对于地底下这么个巨大的金属坑来说，这个避难所非常舒适。
MrHandyDialog_Gym_01	这就对了，人类，练起来！	S3	漏译	加油，人类！
MrHandyDialog_Gym_02	这就对了，人类，练起来！	S3	漏译	加油，人类！
MrHandyDialog_Wasteland_42	找到什么算什么，然后就回去。英雄主义什么的可不适合像我这样的巧手先生！	S3	多译	我会找到需要的东西，然后就回去。英雄主义什么的可不适合像我这样的巧手先生！
MrHandyDialog_Wasteland_58	一条穿过焦枯树林的阴森小径？这诱惑真是难以抵挡。	S3	其他	一个恐怖的森林小径？这诱惑真是难以抵挡。
MrHandyDialog_Wasteland_94	看啊，两个人类正在用轮胎扳手把对方往死里打。人类真是太棒了。	S3	漏译	看啊，两个人类正在用轮胎扳手互相殴打。人类真是太棒了。
Notification_Crafting_Theme_End	您的{0}主题已经完成！	S2	漏译	您的{0}已经完成！
Objective_CollectFromContainerOnQuests	在任务中从{0}个储物箱里收集物品	S3	误译	在任务中打开了{0}个储物箱
Objective_CollectFromContainerOnQuests_Plural	在任务中从{0}个储物箱里收集物品	S3	误译	在任务中打开了{0}个储物箱
Objective_Couple	有一对男女居民在宿舍里跳舞	S3	生硬	有一对男女居民，在宿舍里跳舞
Objective_Couple_Plural	有{0}对男女居民在宿舍里跳舞	S3	生硬	有{0}对男女性居民在宿舍里跳舞
Objective_EquipRandomWeapon	为1名居民装备{1}	S3	语气	给1个居民配备了一件{1}
Objective_Merge	将两个房间合并在一起	S3	误译	同时合并两个房间
Objective_Merge_Plural	将{0}对房间合并在一起	S3	误译	同时合并{0}对房间
Objective_StopIncidentWithoutPropagate	在1次{1}灾害扩散之前将其制止	S3	生硬	在一次{1}灾害扩散之前终止事件
Outfit_Description_ArgyleSweater	因为避难所的瓶盖储备可不会自己数自己。	S3	生硬	因为避难所的瓶盖储备不会自我计算。
Outfit_Description_CombatArmor_Heavy	过去他们得派一整支军队上阵。现在只需要你一个人。	S3	生硬	他们过去曾派军队过去。现在他们只需要你就行了。
Outfit_Description_LegatesArmor	令人胆寒的护甲，属于废土上最凶悍的军队里最凶悍的人物之一。	S2	误译	令人望而生畏的护甲，出自废土上最令人生畏的军队中最令人生畏的将领之手。
Outfit_Description_LifeguardOutfit	拯救生命，也让人心碎。	S3	生硬	拯救生命，打击心灵。
Outfit_Description_MetalArmor	皮革不管用的时候，就换它。挡得下一颗子弹，也挡得下一百颗。	S3	病句	当皮革没有用的时候。可以阻止一颗子弹，或一百颗。
Outfit_Description_PrestonSpecial	献给有荣誉感的人——他们随时都愿意出手相助。	S2	病句	为那些有荣誉感的人们准备的，他们经常毫不犹豫出手相助。
Outfit_Description_RottedDuster	穿上这件结实耐磨、早已穿旧的旅行外套，衬出一身阴森的身影。	S3	误译	穿上这件坚固而破旧的旅行外套，展现出阴险的轮廓。
Outfit_Description_SleekSuit	这套西装光鲜至极，当年就是靠它把未来推销了出去。	S2	误译	这套西装如此时尚，甚至能让你相信未来就在眼前。
Outfit_Description_SodaFountainDress	风格、格调，再掺上点……苏打？完美的混搭。	S2	误译	最完美的混搭，成熟和……苏打？
Outfit_Description_SoldierSpecial	配得上美国军队，也配得上你。	S2	漏译	军用产品，我想足够你使用的。
Outfit_Description_SpecialThemeXmas	又到了证明圣诞老人还会来你的避难所的季节了——即使这里没有烟囱。	S2	误译	现在到了证明圣诞老人是否还来拜访你家的季节了——即使你家已经没有烟囱。
Outfit_Description_SportsfanSpecial	能替你挡下擒抱……或是死爪的拥抱。	S3	病句	能给你提供很好的保护。躲过他人的阻截……或是死爪的拥抱。
Outfit_Description_SurgeonSpecial	给受伤的朋友包扎伤口正合适，给自己包扎也一样。	S2	病句	能够给受伤的朋友很好地包扎伤口，或者给你自己。
Outfit_Description_Suspenders	是想走乡村时尚风，还是边缘潮人范儿？让他们猜去吧。	S2	多译	乡村非主流还是城市重金属？让他们猜去吧。
Outfit_Name_BOSUniform	钢铁兄弟会制服	S3	错别字	钢铁兄弟制服
Outfit_Name_PowerArmor_T60f	T-60f动力装甲	S3	错别字	t-60f动力装甲
Outfit_Name_SantaSuit_Original	原版圣诞老人服	S3	漏译	圣诞老人服
Pet_Description_abyssinian_b	线条流畅、身形苗条，是猫科体态的典范。	S3	生硬	光滑又苗条，一个猫形态的缩影。
Pet_Description_akita_b	喜欢小孩。对同类可就没那么热情了。	S3	病句	喜欢小孩。对于狗，没那么喜欢。
Pet_Description_bombay_b	招厄运那说法也太夸张了吧。	S2	误译	坏运气的魔咒才没有那么大的概率呢。
Pet_Description_boxer_b	爱玩，对孩子也友善，还能一把拧下掠夺者的胳膊。没错，就是这样。	S3	语气	很会玩，对孩子们也友善，还能一把拧下掠夺者的胳膊。简直太棒了。
Pet_Description_cattledog_b	儿童。双头牛。死爪。它全都能放牧。	S2	误译	儿童。双头牛。死爪。都可以被它圈养。
Pet_Description_cx404_l	一个训练有素的前英克雷特工，专精嗅嗅和汪汪叫。	S2	漏译	一个训练有素的前英克雷特工，专门从事嗅探活动。
Pet_Description_dalmatian_l2	要是避难所着了火——迟早的事——它就是你的护身符。	S3	指代	要是避难所着了火——迟早的事——他就是你的护身符。
Pet_Description_havanabrown_b	你会习惯常常问它：“你是怎么爬上去的？”	S3	语气	已经习惯和它说，“你是怎么上到那里的？”
Pet_Description_pallascat_b	有传言说，那一大堆毛底下藏着一只猫。	S3	误译	有传言说，那一大堆皮草下面有一只猫。
Pet_Description_siamese_b	不算傲慢……只是比你优秀罢了。	S3	生硬	不是傲慢……就是比你强。
Pet_Description_stbernard_b	要在阿尔卑斯山上迷了路，就等着它飞奔来找你吧。	S3	误译	如果你在高山上迷失了，希望它能跑来找你。
PrivacyPolicy_OptOut	[212F21]退出定向广告	S3	生硬	[212F21]选择退出目标广告
QUEST_1_ANWSER_4	我们为什么要相信掠夺者人渣？	S3	误译	我们为什么要相信掠夺者团伙？
QUEST_1_FOLLOWUP_3	好吧，好吧，没必要这么冲动。来，给你。	S3	误译	好吧，好吧，没必要这么着急。来，给你。
QuestLoc_AGatheringofGhouls_QuestLongDescription	可怕的发光种在离避难所太近的地方安了家，还把尸鬼像飞蛾扑火一样吸引过来。趁这群尸鬼还没聚得更多，赶紧灭掉这座耀眼的“灯塔”！	S3	生硬	可怕的发光种占领了一处居所，离避难所很近。其他的尸鬼像飞蛾扑火般地朝他涌了过来。趁着尸鬼团伙还没有扩张太快的时候，赶紧干掉这个恐怖的绿光“灯塔”！
QuestLoc_ALaborofLove_Conversation_2_Team_3	当然，不过也许你该先往这根枪管里看一眼？	S3	生硬	当然，但也许你应该先看看这把枪管里装的啥吧？
QuestLoc_ALaborofLove_RaiderLine_1	这个洞穴容不下我们俩！	S3	生硬	这个洞穴根本装不下我们俩！
QuestLoc_AMaptotheStars_Conversation_1_NPCStart_2	我们已经尽力了，可他们还是找到了我们，还带来了一大帮人。	S3	生硬	我们做了一切我们能做的，但他们还是找到了我们，并带来了一大帮人。
QuestLoc_APaleImitation_Conversation_3_NPCStart_1	嘿，一位真正的避难所居民！呃，我本以为在这地方搞的这套“避难所”能成事。	S3	生硬	嘿，一位真正的避难所居民！呃，我真的以为在这里所谓的“避难所”能起作用。
QuestLoc_ASettlerNeedsYourHelp_QuestShortDescription	在肯德尔医院找到普雷斯顿·加维。	S3	语气	在肯德尔医院找到了普雷斯顿·加维。
QuestLoc_ASpecialBrand_Conversation_2_NPCStart_2	你们那个杰克今早醒来的时候，看上去可不怎么高兴。	S3	指代	你们的孩子杰克今早起来的时候看上去并不是很高兴。
QuestLoc_AThirstforAdventure_Conversation_1_NPCStart_2	阿蒂，阿蒂·摩尔。探险家、拾荒者，一个各方面都挺了不起的家伙。	S3	语气	阿蒂，阿蒂·摩尔。探险家、拾荒者，还是个全能大牛。
QuestLoc_AWinningSeason_Conversation_1_NPCStart_1	地上又有一张字条！让我猜猜：是教练写的……	S2	误译	地上又有记号，让我猜猜。我觉得是教练留下的。
QuestLoc_AgainstTheOdds_Conversation_1_NPCStart_2	等我收拾完你们，我就去拉一帮新人，建一个更好的小队！	S3	病句	等这次结束了，我一定会重新建立一个新的，更好的小队！
QuestLoc_AgainstTheOdds_Conversation_1_NPCStart_3	也许是“华丽55”吧……不管怎么样，你死定了！	S3	语气	也许是“华丽55”吧……不管怎么样，你已经死了。
QuestLoc_AllWorkandNoPlay_Conversation_2_NPCEnd_4	这样吧，拿着这个。它也许能保护你，但也可能没用。	S3	指代	跟你们说，来，拿着这个。这个可能能保护你。但也可能没用。
QuestLoc_AllWorkandNoPlay_Conversation_2_Team_1	行。	S3	语气	赞。
QuestLoc_AllWorkandNoPlay_Conversation_2_Team_3	好吧。不过监督者阿昌在哪儿？	S3	病句	好吧。但告诉我们监督者阿昌在哪儿？
QuestLoc_AllsFairinLoveandNuclearWar_QuestObjective_1	去见见那位特别的人。	S3	生硬	快来遇见那个特殊的人。
QuestLoc_ArghMatey_Conversation_1_NPCStart_2	把他们丢去喂鱼！	S3	生硬	让我们把他们丢去喂鱼吧！
QuestLoc_ArmsRace_Conversation_1_NPCStart_2	嗯，说到做到，我给你们准备了一件武器。	S3	生硬	就像保证的那样。我给你们准备了一个武器。
QuestLoc_AtDeathsDoor_Conversation_2_NPCStart_3	就是现在，大伙。该和“死亡”共舞了。	S2	误译	这下对了，大伙。现在与“死亡”共舞一曲。
QuestLoc_BeatReporting_Conversation_2_NPCStart_3	“饥饿部落”只是跟在他后面四处游荡，被他身上的放射性光环迷得神魂颠倒。	S3	指代	“饥饿部落”一直紧跟着他，它们被它的放射性光环迷住了。
QuestLoc_BeatReporting_Conversation_2_NPCStart_4	它能治好他们，但不知怎么回事，也会让他们比平时饿得多。	S3	指代	它可以治愈他们，但不知何故，也使得它们比以往更饥饿。
QuestLoc_BeatReporting_Conversation_2_Team_2	“饥荒”为什么这么饿？	S3	语气	饥荒为何如此饥饿？
QuestLoc_BeatReporting_Conversation_3_NPCEnd_3	征服。至少人人都能加入“战争崇拜者”，只不过不加入的人就会挨打。	S2	语序	征服。每个人都可以加入“战争崇拜者”，至少，那些不加入的就会被攻击。
QuestLoc_BewareofOverdog_Conversation_1_NPCEnd_3	不，我不是！监督者，告诉他们我没有疯！你说什么？哦，你想和他们一起去？我想应该可以……	S3	误译	不，我不是！监督者，告诉他们我没有疯！那是什么？哦，你想和他们一起去？我想应该可以……
QuestLoc_BewareofOverdog_Conversation_1_Team_3	我们几乎百分百确定你疯了。	S3	漏译	我们可以百分百确定你疯了。
QuestLoc_Blackout_Conversation_1_NPCEnd_1	在街那头我们的仓库里。你一直说自己是来自泽塔母舰的外星人。	S3	误译	在那条街上我们的仓库里。你一直说自己是来自泽塔航母的外星人。
QuestLoc_Blackout_QuestLongDescription	新年第一天……昨夜避难所举行了隆重的派对活动。但是监督者的儿子杰克失踪了。我们必须找到他！现在只知道12点之前他还和我们在一起，但之后发生了什么完全是一片模糊，我们都穿着防辐射服，所以我们应该是去过可伟佳汽车厂……	S3	误译	新年第一天……昨夜避难所举行了隆重的派对活动。但是监督者的儿子杰克失踪了。我们必须找到他！现在只知道12点之前他还和我们在一起，但之后发生了什么完全是一片模糊，我们都穿着防辐射服，所以我们应该是去过可伟佳自动化工厂……
QuestLoc_Blackout_QuestObjective_1	在可伟佳汽车厂里寻找杰克。	S3	误译	在可伟佳自动化工厂里寻找杰克。
QuestLoc_Blackout_QuestShortDescription	监督者的儿子杰克在一场疯狂的新年派对后失踪了！	S3	生硬	监督者的儿子，杰克，在一场疯狂的新年派对之后消失了！
QuestLoc_BountyOlOneEye_Conversation_1_NPCStart_2	呃，“独眼龙”是你们见过的最凶的辐射蟑螂。	S3	生硬	呃，“独眼龙”会是你们见过的最卑鄙的辐射蟑螂。
QuestLoc_ByHookorbyCook_Conversation_1_NPCEnd_1	这照样说明我们是一家有档次的店！	S3	误译	这仍然是好企业的象征！
QuestLoc_ByHookorbyCook_Conversation_1_Team_2	厨师，这是你这辈子做的最后一顿饭了。	S2	病句	你做了你这辈子的最后一顿烹饪，厨师。
QuestLoc_ByHookorbyCook_Conversation_1_Team_3	你居然在所有蛋糕上都用翻糖，你会为此付出代价的！	S3	误译	你会为在所有的蛋糕上使用软糖而付出代价的！
QuestLoc_CheerfortheGhouls_Conversation_2_NPCStart_1	你们就是圣诞老人的帮手吧？	S3	指代	你是圣诞老人的助手，对吧？
QuestLoc_CheerfortheGhouls_Conversation_2_Team_1	你们不能杀了我们！你们觉得圣诞老人会怎么想？那可是要永远上“坏孩子”名单的事！	S3	指代	你不能杀了我们！而且你们觉得圣诞老人会怎么想？那会让你们永远留在“坏孩子”的黑名单上！
QuestLoc_ChristmasattheRaiderCamp_RaiderLine_2	呵呵，你脑袋上有个洞！	S3	漏译	脑子有洞！
QuestLoc_CleanUpOnAisleFive_QuestLongDescription	有一伙掠夺者一直在祸害当地居民，还占了大无敌超市当总部。快去拿下他们的首领！	S3	生硬	一群掠夺者在掠夺当地的居民，他们占领了大无敌超市当总部，快去拿下他们的首领！
QuestLoc_CleaningHouse_Question2_Answer2	这正是我想听到的。我去拿药物！	S2	误译	这正是我想听到的。我去拿化学品！
QuestLoc_CollectorsEdition_Conversation_1_Team_2	这么说，你已经把它从盒子里拿出来了？	S3	语气	这是否意味着你已经把它从盒子里拿出来了？
QuestLoc_CollectorsEdition_Conversation_2_NPCStart_2	别担心，它还是全新的。	S3	语气	别担心，它仍然处于全新状态。
QuestLoc_CollectorsEdition_QuestLongDescription	我们听说当地的掠夺者在一个废弃的工业建筑里发现了一个崭新的巧手先生，还装在原装的盒子里。我们应该设法在这个宝贝被那些掠夺者毁掉之前把它拿到手。	S2	生硬	我们听说当地的掠夺者在一个废弃的工业建筑里发现了一个崭新的巧手先生，他还在他的原来的盒子里。我们应该设法在这个宝贝被掠夺者破坏之前拿回它。
QuestLoc_ConferenceontheMound_Conversation_1_NPCStart_1	真是个大新闻——罗基·杰宾森的棒球衫不在这儿。	S3	生硬	真是震惊——罗基·杰宾森的棒球衫居然不在那里。
QuestLoc_CoveWatch_QuestLongDescription	避难所得到消息，说附近正在拍摄一部电视试播集。这几乎肯定是个陷阱，但以防万一，还是派你最具魅力的居民打扮得符合角色去一趟吧。	S3	漏译	避难所得到消息，说附近正在拍电视节目。这肯定是个陷阱，但以防万一还是派你最具魅力的居民打扮一番去试镜吧。
QuestLoc_CoveringAlltheBases_QuestLongDescription	还是没有教练或是罗基·杰宾森的棒球衫的影子。该去更远的地方了。不入虎穴，焉得虎子！	S3	漏译	还是没有教练或是棒球衫的影子。该去更远的地方了。不入虎穴，焉得虎子！
QuestLoc_CrimeSceneInvestigation_Conversation_2_NPCStart_3	当“瘟疫”成为最后一位骑士时，我们就再也不是不配的人了。	S3	误译	当“瘟疫”成为最后的骑士时，我们将不会毫无价值了。
QuestLoc_CrimeSceneInvestigation_QuestLongDescription	好哇！我们现在和“战争”处于休战状态，直到其他“骑士”被解决为止！为此，“战争”声称，“死亡”的仆人们袭击了672号避难所。所以我们要去调查，寻找他们可能留下的线索……	S2	误译	好哇！我们现在正和“战争”处在休战状态，直到其他“骑士”被处理好为止！为此，“战争”声称，“死亡”的仆人们正攻击672号避难所。所以我们要调查并寻找他们可能留下的线索……
QuestLoc_DartofHarkness_Conversation_1_NPCEnd_2	好吧，这话就有点过分了。	S3	病句	好吧，真是冒犯。
QuestLoc_DartofHarkness_Conversation_1_NPCStart_2	那个安保头子归我们了。有人出了漂亮的价钱，要买他的脑袋！	S3	生硬	那个安保老板是我们的。有人付了一笔漂亮的钱给我们来取他的脑袋！
QuestLoc_DartofHarkness_Conversation_1_Team_3	你知道“漂亮的价钱”并不能让你变漂亮，对吧？	S3	生硬	你知道一个“漂亮的钱”实际上不会使你漂亮，对吧？
QuestLoc_DartofHarkness_Conversation_2_NPCEnd_3	我不是什么大人物，只是个干好本职工作的普通人。拿着，这是给你的。	S3	生硬	我不是一个大人物，只是一个家伙在做他的工作。拿着，这是给你的。
QuestLoc_DartofHarkness_Conversation_2_NPCStart_4	来，把这些文件带给你们的监督者。他（她）会知道该怎么做。	S3	生硬	这里，把这些文件带给你们的监督者。他（她）会知道该怎么做。
QuestLoc_DaysGoneBye_Conversation_1_NPCStart_3	那地方其实并不闹鬼。我想他们编出那个故事，只是为了让人们不敢靠近。	S3	指代	我没有真的觉得闹鬼，我想他们编出那个故事只是为了把人们吓跑。
QuestLoc_DeathRevealed_Conversation_2_NPCStart_3	继续为正义而战吧，三狗。	S3	生硬	继续打好仗，三狗。
QuestLoc_DeathRevealed_Conversation_3_NPCStart_2	当配额凑够时，“死亡”就会苏醒。手册里都写着呢。	S3	病句	当配额满足时“死亡”就会苏醒。手册里都写了。
QuestLoc_DeathandDenial_Conversation_2_NPCEnd_2	在闺房里吃饱饱牌肉罐头。你要是想看，罐头盒我还留着。	S3	漏译	在闺房里吃东西。如果你想看罐头，我还有。
QuestLoc_DeathandDenial_Conversation_2_Team_1	好戏开场了！我们继续吧！	S3	生硬	游戏正在进行中！让我们继续！
QuestLoc_DeathandDenial_Conversation_3_NPCStart_2	我是罗德·墨菲，有钱但粗俗的实业家，这位是我的花瓶老婆普莉希拉。	S3	漏译	我是罗德·墨菲，富有但粗俗的实业家，这是我的妻子普莉希拉。
QuestLoc_DeathclawDeeLite_2_QuestShortDesc	去和一位医生谈谈死爪驱虫剂的事。	S3	生硬	和一位医生交谈关于死爪驱虫剂的问题。
QuestLoc_DibsattheRedRocket_Conversation_1_NPCStart_2	钢铁兄弟会正在征用此地发现的所有科技物品。	S3	生硬	钢铁兄弟会正在回收在这个位置发现的任何技术。
QuestLoc_DibsattheRedRocket_Conversation_1_Team_1	不，我打算留下来，拿走我想要的东西。	S3	生硬	不，我想我会留下来带走我想要的。
QuestLoc_DibsattheRedRocket_Conversation_1_Team_3	拜托，你们就不能分我点东西吗？	S3	生硬	拜托，你们不能在这里分享什么吗？
QuestLoc_DivideandConquer_Conversation_1_NPCStart_2	想继续往前走，就得先证明一下你们的数学水平。	S3	指代	为了继续下去，你必须先证明你们的数学技能。
QuestLoc_DogsofWar_QuestLongDescription	“饥荒”和“瘟疫”就在外面，无论他们是谁，追随者都大有人在。“战争”和“死亡”则是另外两位臭名昭著的“末日骑士”。他们也在废土上肆虐吗？如果有人知道，那一定是银河新闻电台的三狗。我们去跟他谈谈。	S3	漏译	“饥荒”和“瘟疫”就在那里，无论他们是谁，追随者都大有人在。“战争”和“死亡”是臭名昭著的“末日骑士”。他们在废土肆虐吗？如果有人知道，一定是银河新闻电台的三狗。我们去跟他谈谈。
QuestLoc_DuoofDestructionAlphaDeathclaws_QuestLongDescription	两只领头死爪决定把旧的格罗顿仓库当成自己的家。太吓人了！是时候拿出大杀器了！	S3	生硬	两只领头死爪决定把旧的格罗顿仓库当做他们的家。太可怕！是时候拿出大家伙（枪）了！
QuestLoc_DuoofDestructionGlowingRadscorpions_Conversation_1_NPCStart_1	谢天谢地你们在这里！我们可不是这些硬壳怪物的对手！能帮我们消灭它们吗？求求你们了！	S3	指代	谢天谢地你在这里！我们可不是这些硬壳怪物的对手！能帮我们消灭它们吗？求求你们了！
QuestLoc_ENC_QL1_LoveOfGold_2_Room1_Question_Line2	好好享受我们独家的灌输式训练课程吧，内容全部取自最棒的战前训练视频。	S3	生硬	敬请享受我们独家且侵入式的训练计划，它完全基于最棒的战前训练视频。
QuestLoc_ENC_QL1_LoveOfGold_2_Room4_Question_Line1_Answer0	小毛贼！不！离我们珍贵的数据库远点！	S3	语气	小坏蛋！不！离我们珍贵的数据库远点！
QuestLoc_ENC_QL1_LoveOfGold_4_QuestLongDesc	我们发现了一座还在运转的英克雷基地！咱们主动打上门去，别等他们把那个可怕的计划完成。	S3	生硬	我们发现了一座活跃的英克雷基地！我们主动出击吧，赶在他们完成那可怕计划之前。
QuestLoc_ENC_QL1_LoveOfGold_4_Room1_Question_Line1_Answer0	上校[已删改]目前没有会面安排。请到死后再来找他。	S3	语气	上校[已删改]没有档期。请到死后再来找他。
QuestLoc_ENC_QL2_Defective_3_Room3_Question_Line1_Choice3	关键在于健康的辩论，不动用暴力——就像你们现在这样。	S3	生硬	关键在于健康的辩论，不动用暴力，就像你们正在进行的这样。
QuestLoc_ENC_QL2_Defective_4_Room6_Question_Line1_Answer0	嗯，是啊……我很快就要*掉头*去你们的避难所了。你们就等着吧。	S3	漏译	嗯，是啊……我很快就会*直奔*你们的避难所。你们就等着吧。
QuestLoc_ENC_QL2_Defective_4_Room6_Question_Line1_Choice0	幸好你没为这事掉脑袋！	S2	病句	还好你没为此丢掉了脑袋！
QuestLoc_ENC_QL3_Escalation_1_Room5_Question_Line1_Answer0	不，你看不见。不过为了保险起见，还是让我把你的眼睛抠下来吧。	S3	生硬	你不行。不过为了保险起见，让我把你眼睛抠下来。
QuestLoc_ENC_QL3_Escalation_1_Room6_Question_Line1	<宠物VR间谍训练程序：动物森友骗>	S3	漏译	<宠物VR间谍训练程序：动物双重背叛>
QuestLoc_ENC_QL3_Escalation_1_Room6_Question_Line1_Answer0	<参与者数量已达临界值。释放所有受试者。>哦太棒了！我们把它们都救出来了。	S2	误译	<参与者数量告急。释放所有受试者。>哦太棒了！我们把它们都救出来了。
QuestLoc_ENC_QL3_Escalation_3_Room3_Question_Line1_Choice2	我最吃爱情戏这一套了。我这就进去！	S3	生硬	我可是浪漫戏码的痴迷者。我要进去了！
QuestLoc_ENC_QL3_Escalation_4_Room4_Question_Line1_Choice0	这又是陷阱？你知道的，那些陷阱我们全识破了，对吧？	S3	语气	这又是陷阱？你可知道我们都识破了所有陷阱，对吧？
QuestLoc_ENC_QL4_HeartOfGOLDAS_1_CombatInit2	黄金！它照亮了通往更闪亮的美利坚之路！	S3	生硬	黄金！它照亮通往更闪亮美利坚的道路！
QuestLoc_ENC_QL4_HeartOfGOLDAS_1_Room2_Question_Line1_Answer0	该死，我进不去了。根本破不了！那些黄金啊……	S3	生硬	该死，我被锁定了。破不了！那些黄金啊……
QuestLoc_ENC_QL4_HeartOfGOLDAS_1_Room3_Question_Line1_Choice2	他们付你多少，我们出双倍。	S3	生硬	我们出双倍价钱，买断他们付你的酬劳。
QuestLoc_ENC_QL4_HeartOfGOLDAS_1_Room4_Question_Line1_Answer0	那我们目标一致。按这些坐标过去吧。	S3	生硬	那我们目标一致。跟随这些坐标。
QuestLoc_ENC_QL4_HeartOfGOLDAS_1_Room4_Question_Line1_Answer1	按这些坐标过去吧。英克雷也对你们感兴趣。	S3	生硬	跟随这些坐标。英克雷也对你们感兴趣。
QuestLoc_ENC_QL4_HeartOfGOLDAS_2_CombatInit2	你还没签免责声明呢！！！	S3	误译	你没签过放行单！！！
QuestLoc_ENC_QL4_HeartOfGOLDAS_2_Room2_Question_Line1_Answer0	那对我来说又是一堆文书要填！我再也受不了了！	S3	生硬	那对我来说又是一堆纸面工作！我再也受不了了！
QuestLoc_ENC_QL4_HeartOfGOLDAS_2_Room4_Question_Line1_Answer1	似乎没必要。尽管如此，正在将坐标传输至AI维修设施。	S3	病句	似乎没必要。尽管如此，将坐标传输至AI维修设施。
QuestLoc_ENC_QL4_HeartOfGOLDAS_3_Room2_Question_Line2	我的名字叫MOPUS，顾影自怜……是我的最高指令……	S3	生硬	我的名字叫MOPUS，自我哀怜……是我的最高指令……
QuestLoc_ENC_QL4_HeartOfGOLDAS_4_Room1_Question_Line2	你们准备好迎接我彻底的清算了吗？	S3	误译	你们准备好承受我全力的一击了吗？
QuestLoc_ENC_QL4_HeartOfGOLDAS_4_Room4_Question_Line2	看我最后的武力展示——我这注定血本无归的赌局！	S3	漏译	看我最后的武力展示，我这孤注一掷的赌局！
QuestLoc_ESterEggHunt_Conversation_1_NPCEnd_3	准确来说，二十。呃，我是说……好好享受吧！	S3	生硬	准确来说，二十。呃，我是说……享受！
QuestLoc_ESterEggHunt_Conversation_1_NPCStart_1	欢迎参加我们首届复活节彩蛋寻宝活动！	S3	漏译	欢迎来到我们一年一度复活节彩蛋寻宝！
QuestLoc_ESterisComing_Conversation_1_NPCStart_1	啊，你们一定就是被派来帮我们的避难所居民！赞美原子！	S3	语序	啊，你一定是派来帮助我们的避难所的居民！赞美原子！
QuestLoc_ESterisComing_Conversation_1_NPCStart_4	这里就是最后一次看到威尔修士的地方。	S3	生硬	这就是威尔修士最后一次被见到的地方。
QuestLoc_ESterisComing_Conversation_2_NPCStart_4	到头来，那只是一只靠后腿站起来的大鼹鼠。	S3	生硬	最后，它只是一只巨大的鼹鼠，站在它的后腿上。
QuestLoc_ExpressCheckout_Conversation_1_Team_3	那些狂尸鬼是你的朋友吗？	S3	误译	那些尸鬼是你的朋友吗？
QuestLoc_ExtremePrejudice_Conversation_1_Team_3	我真希望自己是间谍，这样就能把你们全杀了。	S3	误译	我真希望我是间谍，所以我可以杀了你们所有人。
QuestLoc_ExtremePrejudice_Conversation_5_Team_2	这么多避难所，你们为什么偏偏看上我们的？	S3	语序	为什么所有的这些避难所，你们选择了我们的？
QuestLoc_ExtremePrejudice_QuestShortDescription	干掉一名敌对的避难所监督者。	S3	生硬	拿下一个敌对避难所的首领。
QuestLoc_FactoryFloorofFear_Conversation_1_NPCStart_4	我才不管挡路的是什么，不管是虫子还是你们这种蠢货！	S3	指代	我根本不在乎谁挡我的路，不论是虫子还是你们这种傻瓜！
QuestLoc_FamilyMatters_Conversation_1_NPCEnd_1	她是我的外婆，不过小心，她会咬人。我外公也是，直到把假牙弄丢了才不咬了。他们其实都是好意！我管这叫“严厉的爱”。	S3	误译	她是我的外婆，但是小心，她会咬人。我外公也是，直到他丢了他的假牙。当然他们都是好心，我称之为“强悍的爱”。
QuestLoc_FamilyMatters_Conversation_1_NPCEnd_2	当然是了。不过要小心，她爱咬人。外公以前也这样，直到他丢了假牙。不过他们都是好意！我管这叫“严厉的爱”。	S3	指代	当然是了。但小心，她爱咬人。老爸以前也这样，直到他丢了假牙。当然他们都是好意，我管这叫“严厉的爱”。
QuestLoc_FollowingHisFirstSteps_QuestLongDescription	大名鼎鼎的义勇军民兵——普雷斯顿·加维，失踪了！在他最后出现的地方寻找有关他去向的线索。	S3	误译	小有名气的义勇军民兵——普雷斯顿·加维，消失了！在他最后出现的地方寻找有关他去向的线索。
QuestLoc_FoodFight_Conversation_1D_Team_3	你知道那东西……少说也放了两百年了吧？	S3	病句	你知道那东西起码放了……至少两百年了吧？
QuestLoc_FriendlySettlement_Conversation_2A_NPCEnd_3	我听到了，伙计，我听到啦。给你。	S3	误译	我听到了，公子哥，我听到啦。这就来了。
QuestLoc_FriendlySettlement_Conversation_2A_NPCEnd_4	我们倒是可以匀出一些零部件。好好享用吧。	S3	漏译	我想我们应该能抛开一些东西吧。好好享受。
QuestLoc_FriendlySettlement_Conversation_2B_NPCEnd_4	听起来不错啊，“光滑皮肤”们。	S2	漏译	听起来不错啊。
QuestLoc_FriendlySettlement_Conversation_2D_NPCEnd_1	哈，这个怎么样？当年它可帮了我不少忙。	S3	语气	哈，这个怎么样？很早的时候它和我一起征战沙场。
QuestLoc_GameShowGauntletA_Conversation_4_NPCEnd_4	嘿！不许拿家人说事。就冲这句……准备“掉脑袋”吧！	S3	生硬	嘿！家人可是忌讳！因为这个……准备“掉脑袋”吧！
QuestLoc_GameShowGauntletC_Conversation_2_NPCEnd_1	你说得对！你一定很了解她！	S3	错别字	你说的对！你一定很了解她！
QuestLoc_GameShowGauntletC_Conversation_4_NPCEnd_3	哔！答错了。看来你得……“掉脑袋”了！	S3	误译	哈哈！错了。准备……“掉脑袋”吧！
QuestLoc_GameShowGauntletE_Conversation_3_NPCStart_2	铁路组织里那个疯疯癫癫的技工是谁？	S3	误译	谁是铁路上最疯狂的技工？
QuestLoc_GameShowGauntletF_Conversation_1_Team_2	莱莉的游骑兵。	S3	误译	莱莉的骑兵。
QuestLoc_GameShowGauntletH_Conversation_1_Team_4	沃尔瑟姆一套不错的两居室。	S3	误译	沃尔瑟姆的一个两床居室。
QuestLoc_GameShowGauntletH_Conversation_3_NPCEnd_2	别提那家餐厅了！不过你还是得……“掉脑袋”！	S3	漏译	完全不对！但是你有机会……“掉脑袋”了！
QuestLoc_GameShowGauntletI_Conversation_4_NPCEnd_1	就像感恩节的火鸡，你就要……“掉脑袋”了！	S3	其他	就像感恩节的火鸡，你将会失去你的脑袋！
QuestLoc_GameShowGauntletI_Conversation_4_NPCStart_2	大战是在哪个节日之前爆发的？	S3	误译	世界大战发生在哪个节日之前？
QuestLoc_GameShowGauntletJ_Conversation_1_NPCEnd_1	往南偏了那么一根头发丝的距离。说到头发……你就快“掉脑袋”了！	S3	漏译	有点太南边了吧。既然这样……“掉脑袋”吧！
QuestLoc_GameShowGauntletJ_Conversation_3_Team_2	芒特迪瑟特岛海军设施。	S3	误译	山沙漠岛海军设施。
QuestLoc_GameShowGauntletJ_Conversation_4_Team_4	中野霞离家出走了？太可怕了！	S3	误译	霞野逃跑了？太可怕了！
QuestLoc_GameShowGauntletK_Conversation_3_NPCEnd_4	双头牛、韭葱和芜菁？味道不错，但是错了。“掉脑袋”吧！	S3	误译	双头牛肉，韭菜和甘蓝？味道不错，但是错了。“掉脑袋”吧！
QuestLoc_GameofVaults_Conversation_1_Team_1	听着，美丽的少女！是我，你的救世主。快出来，与我一同骑马离开这野兽的巢穴。	S3	误译	听，少女！是我，你的救世主。快过来和我一起逃离这怪兽的深渊。
QuestLoc_GameofVaults_QuestShortDescription	斩杀巨龙（死爪）。	S3	误译	屠杀暴龙（死爪）。
QuestLoc_GasNGo_Conversation_1_NPCEnd_2	我保证让你吃够铅弹！	S3	生硬	我保证你会得到很多的铅！
QuestLoc_GasNGo_Conversation_1_Team_2	能给我来点二号加油泵的无铅汽油吗？	S2	误译	我能要二号管道的无铅汽油吗？
QuestLoc_GasNGo_QuestLongDescription	你的一名居民在废弃的红火箭服务站遇到了一名掠夺者。趁他还没动身前往你的避难所，赶紧阻止他！	S3	其他	一位居民在废弃的红火箭服务站遇到了一位掠夺者。在他前往你们避难所之前阻止他！
QuestLoc_GetinLine_RaiderLine_1	你马上就要“结账”了——永远地！	S3	误译	你就要“退房”了——永远地！
QuestLoc_GhoulInBlack_Conversation02_NPC02	谢谢你帮我拖住他们，我这才把自己挖了出来。里面挤得够呛。	S3	语序	谢谢你帮我挡着他们，给我机会把我自己挖出来。我都要憋死了。
QuestLoc_GhoulSupplies_Question2_Answer1	太好了！我也喜欢在瓶盖里打滚。唔，其实也不是，这么干的话瓶盖会卡进我的皮肤里。	S3	多译	太好了！我也喜欢在瓶盖里打滚。唔，其实不行，弄到皮肤里会很痛。
QuestLoc_GhoulSupplies_Question3_Answer1	谢天谢地。这把枪本来是我准备拿去换东西的，你拿着吧！	S2	误译	谢天谢地。拿着这把我本来准备用来谈判的枪！
QuestLoc_GivemeLibertyandorDeath_Conversation_1_NPCEnd_1	什么？备份还一式三份？等杀了你，我们照样拿得到。	S3	生硬	什么？三备份？我们杀了你之后就会得到这些。
QuestLoc_GivemeLibertyandorDeath_RaiderLine_3	必须凑够配额！	S3	生硬	配额必须被满足！
QuestLoc_GoingToTown_1_Question1_Answer2	哼，随便，把我以前穿的这条裙子拿去吧。	S3	病句	哼。随便，把我以前穿的这条裙拿去吧。
QuestLoc_GoingToTown_1_Question3_Choice1	<露出大大的笑容>	S3	生硬	<大大地笑>
QuestLoc_GoingToTown_3_Question2_Choice1	告诉我们奴隶贩子在哪儿，就饶你一命。	S3	生硬	告诉我们奴隶商在哪里，你就可以活着。
QuestLoc_GoingToTown_3_Question5_2	这就是那间实验室——那些奴隶贩子在里面制造我卖给你们的那种假血清。	S3	生硬	这就是那些奴隶贩子制造我卖给你的假血清的实验室。
QuestLoc_GuardianoftheWastes:Deathclaws_QuestLongDescription	我们也该为保卫废土出份力——去清掉附近那窝又危险又受辐射的生物吧！	S3	生硬	让我们为保卫废土尽一份力。清理掉那一窝危险的，被辐射过的生物吧！
QuestLoc_HalfFullHalfEmpty_Conversation_1_NPCStart_2	我喝了，味道又香又纯，可我身上什么反应也没有。	S3	生硬	我喝了，它尝起来美味而纯净，但没有什么发生在我身上。
QuestLoc_HeatoftheKnight_QuestObjective_1	支援罗伯科办公大楼的士兵们。	S3	生硬	支持罗伯科企业办公室的士兵们。
QuestLoc_HighSteaks_RaiderLine_3	来这儿可能真是送肉上门。	S3	漏译	来这里可能是个错误。
QuestLoc_HittingtheBooks_QuestLongDescription	随着万圣节临近，有关31号避难所的故事和它奇怪的过去再一次流传了起来。但是到底是避难所真的闹鬼，还是有别的原因？31号避难所之谜正等着你去解开！	S3	错别字	随着万圣节临近，有关31号避难所的故事和它奇怪的过去再一次流传了起来。但是到底是避难所真的闹鬼，还是有其他的什么原因？31避难所之谜正等待你去解决！
QuestLoc_Homerun_QuestLongDescription	还是没有教练或是罗基·杰宾森的棒球衫的影子。但他应该就在附近了！我能感觉到。还是说只是他的狐臭！无论如何，我们去搜搜宝贝爪爪宠物商店吧！	S3	漏译	还是没有教练或是棒球衫的影子。但他应该就在附近了！我能感觉到。还是说只是他的狐臭！无论如何，我们去搜搜宝贝爪爪宠物商店吧！
QuestLoc_HoneymoonHorror_Conversation_2_NPCEnd_2	亲爱的，我就算在绝对安全的地方辛苦操劳，也永远不会忘记你的。你一定要坚强！	S3	生硬	亲爱的，当我在一个完全安全的环境下辛苦工作的时候，我永远都不会忘记你的。你 一定要坚强！
QuestLoc_HoneymoonHorror_Conversation_2_Team_4	没问题，我就跟你们定居点的人说，你们让辐射蝎给收拾了。	S3	指代	没问题，我会告诉你们定居点：你被辐射蝎抓走了。
QuestLoc_HotTubSlimeMachine_QuestName	热水浴缸黏液机	S2	误译	热水器
QuestLoc_HouseWarming_1_QuestName	派对到马克西姆斯	S3	病句	派对到马克
QuestLoc_HouseWarming_2_QuestLongDesc	保安机器人本该是出色的守卫。去罗伯科总部见维克托，讨论豪斯先生派对的安保事宜。	S3	其他	保安机器人本该是出色的守卫。去 罗伯科 总部见维克托，讨论豪斯先生派对的安保事宜。
QuestLoc_HouseWarming_3_Question1	这场尸鬼派对快散架了。就跟主办人一样！	S3	漏译	这场尸鬼派对要完蛋了。就跟主办人一样！
QuestLoc_HowCanYouNotBeRomanticAboutBaseball_QuestLongDescription	好吧。所以圣心脏医院肯定是条死路了，但至少我们都还活着！下一站，莱克维尔图书馆的废墟。	S3	漏译	好吧。所以圣心脏医院肯定是条死路了，但至少我们都还活着！下一站，莱克维尔图书馆。
QuestLoc_HumanBeanJuice_QuestLongDescription	杰克已经被折腾得够呛——可现在他马上就要变成别人的晚餐了！奴隶贩子把他卖给了肉酱厂。我们应该去那里找他！	S3	误译	杰克已经受过一次大惊吓——可现在他马上要成为别人的晚餐！奴隶贩子把他卖给了肉酱厂。我们应该去那里找他！
QuestLoc_HumansLikeUs_Conversation_1_Team_3	对不起，免费什么？	S3	漏译	对不起，赠送什么？
QuestLoc_HumansLikeUs_Conversation_4_NPCStart_4	不知道为什么，他们就是喜欢杀我们，哈哈。	S3	语序	他们喜欢杀我们，出于某种原因，哈哈。
QuestLoc_HumansLikeUs_Conversation_5_NPCStart_2	我希望你觉得这里的一切都很正常，一点也不觉得诡异，哈哈。	S3	语气	我希望你在这里一切正常，一点也不觉得不安呵呵。
QuestLoc_INS_QL1_MajorPlayers_1_Room0_Question_Line3	我帮的忙，就跟飓风里的一把纸伞差不多。	S3	生硬	我这点作用，就像飓风里的纸伞一样靠不住。
QuestLoc_INS_QL1_MajorPlayers_1_Room2_Question_Line2	我们有救了，对吧？我听到好多动静，听着像是尸鬼临死前发出的声音。	S3	生硬	我们有救了，对吧？我听到好多像是尸鬼濒死的声音。
QuestLoc_INS_QL1_MajorPlayers_2_Room1_Question_Line4	这样吧。只要你能说服我们其余的乡亲加入，我们就入伙。	S3	语序	这样吧。只要你能说服我其他乡亲们加入，我们就入伙。
QuestLoc_INS_QL1_MajorPlayers_4_Room0_Question_Line2	绝对是这地方。这里到处都是合成人。	S3	生硬	绝对是这地方。这里爬满了合成人。
QuestLoc_INS_QL2_Railroaded_1_Room6_Question_Line1	谢谢你们。你们救了我。我是怀亚特，铁路的负责人。	S3	误译	谢谢你们。你们救了我。我是怀亚特。我经营着铁路。
QuestLoc_INS_QL2_Railroaded_1_Room6_Question_Line1_Answer2	这件事就交给你了。我今天已经失去了太多朋友。但请记住：他们是人类，即便是在实验室里造出来的。	S3	指代	这件事就交给你了。我今天已经失去了太多朋友。但请记住：它们是人类，即便是在实验室里造出来的。
QuestLoc_INS_QL2_Railroaded_1_Room6_Question_Line1_Choice2	如果我查出它们是双面间谍，我该怎么办？	S3	误译	如果我查出它们两面三刀，我该怎么办？
QuestLoc_INS_QL2_Railroaded_1_Room7_Question_Line2	是另一个房间里的那个家伙。我看见他用了学院的通讯设备。	S3	病句	是另一个房间那家伙。我看见他用了学院的通讯设备。
QuestLoc_INS_QL2_Railroaded_1_Room8_Question_Line1_Choice1	不是针对你。总不能放走一个可能是间谍的人吧？	S3	病句	不是针对你。总不能放走可能的间谍吧，对吧？
QuestLoc_INS_QL2_Railroaded_3_Room5_Question_Line1_Choice0	破坏者！准是从鼹鼠钻进来的那些洞里钻过来的……	S3	生硬	破坏者！准是从鼹鼠进来的那些洞钻进来的……
QuestLoc_INS_QL2_Railroaded_4_Room4_Question_Line1	啊！是你！多有诗意，对吧？你和怀亚特，同一天被抹去。	S3	误译	啊！是你！多讽刺，对吧？你和怀亚特，同一天被抹去。
QuestLoc_INS_QL2_Railroaded_4_Room5_Question_Line2	我们走到了死胡同……等等，真的走不通吗？这台终端机是干什么的？	S3	病句	我们走到了死胡同……等等，真的是吗？这台终端机是干什么的？
QuestLoc_INS_QL2_Railroaded_4_Room6_Question_Line2	怀亚特……可怜的怀亚特……他们把他化成了一滩黏液。	S3	其他	怀亚特……可怜的怀亚特……他们把他化成了一滩浆糊。
QuestLoc_INS_QL3_Betrayal_3_Room0_Question_Line3	也许还有他们其他的囚犯？到时候就知道了。	S3	语气	也许还有他们其他的囚犯？大概走着瞧吧。
QuestLoc_INS_QL3_Betrayal_3_Room5_Question_Line1_Choice1	合成人的程序设定就是让它们以为自己也是人类。	S2	生硬	合成人的程序设定就是自以为是人类。
QuestLoc_INS_QL3_Betrayal_3_Room7_Question_Line1_Answer2	也许吧，说实话。至少合成人在背后捅你一刀时还会彬彬有礼。	S3	生硬	也许吧，说实话。至少合成人在背后捅你刀时还会彬彬有礼。
QuestLoc_INS_QL4_Armistice_1_CombatInit4	果然，跑出来的是一只鼹鼠妈妈！我们真是够倒霉的。	S3	误译	果然，跑出来的是一只鼹鼠育母！我们真是够倒霉的。
QuestLoc_INS_QL4_Armistice_1_QuestObjective2	参与一项科学项目	S2	误译	照料一个科学项目
QuestLoc_INS_QL4_Armistice_1_Room2_Question_Line1_Answer2	我才不是呢。没人相信我的研究。你会信吗？不会？真扫兴。	S3	生硬	我才不是呢。没人相信我的研究。你有哪怕一丝可能相信我吗？没有？真扫兴。
QuestLoc_ItsnotEasyBeingGreen_Conversation_1_NPCEnd_3	哦，是啊，为了庆祝圣帕特里克节，我们给它们染了色。	S2	指代	哦，是的，我们给他们染色，庆祝圣帕特里克节。
QuestLoc_ItsnotEasyBeingGreen_Conversation_1_NPCStart_1	帮帮我们，居民们！我们的社区正在尸鬼化！	S3	误译	帮助我们，居民们。我们的社会正在尸鬼化！
QuestLoc_JustDeserts_Conversation_5_NPCEnd_2	不错的选择！没多少东西能穿透辐射蝎的甲壳！	S2	生硬	不错的选择！不太有东西能穿透辐射蝎的甲壳！
QuestLoc_JustDeserts_QuestObjective_1	查明末日骑士的起源。	S3	漏译	探索骑士的起源。
QuestLoc_KidnappingatVault778_QuestLongDescription	有几个掠夺者绑架了一些定居者，把他们扣在778号避难所当人质。也许这些定居者知道普雷斯顿·加维去了哪里。	S2	数字	某个掠夺者绑架了一些定居者，并将他们作为人质关在了778号避难所，也许他们知道普雷斯顿·加维去了哪里。
QuestLoc_KnockEmDown_Conversation_2_NPCStart_2	你造成的毁灭、你掀起的屠杀……真是无上荣光！	S3	病句	你所造成的毁灭，杀戮……是无上荣光的！
QuestLoc_LittleMissWasteland_Conversation_1_Team_2	这可不是泳装，这是……呃……迷彩服！	S3	错别字	这可不是泳装，这是……额……迷彩服！
QuestLoc_LittleMissWasteland_Conversation_4_NPCStart_1	好吧，看来第一题是有点难——虽说我们几乎等于把答案白送给你们了……	S3	病句	好吧，好像第一个问题就有点难，即使我们几乎是送分的……
QuestLoc_LittleMissWasteland_Conversation_4_Team_1	辐射让我外婆又暖和又麻酥酥的，所以我选“好”。	S3	误译	辐射让我的外婆感到温暖和激动。所以我选“好”。
QuestLoc_LittleMissWasteland_QuestObjective_1	进入前三名。	S3	生硬	前三名的位置。
QuestLoc_LiveDeadDrop_Conversation_1_NPCEnd_3	就这样？哇，还好你没为了这点事把小命搭上！	S3	生硬	就这样？哇，很高兴你没有因为那个被杀！
QuestLoc_MatterstoSettle_Conversation_3_NPCEnd_2	对……没错。可那样我还是会饿。我真傻。	S3	生硬	对……没错。然后我还是会饿。愚蠢的我。
QuestLoc_MatterstoSettle_Conversation_3_NPCStart_1	不要开枪！我饿得都打不动架了！实在受不了了！	S3	生硬	不要开枪！我太饿了无法战斗！难以忍受！
QuestLoc_MatterstoSettle_Conversation_3_NPCStart_2	只有冰得透凉的核子可乐才能解我的饿。	S3	生硬	只有冰冷的核子可乐才能满足我的饥饿。
QuestLoc_MatterstoSettle_Conversation_4_NPCStart_1	放下武器吧，勇敢的战士们。我是来谈话的，不是来打架的。	S3	指代	放下你的武器，勇敢的战士们。我来谈话的，不是来打架。
QuestLoc_MatterstoSettle_Conversation_4_NPCStart_2	我带来了伟大的骑士“战争”的口信，愿他永生。	S3	指代	我们有来自伟大的骑士“战争”的消息。愿他永生。
QuestLoc_MatterstoSettle_Conversation_4_NPCStart_3	你们在这里打得很出色，他也很赞赏你们为对抗他的敌人所付出的努力。	S3	语气	你们很会打架，他很欣赏你们对他的敌人所做的一切。
QuestLoc_MiseryLoathesCompany_QuestLongDescription	一个凶悍的掠夺者首领藏匿在红火箭服务站，他正拿你的废土探险者当靶子练枪。在有人受伤之前干掉他！	S2	误译	一个凶悍的掠夺者首领藏匿在红火箭服务站，他正在把你的废土探险者当做练习的靶子。请在有人受伤之前阻止他。
QuestLoc_MiseryLoathesCompany_RaiderLine_1	新鲜的肉，是吧？不错，我正觉得有点孤单呢。	S3	语气	来送死的小鲜肉？哈哈，不错。我正觉得有点孤单呢。
QuestLoc_MondayNightBrawl_Conversation_3_NPCEnd_2	准备挨一顿狠揍吧，避难所居民！	S3	生硬	避难所居民们，准备好被狠狠伤害吧！
QuestLoc_MyMetalPony_QuestLongDescription	你想用它来制造零件，还是在闲暇时间骑一骑？你说了算，谁让你是监督者。派你的居民们去弄一匹回来。	S3	错别字	你想用它来制造零件，还是在闲暇时间骑一骑？你说得算，谁让你是监督者。派你的居民们去弄一匹回来。
QuestLoc_NVB_QL2_Leftovers_2_Question3_Choice1	算了，我不参与。我的感情生活可不涉及被辐射过的肉体。	S3	生硬	我算了。我的感情生活可不牵扯辐射皮肉。
QuestLoc_NVB_QL2_Leftovers_3_Question1_Line1	入侵者。我们致力于和平，也一心追求思想。	S3	病句	入侵者。我们致力于和平与追求思想。
QuestLoc_NVB_QL2_Leftovers_3_Question4_Line1_Choice1	你……你刚才是不是承认自己犯下了大规模谋杀？	S3	生硬	你……你刚才是不是承认了大量谋杀？
QuestLoc_NVB_QL2_Leftovers_4_Question5_Line1	找到一台主机了！来破解密码吧！	S3	生硬	其中一台主机！让我们来破解密码！
QuestLoc_NVB_QL3_Stripper_1_Question9	你在这儿干什么，甜桃？你不知道这地方到处都是死爪吗？	S3	生硬	你在这儿干什么，甜桃？你不知道这地方爬满了死爪吗？
QuestLoc_NVB_QL3_Stripper_2_Question1_Line1_Answer1	嘿，我是配毒药的，可不是创造奇迹的人。	S3	其他	嘿，我是制毒师，不是创造奇迹的人。
QuestLoc_NVB_QL3_Stripper_2_Question1_Line1_Answer3	<翻个白眼> 接下来你是不是要说，自己能赤手空拳把一只死爪摔倒？……	S3	病句	<翻个白眼> 接下来你是不是要说你能赤手空拳摔一只？……
QuestLoc_NVB_QL3_Stripper_2_Question4_Line1	到处是死爪，玛·琼也不在，没人给我做她那道拿手的煎蛋卷……	S3	漏译	到处是死爪，却没人能做玛·琼那道拿手煎蛋卷……
QuestLoc_NVB_QL3_Stripper_2_Question4_Line1_Answer1	真是懂吃的同道中人！这个能帮你狩猎。	S3	误译	真是懂吃的同道中人！这个能帮你觅食。
QuestLoc_NVB_QL3_Stripper_2_Question5_Line1_Choice2	姻亲之间那点破事，对吧？	S3	误译	亲戚之间那点破事，对吧？
QuestLoc_NVB_QL3_Stripper_3_Question1_Answer3	我自己用神奇胶水做发油。给。你试试看。	S3	误译	我自己用万能胶做发油。给。你试试看。
QuestLoc_NoRestfortheWicked_QuestLongDescription	看起来鲁巴布只是刚刚开始。你收到了监督者扎勒斯基的避难所发来的求救信号。最好去调查一下！	S2	误译	看起来鲁巴布只是刚刚开始。你收到了监督者扎勒斯基的求救电话。最好去调查一下！
QuestLoc_NoTimeforPaws_QuestLongDescription	我救下了那支回收队。但比格斯比没有和他们在一起。有人说他们可能躲进了314号避难所。	S3	误译	我救下了救援队。但比格斯比没有和他们在一起。有人说他们可能去了314号避难所。
QuestLoc_OBrother_Initial3	没什么比动力装甲和等离子蒸汽的那股味道更带劲了！	S2	多译	没什么比穿上一身动力装甲，拿着等离子枪更爽了！
QuestLoc_OBrother_QuestLongDescription	附近有个钢铁兄弟会相当大的基地，虽然他们是带有宗教色彩的军事组织，但总体来说还算不错。或许我们可以去打个招呼。	S3	漏译	附近有个钢铁兄弟会的基地，虽然他们是带有宗教色彩的军事组织，但总体来说还算不错。或许我们可以去打个招呼。
QuestLoc_OneGhoulCustomer_Conversation_1_Team_3	也许我该替你保管那瓶量子核子可乐，这样你就安全了。	S2	指代	也许我该拿着那些量子核子可乐，这样你就安全了。
QuestLoc_OperationSandman_Conversation_4_NPCStart_3	还有几十个人仍在废土上游荡，好凑够配额。	S2	病句	几十个仍在废土上游荡，以满足配额。
QuestLoc_OutfitRun_QuestLongDescription	你得到一条线索，废土上藏着一批装备。	S2	误译	你得到一个线索，废土上有一个供应装备的地方。
QuestLoc_OverwhelmingForce_QuestShortDescription	派遣一队穿着动力装甲的居民去清除掠夺者营地。	S3	错别字	派遣一队穿着动力装甲的居民去清缴掠夺者营地。
QuestLoc_ParleyTime_Conversation_3_NPCEnd_4	只是……抱歉……只是我会杀了他，然后成为至高无上的统治者。	S2	误译	只有那……对不起……只有那样我会杀死他，然后成为最高统治者。
QuestLoc_ParleyTime_Conversation_3_NPCStart_2	我提议结盟，直到其他骑士被击败。	S3	生硬	我建议联盟，直到其他骑士被击败。
QuestLoc_PartyCrasher_QuestLongDescription	你的一位居民在废土上发现了一间老旧的小屋。听起来像是有人在开派对。	S3	漏译	一位居民发现了一间小屋。听起来像是有人在开派对。
QuestLoc_PierIntoFuture_QuestLongDescription	哇哦！这是什么？这个曾经热闹的海滨因为一场莫名其妙的混战变成了废墟！进去翻找一下吧，谁知道会发现什么！？	S2	误译	哇哦！这是什么？这个曾经热闹的海滨现在变成了废墟，好像发生了什么可怕的事！进去看看吧，说不定能找到点好东西！
QuestLoc_PitStop_QuestLongDescription	机会来敲门！你的一位废土探险者发现了一个看起来无人居住的红火箭服务站。里面可能有些有用的东西。	S3	误译	机会来敲门！你的一位废土勇士发现了一个尚未被占领的红火箭服务站。里面可能有些有用的东西。
QuestLoc_PoweredUp_Conversation_1_NPCStart_3	宝拉以为这地方可能是避难所大都会。显然并不是。	S3	其他	宝拉以为这地方可能是避难所之城。显然并不是。
QuestLoc_PowertothePeople_Conversation_2_Team_2	你知道吗，作为一个掠夺者，你这用词还真是堪称典范。	S3	生硬	你知道吗，作为一个掠夺者，你的措辞还挺典范的。
QuestLoc_PowertothePeople_Conversation_3_NPCStart_1	呼——好险！	S3	误译	嘘，好惊险！
QuestLoc_RadiationLeak_QuestLongDescription	我们邻近的一座避难所发生了大规模的辐射泄漏，居民们变成了狂尸鬼！	S3	病句	我们的邻近的避难所发生了大型的辐射泄漏，居民们变成了狂尸鬼！
QuestLoc_RadroachRoundup_Conversation_1_NPCEnd_4	不，对不起。他们就这么消失在废土里了。就像……*我敢说吗？*……辐射蟑螂一样。	S3	病句	不，对不起。他们刚刚消失在废土了。就像……*我敢说吗？*……辐射蟑螂一样。
QuestLoc_RadroachRoundup_QuestLongDescription	附近一座研究辐射蟑螂的科学实验室发来了求救信号。小偷偷走了他们的防辐射服，还放出了所有的辐射蟑螂来掩护自己逃跑。现在科学家们束手无策，正请求帮助！	S3	误译	一个求救电话从附近的一个研究辐射蟑螂的科学实验室传来。小偷偷走了他们的防辐射服并释放了所有的辐射蟑螂来辅助他们逃跑。现在科学家们束手无策，正在求救！
QuestLoc_RaiderTroublesatCorvega_Conversation_1_NPCEnd_1	没什么，我们还没来得及抓住他，他就跑了。他说有些定居者被困在了鼹鼠洞里。废话少说，受死吧！	S3	生硬	没怎么，在我们能抓到他之前就离开了。说是一些定居点的人被困在了鼹鼠洞穴里。话说完了，准备受死吧！
QuestLoc_ReleasetheRaiders_Conversation_3_NPCStart_2	对不起，没有了它我完全失去了方向。我……我……必须……成为“战争”。成为他们所信仰的那一位。	S3	病句	对不起，没有了它我完全失去了方向。我……我……必须……成为“战争”。他们所信仰的人。
QuestLoc_ReleasetheRaiders_Conversation_4_NPCEnd_1	对！未完待续！	S2	生硬	对！要结束！
QuestLoc_ReleasetheRaiders_Conversation_4_NPCStart_4	一切都会在故事的第3部分揭晓！	S3	语序	故事在第3部分时，一切都将被揭示！
QuestLoc_RescueSanta_Conversation_1_Team_3	我们想要一匹小马。	S3	其他	我们想要一个小马。
QuestLoc_RevengeoftheGeeks_Conversation_2_Team_3	我唯一想要的质数，就是一块上等肋排。	S3	生硬	我想要的优质东西只有优质牛排。
QuestLoc_RoboRampage_Conversation01_NPC02	我们不承认人类是文明的，但那就这样吧。	S3	误译	我们不承认人类是文明的，但随你怎么说吧。
QuestLoc_RockThemLikeAHurricane_QuestLongDescription	让我们看看你对付一窝辐射蝎的本事吧。哦，还有，这次你的小队里只能有两个人。	S3	误译	让我们来看看你想怎么对付一窝辐射蝎。但这次，你的小队里只能有两个人。
QuestLoc_RubarbsReckoning_Conversation_1_NPCEnd_4	无薪加班？算我一个！	S3	生硬	无薪加班？帮我报名！
QuestLoc_RubarbsReckoning_QuestLongDescription	鲁巴布和他的掠夺者刚占领了711号避难所，他本人还在那儿。先拿下他的副手，然后去会会鲁巴布本人！	S3	指代	鲁巴布和他的掠夺者们占领了711号避难所，他还在那儿。拿下他的手下，然后亲自和他对峙！
QuestLoc_RunThreeDogRun_Conversation_2_Team_1	你们都是疯子！手册是错误的，杀戮*并不会*唤醒某个神话中的骑士！	S2	数字	你们都是疯子！手册是错误的，杀戮*并不会*唤醒一些神秘的骑士！
QuestLoc_S2_QL2_Q3_Req_Question1_Answer1	去找军需官B38。上一层，第二个路口左转，然后下楼，再原路折返，再上去……大概吧。	S3	病句	去找军需官B38。上一层，左转第二个，然后下去，原路返回，再上去……也许。
QuestLoc_S2_QL3_Q3_Insider_Question2_Answer2	哦，你真扫兴！我要找个能让我做回真正自己的地方。	S3	病句	哦，你真是个扫兴鬼！我要找个能做真正自己的地方。
QuestLoc_Sabotage_Conversation_1_NPCEnd_3	哦，好吧，要是你们耍赖动武器的话……	S3	误译	哦，当然，如果你要欺骗和使用武器的话……
QuestLoc_Sabotage_Conversation_2_NPCStart_3	他最起码也该给我们配够防护。	S2	语气	至少他还能给我们足够的保护。
QuestLoc_ScienceCooperative_Conversation_1B_NPCEnd_1	这叫为科学搞破坏！算了，说了你们也不明白。恕我失陪。	S3	病句	为了科学而蓄意破坏的！算了，说了你们也不明白。恕我失陪。
QuestLoc_ScienceCooperative_Conversation_2A_Team_2	用质子发射器吧，正电子，正得不能再正！	S3	漏译	质子发射器。感觉应该是这个！
QuestLoc_ScienceCooperative_Conversation_2E_NPCEnd_2	太妙了！我得把这个记下来。来，拿着，这是谢你们帮忙的。	S2	误译	真厉害！我要把这个写下来。来拿着，这个可以帮助你们！
QuestLoc_ScienceCooperative_Conversation_2E_Team_2	植物靠光制造养分，但蘑菇是从分解分子中获取营养的。	S2	病句	植物通过光获取营养，但蘑菇是靠分解分子。
QuestLoc_SecondStringers_QuestLongDescription	一群掠夺者绑架了一位定居者做人质。救出人质，并解开“超级杯”之谜！	S3	病句	一群掠夺者们绑架了一位定居者做人质。拯救人质并解开“超级杯”之谜！
QuestLoc_SetEmUpPestilence_Conversation_1_NPCStart_1	你们这些“战争崇拜者”不应该来这里。	S3	其他	你们这些“战狂”不应该来这里。
QuestLoc_SetEmUpPestilence_RaiderLine_2	配不配得上什么的，都是被吹出来的！	S3	误译	价值被高估了！
QuestLoc_SlidingintoHome_QuestLongDescription	也许教练饿了，躲进了那家旧麦片加工厂。罗基·杰宾森的棒球衫，我们来了！	S3	误译	也许教练饿了，然后躲在了某个麦片加工厂。罗基·杰宾森的棒球衫，我们来了！
QuestLoc_SnakeWater_Conversation_1_NPCStart_1	你找到了我，强大的水之术士！饮品执事！干渴泰坦！	S3	误译	你找到了我，强大的水之术士！饮料之神！水中泰坦！
QuestLoc_SnakeWater_QuestLongDescription	我们终于锁定了水之术士的下落。是时候去当面质问他，阻止他继续兜售他那吹上天的自来水了。也许我们还能顺便赚上一笔……	S3	误译	我们终于抓住了水之术士。是时候面对他了，阻止他再出售他的虚假神水。也许我们还可以赚一笔……
QuestLoc_SomewhereintheBallpark_QuestLongDescription	我们出发去搜索第十个地点，寻找罗基·杰宾森的棒球衫。这次我们也许会走运……对吗？	S3	漏译	我们出发去寻找第十个棒球衫可能存在的地点。这次我们应该会走运的……对吗？
QuestLoc_SpelunKingTrainingD_Conversation_1_NPCStart_2	而这些，你似乎多得用不完。	S3	生硬	你看上去似乎完美拥有了这些。
QuestLoc_SpelunKingTrainingE_QuestShortDescription	有魅力又敏捷的居民真的有本事赢得大赛吗？	S3	病句	魅力又敏捷的居民真的有本事赢得大赛吗？
QuestLoc_SpringForwardFallBack_RaiderLine_1	欢呼吧，复活节要来了！	S3	其他	欢呼吧，E-斯特要来了！
QuestLoc_SpringingtheTrap_Conversation_1_NPCStart_4	我眼下就会这么多。那么，有什么需要我们帮忙的吗？	S3	生硬	这就是我现在所拥有的。那么，我们如何帮助你呢？
QuestLoc_SpringingtheTrap_Conversation_2_Team_1	我们也没找到。话说回来，我们为什么要找这些动力装甲？	S3	生硬	运气不好。提醒我，我们为什么要找这些装备？
QuestLoc_SpringingtheTrap_Conversation_3_NPCStart_1	哦，太好了，你们不是“害虫”！我是每周博览会的卧底记者。	S3	语气	哦，好吧，你不是“害虫”！我是一名每周博览会的卧底记者。
QuestLoc_SpyonRaiders_Conversation_1B_NPCStart_2	我们叫“尖叫猎鹰”，就是那种又大又吓人的鸟，明白吗？	S3	生硬	我们被称之为“尖叫猎鹰”。就是那种又大又吓人的鸟知道吗？
QuestLoc_SpyonRaiders_Conversation_1D_NPCStart_2	我们是“燃烧子弹”。我们开枪打人，然后把他们点着。	S3	误译	我们是“火焰飞弹”。我们射击敌人，然后让他们着火。
QuestLoc_SpyonRaiders_Conversation_3A_NPCEnd_1	很好。现在去大闹一场吧！	S3	生硬	很好。现在去致伤致残吧！
QuestLoc_SpyonRaiders_Conversation_3A_NPCStart_1	站在你面前的，就是“碎骨者”的首领“扳关节者”！	S3	语序	你现在面前站的就是“扳关节者”，“碎骨者”的首领！
QuestLoc_SpyonRaiders_Conversation_3E_NPCStart_1	站在你们面前的，就是“推铅笔帮”的首领“尖点”！	S3	生硬	你们跟前站的名叫“尖点”，“铅笔推进器”的首领！
QuestLoc_SpyonRaiders_RaiderLine_1A	我们叫“碎骨者”可不是白叫的！	S3	语气	我们之所以被称作“碎骨者”是有原因的！
QuestLoc_SuperDuperTrooper_Conversation_1_NPCStart_2	这是钢铁兄弟会的一次战术行动。	S3	生硬	这是钢铁兄弟会的战术运作。
QuestLoc_SuperDuperTrooper_Conversation_2_NPCStart_2	辐射中等，卫生达标，脑活动偏低……	S3	生硬	适度的辐射，充分的卫生，轻度大脑活动……
QuestLoc_TakeMeOuttotheBallGame_Conversation_1_NPCEnd_2	四坏球！保送你上一垒——一路走回家吧。	S2	误译	四坏球！保送——直接上本垒。
QuestLoc_Test_Conversation01_Answer02NPC	您没有通过测试。等您能通过测试时再回来。	S2	误译	您没有完成测试。请在可以完成测试时回来。
QuestLoc_The20thInning_QuestLongDescription	一直没有教练或者罗基·杰宾森那件棒球衫的消息。他还在外面吗？他真的拿着那件棒球衫吗？只有一种办法能弄清楚！	S2	漏译	没有教练或是棒球衫的影子。他到底还在吗？他是不是真的有棒球衫？只有这一种方法才能知道了。
QuestLoc_TheBansheesKeen_Conversation_1_NPCEnd_1	什么，你听不见？可它响得要命！	S3	生硬	什么，你听不见？但是，它是如此响亮！
QuestLoc_TheBansheesKeen_Conversation_2_NPCEnd_1	那你就跟他们是一伙的，必须去死！	S3	生硬	那么你就是他们中的一员，你必须被杀死！
QuestLoc_TheBansheesKeen_Conversation_2_NPCStart_1	你们！马上让那噪音停下来！	S3	生硬	你们！现在让噪音停止！
QuestLoc_TheBansheesKeen_RaiderLine_3	快让它停下来！	S3	生硬	让它停止！
QuestLoc_TheCaseoftheMissingMitt_Conversation_2_NPCEnd_1	不知道。不过它肯定不会自己长腿跑了。也许是附近有谁顺手牵羊了。	S2	误译	不是，但它肯定不可能自己跑掉了。也许是周围什么人偷偷顺走了。
QuestLoc_TheCatBurglar_Conversation_1_NPCEnd_3	这规矩显然管不着我。废话！	S3	语气	很明显这个规则不适用于我。呸！
QuestLoc_TheCatBurglar_Conversation_2_NPCEnd_3	你是来装饰帽子的？给，这个拿去用吧。	S3	生硬	你来装饰你的帽子？这里，你可以用这个。
QuestLoc_TheCatBurglar_RaiderLine_2	好吧，这可真是完喵无缺……	S2	病句	这个，这只简直完美……
QuestLoc_TheDeBuggers_Conversation_2_NPCEnd_1	别担心，在那之前你应该还能玩上整整三分钟。	S3	误译	别担心，在那之前你应该能得到三分钟的上场时间。
QuestLoc_TheEndoftheRainbow_RaiderLine_2	这天气可真够呛……	S3	语气	我们正在经历可怕的天气……
QuestLoc_TheGreatAmericanPastime_QuestLongDescription	好吧，教练并不在运动酒吧里。也许他是个禁酒主义者。他最好不要把大吉岭茶洒在那件棒球衫上。该继续寻找了……	S3	漏译	好吧，教练并不在运动酒吧里。也许他是个禁酒主义者。他最好不要把什么茶水洒在那件棒球衫上。该继续寻找了……
QuestLoc_TheMysteryofVault666_Conversation_1_NPCEnd_4	人人都爱挑刺。	S3	生硬	每个人都是一个批评家。
QuestLoc_TheMysteryofVault666_Conversation_1_NPCStart_2	那么！你发现了我的藏身之处！666号避难所！我是……	S3	生硬	所以！你发现了我的藏身之处！666号避难所！我是……
QuestLoc_TheNightWatch_Conversation_1_NPCStart_3	有什么东西正从地底下偷红果！	S3	语气	有人正从地下窃取红果！
QuestLoc_TheReluctantShill_Conversation_1_Team_1	你能告诉我们他在哪儿吗？	S3	生硬	你能指给我们他在哪儿吗？
QuestLoc_TheScenicRoute_QuestLongDescription	一位眼尖的废土探险者在远处发现了一处孤零零的小屋。看来里面藏着什么人，或者什么东西。	S3	生硬	一位眼尖的探险者发现了一处孤零零的小屋。看上去像是，有人，或者有东西藏在里面。
QuestLoc_TheScorpionKing_Conversation_1_NPCStart_4	现在你们害得我几年的心血全白费了！	S3	语气	现在你们让我一下回到解放前！
QuestLoc_TheSecretofREDACTED_QuestShortDescription	揭露一个影响深远的阴谋。	S3	生硬	揭露一个深远的阴谋。
QuestLoc_TheSixthSun_Conversation_1_NPCStart_3	我已经警告过你了！	S3	生硬	你已经被警告！
QuestLoc_TheSixthSun_Conversation_2_NPCEnd_2	先确认一下，你明白那只是个比喻，对吧？	S3	误译	你知道，这只是一个修辞，对吧？
QuestLoc_TheSixthSun_Conversation_3_NPCStart_2	你必须在复活节到来之前阻止神父阿尔瓦拉多的计划。	S3	语序	你必须阻止神父阿尔瓦拉多的计划，在复活节到来之前。
QuestLoc_TheSpiritofTaking_Conversation_1_NPCStart_2	不幸的是，一些掠夺者跳了出来，拿走了我的宠物笼子。	S3	其他	不幸的是，一些掠夺者跳了出来，拿走了我的宠物盒子。
QuestLoc_TheSpiritofTaking_RaiderLine_3	哟，哟，看看是谁溜达进来了。	S3	误译	哈，哈，哈，看看谁来了。
QuestLoc_TheTailContinues_QuestObjective_1	寻找回收队。	S3	其他	寻找救援队。
QuestLoc_TheToweringIlForno_Conversation_1_NPCStart_2	装备？必死无疑？无价的破烂？	S3	生硬	衣服？确定的死亡？无价的杂物？
QuestLoc_TheYolksonYou_QuestLongDescription	大厨对你那不可思议的死里逃生本领总是惊叹不已，他想用一份辐射蝎蛋卷来庆祝一下。923号避难所最近被这些家伙侵占了，不妨就从那里开始吧。	S3	漏译	大厨对你死里逃生的能力表示惊讶。他想用辐射蝎蛋卷来庆祝。923号避难所最近被这些生物侵占了，不妨就从那里开始吧。
QuestLoc_ThrowMeSomePepper_QuestLongDescription	一些掠夺者占领了一幢旧的公寓大楼。也许这些混蛋们知道教练这个混蛋在哪儿。问问也无妨！	S3	误译	一些掠夺者占领了一幢旧的复式公寓。也许这些混蛋们知道教练这个混蛋在哪儿。问问也无妨。
QuestLoc_ThymeisMoney_Conversation_1_NPCEnd_2	你这是自找的，小茴香。	S2	误译	你得了，小茴香。
QuestLoc_ThymeisMoney_Conversation_2_NPCEnd_3	这可办不到，老兄！	S2	误译	不要吃辣椒，老爹！
QuestLoc_ToySoldiers_Conversation_1_NPCEnd_1	幸存者逃往了海神能源办公室。可惜你不会这么走运了！	S3	语气	幸存者逃往了海神能源办公室。抱歉你不够走运！
QuestLoc_TruthAmongtheAshes_Conversation_1_NPCStart_4	她满不在乎。说什么要去干一番史诗般的冒险。那就随她吧。	S3	误译	她不在乎。她说是什么华丽的冒险。那就这样吧。
QuestLoc_UndercoverOperations_Conversation_1_NPCEnd_4	你以为狂尸鬼是染上病了？我们会叫医护过来。现在去吧！	S3	误译	你认为狂尸鬼会传染吗？我们会请医务人员。现在去！
QuestLoc_UndercoverOperations_Conversation_1_NPCStart_3	但我们得靠你们下去，把这次袭击的头目收拾掉。	S3	生硬	但我们需要你到那里去斩断这次袭击。
QuestLoc_Vault199_QuestLongDescription	掠夺者有提到比格斯比可能逃到了199号避难所。我应该去四处打听一下。但愿居民们收留了它。	S3	多译	掠夺者有提到比格斯比可能逃到了199号避难所。我应该帮你问问。但愿它在居民那里。
QuestLoc_VaultTecExperimentReviewB_Conversation_1_NPCEnd_2	是的！拿着这个公文包。这次见面从未发生过……	S3	误译	是的！现在拿着这个行李箱。记住，这次见面从未发生……
QuestLoc_VaultTecExperimentReviewB_Conversation_2_NPCStart_2	把你们避难所的情报交出来，不然有你们好看！	S3	病句	给我们你们避难所的情报，不然的话！
QuestLoc_VaultTecExperimentReviewB_Conversation_2_Team_2	给你一条绝佳情报：避难所在……地下。	S3	误译	第一条情报就是：避难所在地下。
QuestLoc_VaultTecExperimentReviewC_Conversation_2_NPCStart_1	此地以骑士准则为尊。	S3	语气	在这里，骑士精神才是王道。
QuestLoc_VaultTecExperimentReviewC_Conversation_3_NPCEnd_3	我们国土上的财富都是你们的。	S3	多译	城堡里的财富都是你们的。
QuestLoc_WaroftheNerds_Conversation_1_NPCStart_2	那些呆子因为这些愚蠢的连载小说，已经开始互相开枪了！	S2	误译	这些呆子们都快因为这些愚蠢的作品开始互相射击了！
QuestLoc_WastelandTheMusical_QuestShortDescription	阻止一帮唱歌的掠夺者在这一带制造恐慌。	S3	病句	停止一帮唱歌的掠夺者威胁整个地区。
QuestLoc_WaterintoBrine_Conversation_1_NPCEnd_1	这样吧，有些掠夺者一直在找我们麻烦。干掉他们的头目，我们就告诉你。成交？	S3	生硬	告诉你，有些掠夺者给我们脸色看了。打倒他们的首领，我们就告诉你。成交吗？
QuestLoc_WeddingCrashers_Conversation_2_NPCEnd_3	你说得对！小甜心？我们一起逃走吧！	S2	误译	你说的对！蜂蜜蛋糕？我们一起逃跑吧！
QuestLoc_WeddingCrashers_QuestLongDescription	臭名昭著的掠夺者“刀锋萨莉”要和声名狼藉的“铁锤马克斯”结婚了。但两人都还在犹豫，因为他们都不想再过掠夺者的日子了。他们要是肯沟通就好了！赶紧闯进去替他们解决问题吧。	S3	误译	臭名昭著的掠夺者“刀锋萨莉”准备和另一个声名狼藉的掠夺者“铁锤马克斯”结婚了。但双方都还有点犹豫，因为他们都不想再作为掠夺者生活了。问题是他们根本不知道该怎么交流！赶紧介入帮他们解决问题吧。
QuestLoc_WeddingCrashers_RaiderLine_2	你是新娘那边的，还是新郎那边的？我得知道该把你们埋在哪个坑里。	S3	病句	你是新郎的熟人还是新娘的熟人？需要知道把你们埋在哪个坑里、
QuestLoc_WeddingCrashers_RaiderLine_3	耶！血肉横飞！这才叫婚礼嘛！	S3	误译	耶！大屠杀！现在这个婚姻才像样点！
QuestLoc_WelcometoParadise_QuestLongDescription	我发现了一张通往242号避难所的地图，那里的“居民”全都不是人类，而是各种生物。我该循着地图去揭开这座避难所的秘密。	S3	指代	我们已经发现了通往242号避难所的地图，这个避难所里的“居民”不是人类而是各种生物。我该跟着地图然后解开关于这个避难所的秘密。
QuestLoc_WhosonFirst_QuestLongDescription	亨丽埃塔是教练的前女友。她不知道他在哪里，但给了我们一件很赞的武器来帮我们拿下他。继续寻找吧！	S3	指代	亨丽埃塔是教练的前女友。她不知道他在哪里，但她给了一个很赞的武器来帮助你拿下他。继续寻找吧！
QuestLoc_WondersofScience_QuestLongDescription	著名科学家欧拓凡霍夫伯格就在附近，正在寻找现代的“青春之泉”。找到他，看看他有什么发现！	S3	误译	著名科学家欧拓凡霍夫伯格就在附近，正在研究现代社会永葆青春的方法。找到他，看看他有什么发现。
QuestLoc_WondersofScience_QuestShortDescription	霍夫伯格博士正在追寻知识与冒险！	S3	语气	霍夫伯格博士背负着探索知识和冒险的重任！
QuestLoc_WondersofTechnology_QuestShortDescription	霍夫伯格博士正在追寻知识与冒险！	S3	语气	霍夫伯格博士背负着探索知识和冒险的重任！
QuestLoc_WorkingOvertime_Conversation_1_NPCEnd_3	勒索？真的吗？你确定你不是掠夺者？	S3	错别字	勒索？真的吗啊？你确定你不是掠夺者？
QuestLoc_WorkingOvertime_Conversation_2_NPCStart_2	我是说……看看我……我连鼻子都没有！	S3	生硬	我想说……看看我……我连鼻子都没有！
RichPresence_Xbox_02	抵御尸鬼的攻击	S3	生硬	反抗尸鬼的攻击
RichPresence_Xbox_07	平息辐射蟑螂事件	S3	生硬	阻止辐射蟑螂事件
RichPresence_Xbox_09	在{1}号避难所里管理{0}位居民	S3	生硬	在{1}避难所里管理{0}位居民
RoomLevel_Mega	巨型	S3	生硬	大
RoomType_Utility_Description	公用设施说明……	S3	误译	功效说明……
RoomUnlocked	房间已解锁	S2	误译	解锁房间
Room_BarberShop_Desc	将居民分配在这里为他们定制外观	S3	生硬	将居民分配在这里来满足个性化需求
Room_Casino_2	游戏厅	S3	误译	游乐场
Room_Elevator_Desc	用于进入避难所更低的楼层	S3	生硬	用来进入到避难所里更低的楼层
RushMode_Button_Success	领取奖励	S3	语序	奖励领取
SeasonPass_UpsellModal_Premium	将你的赛季提升至新高度！\n购买高级通行证可立即为你的避难所带来强力加成，还能获得其他地方找不到的独家奖励！	S3	生硬	将你的赛季提升至新高度！\n购买高级通行证可立即为你的避难所注入强力提升，还能获得其他地方找不到的独家奖励！
Shop_StarterPack_Line2	超值之选	S3	生硬	了不起的价值
SnipSnipDialog_Wasteland_42	找到什么算什么，然后就回去。英雄主义什么的可不适合像我这样的巧手先生！	S3	多译	我会找到需要的东西，然后就回去。英雄主义什么的可不适合像我这样的巧手先生！
SnipSnipDialog_Wasteland_58	一条穿过焦枯树林的阴森小径？这诱惑真是难以抵挡。	S3	其他	一个恐怖的森林小径？这诱惑真是难以抵挡。
SnipSnipDialog_Wasteland_94	看啊，两个人类正在用轮胎扳手把对方往死里打。人类真是太棒了。	S2	漏译	看啊，两个人类正在用轮胎扳手互相殴打。人类真是太棒了。
Social_Button_SendHelpRequest	发送请求	S3	误译	发送要求
Social_Filter_HelpRequests	请求	S3	误译	要求
Social_NoHelpRequests	您还没有收到过任何礼物请求。	S3	指代	你还没有收到过任何礼物请求。
Speech_Conversation_NPC1_Topic16	咚咚咚。	S3	生硬	叩叩。
Speech_Conversation_NPC1_Topic25	待会想不想玩点什么？跳棋之类的？	S3	病句	待会想要玩点什么？跳棋还是？
Speech_Conversation_NPC1_Topic36	咚咚咚。	S3	生硬	叩叩。
Speech_Conversation_NPC2_Topic25_Response1	跳棋？我们才十岁吗？我们还是下国际象棋吧。	S3	误译	跳棋？我们才十岁吗？我们还是下象棋吧。
Speech_Eviction_15	你会后悔赶走我的！你一定会后悔的！	S3	生硬	你会后悔你赶走了我！后悔！
Speech_Eviction_25	监督者！监督者，救命！他们要把我赶出去！	S3	误译	监督者！监督者，救命！他们想踹我出去！
Speech_Eviction_27	你们算是帮了我一个忙。我在避难所里待得太安逸，人都变软了。	S3	语气	你们算是帮了我一个忙。我在避难所里好像住得过于舒服了。
Speech_Fail_Rush1	哦不！生产严重失败！	S3	病句	哦不！生产出了严重事故！
Speech_Generic_Dweller6	中国也建过避难所吗？嗯……	S3	多译	中国也建过避难所吗？谁知道呢。
Speech_Happiness_Happy2	看来我这苦瓜脸是要彻底变成笑脸了！	S3	生硬	看来我这愁脸是要永远翻成笑脸了！
Speech_Kid32	我今晚想在家里办个过夜派对！	S3	误译	我今晚想去朋友家过夜！
Speech_LivingQuarter_Dialogue_NPC2_14	你……应该也看出那句话里的讽刺了吧。对不对？	S3	病句	你……该看出了那句话里的讽刺。对不对？
Speech_LivingQuarter_PickupLines_16	你是我心尖上的人。	S3	语气	你是我的小呀小苹果。
Speech_LivingQuarter_PickupLines_29	我们是在一架垂直起降机上吗？因为我的心好像起飞了。	S3	其他	我们是在一架飞鸟上吗？因为我的心好像起飞了。
Speech_LivingQuarter_PickupLines_62	你有手表吗？我觉得现在是依偎的时间了。	S3	病句	你有手表吗？我想依偎在一起的时间到了。
Speech_Quest_Alone_Dweller_19	独自活着，独自死去。真让人沮丧。	S2	生硬	一人生，一人死。真让人抑郁。
Speech_Quest_Alone_Dweller_5	干这事是一回事。一个人干？呃。	S3	多译	任务是要完成的，但真的要一个人去吗？真是的。
Speech_Quest_Generic_Dweller_27	嚯，地上还有只死老鼠，真有情调。	S3	其他	嚯，地上还有只死老鼠，真够风雅的。
Speech_Quest_Generic_Dweller_Conversation_15_Response_2	尖叫声？音乐？还是有人跟着音乐在尖叫？	S2	漏译	尖叫声？音乐？伴随着音乐的尖叫声？
Speech_Quest_Generic_Dweller_Conversation_21_Response_1	没错……我正盯着你呢。	S3	生硬	你是啊，被我监视着。
Speech_Quest_Generic_Dweller_Conversation_22_Response_3	哇。这问题可真是一点坑都没有啊。	S3	语气	哇。这可真是个别有用心的问题。
Speech_Quest_Generic_Dweller_Conversation_23_Response_3	拜托！我可是避难所居民，不是自动售货机……	S3	语气	你好！避难所居民在此——不是自动贩卖机……
Speech_Quest_Generic_Dweller_Conversation_25_Response_3	不被喋喋不休的同伴分心？	S3	生硬	不要被喋喋不休的同伴所干扰而分心？
Speech_Quest_Generic_Dweller_Conversation_26_Response_1	大概是去洗个澡吧，就用分配给我的那两分半钟。	S3	生硬	也许是去洗一个分配给我的2分半钟的澡。
Speech_Quest_Generic_Dweller_Conversation_26_Response_3	请求再也别跟你分到一组。	S3	生硬	向上级请求再也不要和你分配在一起了。
Speech_Quest_Generic_Dweller_Conversation_29_Response_1	哦，你懂的。玩得开心，平平安安，快快乐乐。	S3	多译	哦，你懂的。玩得开心，住得安全，安居乐业。
Speech_Quest_Generic_Dweller_Conversation_30_Response_1	挺迷人的，对吧？以它自己那种可怕的方式。	S3	生硬	挺迷人的，对吧？用它那吓人的独门方式。
Speech_Quest_Loot_Dweller_40	这可是我挣来的，真是的。	S3	语气	这可是我挣来的，就是这么回事。
Speech_Quest_MainPath_Dweller_11	感觉这条路是对的……	S2	病句	这个感觉是对的路……
Speech_Quest_MainPath_Dweller_12	感觉这个方向是对的……	S2	病句	这个感觉是对的方向……
Speech_Room_SomeoneUnhappy_Classroom	我只是来学习的，不是来受这个自以为是的家伙的气的。	S3	病句	我只是来学习的，不是来受这个自以为是家伙的气的。
SpinToWin_FreeChip	免费筹码刷新倒计时	S3	生硬	免费筹码刷新于
Stats_Alien_Attacks_Stopped	终止外星人袭击	S3	生硬	外星人进攻已停止
Stats_Time_Played	游戏时间（累积）	S3	生硬	玩游戏时间（所有时间）
Stats_Wasteland_Creatures_Killed	消灭的废土生物	S3	生硬	废土生物被杀
Steam_Overlay	要进入商店，请在《辐射避难所》的 Steam 属性中启用 Steam 界面（Overlay）。	S3	误译	想进入商店，请在辐射避难所的 Steam 属性中启用 Steam 覆盖。
Theme_Name_EnclaveLivingQuarters	英克雷宿舍	S3	其他	英克雷生活区
Theme_Name_Standard_WeaponFactory	标准武器工厂	S3	误译	标准武器车间
Theme_Name_UltraciteWeaponFactory	辐射极琉矿武器工厂	S3	误译	辐射极琉矿武器车间
Title_DailyReport	每日报告	S3	误译	日常报告
Title_IcloudSave	云存档	S3	生硬	云保存
Tutorial_Tip_27	把居民分配到广播室，可以提高避难所全体居民的幸福度。	S3	指代	当一个居民被分配到广播室时，它会增加所有避难所居民的幸福度。
Tutorial_Tip_37_Xbox	您可以通过和选择列表的列名，为居民列表排序。	S3	病句	您可以通过和来选择名字整理居民列表。
Tutorial_Tip_68	任务里的某些敌人更强大，还拥有特殊攻击，试着优先解决他们！	S3	生硬	任务里的某些敌人会很强大，并产生特殊攻击，试着先除掉他们！
Tutorial_Tip_82	失败的任务随时都能重试……只要花几个瓶盖。	S2	误译	失败的任务可以重试……只要有充足的瓶盖就行。
VictorDialog_Generic_20	要刷厕所？要消灭入侵者？包在我身上！呃，姑且这么说吧。	S3	误译	要刷厕所？要消灭入侵者？包在我身上！呃，打个比方说。
VictorDialog_Generic_24	不知道监督者有没有在听。如果你在听……我挺喜欢你的，搭档。	S3	病句	不知道监督者有没有在听。如果有……我挺喜欢你的，搭档。
VictorDialog_ScienceLab_01	和你说句悄悄话，我对那些科学的东西不太灵光。	S3	生硬	和你说句悄悄话，我对那些科学的东西不太有头脑。
VictorDialog_Wasteland_19	喔，给我一个辐射蟑螂乱窜的家，那里鼹鼠和卡扎多尽情嬉戏……	S3	生硬	喔，给我一个辐射蟑螂乱窜的家，那里鼹鼠和卡扎多尽情欢玩……
VictorDialog_Wasteland_36	你知道老话怎么说的——碰上岔路口，挑一条往前走就是了！	S2	乱译	你知道老话怎么说的——见到岔路口，就把叉子拿走！
Wasteland_DwellerRevived2	又能继续探险了！	S3	指代	重新开始探险！
Wasteland_Full	您已达到废土中居民数量的上限！	S3	生硬	您已经达到了允许在废土探险居民数量的上限！
Wasteland_ItemCycleNormal_01	我找到一个储物柜，里面有{0}。	S3	生硬	我找到了一个锁柜，里面有{0}。
Weapon_Description_032Pistol_Enhanced	对付没有护甲的对手，这把枪还算像样。	S3	生硬	一把体面的枪。可以干掉没有护甲的对手。
Weapon_Description_AlienBlaster_Amplified	这种级别的威力通常是泽塔人巡洋舰才配得上的。	S3	漏译	这么强大的力量是为外星人巡航舰准备的。
Weapon_Description_AssaultRifle_Rusty	偶尔会卡壳，但那又怎样？还是很棒。	S3	生硬	偶尔会堵塞，但那又怎样呢？还是很强大的。
Weapon_Description_BBGun_Enhanced	小心！这小宝贝说不定真能擦破皮。	S3	生硬	小心！这个宝贝可能会破坏你的皮肤。
Weapon_Description_EnclavePlasmaRifle	专为那些喜欢让枪更流线、更漆黑，同时把对手化为一滩绿浆的人设计。	S2	指代	专为那些喜欢在把对手化为一滩绿浆时显得更冷峻、更深沉的人士设计。
Weapon_Description_Flamer_Rusty	喷出的火焰温度比标准型号低几度，但依然是死亡使者。	S3	病句	喷射的火焰会比正常型号低几度，但仍然是一个死亡使者。
Weapon_Description_GatlingLaser	这是一挺旋转机枪，还带激光。不用多说了。	S3	其他	这是一个旋转机枪。有激光。足够了。
Weapon_Description_InstituteRifle_Excited	那具动力核心里正在开粒子派对。	S3	误译	在力量的核心有一个粒子派对。
Weapon_Description_LaserMusket	独立战争时代的造型遇上高科技火力。	S3	误译	革命式的模型遇上高科技能力。
Weapon_Description_LaserRifle_WazerWifle	比依说你很灰使武器。他说得没错。	S3	漏译	比依说你很会使武器。他说得没错。
Weapon_Description_LeverActionRifle_Enhanced	给杠杆上点油，装几发新子弹。该大开杀戒了。	S3	生硬	在杠杆上上点油，装一些新发子弹。现在是杀戮时间。
Weapon_Description_LeverActionRifle_Henrietta	看上去像是个古董，但别让老朗费罗听到你这么说。	S3	错别字	看上去像是个古董，但别让老费朗罗听到你这么说。
Weapon_Description_Minigun_Rusty	枪管转起来没那么快，但一旦转起来……哎哟。	S3	误译	弹筒旋转得不快，但当它快的时候……哎呦喂。
Weapon_Description_MissileLauncher_MissLauncher	她浑身都是轰鸣和劲爆的火力。	S2	误译	她会让现场充满了爆炸和哇哇叫。
Weapon_Description_PlasmaPistol_Focused	没错，你刚把那个奴隶贩子变成了一滩绿水。干得漂亮！	S2	漏译	是的，你只是把敌人变成一个绿色的水坑。干得漂亮！
Weapon_Name_FireHydrantBat	消防栓球棒	S3	漏译	消防栓
Weapon_Name_GatlingLaser_Tuned	调谐型加特林激光枪	S3	误译	调试型加特林激光枪
Weapon_Name_InstituteRifle_Long	加长型学院步枪	S3	生硬	长款学院步枪
Weapon_Name_LaserRifle_Tuned	调谐型激光步枪	S3	误译	调试型激光步枪
Weapon_Name_LaserRifle_WazerWifle	“瓦仄外辐”激光步枪	S3	多译	“瓦仄外辐”经典激光步枪
Weapon_Name_PipeRifle_Long	加长型管道步枪	S3	生硬	长款管道步枪
Weapon_Name_PlasmaPistol_Tuned	调谐型等离子手枪	S3	误译	调试型等离子手枪
Weapon_Name_PlasmaRifle_Tuned	调谐型等离子步枪	S3	误译	调试型等离子步枪
Weapon_Name_PlasmaThrower	等离子喷射器	S3	其他	等离子发射器
Weapon_Name_PlasmaThrower_Agitated	激发型等离子喷射器	S3	误译	激活型等离子发射器
Windows_Service_Error	出现了错误，如果问题仍然存在，请联系客服。\n\n错误代码{0}	S3	生硬	出现了错误，如果问题继续的话，请联系客服。\n\n错误代码{0}
localSaveConfirmMessage	您确定要保留本地存档吗？	S3	生硬	确定想要保留本地存档？
