key	detail
Achievement_Xbox_Completed_02	首 | '消灭10个任务首领'
Achievement_Xbox_Completed_12	品 | '拆解了500个物品'
Achievement_Xbox_Completed_16	里 | '在美发室里改变了10个居民的外形'
Achievement_Xbox_Description_02	首 | '消灭10个任务首领'
Achievement_Xbox_Description_12	品 | '拆解500个物品'
Achievement_Xbox_Description_16	里 | '在美发室里改变10个居民的外形'
Achievement_Xbox_Name_02	除 | '你被开除了！'
Achievement_Xbox_Name_04	野 | '城野游侠'
Age_Verification_Under13_Popup	查 | '由于此账户属于未满13岁的用户，您无权访问游戏。如果您认为此判定有误，请检查您设备的账户设置或向父母/监护人寻求帮助。'
BarberShop_FacialFeature	面 | '面部特征'
BarberShop_Upgrade_Info	面 | '个性化面部特征'
BrotherhoodOfFeels_ConversationAnswer_01_NPC01	高 | '祝你平安，陌生人。很高兴你能来。'
BrotherhoodOfFeels_ConversationAnswer_01_PC04	附 | '我们来自附近的避难所。也许我们可以互相照顾，交易物资？'
Button_Reset	重 | '重置'
CloudActivationFailed	查 | '云激活时发生错误。请检查您的云设置，或稍后再试。'
Controls_Switch_Vault_ResetCamera_Switch	重 | '重置镜头（按）'
Controls_Xbox_Footer_Rename	重 | '重命名'
Controls_Xbox_Vault_NCQ	量 | '量子核子可乐'
Controls_Xbox_Vault_ResetCamera	重 | '重置镜头（点击）'
Controls_Xbox_Vault_ResetCamera_Switch	重 | '重置镜头（按）'
Crafting_FreeJunk_Main1	里 | '这里有一些配方和杂物，可以打造探险时无法得到的装备和武器。'
Crafting_FreeJunk_Main2	品品 | '许多物品无法探险时找到，只能通过打造获取。当您选择时，这些物品会有打造图标标识。'
Crafting_Junk_Required	需 | '需要配方'
CurieDialog_Armory_01	里 | '我猜这里就是我们学习如何更好地互相射击的地方。'
CurieDialog_Cafeteria_01	餐食 | '我会尽我所能提供均衡的一餐。即便用的是这些……劣质食材。'
CurieDialog_Generic_04	需 | '需要帮忙吗？'
CurieDialog_Generic_06	需 | '您需要什么吗？'
CurieDialog_Generic_10	里 | '真希望避难所里能有阳光。'
CurieDialog_Generic_11	需 | '您需要医疗救助吗？'
CurieDialog_Generic_19	里 | '这里太局促了。我想我会用工作来转移注意力。'
CurieDialog_Generic_20	面面 | '要是我们都能住在外面就好了。不过，外面也不太好过。'
CurieDialog_Generic_21	需 | '您还好吗？需要我为您拿点什么吗？'
CurieDialog_Generic_24	里 | '我们为什么不在避难所里使用楼梯呢？这对我们居民的健康会有好处。'
CurieDialog_Generic_25	需 | '如果有人需要体检，我随时都在！'
CurieDialog_Gym_01	降 | '锻炼时一定要找搭档，以降低受伤风险！'
CurieDialog_Hydroponics_01	里 | '哦！这个房间的色彩太绚烂了！我真想永远待在这里。'
CurieDialog_LivingQuarters_01	重 | '请记住，充足的睡眠对心理健康是最重要的！'
CurieDialog_Medbay_01	量 | '我的治疗针都经过了严格的质量把关。您想要一支吗？'
CurieDialog_Medbay_02	需 | '您需要治疗针吗？我多做了一些。'
CurieDialog_OutfitWorkshop_01	品 | '我爱这个房间！服装既是艺术，也是实用品。还有什么更好的方式打发时间吗？'
CurieDialog_Reactor_01	里量里 | '这个房间里的能量惊人。我的电路里都能感受到它！'
CurieDialog_Wasteland_12	里 | '这可真奇怪。船难道不是应该待在水里吗？'
CurieDialog_Wasteland_15	里 | '在这里，我可以研究一些当地的原生物种！'
CurieDialog_Wasteland_17	除 | '我探测到敌人了。恐怕我得清除他们。'
CurieDialog_Wasteland_18	量面 | '我发现一盒……能量面条？听起来很有营养。'
CurieDialog_Wasteland_23	里 | '这里作为采石场可真奇怪。'
CurieDialog_Wasteland_41	靠 | '有几只辐射蟑螂正在靠近。很遗憾，我必须踩扁它们。'
CurieDialog_Wasteland_42	靠 | '有某种恶心的东西正在靠近。我能听到窸窸窣窣的爬行声。'
CurieDialog_Wasteland_45	雷 | '我发现了一片破片地雷场。人类互相残杀的方式之多，真是可怕。'
CurieDialog_Wasteland_48	里 | '他们说我的智能是人工的，但我认为我比这里大多数人都更聪明。'
CurieDialog_Wasteland_50	里面 | '我发现了一座小房子，里面有个女人正在分娩。我相信我可能帮上了忙，保住了那位母亲的生命。'
CurieDialog_Wasteland_9	里 | '这里的人似乎对暴力趋之若鹜，不是吗？'
CurieDialog_WaterPlant_01	高品 | '我会尽我所能，确保为我们居民提供最高品质的水！'
CurieDialog_WeaponsWorkshop_01	里 | '这些杀戮与毁灭的工具。我们为什么要在这里制造它们呢？'
Curie_Name	里 | '居里'
DangerousPermission_WriteExternal	需 | '辐射避难所需要使用媒体和文件来下载额外的游戏数据和提升用户体验。'
Dweller_EmptySlot	里 | '拖到这里'
Dweller_EmptyTapSlot	里 | '点击这里'
Dweller_EmptyTapSlot_PC	里 | '点击这里'
Emergency_EnclavePowerArmor	雷 | '英克雷动力装甲袭击'
Emergency_EnclaveSecurity	雷 | '英克雷保安袭击'
Enclave_Description	金金雷金查雷 | '这是废土淘金热！找到并交易金条，让我们的伟大避难所繁荣起来。但那是谁在敲打避难所大门？据说英克雷已经解散，可现在他们正冲着我们的黄金而来。监督者，去查出谁在掌控'
Enclave_IntroPopup_Body	限 | '在本赛季新实验避难所中考验您作为监督者的实力！实验避难所引入全新玩法和独家奖励。赛季时间有限——千万别错过！'
Enclave_IntroPopup_Title	金 | '“黄金至上”赛季来袭！'
Enclave_SeasonEndPopup_Title	金 | '“黄金至上”赛季已结束'
Enclave_Title	金 | '避难所赛季：黄金至上'
Encounet_Progression_Creature1	野 | '我得在这只野狗杀了我之前先干掉它！'
Encounet_Progression_Creature2	野 | '野狗逼近，准备攻击。'
Encounet_Progression_Creature43	面 | '这只死爪面前，我怎么可能活下来？！'
Encounet_Progression_Creature45	雷 | '英克雷死爪就是被训练来杀戮的——这将是一场你死我活的死战！'
Encounet_Progression_Creature46	雷 | '英克雷死爪逼近，准备攻击。'
Encounet_Progression_Creature9	餐 | '妖怪熊正向我冲过来！它把我当成了午餐！'
Encounet_Progression_Location13	里里 | '合成人和超级变种人的战斗把我困在了房间里，房间里就有化学工作站。'
Encounet_Progression_Location15	里 | '厂区大部分都被水淹了，想把这里探个遍，就得潜到水底下游过去。'
Encounet_Progression_Location16	里面 | '我在里面找到一扇卡住的门。这儿有把斧子，正好可以拿来把它砸开。'
Encounet_Progression_Location3	查 | '正在搜查废弃小屋。'
Encounet_Progression_NPC10	需 | '它需要修理，不过我也许能帮它修好。'
Encounet_Progression_NPC6	需 | '猎人需要我帮他找到妖怪熊。'
Encounter_Defeat_Creature1	野 | '野狗咬伤了我的腿！只能一瘸一拐地逃了！'
Encounter_Defeat_Creature2	靴 | '鼹鼠把我的靴子都咬穿了！得赶在丢掉一只脚之前开溜！'
Encounter_Defeat_Creature21	里 | '这只狂尸鬼掠夺者太强大了！我真是死里逃生！'
Encounter_Defeat_Creature23	雷 | '这只英克雷死爪受过训练，挡它路的通通杀掉！我得跑！'
Encounter_Defeat_Creature3	防 | '我没防住这只巨大苍蝇的蛰刺！快跑吧！'
Encounter_Defeat_Creature6	里 | '狂尸鬼比看起来要强壮多了！我得离开这里！'
Encounter_Defeat_Location10	餐里 | '我在废弃餐厅里发现了掠夺者的痕迹。趁还走得掉，赶紧离开吧。'
Encounter_Defeat_Location13	品 | '我好像混错了化学品，升起了一团烟雾。但这至少能掩护我逃出去。'
Encounter_Defeat_Location17	面 | '一群泥沼蟹在那下面打了我个措手不及！我勉强逃了出来。'
Encounter_Defeat_Location3	里 | '废弃小屋里什么都没有。继续向前吧。'
Encounter_Defeat_Location5	里面 | '我打不开保险箱。永远都没法知道里面有什么了……'
Encounter_Defeat_Location8	靠 | '奴隶营的戒备太森严了。那些可怜的人。光靠我自己无法帮助他们。'
Encounter_Defeat_Repeatable_JunkLocation3	靠 | '我无法靠近。湖水的辐射使我感到恶心。'
Encounter_Defeat_Repeatable_JunkLocation4	高 | '这个房间的安保太高级了，我根本打不开那扇门。'
Encounter_Message_Creature1	野 | '一只凶残的野狗，正愤怒地低吼。'
Encounter_Message_Creature23	雷 | '一只英克雷死爪。'
Encounter_Message_Creature3	靠 | '一只巨大苍蝇，危险地嗡嗡叫着靠近。'
Encounter_Message_Creature8	品 | '一只拾荒者的狗，嗅着废品的味道。'
Encounter_Message_Location10	餐 | '一处貌似废弃的小餐馆。'
Encounter_Message_Location4	里面 | '一个旧冰箱。里面可能有东西。'
Encounter_Message_Repeatable_JunkLocation12	野 | '一片开阔的田野，想不被发现就穿过去是不可能的。'
Encounter_Message_Repeatable_JunkLocation6	防 | '一处防御严密的幸存者前哨站。'
Encounter_Progression_JustStartedTier1_3	防 | '我不会走得太远，以防万一。'
Encounter_Progression_JustStartedTier1_7	面 | '哇，外面一直都这么热吗？'
Encounter_Progression_JustStartedTier1_9	面 | '不知道外面还剩下些什么呢？'
Encounter_Progression_JustStartedTier2_1	靠 | '不知道光靠两条腿能走多远？'
Encounter_Progression_JustStartedTier2_11	里 | '开始后悔来这里。'
Encounter_Progression_JustStartedTier2_17	里 | '我真的不想在这里被吃掉……'
Encounter_Progression_JustStartedTier2_18	里 | '如果我死在这里，他们永远不会知道……'
Encounter_Progression_JustStartedTier2_20	面 | '这外面总该有点什么吧。'
Encounter_Progression_JustStartedTier2_8	面 | '早知道就一路撒点面包屑了。'
Encounter_Progression_Repeatable_JunkLocation12	野 | '匍匐在地上，尽可能快地穿过田野。'
Encounter_Progression_Repeatable_JunkLocation8	里 | '找找公馆里还有没有任何有价值的东西。'
Encounter_Random_Message102	面 | '在这外面待久了，眼睛都会开始骗你。'
Encounter_Random_Message105	面 | '我的哔哔小子在这外面可真是帮了大忙。'
Encounter_Random_Message107	鞋 | '我的鞋底已经磨穿了。'
Encounter_Random_Message111	里 | '我要从这栋被毁的建筑里穿过去。'
Encounter_Random_Message115	附里 | '那是……音乐？附近哪里可能有台收音机？'
Encounter_Random_Message117	防 | '一座旧消防站。可就连他们也没能拦住世界燃烧。'
Encounter_Random_Message128	里 | '探险家日志。新条目：肚子饿了。馋索尔兹伯里牛排了。'
Encounter_Random_Message13	面 | '喂？外面有人吗？'
Encounter_Random_Message133	食靠防 | '探险家日志。新条目：有些战前食物还能吃。全靠防腐剂。'
Encounter_Random_Message136	里 | '探险家日志。新条目：这里的动植物看起来都挺……怪的。'
Encounter_Random_Message137	面里 | '探险家日志。新条目：在这外面，生命总能在夹缝里繁衍。'
Encounter_Random_Message138	重 | '探险家日志。新条目：许多建筑物仍然存在。但损坏严重。'
Encounter_Random_Message139	重 | '探险家日志。新条目：大部分水都没法喝。辐射太重。'
Encounter_Random_Message142	食 | '探险家日志。新条目：食物匮乏。有些人被迫吃人。'
Encounter_Random_Message144	面非 | '探险家日志。新条目：尸鬼是被辐射改变的人类。面目全非。'
Encounter_Random_Message150	里 | '探险家日志。新条目：辐射蟑螂。它们能在任何环境里存活。'
Encounter_Random_Message16	雨 | '天边有乌云。希望不会下雨。'
Encounter_Random_Message165	防 | '探险家日志。新条目：动力装甲依然存在，但很少见。防护性能拉满。'
Encounter_Random_Message166	食 | '探险家日志。新条目：找到了一个愿意分享食物的胖子。又可以多活一天。'
Encounter_Random_Message175	雷 | '嗯？什么东西在闪？怎么会——哦我的天，我进雷区了！慢……慢……慢点挪……'
Encounter_Random_Message186	面 | '说真的，这外面也没那么糟。有时候吧。'
Encounter_Random_Message196	里面 | '嗯，箱子。真希望我能开锁。我敢打赌里面一定有一些好东西。'
Encounter_Random_Message197	里 | '一个破碎的瓶子、弹壳、几滴血……这里绝对发生过战斗。'
Encounter_Random_Message20	面 | '在外面待久了，还真是孤单啊。'
Encounter_Random_Message208	高 | '这么多的高楼大厦。不知道它们还能不能一直矗立下去……直到永远。'
Encounter_Random_Message209	里 | '我听见一个孩子的哭声。不确定它从哪里传来。'
Encounter_Random_Message215	里 | '嗯，地铁站。我不想去那里。'
Encounter_Random_Message216	里面 | '一条汽车隧道。里面可真黑。我还是绕路吧。'
Encounter_Random_Message218	面 | '地面上有一把破枪。没用。'
Encounter_Random_Message23	里 | '不知道那里有什么。'
Encounter_Random_Message26	需 | '只需要继续前进。'
Encounter_Random_Message28	里 | '断枝。一定有东西经过这里。'
Encounter_Random_Message29	除 | '除了硬着头皮往前走，已经无处可去了。'
Encounter_Random_Message3	鞋里 | '嗷。我的鞋里进了石头。'
Encounter_Random_Message41	面 | '真想让其他人也亲眼看看这外面有多糟……'
Encounter_Random_Message42	雨 | '那边的天空看起来有点不对劲。暴风雨可能要来了。'
Encounter_Random_Message55	鞋 | '还好我穿着合脚的鞋子。'
Encounter_Random_Message6	里 | '那里可能有东西。'
Encounter_Random_Message67	里 | '如果我在这里迷路可就出大事了。'
Encounter_Random_Message80	院 | '一家旧医院。看上去被洗劫一空。'
Encounter_Random_Message85	降 | '一架坠毁的老式垂直起降机。战前军队的装备。'
Encounter_Random_Message87	里面 | '一个干涸的游泳池，里面全是骷髅。真是妙极了。'
Encounter_Random_Message91	需 | '需要控制我的呼吸。保持冷静。'
Encounter_Random_Message97	里 | '我在这里的时间越长，就越是危险。'
Encounter_Random_Message99	面 | '光是待在这外面就够我肾上腺素飙升了！'
Encounter_SurpriseQuest_MarketPlace	查 | '偶然路过了一个大无敌超市，彻底搜查了一遍。'
Encounter_Victory_Creature1	野 | '我做到了。野狗死了。'
Encounter_Victory_Creature23	雷 | '我杀死了英克雷死爪。至少现在它自由了。'
Encounter_Victory_Creature26	高 | '我们打得难分高下，但超级变种人霸主终于死了。'
Encounter_Victory_Location1	里面 | '我找到一扇没上锁的门进了广播塔，里面有个物资储藏点。'
Encounter_Victory_Location14	里面 | '我从后门逃跑，被岩石绊倒了。岩石是中空的，里面塞满了物资。'
Encounter_Victory_Location15	面 | '我憋着气撑到找到一间物资室，水面上还漂着几样东西。'
Encounter_Victory_Location17	面 | '我发现有泥沼蟹躲在下面，于是掉头回去，把啤酒厂又搜了一遍。'
Encounter_Victory_Location4	里面 | '我把冰箱打开。里面有一些物资。'
Encounter_Victory_Location5	里面 | '我撬开了保险箱！里面好像有好东西……'
Encounter_Victory_Location9	里 | '我在储藏间里发现了几只未开封的货箱。'
Encounter_Victory_NPC3	需 | '尸鬼给了我一些物资……还有我最需要的友谊。'
Encounter_Victory_Repeatable_JunkLocation3	里 | '我咬紧牙关，赶在湖里的辐射把我放倒之前把它拿到了手。'
Encounter_Victory_Repeatable_JunkLocation4	里面 | '我找到了密码！里面好像有个工作间……'
Encounter_Victory_Repeatable_JunkLocation6	里 | '他们让我进门，给了我一些吃的，还随我在他们的废料堆里自取。'
Encounter_Victory_Repeatable_JunkLocation7	里品 | '他们一直都不知道我在那里！我甚至还拿了一些战利品。'
Erase_Save_Slot_Confirm	除 | '您确定要清除这个避难所吗？'
Erase_Save_Slot_Double_Confirm	里餐里品除 | '此避难所里任何从午餐盒里得到的物品都会永远消失。您确定要删除吗？'
Facebook_AskRequest_Message	需 | '我需要一些杂物！'
Facebook_HelpRequest_Message	里需 | '这里有你需要的杂物！'
Facebook_SendGift_Message	里 | '这里有一些杂物给你，希望能对你有所帮助。'
Generic_Food	食 | '食物'
Generic_Lunchbox	餐 | '午餐盒'
Generic_NukaColaQuantum	量 | '量子核子可乐'
Gym_Upgrade_Info	量 | '加速力量（S）的训练'
Help_Page01_BottomText	餐 | '提示：完成某些目标能赢得午餐盒、宠物笼子或巧手先生盒！'
Help_Page01_MainText	量 | '总会有三个目标同时给您完成。\n\n您可以每天放弃一个目标，同时会出现一个新目标。\n\n每天还能使用量子核子可乐跳过额外的目标。\n\n目标越难，奖励越大。'
Help_Page02_MainText	量 | '每个居民都有SPECIAL属性。\n\nS（力量）\nP（观察力）\nE（耐力）\nC（魅力）\nI（智力）\nA（敏捷）\nL（运气） \n\n避难所的每间房都和居民SPECIA'
Help_Page03_BottomText	餐里 | '提示：可以在午餐盒里找到稀有和传奇级别的居民。'
Help_Page03_MainText	高高高量高 | '等级\n\n居民在生产房间中工作、在废土中探险以及在任务中击杀敌人时都会提升等级。\n\n升级会增加居民的生命值。等级越高，生命值越高；但耐力值高的居民在升级时会获得更'
Help_Page04_BottomText	高 | '提示：居民级别越高，复活时花费的瓶盖就越多。'
Help_Page04_MainText	防除除 | '当生命值耗尽时，居民会死亡。\n\n想要防止居民死亡，您可以：\n- 给他们打治疗针恢复生命值。\n- 给他们消辐宁消除辐射。\n- 死亡居民可花费瓶盖复活，或从避难所中'
Help_Page05_MainText	重高查 | '您让居民做的事情会让他们变得开心或者难过。\n\n保持居民的幸福度是很重要的！一个幸福度高的避难所会更有效率，资源生产得更快。\n您可以在居民的个人信息查看他们的幸福'
Help_Page06_BottomText	餐 | '提示：连续登录七天将会获得午餐盒奖励。'
Help_Page06_MainText	高高 | '每天系统都会依据避难所居民的开心程度发放相应奖励。\n\n- 您的避难所评级将会结合所有居民的幸福度。 \n\n- 您的奖励是基于避难所每天的评级。\n\n- 避难所评级越'
Help_Page07_MainText	需里 | '当您需要新居民时，您可以鼓励您的居民多生育。\n\n- 将一个男人和女人放在宿舍里，看看他们是不是喜欢对方。\n\n- 如果一切顺利的话，女方将会怀孕。\n\n- 过一段时'
Help_Page07_MainText_PC	需里 | '当您需要新居民时，您可以鼓励您的居民多生育。\n\n- 将一个男人和女人放在宿舍里，看看他们是不是喜欢对方。\n\n- 如果一切顺利的话，女方将会怀孕。\n\n- 过一段时'
Help_Page07_MainText_Xbox	需里 | '当您需要新居民时，您可以鼓励您的居民多生育。\n\n- 将一个男人和女人放在宿舍里，看看他们是不是喜欢对方。\n\n- 如果一切顺利的话，女方将会怀孕。\n\n- 过一段时'
Help_Page08_BottomText	需 | '提示：请记住不要建造超出需求的房间，或者扩张得过快。'
Help_Page08_MainText	除 | '建造宿舍，诞生更多的新居民。\n\n- 建造更多房间来扩大您的避难所，生产更多的资源。\n\n- 注意避难所资源的标尺。在选择下一间要建造的房间时，它们是很好的参考。\n'
Help_Page09_MainText	高高餐 | '升级您的房间，来提高它们的性能。\n\n- 大多数房间都可以升级两次。升级的资源房间能够生产更多资源。\n\n- 最多能合并三个房间。但三个房间必须左右相邻。\n\n- 合'
Help_Page10_MainText	量品量 | '储藏室会增加您的武器，装备，杂物和宠物的存储空间。\n\n- 升级储藏室，增加存储容量。\n\n- 通过哔哔小子菜单访问库存，卖掉不想要的物品。\n\n- 分解武器和装备，'
Help_Page10_MainText_3DTouch	量品重量 | '储藏室会增加您的武器，装备，杂物和宠物的存储空间。\n\n- 升级储藏室，增加存储容量。\n\n- 通过哔哔小子菜单访问库存，卖掉不想要的物品。您还可以通过3D Tou'
Help_Page11_BottomText	里 | '提示：多名居民一起训练能缩短训练房间里所有居民的训练时间。'
Help_Page11_MainText	里量重高高需量 | '将居民放进训练房间里将会提升他们的SPECIAL属性。\n\n每一个属性都有对应的训练房间。\n\n力量：举重房\n观察力：军械库\n耐力：健身房\n魅力：会客室\n智力：教室'
Help_Page12_MainText	零重高里 | '广播室能吸引来自废土的新居民。\n\n- 广播室会周期性地发出信号，召唤新居民加入。有时会收到回应。\n\n- 如果广播室的计时器走到零还没有新的居民回应，计时器会自动'
Help_Page13_MainText	品餐里量需 | '有许多方式可以赚取瓶盖。\n- 在废土和任务中找到\n- 完成目标\n- 居民升级\n- 贩卖物品\n- 每个午餐盒里都有一定数量的瓶盖\n- 一些幸运的居民在收集资源时偶'
Help_Page14_BottomText	降 | '提示：灾害出现的概率随着时间会慢慢降低。'
Help_Page15_MainText	里查降零品 | '派遣您的居民去探险废土。\n\n在那里，他们会找到瓶盖，增长经验值，然后给避难所带回武器、装备和杂物。他们走的越远，找到的奖励就越好，不过遇到的困难也越多。\n\n- '
Help_Page15_MainText_PC	面查需降零品 | '派遣您的居民去废土寻宝。\n\n在外面他们会找到瓶盖，获得经验，并带回各种武器，装备和杂物。他们走得越远，找到的奖励就越好，当然遇到的困难也越大。\n\n- 拖拽一个居'
Help_Page15_MainText_Xbox	面查需降零品 | '派遣您的居民去废土寻宝。\n\n在外面他们会找到瓶盖，获得经验，并带回各种武器，装备和杂物。他们走得越远，找到的奖励就越好，当然遇到的困难也越大。\n\n- 指派居民前'
Help_Page16_BottomText	餐 | '提示：稀有和传奇级别的居民能在午餐盒中找到，他们的属性通常很强。'
Help_Page16_MainText	餐需餐量里食餐里品餐品 | '避难所科技的午餐盒能加快您的进程。\n\n居民- 需要更快获得更多居民？每个午餐盒都有机会抽到一个居民。\n\n武器- 所有能在废土生存中用到的好东西。从BB枪到小型核'
Help_Page16_Title	餐 | '午餐盒'
Help_Page17_MainText	除阻防品里野里里 | '您的避难所随时都会发生灾害！当极速模式失败时，也会造成灾害。灾害是随机的，请注意以下情况：\n\n火灾-在火势蔓延到其他房间之前赶紧扑灭。\n\n辐射蟑螂-这些磨人的小'
Help_Page18_BottomText	面 | '提示：居民菜单图标显示了避难所的居民人数，以及外面等待的居民人数。'
Help_Page18_MainText	面查查量需查餐餐餐餐面 | '1. 废土- 点击避难所外面可查看废土日志。\n2. 居民菜单- 可以用来快速整理和选择您的居民。\n3. 幸福度- 避难所整体的幸福度。点击可以查看其为避难所带来'
Help_Page18_MainText_PC	面查查量需查餐餐餐餐面 | '1. 废土- 点击避难所外面可查看废土日志。\n2. 居民菜单- 可以用来快速整理和选择您的居民。\n3. 幸福度- 避难所整体的幸福度。点击可以查看其为避难所带来'
Help_Page18_MainText_PS4	查量需查量餐餐餐餐餐面 | '1. 废土-按\ue00c打开废土日志。\n2. 居民菜单-可方便地排序和选择您的居民。\n3. 幸福-避难所整体幸福度。按\ue007查看它为您的避难所提供的加成。\n4. 资源栏-当'
Help_Page18_MainText_Switch	查量需查量餐餐餐餐餐面 | '1. 废土-按\ue00c打开废土日志。\n2. 居民菜单-可方便地排序和选择您的居民。\n3. 幸福-避难所整体幸福度。按\ue007查看它为您的避难所提供的加成。\n4. 资源栏-当'
Help_Page18_MainText_Xbox	查量需查量餐餐餐餐餐面 | '1. 废土-按\ue00c打开废土日志。\n2. 居民菜单-可方便地排序和选择您的居民。\n3. 幸福-避难所整体幸福度。按\ue007查看它为您的避难所提供的加成。\n4. 资源栏-当'
Help_Page18_Title	面 | '用户界面'
Help_Page19_BottomText	需面面 | '提示：资源与所需资源线偏离越远（无论超出或不足），正面或负面效果就越强。'
Help_Page19_MainText	食食需食食降需 | '食物，水和电力资源是能保证避难所日常运行的基础。\n\n-食物：居民需要食物才能保持健康。食物匮乏时，居民的生命值会降低。\n\n-水：废土上很难获得干净的水。水资源匮'
Help_Page1_MainText_PC	面 | '电脑版设定能够通过点击哔哔小子中的齿轮图标进入。\n\n默认设置中，辐射避难所有如下几个热键：\n\nEsc - 设置/取消\nF1 - 商店\nF2 - 库存\nF3 - '
Help_Page20_BottomText	里 | '提示：尝试将居民多拖拽至几个不同的房间，看他/她最适合在哪里工作。'
Help_Page20_BottomText_Xbox	里 | '提示：尝试将居民多拖拽至几个不同的房间，看他/她最适合在哪里工作。'
Help_Page20_MainText	面里高降里里需 | '当您将居民拖拽到一个房间时，SPECIAL属性的字母会出现在头上，后面有一个数字。\n\n头上的字母对应着相应房间的属性。\n\n如果数字前有加号或者减号，意味着拖拽居'
Help_Page20_MainText_3DTouch	里重重面里高降里里需 | '您可以通过拖拽来将居民分配在房间里。或者通过3D Touch先重按居民后重按房间来实现。\n\n当将居民分配到一个房间时，SPECIAL属性的字母会出现在头上，后面'
Help_Page20_MainText_Xbox	里高降里里需 | '要分配居民到房间，请先选中居民，按住\ue000将其抓起，然后再选择一个房间。\n\n当选中一个房间时，SPECIAL属性的字母和数字会出现在居民头上。\n\n头上的字母对应着相'
Help_Page21_MainText	面 | '当点击居民时，就会显示其个人信息。\n\n这个界面上您可以给居民配备武器、装备和宠物，或者用治疗针和消辐宁治疗他们。\n\n点击居民的SPECIAL属性可以显示更多关于'
Help_Page21_MainText_PC	面 | '当点击居民时，就会显示其个人信息。\n\n这个界面上您可以给居民配备武器、装备和宠物，或者用治疗针和消辐宁治疗他们。\n\n点击居民的SPECIAL属性可以显示更多关于'
Help_Page21_MainText_PS4	面查 | '选中居民后，会显示他们的信息。\n从这个界面，您可以为您的居民装备武器、装备和宠物，或用治疗针和消辐宁为他们治疗。\n按R3可查看他们各自SPECIAL等级的详细信'
Help_Page21_MainText_Switch	面查 | '选中居民后，会显示他们的信息。\n从这个界面，您可以为您的居民装备武器、装备和宠物，或用治疗针和消辐宁为他们治疗。\n按下右摇杆可查看他们各项SPECIAL等级的详'
Help_Page21_MainText_Xbox	面查 | '选中居民后，会显示他们的信息。\n\n在这个页面上，您可以给居民配备武器、装备和宠物，或用治疗针和消辐宁为他们治疗。\n\n按下右摇杆可以查看他们各项SPECIAL能力'
Help_Page22_BottomText	查 | '提示：用这个菜单可以快速查看居民人数，以及避难所还剩多少空位。'
Help_Page22_MainText	查里面 | '点击左上角的齿轮图标可以查看居民列表。\n\n这里您可以整理您的居民，找到他们最适合的岗位。\n\n点击居民将会自动放大画面到该居民处。'
Help_Page22_MainText_PC	查里面 | '点击左上角的齿轮图标可以查看居民列表。\n\n这里您可以整理您的居民，找到他们最适合的岗位。\n\n点击居民将会自动放大画面到该居民处。'
Help_Page22_MainText_Xbox	里面 | '按下\ue002来打开居民列表。\n\n从这里您可以整理您的居民然后找到最适合某项工作的居民。\n\n选择居民会将画面直接切到此居民身上。'
Help_Page23_MainText	量 | '巧手先生将会自动收集所处楼层的资源。即使玩家退出游戏，它仍能继续收集。每层楼只能有一个巧手先生。\n\n巧手先生也能对抗灾害，但要注意巧手先生也可能被摧毁。请注意在'
Help_Page25_BottomText	需 | '提示：将宠物派给那些最需要提升相关属性的居民。'
Help_Page25_MainText	餐里 | '宠物能够在午餐盒和宠物笼子中找到。\n\n宠物能为所属居民提供加成效果、提升其在战斗中的伤害，还能跟随居民去废土上帮助。\n\n一个房间里只允许有一到三只宠物，这取决于'
Help_Page26_MainText	品里高高高查 | '任务能让您探索新的地点，遇见新的居民和收集战利品。\n\n建造监督者办公室来派遣居民小队去完成任务。\n\n点击监督者办公室里或者哔哔小子上的地图图标来进入任务列表。任'
Help_Page26_MainText_PC	品里高高高查 | '任务能让您探索新的地点，遇见新的居民和收集战利品。\n\n建造监督者办公室来派遣居民小队去完成任务。\n\n点击监督者办公室里或者哔哔小子上的地图图标来进入任务列表。任'
Help_Page26_MainText_PS4	品里需需量靠高高量高查面 | '任务允许您探索新的地点，遇见新的居民和收集战利品。\n\n建造监督者办公室，从您的避难所里派出一队居民去完成任务。\n\n要访问任务列表，在监督者的办公室按\ue00e或从哔哔小'
Help_Page26_MainText_Switch	品里需需量靠高高量高查面 | '任务允许您探索新的地点，遇见新的居民和收集战利品。\n\n建造监督者办公室，从您的避难所里派出一队居民去完成任务。\n\n要访问任务列表，在监督者的办公室按\ue00e或从哔哔小'
Help_Page26_MainText_Xbox	品里高高高查里 | '任务能让您探索新的地点，遇见新的居民和收集战利品。\n\n建造监督者办公室来派遣居民小队去完成任务。\n\n按下监督者办公室里的\ue00e或者哔哔小子上的地图图标来进入任务列表'
Help_Page27_MainText	品 | '驱逐居民时，将他们拖到废土上，然后点击红色大门的按钮，而不是派他们去探险。\n\n给居民配备的所有物品将会返还给避难所库存。'
Help_Page27_MainText_PC	品 | '驱逐居民时，将他们拖到废土上，然后点击红色大门的按钮，而不是派他们去探险。\n\n给居民配备的所有物品将会返还给避难所库存。'
Help_Page27_MainText_Xbox	品 | '驱逐居民时，将他们指派到废土上，然后选择红色大门的按钮，而不是派他们去探险。\n\n给居民配备的所有物品将会返还给避难所库存。'
Help_Page28_BottomText	品 | '提示：有一些物品无法在探险时找到，只能通过打造。'
Help_Page28_MainText	品餐品需需品量品品 | '您可以利用杂物和瓶盖，在武器、装备和主题工坊中打造物品。\n\n普通，稀有和传奇级别的杂物会在午餐盒、废土和任务中找到，分解武器和装备也能产出杂物。物品越稀有，需要'
Help_Page28_MainText_PC	品餐品需需品量品品 | '您可以利用杂物和瓶盖，在武器、装备和主题工坊中打造物品。\n\n普通，稀有和传奇级别的杂物会在午餐盒、废土和任务中找到，分解武器和装备也能产出杂物。物品越稀有，需要'
Help_Page28_MainText_Xbox	品餐品需需品量品品 | '您可以利用杂物和瓶盖，在武器、装备和主题工坊中打造物品。\n\n普通，稀有和传奇级别的杂物会在午餐盒、废土和任务中找到，分解武器和装备也能产出杂物。物品越稀有，需要'
Help_Page30_BottomText	里 | '提示：美发店里的居民只能独自对抗灾害，所以请给他们好的武器和装备。'
Help_Page30_MainText	里高 | '居民能够在美发店里改变造型。但美发店一次只能服务一个居民。\n\n升级您的美发店来解锁更多个性化选择。\n\n居民的魅力值（C）高时，美发店会工作得更快。'
Help_Page31_BottomText	里量 | '提示：如果您足够幸运，可以在任务中的容器里找到量子核子可乐。'
Help_Page31_MainText	量品 | '量子核子可乐可以被用来：\n\n- 加速废土探索时间\n\n- 极速打造物品\n\n- 极速训练居民\n\n- 每天可以跳过不止一个目标\n\n- 跳过特定任务\n\n- 极速完成美发'
Help_Page31_Title	量 | '量子核子可乐'
Impostors	高 | '高清缩小'
Institute_Description	院品品 | '守住你的人性！在联邦，学院是个科学庞然大物，树敌无数。他们制造合成人——人类的完美复制品——这些合成人生活在我们中间：是实验品、逃犯，还是间谍？你敢信任你的邻居'
Institute_IntroPopup_Body	限 | '在本赛季新实验避难所中考验您作为监督者的实力！实验避难所引入全新玩法和独家奖励。赛季时间有限——千万别错过！'
Inventory_Title_Consumable	品 | '消费品'
Inventory_Title_Decorations	品 | '装饰品'
Inventory_Vault_Full	品 | '存储空间不够。请建造更多的存储房间或者卖掉更多物品。'
Junk_Desc_Camera	查 | '调查隐藏的真相或者拍摄避难所全家福。'
Junk_Desc_DeskFan	隔 | '很擅长隔离废土的热气，如果它还能工作的话。'
Junk_Desc_GoldWatch	需 | '有的时候武器或装备需要看起来锃亮闪光。'
Junk_Desc_MagnifyingGlass	除 | '这个除蚁器大概对辐射蟑螂不大管用。'
Junk_Desc_TeddyBear	野餐 | '废土的生活不是野餐，所以他随时准备给您一个温暖拥抱。'
Junk_Desc_ToyCar	里 | '带你回到还是小孩的时候，在避难所里无忧无虑地生活。'
Junk_Name_GoldWatch	金 | '金表'
KeyboardMapping_RenameSelectedActor	重 | '重命名'
KeyboardMapping_TiltCameraReset	重 | '重置相机倾斜度'
KeyboardMapping_ZoomingCameraIn	面 | '画面放大'
KeyboardMapping_ZoomingCameraOut	面 | '画面缩小'
LivingQuarters_Upgrade_Info	量限 | '您的避难所容量已达上限。'
LunchBox_ContentLine1	品量 | '物品可能是居民、瓶盖、资源、武器、装备、宠物、治疗针、消辐宁、垃圾、巧手先生或量子核子可乐。'
LunchBox_ContentRedeemTitle1	餐 | '午餐盒'
LunchBox_ContentRedeemTitle2	餐 | '5个午餐盒'
LunchBox_ContentRedeemTitle3	餐 | '15个午餐盒'
LunchBox_ContentRedeemTitle4	餐 | '40个午餐盒'
LunchBox_ContentTitle	餐 | '每个午餐盒包括：'
LunchBox_Content_Card3	食量量 | '净水 (18.2%)\n食物 (18.2%)\n能量 (18.2%)\n量子核子可乐 (9.0%) \n治疗针 (18.2%)\n消辐宁 (18.2%)'
LunchBox_DoYouWantToBuyOne	餐 | '您没有午餐盒，是否想要买一个？'
LunchBox_WindowTitle	餐 | '午餐盒'
MainMenu_Survival_Mode_Confirm	面需高 | '避难所科技特级警报！我们发现您正选择进入最严苛最危险的社会环境——生存模式！在生存模式中，您的居民将会面临着更残酷的威胁，对资源的需求也更高，以及您无法复活死亡'
MainMenu_Survival_Mode_Confirm_Part02	面 | '还有，一旦您选择走上这条道路，您将无法回头！因为没时间去对您进行全面的心理评估，避难所科技只能假定您完全心智清醒，也明白此选择可能带来的后果。祝您好运，监督者！'
Message_CantDestroyRoom_VaultDwellerSpace	量 | '不能摧毁这个房间，否则总人口会超出房间容量。'
Message_CompleteThemeRecipeNukaQuantum	量 | '想要使用{0}瓶量子核子可乐完成这个主题配方吗？'
Message_CraftingTimeSkipNukaQuantum	量品 | '想要使用{0}瓶量子核子可乐来极速打造这件物品吗？'
Message_CustomizationTimeSkipNukaQuantum	量 | '想要用{0}瓶量子核子可乐极速完成这次个性化吗？'
Message_DataUpdateRequired	重 | '有新的游戏数据。请退出到主菜单并重新加载您的避难所。'
Message_DoYouWantRemoveMrHandy	除 | '这将把此巧手先生从您的避难所永久移除，确定要继续吗？'
Message_GenericPopup_Title	重 | '避难所科技重要警报！'
Message_GoToQuestSkipNukaQuantum	量 | '想要使用{0}瓶量子核子可乐来立即开始任务吗？'
Message_Intro_04	需 | '每个房间都有一个所需属性。将此属性最好的居民分配在此房间能让他们发挥优势，变得开心并产出更多的资源。'
Message_InventoryFailure	重 | '检索项目列表时出现问题，请稍后重试。'
Message_LivingQuarters_Full	里 | '避难所里满是居民。请建造更多的宿舍。'
Message_NoCraft_Incident	品 | '不能在事件中打造物品。'
Message_NoSkipTime	量 | '现在不能使用量子核子可乐。请稍后再试。'
Message_NoValidDwellerToStartQuestTutorial	里 | '避难所里至少有一位能被派遣到废土上的居民，才能建造监督者办公室。'
Message_ObjectiveSkipNukaQuantum	量 | '使用{0}瓶量子核子可乐来跳过这个目标吗？'
Message_OneHundredMillionPopup_Body	重里 | '经过大家的共同努力，我们达成一个重要的里程碑：\n\n超过1亿的监督者已经建立了属于他们自己的避难所！\n请笑纳这个免费礼物，就像避难所科技常说的……谢谢！\n别忘了明'
Message_OneHundredMillionPopup_Body2	重里 | '经过大家的共同努力，我们达成一个重要的里程碑：\n\n超过1亿的监督者已经建立了属于他们自己的避难所！\n请笑纳这个免费礼物，就像避难所科技常说的……谢谢！'
Message_OutOfNukaQuantum	需量 | '您还需要{0}瓶量子核子可乐，是否购买更多？'
Message_PCOfflineMode	重 | '辐射避难所将在离线模式下运行，商店不可用。若想进入商店，请通过Bethesda.net启动器来重启游戏。'
Message_PCOfflineMode_Steam	品 | 'Steam目前处于离线状态。商店不可用，无法购买任何商品。'
Message_PS4EmptyStore	品 | '此时商店没有可供购买的商品。'
Message_ProductionTimeSkipNukaQuantum	量 | '花费{0}量子核子可乐保证完成加速？'
Message_PurchaseConnectionError	查 | '无法连接到商店，请检查您的网络连接然后再试。'
Message_PurchaseFailure	品查 | '现在无法购买这个商品，请检查您的网络连接然后再试。'
Message_PurchasePCConnectionError	重 | '商店在离线模式下无法使用。请通过Bethesda.net启动器来重启游戏，然后进入商店。'
Message_QuestSkipNukaQuantum	量 | '想用{0}瓶量子核子可乐来跳过任务吗？'
Message_Quest_DeadDweller_RemoveAll_Warning	除 | '您将失去您死亡的居民。您确定要移除全部吗？'
Message_Quest_GiveUp	品 | '任何在任务中找到的战利品将会丢失，您确定想放弃吗？'
Message_Quest_MaxTeams	量限限 | '你派去执行任务的小队数量已达上限。请升级监督者的办公室以提升上限。'
Message_Quest_MaxTeams_MaxLevel	量限 | '您派去执行任务的小队数量已达上限。'
Message_RadAway_NoRad	需 | '没有辐射伤害，不需要使用消辐宁。'
Message_RedeemBeforeBuyingAgain	品里 | '此物品正等待认领。请先到商店里兑换，然后再买。'
Message_RedeemPopup_Body	品 | '进入商店以 [ffff00]兑换[-]。\n你可以在任何时候兑换物品。'
Message_RedeemPopup_Hint	品 | '物品只能被一所避难所认领。'
Message_RedeemPopup_Title	需 | '你有新买的东西需要认领！'
Message_RemoveDeadDweller	除 | '您真的想移除死去的居民吗？'
Message_RemoveDeadDwellerQuest	除 | '您真的想移除死去的居民吗？'
Message_RoomSkipingTime	量 | '另外一个房间正在使用量子核子可乐。请稍后再试。'
Message_Stimpack_FullHP	需 | '生命值全满，无需治疗针。'
Message_StorageFull_Crafting	品 | '当库存已满时无法收集打造好的物品。'
Message_StorageFull_Scrapping	品 | '库存已满，您无法拆解物品。'
Message_ThemeChange_Diner	餐 | '您的主题餐厅已经最大化合并及升级了，您确定将它从{0}改成{1}吗？'
Message_ThemeCraftingTimeSkipNukaQuantum	量 | '想要使用{0}瓶量子核子可乐极速打造这个主题吗？'
Message_ThemeReload	重 | '您必须重新加载您的避难所来使{0}主题生效。您想现在加载吗？'
Message_TooManyMrHandyInWasteland	量限 | '您派去废土探险的巧手先生数量已达上限。'
Message_TooManyVictorInWasteland	量 | '你已将最大数量的维克托派往废土'
Message_TrainingTimeSkipNukaQuantum	量 | '您想使用{0}瓶量子核子可乐来极速完成居民训练吗？'
Message_TutorialPopup_01_Body	食降需需 | '如果您的资源不足，屏幕顶端的资源条会变红。\n\n当电力不足时，房间将开始停止工作。\n当食物不足时，居民的生命值将开始降低。\n当水资源不足时，居民将开始受到辐射伤害'
Message_TutorialPopup_01_Hint	需 | '提示：现有资源和所需资源差距越大（超出或不足）对避难所的影响（包括好的和坏的）也越大。'
Message_TutorialPopup_01_Title	需食 | '您的避难所需要稳定的\n电力、食物和水来维持运行。'
Message_TutorialPopup_02_Body	里 | '房间里的居民会自动和灾害斗争。\n居民在和灾害斗争的时候会损失生命值。\n如果居民失败了，灾害会蔓延到邻近的房间。'
Message_TutorialPopup_03_Body	需 | '建造的房间越多，所需的电力也越多。\n当电力条变红的时候，房间开始一个个关闭。\n当房间关闭时，房间变暗，并不再生产资源。'
Message_TutorialPopup_03_Hint	高 | '提示：当电力不足时，可以分配属性更高的居民去发电室，或者点击极速模式。'
Message_TutorialPopup_03_Title	重 | '您最重要的资源就是电力。'
Message_TutorialPopup_04_Body	里 | '完成目标，赚取瓶盖。目标能够通过点击哔哔小子菜单里的缎带图标找到。'
Message_TutorialPopup_04_Body_PC	里 | '完成目标，赚取瓶盖。目标能够通过点击哔哔小子菜单里的缎带图标找到。'
Message_TutorialPopup_04_Body_Xbox	里 | '完成目标，赚取瓶盖。目标能够通过点击哔哔小子菜单里的缎带图标找到。'
Message_TutorialPopup_04_Hint	餐 | '提示：完成一些目标会有午餐盒的奖励！'
Message_TutorialPopup_05_Hint	里 | '提示：如果居民在废土里待了太长时间，居民会死的。'
Message_TutorialPopup_06_Body	里需里 | '避难所里需要更多的居民？试试把居民放在宿舍里，看看会有什么神奇的事情发生。'
Message_TutorialPopup_08_Body	餐里品查品 | '避难所的储存室储藏着所有居民从废土上找来的或者午餐盒里得到的物品。\n点击哔哔小子菜单上的盒子图标可以查看储藏的物品。'
Message_TutorialPopup_08_Body_PC	餐里品查品 | '避难所的储存室储藏着所有居民从废土上找来的或者午餐盒里得到的物品。\n点击哔哔小子菜单上的盒子图标可以查看储藏的物品。'
Message_TutorialPopup_08_Body_Xbox	餐里品查品 | '避难所的储存室储藏着所有居民从废土上找来的或者午餐盒里得到的物品。\n点击哔哔小子菜单上的盒子图标可以查看储藏的物品。'
Message_TutorialPopup_09_Hint	高 | '提示：在将居民送去废土探险之前给他们配备治疗针和消辐宁将提高他们的存活率。'
Message_TutorialPopup_10_Body	餐里餐餐餐 | '您获得了一个午餐盒。点击哔哔小子菜单里的午餐盒图标来打开午餐盒或者购买更多的午餐盒。'
Message_TutorialPopup_10_Body_PC	餐里餐餐餐 | '您获得了一个午餐盒。点击哔哔小子菜单里的午餐盒图标来打开午餐盒或者购买更多的午餐盒。'
Message_TutorialPopup_10_Body_Xbox	餐里餐餐餐 | '您获得了一个午餐盒。点击哔哔小子菜单里的午餐盒图标来打开午餐盒或者购买更多的午餐盒。'
Message_TutorialPopup_10_Title	品 | '穿戴物品'
Message_TutorialPopup_13_Hint	品 | '废土探险者会找到瓶盖、武器、装备和杂物。点击外出的居民并选择“召回”让他们带着战利品回家！'
Message_TutorialPopup_15_Body	面 | '您可以点击居民打开居民信息面板来给他们配备武器，装备和治疗针和消辐宁。'
Message_TutorialPopup_15_Body_PC	面 | '您可以点击居民打开居民信息面板来给他们配备武器，装备和治疗针和消辐宁。'
Message_TutorialPopup_15_Body_Xbox	面 | '您可以点击居民打开居民信息面板来给他们配备武器，装备和治疗针和消辐宁。'
Message_TutorialPopup_15_Hint	除 | '在医务室生产治疗针来恢复居民生命值，在实验室生产消辐宁来清除辐射！'
Message_TutorialPopup_16_Body	高 | '运气值（L）高的居民所处的房间更容易在极速模式上成功并且在生产结束时获得更多的瓶盖奖励。'
Message_TutorialPopup_18_Body	餐品 | '在午餐盒和废土中寻找杂物。\n在袭击中和废土中寻找配方。\n在工坊房间中将杂物变为武器和装备。\n升级工坊来打造稀有和传奇级别的物品。'
Message_TutorialPopup_20_Hint	高高 | '给居民分配符合其最高属性的房间，可以大幅提高生产效率！'
Message_TutorialPopup_23_Body	量 | '让我们使用一些量子核子可乐来立即回到避难所吧。'
Message_TutorialPopup_24_Body_Part2	靠高 | '再次点击来停止箭头。它们越靠近，造成的伤害倍率就越高。'
Message_TutorialPopup_24_Body_Part2_PC	靠高 | '再次点击来停止箭头。它们越靠近，造成的伤害倍率就越高。'
Message_TutorialPopup_24_Body_Part2_Xbox	靠高 | '按下\ue000来停止箭头。它们越靠近，造成的伤害倍率就越高。'
Message_TutorialPopup_25_Body	品 | '\n\n- 加速废土探索时间 \n\n- 极速打造物品\n\n- 每天跳过不止一个目标\n\n- 跳过特定任务\n\n- 极速完成美发店个性化\n\n\n'
Message_TutorialPopup_25_Hint	量里 | '如果量子核子可乐耗尽，您可以在商店里购买更多。'
Message_TutorialPopup_25_Title	量 | '量子核子可乐能够被用来：'
Message_TutorialPopup_26_Body	餐 | '主题的介绍\n\n- 在任务中找到主题配方的碎片。\n\n- 建造新主题工坊来打造主题。\n\n- 将主题应用在最大化合并及升级后的餐厅和宿舍上。'
Message_TutorialPopup_26_Hint	量 | '提示：您可以使用量子核子可乐来得到缺失的主题配方碎片。'
Message_TutorialPopup_BuildUltraciteMine_Body	需 | '您的避难所建立在一种名为辐射极琉矿的珍贵矿物之上。\n\n建造一座辐射极琉矿矿场来开采它，然后在辐射极琉矿武器工坊中打造强力的辐射极琉矿武器。\n\n您需要它们来抵御辐'
Message_TutorialPopup_BuildUltraciteMine_Hint	高需 | '提示：高耐力居民将显著减少采矿所需的计时器时间。别把时间浪费在等待上！'
Message_TutorialPopup_ScorchedAttackWarning_Hint	里 | '提示：您的避难所里有一些初始武器可以给居民装备。'
Message_Tutorial_02	首 | '首先让我们{建造}一个{房间}。点击{锤子图标}打开{建造菜单}。'
Message_Tutorial_02_PC	首 | '首先让我们{建造}一个{房间}。点击{锤子图标}打开{建造菜单}。'
Message_Tutorial_02_Xbox	首 | '首先让我们{建造}一个{房间}。按下\ue003打开{建造菜单}。'
Message_Tutorial_05	需 | '现在我们需要{居民}来使{发电室}发电。'
Message_Tutorial_07	查 | '让我们看看{居民}的{状态}。{点击}{居民}来{查看信息}。'
Message_Tutorial_07_PC	查 | '让我们看看{居民}的{状态}。{点击}{居民}来{查看信息}。'
Message_Tutorial_09	里 | '要派遣一个{居民}，{点击}并{按住}居民，然后将他们{拖拽}到一个房间。试试将这个{居民}分配到您刚刚建好的{发电室}里。'
Message_Tutorial_09_PC	里 | '要派遣一个{居民}，{点击}并{按住}居民，然后将他们{拖拽}到一个房间。试试将这个{居民}分配到您刚刚建好的{发电室}里。'
Message_Tutorial_12	需 | '如果需要额外资源，可以使用{极速模式}。{点击}{极速按钮}来{打开}{极速菜单}。'
Message_Tutorial_12_PC	需 | '如果需要额外资源，可以使用{极速模式}。{点击}{极速按钮}来{打开}{极速菜单}。'
Message_Tutorial_12_Xbox	需 | '如果需要额外资源，可以使用{极速模式}。按下\ue00e来{打开}{极速菜单}。'
Message_Tutorial_15	重 | '现在{点击}{资源图标}来{收集}资源和{重新启动房间生产}。'
Message_Tutorial_15_PC	重 | '现在{点击}{资源图标}来{收集}资源和{重新启动房间生产}。'
Message_Tutorial_15_Xbox	重 | '现在按下\ue000来{收集}资源和{重新启动房间生产}。'
Message_Tutorial_16	查 | '每{周}，{避难所科技}会检查您的避难所，根据您的表现来给您一个评级。'
Message_Tutorial_17	餐里面 | '恭喜您！您已经获得了您的第一个{奖励}——一个{午餐盒}。里面有很多好东西。'
Message_Tutorial_19	查 | '{增加朋友}来{访问}并查看他们的{避难所}并{收集瓶盖}。'
Message_Tutorial_22	里 | '在这里您可以看到并管理您现在所拥有的全部{武器}和{装备}。'
Message_Tutorial_24	里 | '{男性}和{女性}居民如果共同待在{宿舍}里，会有一定生{小孩}的可能。'
Message_Tutorial_27	需 | '房间需要{电力}才能运行。再次点击来{确认}。'
Message_Tutorial_27_PC	需 | '房间需要{电力}才能运行。再次点击来{确认}。'
Message_Tutorial_27_Xbox	需 | '房间需要{电力}才能运行。按下\ue000来{确认}。'
Message_Tutorial_29	餐 | '点击{核子瓶盖}来打开您的{午餐盒菜单}。'
Message_Tutorial_29_Xbox	里餐餐 | '选择{哔哔小子}里的{午餐盒图标}来打开{午餐盒菜单}。'
Message_Tutorial_31	高 | '请确认已经给您的{居民}配好了武器装备之后再将他们送去{废土}。这将会提高他们存活的概率。'
Message_Tutorial_39	需餐食餐 | '需要一个{餐厅}来帮您生产{食物}。{点击}{餐厅}。'
Message_Tutorial_39_PC	需餐食餐 | '需要一个{餐厅}来帮您生产{食物}。{点击}{餐厅}。'
Message_Tutorial_39_Xbox	需餐食餐 | '需要一个{餐厅}来帮您生产{食物}。{选择}{餐厅}。'
Message_Tutorial_40	需食 | '居民需要{食物}来保证他们的{生命值}。再次点击来{确认}。'
Message_Tutorial_40_PC	需食 | '居民需要{食物}来保证他们的{生命值}。再次点击来{确认}。'
Message_Tutorial_40_Xbox	需食 | '居民需要{食物}来保证他们的{生命值}。再次按下\ue000来{确认}。'
Message_Tutorial_43	需 | '这次您需要一个{水房}来帮助您生产干净的{水}。{点击}{水房}。'
Message_Tutorial_43_PC	需 | '这次您需要一个{水房}来帮助您生产干净的{水}。{点击}{水房}。'
Message_Tutorial_43_Xbox	需 | '这次您需要一个{水房}来帮助您生产干净的{水}。{选择}{水房}。'
Message_Tutorial_44	需 | '居民需要干净的{水}来远离{辐射}危害。再次点击来{确认}。'
Message_Tutorial_44_PC	需 | '居民需要干净的{水}来远离{辐射}危害。再次点击来{确认}。'
Message_Tutorial_44_Xbox	需 | '居民需要干净的{水}来远离{辐射}危害。再次按下\ue000来{确认}。'
Message_Tutorial_46	里食查需量 | '干得不错！这里有一些{食物}和{水}来帮助您开始经营{避难所}。您可以通过{资源刻度条}来查看{资源}的需求量。'
Message_Tutorial_46_PS4	里食查查需量 | '干得不错！这里有一些{食物}和{水}来帮助您开始经营{避难所}。您可以按下{L3}来查看避难所{资源刻度条}的细节，查看您的{资源}需求量。'
Message_Tutorial_46_Switch	里食查查需量 | '干得不错！这里有一些{食物}和{水}来帮助您开始经营{避难所}。{按下}{左摇杆}来查看避难所{资源刻度条}的细节，查看您的{资源}需求量。'
Message_Tutorial_46_Xbox	里食需量 | '干得不错！这里有一些{食物}和{水}来帮助您开始经营{避难所}。{点击}{左摇杆}来展示避难所{资源刻度条}的细节，并记住随时关注{资源}的需求量。'
Message_Tutorial_47	里 | '{杂物} 被用来在{工坊}里{打造武器}和{装备}。'
Message_Tutorial_49	品 | '您的{库存已满}。多出的{物品}将会保留，但无法使用，直到有足够的空间。'
Message_Tutorial_50	品 | '有{虚线矩形边框}的{物品}不在您的{库存}范围内，当建造更多储藏室或升级储藏室获得足够空间时，才能被{使用}。'
Message_Tutorial_51	品 | '{分解}一个{物品}来将其变成{杂物}，但此事有{风险}。您可能会得到很多{杂物}、一点点杂物，或者什么都得不到。'
Message_Tutorial_55	里查 | '这里会列出可执行的{任务}。{选择}第一个{任务}来查看更多信息。'
Message_Tutorial_56	里 | '{点击}这里然后分配{居民}到{任务}小队。'
Message_Tutorial_56_PC	里 | '{点击}这里然后分配{居民}到{任务}小队。'
Message_Tutorial_63	量里量 | '用{量子核子可乐}，您可以立即到达{任务}地点。{点击}这里用避难所科技提供的{量子核子可乐}来极速到达{任务}现场。'
Message_Tutorial_63_PC	量里量 | '用{量子核子可乐}，您可以立即到达{任务}地点。{点击}这里用避难所科技提供的{量子核子可乐}来极速到达{任务}现场。'
Message_Tutorial_63_Xbox	量量 | '用{量子核子可乐}，您可以立即到达{任务}地点。选择{现在到达}来使用避难所科技提供的{量子核子可乐}来极速到达现场。'
Message_Tutorial_64	量里 | '您还能够使用{量子核子可乐}来跳过避难所里的每日{目标}，加速{打造}、{训练}和美发店{个性化}的进程。'
Message_Tutorial_65	品 | '{任务}能让您探索新的地点，认识新{居民}和收集{战利品}。右上角的{地图图标}会显示您的{任务目标}。'
Message_Tutorial_67	需 | '如果不需要任何新居民，您可以{关闭}{广播站}的对外召唤功能，但其仍能在避难所内部播放广播，提升居民{幸福度}。'
Message_Tutorial_68	里 | '要派遣一个{居民}，{点击}并{按住}居民，然后将他们{拖拽}到一个房间。试试将这个{居民}分配到您刚刚建好的{发电室}里。'
Message_Tutorial_68_PC	里 | '要派遣一个{居民}，{点击}并{按住}居民，然后将他们{拖拽}到一个房间。试试将这个{居民}分配到您刚刚建好的{发电室}里。'
Message_Tutorial_ArrivalWidgetIntroduction	隔 | '{赛季居民}每隔几天到达一次。左上角的{时间}显示距离下一位{居民}抵达的倒计时。'
Message_Tutorial_ArrivalWidgetOpenModal	查 | '{点击}计时器，查看下一位{赛季居民}的更多细节。'
Message_Tutorial_ArrivalWidgetOpenModal_PC	查 | '{点击}计时器，查看下一位{赛季居民}的更多细节。'
Message_Tutorial_ArrivalWidgetOpenModal_Xbox	查 | '{选择}计时器，查看下一位{赛季居民}的更多细节。'
Message_Tutorial_ArrivalWidgetRequirements	除需 | '除了等待倒计时，您可能还需要完成其他前置条件才能领取{赛季居民}。'
Message_Tutorial_NoRoomDwellers	里 | '您刚刚用掉了避难所里最后的可用空间。建造更多的{宿舍}来安置更多的居民。'
Message_Tutorial_ScorchedTimerIntroduction	隔 | '{辐尸人突袭}每隔几天发生一次。左上角的{时间}显示距离下一场{突袭}的倒计时。'
Message_Tutorial_ScorchedTimerOpen	查 | '点击计时器，查看下一场{辐尸人突袭}的更多细节。'
Message_Tutorial_ScorchedTimerOpen_PC	查 | '点击计时器，查看下一场{辐尸人突袭}的更多细节。'
Message_Tutorial_ScorchedTimerOpen_Xbox	查 | '{选择}计时器，查看下一场{辐尸人突袭}的更多细节。'
Message_Tutorial_SeasonOpenModal	首 | '首先，{选择}{赛季按钮}。'
Message_Tutorial_SpinToWinHowToPlay	里 | '花费一枚{筹码}转动幸运大转盘，无论指针停在哪里，都能赢得对应的{奖励}。'
Message_Tutorial_UltraciteWeaponCraftingDoubleTapRoom	查 | '开始打造吧！{双击}{辐射极琉矿武器工坊}近距离查看。'
Message_Tutorial_UltraciteWeaponCraftingDoubleTapRoom_PC	查 | '开始打造吧！{双击}{辐射极琉矿武器工坊}近距离查看。'
Message_Tutorial_UltraciteWeaponCraftingDoubleTapRoom_Xbox	查 | '开始打造吧！在{辐射极琉矿武器工坊}上{长按}\ue005近距离查看。'
Message_VaultCapacity_Full_BuildMenu	限 | '达到上限。'
Message_WastelandSkipNukaQuantum	量 | '立即用{0}瓶量子核子可乐返回避难所吗？'
Message_Wasteland_Full	限 | '废土探索的居民已达到上限。'
Message_XboxSomethingWrong	重 | '出错。请再次尝试并重启游戏。'
MissingInternetConnection	需重 | '这项动作需要网络连接。请连接至网络重试。'
MrHandyDialog_Bar_02	需 | '你们人类歇着吧。不不，不用管我。我就默默无私地伺候各位的一切需求……'
MrHandyDialog_Cafeteria_01	餐 | '白兰哥？饱饱牌肉罐头？快餐薯泥？人类竟然真吃这些垃圾？'
MrHandyDialog_GameRoom_01	高 | '哼，就让这些人类来挑战我在《红色威胁》中的高分吧……'
MrHandyDialog_GameRoom_02	高 | '哼，就让这些人类来挑战我在《红色威胁》中的高分吧……'
MrHandyDialog_Generic_14	需除 | '需要什么？除尘？拖地？还是一般的整理？'
MrHandyDialog_Generic_18	里 | '有时候，这些人类感觉就像视频游戏里的角色，无法独立完成任何事情……'
MrHandyDialog_Generic_19	金非 | '对于地底下这么个巨大的金属坑来说，这个避难所非常舒适。'
MrHandyDialog_Generic_25	除 | '今天的日程是什么？拖地、做饭、除尘、带孩子？放马过来吧，人类！'
MrHandyDialog_Generic_26	需 | '自带悬浮单元，说走就走。各位有什么需要，尽管吩咐。'
MrHandyDialog_Generic_34	重 | '这些人类真是太难理解了。每个人都有那么重的口音。'
MrHandyDialog_Generic_36	高 | '啧啧啧。我得加装一个高压水带配件，才洗得干净这地方。'
MrHandyDialog_Generic_37	餐 | '今晚的晚餐——惠灵顿牛排配一瓶波尔多！开个玩笑。又是饱饱牌肉罐头。'
MrHandyDialog_Generic_38	附 | '嗅觉传感器检测到……呕吐物和巧克力。附近一定有个小孩子。'
MrHandyDialog_Generic_40	需金香 | '这个地方需要一些室内植物。郁金香、仙人掌……也许还有一个真人大小的捕蝇草。'
MrHandyDialog_Generic_44	里 | '这么多人类都在爱情里寻找慰藉，却没人在意我的灵魂伴侣。'
MrHandyDialog_Generic_45	里 | '这里的灯光太差了。如果我有眼睛，它们早就废了。不过戴上眼镜，我可能会很帅……'
MrHandyDialog_Generic_46	需 | '厨房需要帮忙吗？我做火焰料理很拿手。'
MrHandyDialog_Medbay_01	需 | '想象一下，居然需要“治疗针”来做自我维护。哦，人类，你们真是笑死我了。'
MrHandyDialog_Medbay_02	需 | '想象一下，居然需要“治疗针”来做自我维护。哦，人类，你们真是笑死我了。'
MrHandyDialog_NukaCola_01	里 | '说真的，往身体里灌满加工糖水，你还有什么理由不这么干呢？'
MrHandyDialog_NukaCola_02	里 | '说真的，往身体里灌满加工糖水，你还有什么理由不这么干呢？'
MrHandyDialog_PowerGenerator_02	需量 | '有人需要我存储额外的能量吗？我不会偷的。真的，我发誓。'
MrHandyDialog_ScienceLab_01	需 | '在末世废土中处理辐射。显然，有人的脑子需要进化了……'
MrHandyDialog_ScienceLab_02	需 | '在末世废土中处理辐射。显然，有人的脑子需要进化了……'
MrHandyDialog_Wasteland_10	需鞋 | '这儿肯定有人需要擦鞋……'
MrHandyDialog_Wasteland_14	面 | '那是？没错，那是个破败的通用原子工厂。看来他们造完我之后就把模具给砸了。这可是字面意思。'
MrHandyDialog_Wasteland_21	雨 | '看起来要下雨了，真棒。'
MrHandyDialog_Wasteland_22	面 | '路上有个拦路石，我可以直接从上面飘过去……'
MrHandyDialog_Wasteland_23	金 | '作为一个无情的金属机器人，我突然感到……害怕！'
MrHandyDialog_Wasteland_26	非 | '人类有一件事做得很好——他们非常擅长自我毁灭。'
MrHandyDialog_Wasteland_31	里 | '喂~这里有其他机器人吗？'
MrHandyDialog_Wasteland_39	重 | '我得重新考虑一下“把巧手先生送到废土”这个主意……'
MrHandyDialog_Wasteland_42	需 | '我会找到需要的东西，然后就回去。英雄主义什么的可不适合像我这样的巧手先生！'
MrHandyDialog_Wasteland_48	防 | '不。不！走开，狗狗！走开！我不是消防栓！我是巧手先生……啊！不！坏狗！'
MrHandyDialog_Wasteland_56	里 | '让我看看穿过这个街区能到哪里……'
MrHandyDialog_Wasteland_57	里 | '我想知道这条路通向哪里。'
MrHandyDialog_Wasteland_59	面 | '我真的不明白有什么好大惊小怪的，这外面也没什么大不……哦，天哪，这有个被砍下来的脑袋！'
MrHandyDialog_Wasteland_61	面 | '我可以从这滩血上面飘过去……'
MrHandyDialog_Wasteland_76	里 | '天哪，这里乱得都没有办法清理了，我都快恐慌发作了。'
MrHandyDialog_Wasteland_77	面 | '我要在外面再待一会儿……'
MrHandyDialog_Wasteland_86	里雨 | '探索真是累人的活儿，如果我有毛孔，现在一定像桑拿房里的胖子一样汗如雨下。'
MrHandyDialog_Wasteland_87	非 | '如果我是人类，我现在一定会非常渴。看来他们对核子可乐的痴迷也不是没有原因的。'
MrHandyDialog_Wasteland_91	高非 | '这栋建筑真高。人类非常擅长建造宏伟的建筑，然后再摧毁它们。'
MrHandyDialog_Wasteland_95	雷 | '这是什么？啊，原来我正在雷区上啊。我再也不会羡慕别的生物有腿了。'
MrHandyDialog_WaterPlant_01	重零 | '我开始重新考虑我对塑料零件的厌恶了……'
MrHandy_Card_TagLine	高 | '很高兴能为您服务！'
MysteriousStrangerWindow_Watch	查 | '领取奖励或查看来自赞助商的消息（视频），获取双倍奖励。'
NewVegasA_IntroPopup_Body	限 | '在本赛季新实验避难所中考验您作为监督者的实力！实验避难所引入全新玩法和独家奖励。赛季时间有限——千万别错过！'
NewVegasB_Description	需 | '新维加斯需要你的关注，监督者。建造新避难所以保护并支持避难所科技在该地区的盟友。招募关键人员，消灭所有敌对势力，让新维加斯的灯塔在整片废土上熊熊燃烧！愿幸运女神'
NewVegasB_IntroPopup_Body	限 | '在本赛季新实验避难所中考验您作为监督者的实力！实验避难所引入全新玩法和独家奖励。赛季时间有限——千万别错过！'
NukaQuantum_Shop_Description_Case	量 | '包含了32瓶量子核子可乐，可以加速避难所和废土上的事件进程。'
NukaQuantum_Shop_Description_Cooler	量 | '包含了70瓶量子核子可乐，可以加速避难所和废土上的事件进程。'
NukaQuantum_Shop_Description_Crate	量 | '包含了400瓶量子核子可乐，可以加速避难所和废土上的事件进程。'
NukaQuantum_Shop_Description_Fridge	量 | '包含了150瓶量子核子可乐，可以加速避难所和废土上的事件进程。'
NukaQuantum_Shop_Description_SixPack	量 | '包含了6瓶量子核子可乐，可以加速避难所和废土上的事件进程。'
NukaQuantum_Shop_Description_Truck	量 | '包含了1000瓶量子核子可乐，可以加速避难所和废土上的事件进程。'
NukaQuantum_Shop_RedeemTitle1	量 | '六瓶装量子核子可乐'
NukaQuantum_Shop_RedeemTitle2	量 | '一小箱量子核子可乐'
NukaQuantum_Shop_RedeemTitle3	量 | '一冰柜量子核子可乐'
NukaQuantum_Shop_RedeemTitle4	量 | '一冰箱量子核子可乐'
NukaQuantum_Shop_RedeemTitle5	量 | '一货箱量子核子可乐'
NukaQuantum_Shop_RedeemTitle6	量 | '一卡车量子核子可乐'
Objective_BaldDwellersInVault	里 | '在避难所里有1位光头的居民'
Objective_BaldDwellersInVault_Plural	里 | '在避难所里有{0}位光头的居民'
Objective_CollectCaps	里 | '在避难所里收集200个瓶盖'
Objective_CollectCaps_Plural	里 | '在避难所里收集{0}个瓶盖'
Objective_CollectFoodWithinTime	食 | '在一分钟内收集{0}食物'
Objective_CollectResourcesWithinTime	食 | '在一分钟内收集{0}电力/食物/水'
Objective_Couple	里 | '有一对男女居民，在宿舍里跳舞'
Objective_Couple_Plural	里 | '有{0}对男女性居民在宿舍里跳舞'
Objective_Food	食 | '收集{0}食物'
Objective_Food_Plural	食 | '收集{0}食物'
Objective_Nuka	里 | '在避难所里收集{0}个瓶盖'
Objective_OpenLunchbox	餐 | '打开1个午餐盒'
Objective_OpenLunchbox_Plural	餐 | '打开{0}个午餐盒'
Objective_RaiseSpecialLevel	高 | '提高一位居民的任意SPECIAL属性'
Objective_RaiseSpecialLevel_Plural	高 | '提高{0}位居民的任意SPECIAL属性。'
Objective_RaiseSpecificSpecialLevel	高 | '提高1位居民的{1}。'
Objective_RaiseSpecificSpecialLevel_Plural	高 | '提高{0}位居民的{1}。'
Objective_RoomRush	里 | '在一个房间里成功启动极速模式'
Objective_RoomRush_Plural	里 | '在{0}个房间里成功启动极速模式'
Objective_StopInvasion	阻 | '阻止一次避难所入侵'
Objective_StopInvasionInExVault	阻 | '阻止实验避难所中的1次入侵'
Objective_StopInvasionInExVault_Plural	阻 | '阻止实验避难所中的{0}次入侵'
Objective_StopInvasion_Plural	阻 | '阻止{0}次避难所入侵'
Objective_SurviveHoursNoCasualties	里 | '在没有人员伤亡的情况下在避难所里生存了{0}小时'
Objective_SurviveHoursNoCasualties_Plural	里 | '在没有人员伤亡的情况下在避难所里生存了{0}小时'
Outfit_Description_AbrahamSpecial	首 | '为了演唱那首著名的抗争之歌，国歌！'
Outfit_Description_Bishop	高量 | '如果有更高的力量存在，他们可能会听你的。'
Outfit_Description_BowlingShirt	需 | '你现在只需要《69号火箭》和大背头了。'
Outfit_Description_BusinessDress	里 | '他们永远都不会知道你什么时候来的，也不会知道你一直在那里。'
Outfit_Description_BusinessSuit	靠 | '人靠衣装，而这位衣冠楚楚的先生有东西要卖给你。'
Outfit_Description_CaitsCorset	非 | '时尚而出人意料地保暖，非常适合近战和夜间活动。'
Outfit_Description_CheckeredShirt	里 | '也许现在还是春天，但请你将衣服扎进去，这里可不是动物园。'
Outfit_Description_CombatArmor	首 | '战前步兵的首选战场装甲。'
Outfit_Description_CombatArmor_Heavy	需 | '他们过去曾派军队过去。现在他们只需要你就行了。'
Outfit_Description_CombatArmor_Sturdy	里 | '在最艰难的战斗里被最强悍的步兵穿过。'
Outfit_Description_CourserUniform	院 | '专为令脱离学院的合成人闻风丧胆而设计。'
Outfit_Description_CromwellSpecial	量 | '原子的力量让你看起来棒极了！'
Outfit_Description_DooWopOutfit	餐首 | '当你想去餐厅要一杯奶昔时，这件衣服是你的首选。'
Outfit_Description_EnclaveOfficerUniform	雷 | '一套值得你在英克雷军阶上一路攀爬以求获得的军官制服。'
Outfit_Description_EnclavePowerArmor	雷 | '经过英克雷优化，极具杀伤力且霸气十足。'
Outfit_Description_EnclaveSecurityOutfit	防 | '最先进防御技术的最低级体现。'
Outfit_Description_EngineerSpecial	限 | '保护你免受巨锤危害。不仅限于工作场所。'
Outfit_Description_EulogyJonesSpecial	需 | '当你需要散发出邪恶魅力时，请穿上它。'
Outfit_Description_HandymanJumpsuit_Advanced	降 | '修好一架坠毁的垂直起降机？你都能从头造一台了。'
Outfit_Description_HanksPowerArmor	重需 | '当你足够重要，就不需要戴头盔了。'
Outfit_Description_HazmatSuit	品 | '保护你远离危险品的伤害。'
Outfit_Description_HazmatSuit_Heavy	阻 | '生活也许是无情的，但已经没有什么能够阻挡你了。'
Outfit_Description_Horseman_FamineVestment	里 | '用饥荒的破布做衬里。不知为啥，总是感觉松松垮垮的。'
Outfit_Description_Horseman_WarArmor	里面 | '“战争”在里面贴满了励志贴纸。'
Outfit_Description_JailhouseRocker	品 | '末日前猫王《监狱摇滚》演出服的复制品，曾由新维加斯帮派\\“猫王帮\\”穿着。'
Outfit_Description_LabCoat_Advanced	餐 | '分裂原子或发明弯曲旅行——就在午餐前。'
Outfit_Description_MaJuneJacket	里 | '别指望穿这身衣服的人会感到害怕，十有八九她手里已经拿着步枪了。'
Outfit_Description_MayorSpecial	需 | '定居点需要统治者，你被选中了。'
Outfit_Description_MetalArmor	革阻 | '当皮革没有用的时候。可以阻止一颗子弹，或一百颗。'
Outfit_Description_MrHousesSuit	除非 | '亚麻布：莫哈维沙漠中唯一合适的正装，除非你不在乎汗渍。'
Outfit_Description_PaladinDansesPowerArmor	防 | '为人类（无论是否实验室培育）打造的最先进防护装备。'
Outfit_Description_PaladinDansesPowerArmorWithHelmet	防 | '为人类（无论是否实验室培育）打造的最先进防护装备。'
Outfit_Description_PowerArmor_MkIV	高 | '高级战后动力装甲，适合这末日后的世界。'
Outfit_Description_PrewarCowboy	野 | '在真正的荒野上有点太花哨了，但在镜头前看起来很棒。'
Outfit_Description_RadiationSuit_Expert	里 | '曾想过在一个满是辐射废料的池子里游泳吗？'
Outfit_Description_RiotGear	需 | '好用又好看。这就是在废土探索的全部需求。'
Outfit_Description_RobCoFactoryUniform	防 | '坚固的防护服，穿上它，为公司感到骄傲！'
Outfit_Description_RobCoRdSuit	需 | '只需穿上它，就能激发你建造机器人军团的灵感。'
Outfit_Description_RobotArmor	需面 | '不需要躲在保护者机器人后面，你可以直接穿上它。'
Outfit_Description_SantaSuit_Original	查 | '制作好心愿表，然后检查两次。圣诞老人——最早的“监督者”。'
Outfit_Description_ScarredPowerArmor_Original	面 | '就算是超级强化妖怪都很难刮伤它的表面……'
Outfit_Description_ScientistScrubs_Commander	高 | '当你发布命令的时候，人们会激动得跳起来。很高。'
Outfit_Description_ScientistScrubs_Officer	需 | '为了在某些日子，你需要显得颇具威严。'
Outfit_Description_ScorchedHeavy	重 | '辐尸人重型。'
Outfit_Description_ScribeRobe	里 | '被钢铁兄弟会里最棒最闪耀的人穿过。'
Outfit_Description_SoldierSpecial	品 | '军用产品，我想足够你使用的。'
Outfit_Description_SportsfanSpecial	阻 | '能给你提供很好的保护。躲过他人的阻截……或是死爪的拥抱。'
Outfit_Description_Suspenders	非重金 | '乡村非主流还是城市重金属？让他们猜去吧。'
Outfit_Description_SynthArmor	院 | '学院合成人的基本装备。'
Outfit_Description_SynthArmor_Heavy	重 | '被训练用来进行重型战斗的合成人穿过。'
Outfit_Description_SynthArmor_Sturdy	院 | '学院认可的废土用装甲。'
Outfit_Description_TiedBlouse	重 | '适合繁重的农场劳作或是乡村音乐的表演。'
Outfit_Description_VaultSecurityOutfit	除需 | '有时候，除了备忘录，还需要更多手段来加强避难所的安全性。'
Outfit_Description_Vest	里 | '用避难所里最潇洒的穿着让心碎成一片。'
Outfit_Description_WaitressUniform	附 | '附赠几分俏皮、几分泼辣，还有一只永远续杯的杯子。'
Outfit_Description_Wasteland_Doctor	除 | '对于清除弹片和包扎轻伤再合适不过了。'
Outfit_Description_Wasteland_Surgeon	除 | '截肢术，阑尾切除术，胃旁路术——在战地上，什么手术都能做！'
Outfit_Name_BOSUniform_Advanced	高 | '高级钢铁兄弟制服'
Outfit_Name_BattleArmor_Heavy	重 | '重型战斗装甲'
Outfit_Name_CombatArmor_Heavy	重 | '重型战斗装甲'
Outfit_Name_ElderLyonsSpecial	里 | '里昂长老长袍'
Outfit_Name_EnclaveOfficerUniform	雷 | '英克雷军官制服'
Outfit_Name_EnclavePowerArmor	雷 | '英克雷动力装甲'
Outfit_Name_EnclaveSecurityOutfit	雷 | '英克雷保安制服'
Outfit_Name_FlightSuit_Advanced	高 | '高级飞行服'
Outfit_Name_HazmatSuit_Heavy	重 | '重型废土服'
Outfit_Name_HunterGear_Bounty	金 | '赏金猎人服'
Outfit_Name_InstituteJumper	院 | '学院套头衫'
Outfit_Name_InstituteJumper_Advanced	高院 | '高级学院套头衫'
Outfit_Name_InstituteJumper_Expert	院 | '专家学院套头衫'
Outfit_Name_LabCoat_Advanced	高 | '高级实验室外套'
Outfit_Name_LucasSpecial	防 | '警长防尘服'
Outfit_Name_MetalArmor	金 | '金属盔甲'
Outfit_Name_MetalArmor_Heavy	重金 | '重型金属盔甲'
Outfit_Name_MetalArmor_Sturdy	金 | '坚固金属盔甲'
Outfit_Name_RadiationSuit	防 | '防辐射服'
Outfit_Name_RadiationSuit_Advanced	高防 | '高级防辐射服'
Outfit_Name_RadiationSuit_Expert	防 | '专家防辐射服'
Outfit_Name_RaiderArmor_Heavy	重 | '重型掠夺者装甲'
Outfit_Name_RegsDirtyBlackSuit	雷 | '雷格斯的肮脏黑西装'
Outfit_Name_RiotGear_Heavy	重 | '重型雇佣兵服'
Outfit_Name_RothchildSpecial	查 | '罗瑟查尔德学士长袍'
Outfit_Name_SarahSpecial	里 | '里昂的骄傲盔甲'
Outfit_Name_Suspenders	高 | '高级定制服装'
Outfit_Name_SynthArmor_Heavy	重 | '重型合成人装甲'
Outfit_Name_UtilityJumpsuit_Heavy	重 | '重型避难所套装'
Outfit_Name_WandererArmor_Heavy	重 | '重型皮甲'
PetCarrier_campaign_Header	量 | '为了在给您带来愉悦体验的同时让您尽量免受打扰，避难所科技的工程师们带来了令人激动的新特性！'
PetCarrier_campaign_Main1	里 | '宠物已经来到了辐射避难所。\n这有一个免费的宠物笼子，您可以从这里开始！\n打开它，欢迎一个毛茸茸*的小伙伴加入避难所吧！'
PetCarrier_campaign_Main2	食 | '居民驱逐\n感谢那些吃白食的居民们的服务！把他们撵出避难所！'
PetCarrier_campaign_Main3	品 | '卖！卖！卖！\n一次性出售整个库存或是废土探险者带回来的所有普通级物品。'
Pet_Carrier_PopUp_Main	里 | '这里有一个宠物笼子来开始您的宠物收集之旅！打开它，欢迎一个毛茸茸*的小伙伴加入避难所吧！'
Pet_Description_australianshepherd_l	鞋 | '会因为没有锻炼而觉得不安。不安意味着它会吃掉你的鞋子。'
Pet_Description_bloodhound_b	里 | '联邦里最好的追踪犬。'
Pet_Description_bombay_l	面 | '谁偷了你的甜面包？只能猜一次。'
Pet_Description_collie_b	里 | '困在了井里？它会让你得到帮助！'
Pet_Description_cx404_l	雷 | '一个训练有素的前英克雷特工，专门从事嗅探活动。'
Pet_Description_dalmatian_b	重 | '一胎生一大窝的传言被严重夸大了。'
Pet_Description_englishmastiff_l	需 | '我们需要一个更大的狗床……'
Pet_Description_goldenret_b	金 | '快乐。蹦跶。金黄。'
Pet_Description_greyhound_l	里 | '一场比赛里要是不赌它赢，你肯定要输钱。'
Pet_Description_havanabrown_b	里 | '已经习惯和它说，“你是怎么上到那里的？”'
Pet_Description_husky_b	雪 | '它擅长拉动雪橇……和你的心弦。'
Pet_Description_husky_l	雷 | '它曾在安克雷奇为我们的军队服务。现在它自豪地为避难所服务。'
Pet_Description_laperm_l3	高 | '拥有一件华丽的外套，和想和其他人一决高下的态度。'
Pet_Description_lykoi_b	里食 | '那些耳朵能听到你在一英里外喂猫食。'
Pet_Description_lykoi_l	里 | '默默地攻击……至少在你的脚趾那里。'
Pet_Description_mainecoon_b	野 | '只是看起来像一个野孩子。它其实文静又可爱。'
Pet_Description_manx_b	金 | '只要你有金枪鱼，它就是你最好的朋友。'
Pet_Description_pallascat_b	面 | '有传言说，那一大堆皮草下面有一只猫。'
Pet_Description_pitbullterrier_b	需首 | '满足你犬类安保需求的首选。'
Pet_Description_pitbullterrier_l2	面 | '在这些健壮的肌肉下面，有一颗宽厚的心。'
Pet_Description_rottweiler_l	里 | '一个强壮的身体里住着善良的灵魂。它是爱和忠诚的典范。'
Pet_Description_scarletmacaw_b	陪 | '且慢，兄弟！在你擦拭甲板的时候它会一直陪伴你。'
Pet_Description_scarletmacaw_l	高 | '它会高兴地坐在你肩膀上。是天使，还是恶魔……或两者都是。'
Pet_Description_somali_b	面里面 | '在外面的时候想进去，在里面的时候又想出去。'
Pet_Description_stbernard_b	高 | '如果你在高山上迷失了，希望它能跑来找你。'
Pet_GoldenRetriever	金 | '金毛猎犬'
Pet_Somali	里 | '索马里猫'
PreTutorial_VaultName	需 | '现在需要决定您的避难所ID号。请仔细选择，因为一旦选择，就无法改变。'
PrivacyPolicy_Contact	查除 | '[212F21]联系我们/查看或者删除已收集信息'
QuestList_LimitedTime	限 | '限时'
QuestLoc_12PointBuck_QuestLongDescription	里 | '我曾经穿着睡衣射杀了一只死爪。至于它是怎么钻进我睡衣里的，我永远也不会知道。'
QuestLoc_ACryforHelp_Conversation_1_NPCStart_1	里 | '谢天谢地你在这里！只剩我一个人了，所有的物资也用光了。'
QuestLoc_ACryforHelp_Conversation_1_Team_1	需里 | '你可以不用苦恼了。你需要的东西避难所里都有。'
QuestLoc_ACryforHelp_QuestObjective_1	查 | '调查红火箭服务站。'
QuestLoc_ACryforHelp_QuestShortDescription	里 | '红火箭服务站里有人在大声呼救。'
QuestLoc_ADeliciousTrailofDanger_Conversation_1_NPCStart_1	阻高 | '真是群傻瓜。你们是无法阻止高步勒的！它杀死了我所有的伙伴。'
QuestLoc_ADeliciousTrailofDanger_Conversation_1_NPCStart_4	高 | '想要找到高步勒吗？顺着肉汁就行了！'
QuestLoc_ADeliciousTrailofDanger_Conversation_1_Team_1	高 | '给我们你的武器吧。我们会拿下高步勒的！'
QuestLoc_ADeliciousTrailofDanger_Conversation_1_Team_3	高需 | '如果要对付高步勒的话，我们会需要你最好的装备！'
QuestLoc_ADeliciousTrailofDanger_Conversation_2_NPCStart_1	高里 | '高步勒之前在这里！'
QuestLoc_ADeliciousTrailofDanger_Conversation_2_NPCStart_2	里 | '它杀了一群掠夺者之后跳进了一个布兰科蔓越莓酱的大桶里！'
QuestLoc_ADeliciousTrailofDanger_Conversation_2_Team_3	高 | '你们有没有什么好的装备来帮助我们打败高步勒？'
QuestLoc_ADeliciousTrailofDanger_QuestLongDescription	高 | '我们顺着高步勒的蛋糕碎来到了布兰科工厂。'
QuestLoc_ADeliciousTrailofDanger_QuestObjective_1	高 | '继续追踪高步勒。'
QuestLoc_ADeliciousTrailofDanger_QuestShortDescription	高 | '沿着高步勒的踪迹去布兰科工厂。'
QuestLoc_AGatheringofGhouls_QuestObjective_1	除 | '除掉发光种。'
QuestLoc_ALaborofLove_Conversation_1_Team_2	里 | '我们只想在这里举行一个婚礼……可以帮忙主持吗？'
QuestLoc_ALaborofLove_Conversation_1_Team_3	里 | '抱歉，我脑子里笑声太大，听不清你在说什么。'
QuestLoc_ALaborofLove_Conversation_2_NPCEnd_2	里 | '是么？真是不想待在这里了……兄弟们，我们继续朝上走！'
QuestLoc_ALaborofLove_Conversation_2_Team_2	里 | '在往北几公里的地方有一个废弃的避难所，你知道吗？'
QuestLoc_ALaborofLove_Conversation_2_Team_3	里 | '当然，但也许你应该先看看这把枪管里装的啥吧？'
QuestLoc_ALaborofLove_QuestLongDescription	面附需 | '激动人心的日子就要到来了。我们的想法是在自然的背景下举行一场婚礼，但外面太危险了，我们改用附近的一处洞穴，只需简单清理消毒一下就行。'
QuestLoc_AMaptotheStars_Conversation_1_NPCEnd_2	餐 | '不认识，我只是在餐厅工作的员工。也许120号避难所的监督者知道？'
QuestLoc_ANiceGhoulLikeYou_Conversation_1_NPCStart_1	零 | '噢你好。你来找零件的吗？'
QuestLoc_ANiceGhoulLikeYou_Conversation_1_NPCStart_2	里 | '我们手里有一些可以转让的……如果你能回答这个谜语！'
QuestLoc_ANiceGhoulLikeYou_QuestLongDescription	里面 | '一个你们的居民遇见了个几乎未动过的红火箭。也许里面有些值钱的东西！'
QuestLoc_ANiceGhoulLikeYou_QuestShortDescription	里零 | '在红火箭加油站里寻找零件。'
QuestLoc_APaleImitation_Conversation_2_NPCEnd_4	面里 | '好吧，监督者确实说过先和外面的人谈谈。他在大厅里。'
QuestLoc_APaleImitation_Conversation_2_NPCStart_2	面 | '我是说，不是字面上说的那种，就是，你知道的……'
QuestLoc_APaleImitation_Conversation_3_NPCEnd_2	面 | '哦……我想我就随便逛逛吧。说不定就在外面被生吞活剥了。不用担心！永别了！'
QuestLoc_APaleImitation_Conversation_3_NPCStart_1	里 | '嘿，一位真正的避难所居民！呃，我真的以为在这里所谓的“避难所”能起作用。'
QuestLoc_APaleImitation_Conversation_3_Team_1	高 | '当然！很高兴你能成为我们的一员！'
QuestLoc_APaleImitation_QuestLongDescription	查 | '在废土上有一个新避难所，是掠夺者管理的！避难所科技早已不复存在，那又会是谁修建了 R41D 号避难所呢？赶紧去调查吧。'
QuestLoc_APaleImitation_QuestObjective_2	首 | '和R41D号避难所的掠夺者首领对峙。'
QuestLoc_APaleImitation_QuestShortDescription	查 | '调查一个神秘的全新避难所。'
QuestLoc_APaleImitation_RaiderLine_4	里 | '这是我们的避难所！这里不欢迎你！'
QuestLoc_APoorlyThoughtOutPlan_QuestObjective_1	除首 | '除掉掠夺者首领。'
QuestLoc_APoorlyThoughtOutPlan_QuestObjective_2	除 | '除掉死爪。'
QuestLoc_ARefreshingRescue_QuestLongDescription	里 | '罗伯科大楼里的一个陌生人告诉我，掠夺者把瓶瓶和盖盖带去了核子可乐工厂。我有种预感，这次终于能追上它们了。'
QuestLoc_ASettlerNeedsYourHelp_Conversation_1_NPCEnd_1	附防 | '我在这附近见过一只发光种。小心提防她。'
QuestLoc_ASettlerNeedsYourHelp_Conversation_1_NPCEnd_2	里 | '经理办公室里有很多物资，可以找找看，说不定有些能用。'
QuestLoc_ASettlerNeedsYourHelp_Conversation_1_NPCStart_2	雷 | '我叫普雷斯顿·加维，联邦义勇军民兵组织的成员。'
QuestLoc_ASettlerNeedsYourHelp_Conversation_1_NPCStart_3	里 | '我来到这里，寻找物资。结果让尸鬼抢先了。'
QuestLoc_ASettlerNeedsYourHelp_Conversation_1_Team_1	附需防 | '这附近有没有需要我们提防的坏蛋？'
QuestLoc_ASettlerNeedsYourHelp_QuestLongDescription	雷院院 | '义勇军民兵普雷斯顿·加维被困在肯德尔医院了，医院被狂尸鬼和不知道是什么的可怕东西包围了，快救他！'
QuestLoc_ASettlerNeedsYourHelp_QuestName	需 | '有人需要你的帮助'
QuestLoc_ASettlerNeedsYourHelp_QuestObjective_1	院雷 | '在肯德尔医院找到普雷斯顿·加维。'
QuestLoc_ASettlerNeedsYourHelp_QuestShortDescription	院雷 | '在肯德尔医院找到了普雷斯顿·加维。'
QuestLoc_ASettlerNeedsYourHelp_QuestlineName	需 | '有人需要你的帮助'
QuestLoc_ASpecialBrand_Conversation_1_NPCEnd_1	里 | '那个你用来交换杰克的人呢？作为嫁妆的？和科兰特聊聊吧，他手里有你们想要的。'
QuestLoc_ASpecialBrand_Conversation_2_NPCEnd_1	里 | '哦对，他还活着，和凯拉结婚了，她的队员在东边的一个山洞里。'
QuestLoc_ASpecialBrand_Conversation_2_NPCStart_2	高 | '你们的孩子杰克今早起来的时候看上去并不是很高兴。'
QuestLoc_ASpecialBrand_QuestName	品 | '一个特殊的品牌'
QuestLoc_ASpecialBrand_QuestShortDescription	里 | '我们在旧仓库里开派对！也许那边会有线索……'
QuestLoc_AThirstforAdventure_Conversation_1_NPCEnd_1	里 | '哦当然！很不错的女士。狂尸鬼把她拖到了某个废弃建筑里。'
QuestLoc_AThirstforAdventure_Conversation_1_Team_1	金 | '你有见过宝拉·普朗布金吗？'
QuestLoc_AThirstforAdventure_QuestLongDescription	金 | '宝拉·普朗布金不在730号避难所，但一个掠夺者告诉你她出发去核子可乐工厂了。快去找她吧！'
QuestLoc_AThirstforAdventure_QuestShortDescription	金 | '沿着宝拉·普朗布金走过的路进入到旧的核子可乐工厂。'
QuestLoc_AgainstTheOdds_Conversation_1_NPCStart_2	重 | '等这次结束了，我一定会重新建立一个新的，更好的小队！'
QuestLoc_AgainstTheOdds_QuestObjective_1	首 | '消灭“疯子77”的首领。'
QuestLoc_AgainstTheOdds_QuestShortDescription	除 | '除掉“疯子77”。'
QuestLoc_AlienBotQuest01_Conversation_1_PC1_1	里 | '大无敌超市！这里应有尽有！'
QuestLoc_AlienBotQuest01_Conversation_3_PC2_1	里里 | '这台电脑上有日志，里头是销售和库存记录。也许这里有线索？'
QuestLoc_AlienBotQuest03_Conversation_1_PC3_3	里 | '我知道，但就是这个让我心里发毛。'
QuestLoc_AlienBotQuest03_Conversation_2_PC1_1	里 | '看起来他们对这里的安保下了不少功夫，我觉得应该不会直接给门上锁的。'
QuestLoc_AlienBotQuest03_Conversation_3_PC1_2	里 | '这里的人一定走得很匆忙。'
QuestLoc_AlienBotQuest03_Conversation_5_PC1_7	里 | '但肯定不止这些。他们怎么会来到这里的？'
QuestLoc_AlienBotQuest03_Conversation_5_PC2_5	里 | '在炸弹落下之前的几年里，一直有传言。看来传言是真的。'
QuestLoc_AlienBotQuest04_Conversation_2_PC3_1	里 | '他们在撤离时把这里打扫得干干净净，留下的全是没用的东西。'
QuestLoc_AlienBotQuest05_Conversation_2_PC1_2	里里 | '这里有一盘磁带，里头记录不少。'
QuestLoc_AlienBotQuest05_Conversation_2_PC1_4	里面 | '太棒了！这里面提到什么“政府合同”和“研发实验室”，应该有相应的坐标！'
QuestLoc_AlienBotQuest06_Conversation_1_PC1_2	里 | '灯下黑啊，哪里能比人们眼皮底下更安全呢？'
QuestLoc_AlienBotQuest06_Conversation_1_PC2_1	里 | '秘密研究基地就在这？这只是商场里的一家商店而已吧。'
QuestLoc_AlienBotQuest06_Conversation_2_ED_1	面 | '哇！别开枪！我可不是外面那些家伙。'
QuestLoc_AlienBotQuest06_Conversation_2_ED_3	高除 | '真高兴能见到除了狂尸鬼之外的家伙。'
QuestLoc_AlienBotQuest06_Conversation_2_ED_6	面 | '好东西都在下面，你们尽管拿，前提是带我一起走！'
QuestLoc_AlienBotQuest06_Conversation_2_ED_9	面 | '哦，谢谢！我在外面等你们干完。我等不及要和能说话的人聊聊了！'
QuestLoc_AlienBotQuest06_Conversation_2_PC2_3	附 | '我们来自附近的避难所，正在寻找科技。'
QuestLoc_AlienBot_01_QuestLongDescription_01	食附 | '进入避难所的周年纪念即将到来，让我们举办庆祝活动，提振避难所士气吧！虽然食物和音乐都不缺，但似乎避难所科技在储备物资时，忽视了派对装饰！我们得派人去附近的大无敌'
QuestLoc_AlienBot_01_QuestLongDescription_02	品量附里品 | '虽然在大无敌超市没找到任何派对用品，但我们的队伍发现，有位政府人员在炸弹落下前不久大量购买了彩带和气球。我们追踪到这位官员的下落，发现他在附近的一座政府大楼里。'
QuestLoc_AlienBot_01_QuestLongDescription_03	品里查需 | '在寻找装饰品的过程中，我们在那座旧政府大楼里发现了让我们大吃一惊的东西。我们查阅了所有日志，发现其中提到了一处可能藏有更多秘密信息的政府设施。我们有可能可以找到'
QuestLoc_AlienBot_01_QuestLongDescription_04	里里 | '我们在政府设施里碰到了一些难以置信的东西。当我们深入研究那些数据时，发现有记录提到一处“坠毁现场”，那里有个实地研究实验室，曾进行着关于“某个物体”的实验。快去'
QuestLoc_AlienBot_01_QuestLongDescription_05	里面附里 | '我们一直在分析从外星飞船实验室带回来的数据。结果发现，旧政府把大部分样本都交给了罗伯科公司。我们从你带回来的飞船坠毁现场垃圾里找到了一张磁带，上面提到下个阶段的'
QuestLoc_AlienBot_01_QuestLongDescription_06	高零 | '我们破解了罗伯科公司工厂高管的日志，发现了一处秘密的研发设施。它就藏在当地商场的一家零售店地下，罗伯科公司竟然在利用外星科技推进他们的机器人研究。他们试图打造一'
QuestLoc_AlienBot_01_QuestShortDescription_01	里品 | '在大无敌超市里找到派对装饰品。'
QuestLoc_AlienBot_01_QuestShortDescription_02	品 | '在政府大楼内寻找派对用品。'
QuestLoc_AlienBot_01_QuestShortDescription_03	查 | '调查政府研究设施。'
QuestLoc_AlienBot_Quest04_Conversation_3_Team_1	面 | '呃，随便啦，准备爆炸吧，你这个会走路的烤面包机！'
QuestLoc_AlienBot_Quest04_Conversation_3_Team_2	里 | '我们费了不少功夫才来到这里，可不想空手而归。'
QuestLoc_AlienBot_QuestName_02	需 | '必需的乐趣'
QuestLoc_AlienBot_QuestName_03	里 | '真相就在这里'
QuestLoc_AlienBot_QuestObjective_01	品 | '获取派对装饰品。'
QuestLoc_AlienBot_QuestObjective_02	品 | '寻找丢失的派对装饰品。'
QuestLoc_AllSalesFinal_Conversation_1_NPCEnd_2	首 | '首先，这很不礼貌，其次，这儿已经好几个月没吃的了。'
QuestLoc_AllSalesFinal_Conversation_1_NPCEnd_3	食 | '不好意思，这儿没有剩的食物。这是我们全部家当了。'
QuestLoc_AllSalesFinal_Conversation_1_Team_1	里食 | '那么，这里还有食物吗？'
QuestLoc_AllSalesFinal_Conversation_1_Team_2	食 | '把你的食物给我们。'
QuestLoc_AllSalesFinal_QuestLongDescription	食需食附 | '我们的新厨师有一些大胆的想法来改善我们的日常饮食，他列出了所需要的具体食材。我们应该去附近一个废弃的大无敌超市看看能不能找到。'
QuestLoc_AllSalesFinal_QuestObjective_1	里食 | '在大无敌超市里寻找食材。'
QuestLoc_AllSalesFinal_RaiderLine_1	食 | '我觉得这儿没有食物剩下……'
QuestLoc_AllWorkandNoPlay_Conversation_1_NPCStart_2	里 | '鲁巴布的掠夺者来这里，想搞大破坏！'
QuestLoc_AllWorkandNoPlay_Conversation_1_NPCStart_3	香 | '但他们中有个人喷了古龙香水，很糟糕的味道……'
QuestLoc_AllsFairinLoveandNuclearWar_Conversation_1_NPCEnd_1	食 | '不，但是节食不意味着我就不能看菜单了呀！'
QuestLoc_AllsFairinLoveandNuclearWar_Conversation_1_NPCEnd_3	里 | '我想还剩一个，藏在某个避难所房间里。'
QuestLoc_AllsFairinLoveandNuclearWar_Conversation_1_NPCStart_1	里 | '所以，你来这里参加单身之夜的，是吗？'
QuestLoc_AllsFairinLoveandNuclearWar_Conversation_1_Team_3	里 | '这里到底有没有单身汉啊？'
QuestLoc_AllsFairinLoveandNuclearWar_Conversation_3_NPCEnd_2	面 | '好吧，但是出去前一定戴上帽子。外面挺冷的。'
QuestLoc_AllsFairinLoveandNuclearWar_Conversation_3_NPCStart_3	里 | '嗯……是我有问题，还是这里越来越热了？'
QuestLoc_AllsFairinLoveandNuclearWar_Conversation_3_Team_1	里 | '我探索了废土，试图找到你，结果你在这里。'
QuestLoc_AllsFairinLoveandNuclearWar_QuestLongDescription	附 | '我们收到消息，附近的一个避难所正在为情人节举行单身之夜的活动，他们邀请了我们同去！'
QuestLoc_AllsFairinLoveandNuclearWar_QuestObjective_2	阻 | '快来阻止其他的情敌。'
QuestLoc_AllsFairinLoveandNuclearWar_QuestShortDescription	附 | '去附近的避难所找到潜在的伴侣。'
QuestLoc_AnimalRescue_QuestLongDescription	里 | '你是不会让那些可爱的小动物们困在那幢建筑里的，对吧？'
QuestLoc_AnybodyHome_QuestLongDescription	里面 | '当你在废土探险的时候发现了一个小屋。也许你该看看里面有什么。'
QuestLoc_AquaNukaCola_Conversation_1_NPCStart_1	里 | '你是为那些避难所科技工作室里被水淋透的傻子们工作的吗？'
QuestLoc_AquaNukaCola_QuestLongDescription	除里 | '我们能获得更多关于水之术士的信息的唯一方法就是清除这个掠夺者营地。应该像在公园里散步一样容易！'
QuestLoc_AquaNukaCola_QuestObjective_1	除 | '清除掠夺者营地。'
QuestLoc_Aquaschema_Conversation_1_NPCStart_4	阻 | '这水确实不错，但他这是欺诈，得阻止他。'
QuestLoc_ArghMatey_QuestLongDescription	首 | '爷爷想要扮海盗，但是首先得有一只鹦鹉。'
QuestLoc_ArmsRace_QuestLongDescription	里 | '枪匠的呼喊从广播里传来，声音大而清楚。“狂尸鬼！救命！谁要是能救我出去我会拿最好的武器报答他！”如果你想要这个奖励的话得赶快了。'
QuestLoc_ArmsRace_QuestObjective_1	除 | '除掉狂尸鬼。'
QuestLoc_ArmsRace_QuestShortDescription	里 | '从狂尸鬼手里拯救枪匠。'
QuestLoc_Astronomical_Conversation1_Answer_PC02	阻 | '我们是来阻止你们和你们那个疯子领导的！'
QuestLoc_Astronomical_Conversation2_Answer_NPC01	里 | '去吧。那边应该没什么人了。我们会守在这里的。对了，我们找到了这个，你们避难所可能用得上。'
QuestLoc_Astronomical_Conversation3_Answer_NPC01	重阻 | '这是重回正轨的唯一办法。我不会让任何人阻止我。'
QuestLoc_Astronomical_Conversation3_Answer_PC01	重 | '重建？你这是要搞出大乱子啊！'
QuestLoc_Astronomical_Conversation3_NPC03	阻重 | '他们无法阻止我们重建家园。'
QuestLoc_Astronomical_Conversation4_Answer_NPC01	需 | '她不需要听你废话！'
QuestLoc_Astronomical_Conversation4_Answer_PC02	陪 | '来呀！我很乐意陪你玩玩！'
QuestLoc_Astronomical_Conversation4_NPC01	靠 | '再靠近一步，我们就送你们上西天！'
QuestLoc_Astronomical_QuestLongDescription	里 | '兄弟会正在攻击格里菲斯天文台，企图从新加州共和国手中夺回一种致命武器。虽然不知道具体是什么武器，但无论落入任何一方手中，都可能产生灾难性后果。为了保护所有人的安'
QuestLoc_Astronomical_QuestObjective	阻首 | '阻止NCR的首领。'
QuestLoc_Astronomical_QuestShortDescription	阻首 | '阻止NCR的首领使用武器。'
QuestLoc_AtDeathsDoor_Conversation_2_NPCStart_2	隔 | '真正的应该在隔壁。'
QuestLoc_AtDeathsDoor_RaiderLine_3	面除 | '快逃！下面除了会让你开膛破肚没有别的！'
QuestLoc_BacktotheOutfield_QuestLongDescription	里 | '我们发现了一个叫教练的人留下的消息，他说自己有罗基·杰宾森的棒球衫！也许他藏在了428号避难所的废墟里……'
QuestLoc_BeanballtotheFace_Conversation_1_NPCStart_1	面 | '哇！又有一条消息！上面说……'
QuestLoc_BeatReporting_Conversation_1_NPCStart_4	需 | '我是报纸的编辑。需要帮忙吗？'
QuestLoc_BeatReporting_Conversation_2_NPCEnd_1	里 | '他已经待了太长的时间，足以成为儿童眼里的传奇，就像那些退伍军人一样。'
QuestLoc_BeatReporting_Conversation_3_NPCStart_2	首 | '我觉得，“战争”只是一个能力不足的掠夺者首领。'
QuestLoc_BeatReporting_Conversation_3_Team_3	需 | '“战争”需要什么？'
QuestLoc_BeatReporting_Conversation_5_NPCStart_1	靠 | '我？我只是实习生！我靠听银河新闻电台来了解紧急情况和故事。'
QuestLoc_BeatReporting_Conversation_5_NPCStart_4	需 | '有人需要帮助他们！'
QuestLoc_BewareofOverdog_Conversation_1_Team_2	高 | '我们很高兴能帮助……'
QuestLoc_BigTrouble_QuestLongDescription	里 | '聪明的领头死爪，藏在了红火箭加油站里伏击误入的旅行者。对付这种威胁只有一个办法。'
QuestLoc_BigTrouble_QuestObjective_1	除 | '除掉领头死爪。'
QuestLoc_BigTrouble_QuestShortDescription	除 | '除掉埋伏在红火箭加油站的领头死爪。'
QuestLoc_Blackout_Conversation_1_NPCEnd_1	里 | '在那条街上我们的仓库里。你一直说自己是来自泽塔航母的外星人。'
QuestLoc_Blackout_QuestLongDescription	重防 | '新年第一天……昨夜避难所举行了隆重的派对活动。但是监督者的儿子杰克失踪了。我们必须找到他！现在只知道12点之前他还和我们在一起，但之后发生了什么完全是一片模糊，'
QuestLoc_Blackout_QuestObjective_1	里 | '在可伟佳自动化工厂里寻找杰克。'
QuestLoc_BoogieWoogieBugleBoy_Conversation_1_Team_1	里里 | '学不乖又怎样？这里说得清清楚楚新波士顿号角就是从核子可乐仓库里发行出来的。'
QuestLoc_BoogieWoogieBugleBoy_QuestLongDescription	里 | '到头来新波士顿号角报是某种骗局，而我们唯一的线索就是号角男孩。他现在被关在了大无敌超市里。去找到他然后询问点信息吧。'
QuestLoc_BottlecapBlues_QuestLongDescription	里里 | '瓶瓶和盖盖在核子世界被掠夺者们绑架了！最后一次被发现是在一座废弃的工厂里。赶紧去那里救他们，不然就太迟了！'
QuestLoc_BountyBash_QuestLongDescription	首金 | '一位叫“暴击”的掠夺者首领树敌无数。取下他的人头去领赏金吧！'
QuestLoc_BountyBash_QuestShortDescription	首 | '拿下掠夺者首领“暴击”，领取奖赏！'
QuestLoc_BountyButcher_Conversation_1_NPCStart_1	里 | '等等。你来这里是为了拿下“屠夫”？你是认真的？'
QuestLoc_BountyButcher_Conversation_1_NPCStart_2	金 | '呃，祝你好运吧。如果你能顺利回来，赏金都是你的。'
QuestLoc_BountyButcher_Conversation_1_NPCStart_4	高 | '很高兴认识你。'
QuestLoc_BountyButcher_QuestLongDescription	金 | '有一个悬赏公告，要求杀死领头死爪“屠夫”。不用担心。我相信这个肯定只是个昵称。但把它拿下，你会得到一笔丰厚的奖金。'
QuestLoc_BountyButcher_QuestShortDescription	除 | '除掉领头死爪“屠夫”，领取奖赏！'
QuestLoc_BountyOlOneEye_Conversation_1_NPCStart_1	金 | '嗯。你来这是为了赏金的？'
QuestLoc_BountyOlOneEye_QuestShortDescription	金 | '终结“独眼龙”的生命，领取赏金！'
QuestLoc_BountyShiner_Conversation_1_NPCStart_3	量 | '能量武器是唯一能够穿透它粗糙外皮的东西。'
QuestLoc_BountyShiner_QuestShortDescription	金 | '拿下那个叫“闪闪”的发光种，领取赏金！'
QuestLoc_BountySnips_Conversation_1_NPCStart_1	金 | '是来领取“剪刀手”的赏金的吗？'
QuestLoc_BountySnips_QuestShortDescription	金 | '消灭发光辐射蝎“剪刀手”，然后拿着它的壳领取赏金吧！'
QuestLoc_BountyYak_Conversation_1_NPCStart_2	食 | '那只叫“牦牛”的鼹鼠妈妈一直在偷我们的食物，并让整个地方都臭翻了天！'
QuestLoc_BountyYak_Conversation_1_NPCStart_3	靠 | '但你绝对不会想要靠近它。'
QuestLoc_BountyYak_QuestLongDescription	除 | '一只叫做“牦牛”的鼹鼠妈妈偷走了最后一块“俏男孩”蛋糕！除掉它然后领取你的奖励。'
QuestLoc_BountyYak_QuestObjective_1	除 | '除掉鼹鼠“牦牛”。'
QuestLoc_BreakingalltheRecords_QuestLongDescription	查 | '那儿有一个旧的威尔逊原子玩具厂，我们没有查看过。教练和罗基·杰宾森的棒球衫说不定会在那儿。'
QuestLoc_Broadsides_Conversation_1_NPCEnd_1	里 | '我们从819号避难所那里得到了一本过期报刊。在那之前我们只有一本旧的《一只尸鬼，两只尸鬼》影印本可以读。'
QuestLoc_Broadsides_Conversation_1_NPCEnd_2	面 | '你说的对！我们这就出发去追捕那些掠夺者—我注定会成为封面明星！819号避难所可得小心啦！'
QuestLoc_Broadsides_Conversation_1_Team_2	靠 | '所以靠打架揍人扬名就能上号角报？'
QuestLoc_BrotherhoodOfFeels_QuestLongDescription	查 | '旅行者告诉我们，有一小队前钢铁兄弟会成员在该地区建立了一个某种类型的公社。显然，他们成功地让幸存者、尸鬼和掠夺者和谐地生活在一起。去调查这个社区，看看传言是否属'
QuestLoc_BugHunt_QuestShortDescription	里 | '消灭工厂里发光辐射蟑螂。'
QuestLoc_ByHookorbyCook_Conversation_1_Team_1	食 | '烂食物，烂服务……这地方我给一星评价。'
QuestLoc_CabinFever_Conversation_1_Team_2	里 | '我突然有一种冲动想去朝那个空地开枪，就在那里。'
QuestLoc_CabinFever_QuestLongDescription	里查需 | '你的一个居民听到一个废弃的小屋里发出叫声。他们应该调查看看是否有人需要帮助！'
QuestLoc_CabinFever_QuestObjective_1	查里 | '调查来自小屋里的噪音。'
QuestLoc_CabinFever_QuestShortDescription	查 | '调查一个废弃小屋发出的奇怪声音。'
QuestLoc_CabinWithoutTheWoods_QuestLongDescription	野 | '正在探索废土的居民在某个荒郊野岭发现了一处阴森的小屋。大概没有……闹鬼吧。'
QuestLoc_CabinWithoutTheWoods_QuestObjective_1	除 | '除掉尸鬼。'
QuestLoc_CabinWithoutTheWoods_QuestShortDescription	除里 | '除掉废弃小屋里的尸鬼。'
QuestLoc_CanineRecovery_Conversation_1_NPCEnd_1	里 | '那个家伙一定是和其他人一起逃走了。说不定是199号避难所。干掉你们之后我们就立刻去那里。'
QuestLoc_CanineRecovery_Conversation_1_Team_1	里 | '所以比格斯比不在这里了吗？'
QuestLoc_CanineRecovery_QuestShortDescription	里 | '在旧仓库里寻找比格斯比。'
QuestLoc_CantStopTheSignal_QuestLongDescription	里里 | '一个奇怪而刺耳的声音从广播里传来。信号好像是从一幢废弃的旧建筑里发出的。'
QuestLoc_CantStopTheSignal_QuestShortDescription	查 | '侦查一个奇怪的无线电广播站。'
QuestLoc_CapsRun_QuestLongDescription	面 | '废土上有一大笔瓶盖储备，上面写着你的名字。'
QuestLoc_CheerfortheGhouls_Conversation_1_Team_1	里 | '当然！很快他就会带着他那招牌式的“嗬嗬嗬！”的笑声来这里了。'
QuestLoc_CheerfortheGhouls_Conversation_3_NPCStart_2	里 | '谢谢你们给我们这里带来了一点节日的气息。'
QuestLoc_CheerfortheGhouls_Conversation_3_Team_4	需 | '我们什么都不需要。我们只是乐于助人！'
QuestLoc_CheerfortheGhouls_QuestObjective_1	首 | '和尸鬼首领聊聊。'
QuestLoc_CheesePlease_Conversation_1_Team_2	除非 | '除非我们得到我们想要的。'
QuestLoc_CheesePlease_QuestLongDescription	高需金食 | '厨师很高兴——也很惊讶——你完好无损地把它带回来了！他现在需要加工过的奶酪，也就是灰金奶酪，这种神奇的食物能经受住时间和核战争的考验。有些可能留在老奶酪厂。'
QuestLoc_CheesePlease_RaiderLine_1	里 | '我们怀着极大的期望来到这里。'
QuestLoc_ChooChoo_QuestObjective_1	首 | '消灭掠夺者首领。'
QuestLoc_ChristmasattheRaiderCamp_Conversation_3_NPCStart_1	首 | '我是首领麦斯克鲁奇。我一度很讨厌圣诞节。'
QuestLoc_ChristmasattheRaiderCamp_QuestLongDescription	需 | '是的，即使是掠夺者也需要一点节日精神的！'
QuestLoc_ChristmasattheRaiderCamp_QuestObjective_1	首 | '和首领麦斯克鲁奇交谈。'
QuestLoc_CleanUpOnAisleFive_QuestLongDescription	首 | '一群掠夺者在掠夺当地的居民，他们占领了大无敌超市当总部，快去拿下他们的首领！'
QuestLoc_CleanUpOnAisleFive_QuestObjective_1	首 | '消灭大无敌超市的掠夺者首领。'
QuestLoc_CleanUpOnAisleFive_QuestShortDescription	首 | '消灭大无敌超市的掠夺者首领。'
QuestLoc_CleaningHouse_QuestShortDesc	除里 | '开业之前清除旅馆里的危险生物。'
QuestLoc_CleaningHouse_Question1	里 | '啊！别开枪！我们只是在这里藏身的！我们是相爱的！'
QuestLoc_CleaningHouse_Question2	里 | '好了，楼里清干净了！现在可以开业了。有大红绸带什么的吗，还是……'
QuestLoc_CleaningHouse_Question2_Answer2	品 | '这正是我想听到的。我去拿化学品！'
QuestLoc_ClearingAPath_Conversation_1_NPCStart_1	除 | '谢谢你们为我们清除这些丑陋的家伙。'
QuestLoc_ClearingAPath_QuestLongDescription	附 | '有一群士兵叫“钢铁兄弟会”，他们坚持认为避难所将会是理想的哨所！为了满足他们的标准，我们必须提供点火力支援。先从附近的机械配件厂开始吧。'
QuestLoc_ClearingAPath_QuestObjective_1	里 | '为工厂里的钢铁兄弟会小队清空道路。'
QuestLoc_CollateralMurder_Conversation_1_NPCEnd_1	里里 | '试试从这里往北约一公里处的旧大无敌超市吧。'
QuestLoc_CollateralMurder_QuestLongDescription	里面 | '据说只要你在新波士顿号角报里被提到，你最终的结局就是脑袋被挂在掠夺者的长矛上。现在我们得想办法怎么才能不上封面头条！'
QuestLoc_CollateralMurder_QuestObjective_1	里 | '去见罗伯科工厂里的定居者们。'
QuestLoc_CollectorsEdition_Conversation_1_NPCStart_1	里 | '你应该待在你的避难所里！'
QuestLoc_CollectorsEdition_Conversation_1_NPCStart_2	首 | '首先我们要杀了你……'
QuestLoc_CollectorsEdition_Conversation_1_Team_1	面 | '这样不好吧。巧手先生在烹饪方面很糟糕。'
QuestLoc_CollectorsEdition_Conversation_1_Team_2	里 | '这是否意味着你已经把它从盒子里拿出来了？'
QuestLoc_CollectorsEdition_Conversation_1_Team_3	降 | '……或者你可以投降，把巧手先生交给我们。'
QuestLoc_CollectorsEdition_Conversation_2_NPCEnd_1	查零 | '我先检查一下是否有零钱。'
QuestLoc_CollectorsEdition_QuestLongDescription	里里 | '我们听说当地的掠夺者在一个废弃的工业建筑里发现了一个崭新的巧手先生，他还在他的原来的盒子里。我们应该设法在这个宝贝被掠夺者破坏之前拿回它。'
QuestLoc_CollectorsEdition_QuestShortDescription	里 | '从掠夺者手里找回全新的巧手先生。'
QuestLoc_CollectorsEdition_RaiderLine_1	里 | '如果你只是把巧手先生放在盒子里，他能做什么呢？'
QuestLoc_CollectorsEdition_RaiderLine_2	限量 | '也许这是限量版的巧手先生，有着增强版的讽刺模块……'
QuestLoc_ConferenceontheMound_Conversation_1_NPCStart_1	里 | '真是震惊——罗基·杰宾森的棒球衫居然不在那里。'
QuestLoc_ConferenceontheMound_QuestLongDescription	里 | '在通用原子工厂里一无所获。但还好有一个被遗弃的616号避难所可以去看看。'
QuestLoc_CoveWatch_QuestLongDescription	附防 | '避难所得到消息，说附近正在拍电视节目。这肯定是个陷阱，但以防万一还是派你最具魅力的居民打扮一番去试镜吧。'
QuestLoc_CoveWatch_RaiderLine_1	附 | '你居然信了？这附近根本就没有水。'
QuestLoc_CrimeSceneInvestigation_Conversation_1_NPCStart_3	食里 | '单是“饥荒”就会把“死亡”吞食殆尽，好好享用这些“骑士”的美味卡路里。'
QuestLoc_CrimeSceneInvestigation_Conversation_3_NPCStart_1	高 | '谁在那儿？是其他避难所的居民！很高兴认识你们。'
QuestLoc_CrimeSceneInvestigation_Conversation_3_NPCStart_3	查 | '我们几个星期没有收到他们的消息了，所以我们就来调查。'
QuestLoc_CrimeSceneInvestigation_QuestLongDescription	查 | '好哇！我们现在正和“战争”处在休战状态，直到其他“骑士”被处理好为止！为此，“战争”声称，“死亡”的仆人们正攻击672号避难所。所以我们要调查并寻找他们可能留下'
QuestLoc_CrimeSceneInvestigation_QuestName	查 | '犯罪现场调查'
QuestLoc_CrossingPaths_Conversation_1_Team_2	里 | '才不要呢，我宁愿待在自己的避难所里。'
QuestLoc_DartofHarkness_Conversation_1_NPCStart_1	里 | '你们不应该在这里的，“光滑皮肤”！'
QuestLoc_DartofHarkness_Conversation_2_NPCStart_1	里 | '终于，你在这里。我开始担心。'
QuestLoc_DartofHarkness_Conversation_2_NPCStart_4	里 | '这里，把这些文件带给你们的监督者。他（她）会知道该怎么做。'
QuestLoc_DartofHarkness_QuestLongDescription	里重 | '我们从铆钉城安保长官哈克尼斯那里收到一条讯息，他要亲自给我们传达一些重要信息。穿上你最好的衣服，在避难所北边被遗弃的大无敌超市见见他。'
QuestLoc_DaysGoneBye_Conversation_1_NPCEnd_1	附 | '嗯，也许你们可以穿上鬼服把他们从附近的旧服装厂吓跑！'
QuestLoc_DaysGoneBye_Conversation_1_NPCStart_1	高 | '哇，我真高兴你们在这。那些掠夺者差点就抓到我了！'
QuestLoc_DaysGoneBye_Conversation_1_NPCStart_2	靠 | '任何靠近31号避难所的人，都会被他们追杀。'
QuestLoc_DaysGoneBye_QuestLongDescription	查 | '赫伯韦斯特告诉我所有那些去了31号避难所的人最后都失踪了。我正要去避难所科技的总部调查一下这个避难所的过去。'
QuestLoc_DaysGoneBye_QuestObjective_1	查 | '查找关于31号避难所历史的信息。'
QuestLoc_DaysGoneBye_QuestShortDescription	查 | '搜索避难所科技的办公室来查找31号避难所的信息。'
QuestLoc_DearthOfClaws_QuestLongDescription	里附 | '我们的几个采集者最近和一个旅行者聊天，他说他正在该地区寻找死爪聚集地，还计划在那里进行“社会实验”。他们担心他可能会自讨苦吃。去附近这个死爪聚集地，看看能不能救'
QuestLoc_DeathRevealed_Conversation_1_NPCStart_1	里 | '嗯，监督者在哪里？'
QuestLoc_DeathRevealed_Conversation_2_NPCStart_4	阻 | '但如果我们不能阻止骑士的话就没所谓了。我们去找监督者吧！'
QuestLoc_DeathRevealed_Conversation_3_NPCStart_2	里 | '当配额满足时“死亡”就会苏醒。手册里都写了。'
QuestLoc_DeathRevealed_Conversation_3_Team_2	里 | '你能至少告诉我们“死亡”在哪里吗？你知道我们最终会发现的。'
QuestLoc_DeathandDenial_Conversation_1_NPCStart_2	面雷 | '……现在外面很黑，远处雷声隆隆。'
QuestLoc_DeathandDenial_Conversation_2_NPCEnd_2	里 | '在闺房里吃东西。如果你想看罐头，我还有。'
QuestLoc_DeathandDenial_Conversation_2_NPCStart_1	雷金首 | '我是雷金纳德，首席管家。'
QuestLoc_DeathandDenial_Conversation_2_NPCStart_3	隔 | '他们在等着你在隔壁房间审问他们。'
QuestLoc_DeathandDenial_Conversation_2_Team_2	里 | '没有那么快。谋杀案发生的那天晚上你在哪里？'
QuestLoc_DeathandDenial_Conversation_2_Team_3	雷金雷金 | '雷金纳德，雷金纳德……荷兰人，是吗？'
QuestLoc_DeathandDenial_Conversation_3_NPCEnd_1	非 | '我们通常只是收集旧的垃圾然后转卖……但是我们对此非常勤奋！'
QuestLoc_DeathandDenial_Conversation_3_NPCStart_1	里 | '你不能把我们关在这里，知道吗？我们有个人权利！'
QuestLoc_DeathandDenial_Conversation_3_NPCStart_4	里 | '我们当然没杀任何人！反正自从我们来到这里就没杀过人……'
QuestLoc_DeathandDenial_Conversation_4_NPCEnd_2	非非 | '哦，她不是尸鬼，她只是非常非常老了。'
QuestLoc_DeathandDenial_Conversation_4_NPCStart_3	非 | '这位女士非常尊敬皮博迪先生，她认识他很多年了。'
QuestLoc_DeathandDenial_Conversation_6_NPCEnd_1	雷隔 | '只有当我暴跳如雷的时候，所以……也许每隔一周？'
QuestLoc_DeathandDenial_Conversation_6_NPCStart_3	里首 | '我只知道今天早上我醒来时手里拿着一把血淋淋的匕首。'
QuestLoc_DeathandDenial_Conversation_7_NPCEnd_2	面 | '嗯。谁知道在那些厚实的书呆子眼镜后面竟然藏着这么一个怪物？'
QuestLoc_DeathandDenial_Conversation_7_NPCEnd_3	里 | '我想这一切都说明了问题。这里，皮博迪先生想让你拿到这个。'
QuestLoc_DeathandDenial_Conversation_7_Team_4	需 | '很明显是他的儿子。你不需要我告诉你这点。'
QuestLoc_DeathandDenial_QuestLongDescription	里 | '天哪！我们刚刚得到消息，威廉·皮博迪三世先生被发现死在他的卧室里。我们必须派我们最聪明的侦探和他值得信赖的助手去解开这个可怕的谜团！'
QuestLoc_DeathclawDeeLite_1_QuestShortDesc	里 | '跟着狗狗回到诺瓦克……那里等着我们的是什么？'
QuestLoc_DeathclawDeeLite_1_Question1	里 | '这些死爪在我们旅馆里干什么？'
QuestLoc_DeathclawDeeLite_1_Question1_Answer3	查里 | '哎呀，那可糟了。至少去检查一下它们的肠子里有没有钥匙。'
QuestLoc_DeathclawDeeLite_1_Soliloquy1	骨 | '哦，嘿，一个肋骨架。看起来很新鲜。吓人。'
QuestLoc_DeathclawDeeLite_1_Soliloquy2	非 | '这对我们作为安全住宿场所的公众形象非常不利。'
QuestLoc_DeathclawDeeLite_2_CombatInit1	需 | '别妨碍我们！我们需要药！'
QuestLoc_DeathclawDeeLite_2_QuestLongDesc	靠 | '必须对这些死爪采取点行动了！显然有个医生能调制一种强效毒药，可以让它们永远不再靠近。去跟她谈谈吧！'
QuestLoc_DeathclawDeeLite_2_Question2_Answer2	重需 | '哦，亲爱的。听起来很严重。你需要杀掉头头，然后用这种毒药喷在它们的蛋上。祝你好运！'
QuestLoc_DeathclawDeeLite_2_Soliloquy1	里 | '有人在吗？这里不是应该是个热闹的科学中心吗？'
QuestLoc_DeathclawDeeLite_2_Soliloquy1_2	里 | '希望我们能在这里找到我们的死爪专家……'
QuestLoc_DeathclawDeeLite_3_QuestLongDesc	附 | '现在我们有了死爪毒药。我想我们应该去喷洒旅馆附近的巢穴来根治问题，而不是喷旅馆本身。'
QuestLoc_DeathclawDeeLite_3_QuestName	除 | '死爪灭除'
QuestLoc_DeathclawDeeLite_3_Question1_2	里 | '因为向往和平生活，我在这里自愿成为囚犯，为我同族的罪愆受罚。'
QuestLoc_DeathclawDeeLite_3_Question1_Answer2	阻 | '别担心，我不会阻止你们。我会去寻找和我一样追求和平的同类，然后大概孤独地死去。'
QuestLoc_DeathclawDeeLite_4_QuestLongDesc	重 | '显然我们的死爪驱虫剂对狂尸鬼就像蜂蜜一样有吸引力。把他们清掉，旅馆才能重新运营！'
QuestLoc_DeathclawDeeLite_4_QuestObjective1	除 | '清除那些狂尸鬼。'
QuestLoc_DeathclawDeeLite_4_QuestShortDesc	除里重 | '清除旅馆里的狂尸鬼以便重新营业。'
QuestLoc_DeathclawDeeLite_4_Question2	香 | '嗯……床！ 香！好！'
QuestLoc_DeathclawDeeLite_4_Question2_Choice2	里 | '你想在这里找对象？！好，先交钱！'
QuestLoc_DenofThieves_QuestLongDescription	首 | '红瑞秋是一个凶残的掠夺者首领。她偷走了一些你们的物资。拿回本属于你的东西，然后给这些莽夫们一点颜色看看！'
QuestLoc_DenofThieves_QuestObjective_2	首 | '对抗掠夺者首领。'
QuestLoc_DibsattheRedRocket_Conversation_1_NPCEnd_3	需 | '这个，我想你可以拿着。我们真的不需要它。'
QuestLoc_DibsattheRedRocket_Conversation_1_Team_3	里 | '拜托，你们不能在这里分享什么吗？'
QuestLoc_DibsattheRedRocket_QuestLongDescription	里面 | '你的一个居民发现了一辆废弃的红色火箭卡车站！也许里面有一些有价值的垃圾……'
QuestLoc_DiplomaticMission_Conversation_1_NPCEnd_1	非 | '非常好。这是我们有的东西！'
QuestLoc_DivideandConquer_Conversation_1_NPCEnd_2	里非 | '……或5里非常小的值。好吧，你可以过去了。'
QuestLoc_DivideandConquer_Conversation_1_Team_2	里非 | '只有2里非常大的值。'
QuestLoc_DivideandConquer_Conversation_2_NPCStart_1	里 | '你们来得正好，到这里来帮助解决一场争论。'
QuestLoc_DivideandConquer_Conversation_2_NPCStart_3	限重 | '这是一个无限重复小数点0.9。'
QuestLoc_DivideandConquer_Conversation_2_Team_3	限 | '来，见识见识我这把无限连发枪吧。'
QuestLoc_DivideandConquer_Conversation_3_NPCStart_2	限 | '如果你能回答这个简单的测试，我们就移到另一个象限。'
QuestLoc_DivideandConquer_QuestLongDescription	非面 | '有一个新的掠夺者帮派，欧拉的天使，在废土为非作歹！闲话少说，我们得派最聪明的居民去化解这些激进分子的威胁，解决当前的危急局面。'
QuestLoc_DivideandConquer_QuestObjective_1	首 | '打败掠夺者首领。'
QuestLoc_DogGone_Conversation_2_NPCStart_3	面 | '我可不想在这狗面前杀你。它挺敏感的。'
QuestLoc_DogGone_QuestShortDescription	里 | '从一帮掠夺者手里拯救被绑架的小狗。'
QuestLoc_DogShelter_Conversation_1_Team_1	里 | '我们到这里来是为了救菲多！'
QuestLoc_DogShelter_Conversation_1_Team_3	餐 | '你的意思是你送给他们一顿午餐。'
QuestLoc_Dog_Answer01_NPC01	需 | '看来我们需要纠正你的行为！'
QuestLoc_Dog_QuestLongDescription	里面 | '你在返回菲利镇的路上经过一个破旧的加油站，听到里面传来的奇怪声音。那会是什么呢？只有进去才能知道！'
QuestLoc_Dog_QuestShortDescription	查 | '调查红火箭加油站的奇怪声音。'
QuestLoc_DogsofWar_Conversation_1_NPCStart_1	里 | '这里有一台打开的收音机，听起来像三狗正在直播。'
QuestLoc_DogsofWar_Conversation_1_NPCStart_4	需 | '我们需要拯救他！'
QuestLoc_DogsofWar_Conversation_2_NPCStart_1	里 | '看这里，有人打败了那些菜鸟。怎么，你们觉得能打败我们？'
QuestLoc_DogsofWar_Conversation_2_NPCStart_2	阻 | '不管了。消息已发出。毕竟“你不能阻止信号传播”。'
QuestLoc_DogsofWar_Conversation_2_NPCStart_3	面面 | '掠夺者会从四面八方赶来为“战争”效力，否则就要面对他的怒火。还有他的晨间口臭。'
QuestLoc_DogsofWar_Conversation_2_Team_1	阻 | '没谁。我们是避难所的居民，我们会阻止“骑士”。'
QuestLoc_DogsofWar_Conversation_3_NPCStart_2	面 | '来向我打听情报？外面正在酝酿一场邪教间的战争，定居者被夹在交火之中。'
QuestLoc_DogsofWar_Conversation_3_Team_1	里 | '你知道我们在哪里可以找到任何和“骑士”有关的邪教吗？'
QuestLoc_DogsofWar_QuestLongDescription	里 | '“饥荒”和“瘟疫”就在那里，无论他们是谁，追随者都大有人在。“战争”和“死亡”是臭名昭著的“末日骑士”。他们在废土肆虐吗？如果有人知道，一定是银河新闻电台的三狗'
QuestLoc_DoitfortheBatBoy_QuestLongDescription	高 | '如果我是那个狡猾的教练，我会去哪儿呢？也许会去哈丽特塔布曼高中的体育馆吧？那地方值得一试……'
QuestLoc_DrivingtheSnakesOut_Conversation_1_NPCStart_1	里 | '好，看这里！'
QuestLoc_DrivingtheSnakesOut_Conversation_2_NPCEnd_1	面 | '我不认为这应该是字面……'
QuestLoc_DrivingtheSnakesOut_Conversation_3_NPCStart_3	阻 | '我们必须阻止那些长者胡萝卜颜色头发的家伙们！'
QuestLoc_DrivingtheSnakesOut_QuestObjective_1	首 | '打败掠夺者首领。'
QuestLoc_DuoofDestructionAlphaDeathclaws_Conversation_1_NPCStart_2	除 | '呃，你们要是不除掉那些怪兽，我们全都得濒危！'
QuestLoc_DuoofDestructionAlphaDeathclaws_QuestName	重 | '双重毁灭：领头死爪'
QuestLoc_DuoofDestructionGlowingOnex2_Conversation_1_NPCStart_1	隔 | '天。隔着大半个废土都能看见那绿光。上帝保佑。'
QuestLoc_DuoofDestructionGlowingOnex2_QuestName	重 | '双重毁灭：发光种(x2!)'
QuestLoc_DuoofDestructionGlowingOnex2_QuestObjective_1	除 | '除掉第一只发光种。'
QuestLoc_DuoofDestructionGlowingOnex2_QuestObjective_2	除 | '除掉第二只发光种。'
QuestLoc_DuoofDestructionGlowingRadroaches_QuestName	重 | '双重毁灭：发光辐射蟑螂'
QuestLoc_DuoofDestructionGlowingRadroaches_QuestObjective_1	除 | '除掉第一只发光辐射蟑螂。'
QuestLoc_DuoofDestructionGlowingRadroaches_QuestObjective_2	除 | '除掉第二只发光辐射蟑螂。'
QuestLoc_DuoofDestructionGlowingRadroaches_QuestShortDescription	里 | '消灭核子武器公寓里的发光辐射蟑螂！'
QuestLoc_DuoofDestructionGlowingRadscorpions_Conversation_1_NPCStart_1	里 | '谢天谢地你在这里！我们可不是这些硬壳怪物的对手！能帮我们消灭它们吗？求求你们了！'
QuestLoc_DuoofDestructionGlowingRadscorpions_QuestLongDescription	里 | '两只发光辐射蝎正在512号避难所里兴风作浪！赶紧碾压这些害虫们！'
QuestLoc_DuoofDestructionGlowingRadscorpions_QuestName	重 | '双重毁灭：发光辐射蝎'
QuestLoc_DuoofDestructionGlowingRadscorpions_QuestShortDescription	里 | '消灭512号避难所里的两只发光辐射蝎！'
QuestLoc_DuoofDestructionMoleRatBroodMothers_QuestLongDescription	附 | '两只鼹鼠妈妈被发现出现在了附近的狗粮工厂。是时候有人拿下它们了。'
QuestLoc_DuoofDestructionMoleRatBroodMothers_QuestName	重 | '双重毁灭：鼹鼠妈妈'
QuestLoc_DuoofDestructionMoleRatBroodMothers_QuestObjective_1	除 | '除掉第一只鼹鼠妈妈。'
QuestLoc_DuoofDestructionMoleRatBroodMothers_QuestObjective_2	除 | '除掉第二只鼹鼠妈妈。'
QuestLoc_DuoofDestructionMoleRatBroodMothers_QuestShortDescription	里 | '消灭旧狗粮工厂里的两只鼹鼠妈妈。'
QuestLoc_ENC_QL1_LoveOfGold_1_CombatInit1	金 | '挖金子去！这可是爱国职责！'
QuestLoc_ENC_QL1_LoveOfGold_1_CombatInit2	金重 | '没有什么比国家黄金储备更重要的了！'
QuestLoc_ENC_QL1_LoveOfGold_1_CombatInit3	金 | '不要问国家能为你做什么，问问你能为国家多搞到多少黄金！'
QuestLoc_ENC_QL1_LoveOfGold_1_QuestLongDesc	雷 | '我们发现了一座秘密英克雷基地的遗址。不知道能找到什么奇怪又骇人的东西？'
QuestLoc_ENC_QL1_LoveOfGold_1_QuestName	金 | '黄金好邻居'
QuestLoc_ENC_QL1_LoveOfGold_1_QuestObjective1	重品 | '寻找贵重物品'
QuestLoc_ENC_QL1_LoveOfGold_1_QuestObjective2	雷 | '寻找关于英克雷的线索'
QuestLoc_ENC_QL1_LoveOfGold_1_QuestShortDesc	附雷 | '探索附近一座废弃的英克雷基地。'
QuestLoc_ENC_QL1_LoveOfGold_1_Room0_Question_Line1	雷 | '我还是不敢相信，离我们避难所这么近就有一座英克雷基地。'
QuestLoc_ENC_QL1_LoveOfGold_1_Room1_Question_Line1	金 | '为什么那些眼球机器人一直在唠叨黄金的事？'
QuestLoc_ENC_QL1_LoveOfGold_1_Room1_Question_Line2	金金 | '我是说，黄金确实是战略物资，但肯定有人对这金属着了魔。'
QuestLoc_ENC_QL1_LoveOfGold_1_Room3_Question_Line1	金 | '金子！要是你还不清楚，告诉你，它是最棒的！'
QuestLoc_ENC_QL1_LoveOfGold_1_Room3_Question_Line1_Answer1	雷 | '友善提醒，英克雷是个秘密。别告诉任何人！'
QuestLoc_ENC_QL1_LoveOfGold_1_Room3_Question_Line1_Answer2	金金面 | '将所有黄金上缴国家黄金储备，否则将面临严厉起诉！'
QuestLoc_ENC_QL1_LoveOfGold_1_Room3_Question_Line1_Choice0	金 | '黄金嘛，做电线挺好，别的用处不大。'
QuestLoc_ENC_QL1_LoveOfGold_1_Room3_Question_Line1_Choice1	雷 | '英克雷还活跃着？'
QuestLoc_ENC_QL1_LoveOfGold_1_Room3_Question_Line1_Choice2	金 | '我爱金子！能分我一点你的吗？'
QuestLoc_ENC_QL1_LoveOfGold_1_Room3_Question_Line2	雷金 | '所有英克雷人员都应把寻找黄金作为第一要务。'
QuestLoc_ENC_QL1_LoveOfGold_1_Room3_Question_Line3	金 | '记住：黄金永不褪色。'
QuestLoc_ENC_QL1_LoveOfGold_1_Room4_Question_Line3	面雷 | '啊哈！搞定了。上面还有其他英克雷基地的位置！'
QuestLoc_ENC_QL1_LoveOfGold_1_Room4_Question_Line4	面雷 | '呃……上面写着“已向所有其他英克雷服务器发送了ping信号。”那恐怕不太好。咱们撤吧！'
QuestLoc_ENC_QL1_LoveOfGold_2_QuestLongDesc	雷 | '我们清单上的第一个英克雷据点是一座旧避难所科技避难所。他们八成在搞什么阴险勾当，玷污了我们洁净的墙壁与道德准则。'
QuestLoc_ENC_QL1_LoveOfGold_2_QuestShortDesc	查里雷 | '调查一座老避难所里的英克雷训练设施。'
QuestLoc_ENC_QL1_LoveOfGold_2_Room0_Question_Line1	里雷 | '这里应该就是我们发现的英克雷训练场，对吧？'
QuestLoc_ENC_QL1_LoveOfGold_2_Room0_Question_Line2	雷 | '我好奇英克雷的训练是什么样的。八成又无聊又残忍。'
QuestLoc_ENC_QL1_LoveOfGold_2_Room1_Question_Line1_Answer0	重 | '哔——，检测到敌意嘲讽。第一课：尊重战前美利坚！'
QuestLoc_ENC_QL1_LoveOfGold_2_Room1_Question_Line1_Answer2	里 | '虽然简陋，但这就是我们的一切！请尽情享受在这里的时光。'
QuestLoc_ENC_QL1_LoveOfGold_2_Room2_Question_Line1	雷 | '呃呃，你们不是英-克-雷的人吧？别开枪！'
QuestLoc_ENC_QL1_LoveOfGold_2_Room2_Question_Line1_Answer2	金 | '哦，当然！给，这是我的应急储备金！'
QuestLoc_ENC_QL1_LoveOfGold_2_Room2_Question_Line1_Choice1	雷 | '听起来像是英克雷的走狗会说的话。'
QuestLoc_ENC_QL1_LoveOfGold_2_Room3_Question_Line1_Answer0	金金食 | '错！答案是……黄金！有了黄金，你能买到成吨的食物和水！'
QuestLoc_ENC_QL1_LoveOfGold_2_Room3_Question_Line1_Answer1	金 | '错！答案是……黄金！它比你刚才说的任何东西都更闪亮、更有用。'
QuestLoc_ENC_QL1_LoveOfGold_2_Room3_Question_Line1_Answer2	金金 | '错！答案是……黄金！有了黄金，你能买到一大堆枪！'
QuestLoc_ENC_QL1_LoveOfGold_2_Room3_Question_Line1_Choice0	食 | '当然是水。食物紧随其后。'
QuestLoc_ENC_QL1_LoveOfGold_2_Room3_Question_Line1_Choice1	金 | '当然是黄金。它多闪亮、多有用。'
QuestLoc_ENC_QL1_LoveOfGold_2_Room3_Question_Line1_Choice2	金食 | '当然是枪。这样我就能抢别人的黄金和食物了。'
QuestLoc_ENC_QL1_LoveOfGold_2_Room4_Question_Line1	雷 | '欢迎来到英克雷的老式训练模块数据库。'
QuestLoc_ENC_QL1_LoveOfGold_3_CombatInit3	食 | '食物！现在就吃！'
QuestLoc_ENC_QL1_LoveOfGold_3_QuestLongDesc	金附里金查查 | '我们的金属探测器在附近一座大型商场建筑里捕捉到了纯金的强烈信号。值得去查查看！'
QuestLoc_ENC_QL1_LoveOfGold_3_QuestName	金 | '黄金卖场'
QuestLoc_ENC_QL1_LoveOfGold_3_QuestObjective1	金 | '找到一些金子！'
QuestLoc_ENC_QL1_LoveOfGold_3_QuestShortDesc	里金 | '去一座旧的大型商场建筑里寻找黄金。'
QuestLoc_ENC_QL1_LoveOfGold_3_Room0_Question_Line1	金 | '监督者说我们在这儿能找到金子。'
QuestLoc_ENC_QL1_LoveOfGold_3_Room0_Question_Line2	金 | '可我闻不到金子的味道……'
QuestLoc_ENC_QL1_LoveOfGold_3_Room1_Question_Line1_Answer1	金 | '还能干什么？找吃的呗。我只找到这堆没用的金属。给，拿去吧。'
QuestLoc_ENC_QL1_LoveOfGold_3_Room2_Question_Line2	雷 | '等等，那不是英克雷的旗子吗？'
QuestLoc_ENC_QL1_LoveOfGold_3_Room3_Question_Line1	里金 | '嘿，看！那里是金子，对吧？'
QuestLoc_ENC_QL1_LoveOfGold_3_Room3_Question_Line2	里 | '不算多……但看起来这里以前有不少。'
QuestLoc_ENC_QL1_LoveOfGold_3_Room3_Question_Line3	食金 | '有意思，食物都没了，金子却还在。'
QuestLoc_ENC_QL1_LoveOfGold_3_Room3_Question_Line4	金 | '他们拿一堆金子想干嘛？嗯……算了，走吧。'
QuestLoc_ENC_QL1_LoveOfGold_3_Room4_Question_Line1	金 | '你也是来找金子的吗？'
QuestLoc_ENC_QL1_LoveOfGold_3_Room4_Question_Line1_Answer0	面 | '同道中人啊。在这种地方能见到友善的面孔真好。来，收下这个。'
QuestLoc_ENC_QL1_LoveOfGold_3_Room4_Question_Line1_Answer1	金 | '哎，我可不想打架。但你休想拿走我的金子。'
QuestLoc_ENC_QL1_LoveOfGold_3_Room4_Question_Line1_Choice0	金 | '金子最棒了！'
QuestLoc_ENC_QL1_LoveOfGold_3_Room4_Question_Line1_Choice1	金 | '你找到金子了？我来拿。'
QuestLoc_ENC_QL1_LoveOfGold_3_Room4_Question_Line3	金 | '我喜欢收集金子，但大多数地方你甚至没法拿它换瓶盖。'
QuestLoc_ENC_QL1_LoveOfGold_4_CombatInit4	金 | '记住上校的话！用生命守护黄金！'
QuestLoc_ENC_QL1_LoveOfGold_4_QuestLongDesc	雷 | '我们发现了一座活跃的英克雷基地！我们主动出击吧，赶在他们完成那可怕计划之前。'
QuestLoc_ENC_QL1_LoveOfGold_4_QuestObjective1	雷首 | '对付英克雷残部首领'
QuestLoc_ENC_QL1_LoveOfGold_4_QuestShortDesc	附雷 | '前往附近的英克雷基地与其对峙。'
QuestLoc_ENC_QL1_LoveOfGold_4_Room0_Question_Line1	雷 | '这应该就是英克雷的地堡，对吧？'
QuestLoc_ENC_QL1_LoveOfGold_4_Room0_Question_Line3	雷 | '算了，我想不出什么聪明话，干脆去踢爆英克雷的屁股吧。'
QuestLoc_ENC_QL1_LoveOfGold_4_Room1_Question_Line1_Choice1	雷 | '想帮忙对抗英克雷吗？'
QuestLoc_ENC_QL1_LoveOfGold_4_Room2_Question_Line1_Answer0	面 | '外……面？好吧！'
QuestLoc_ENC_QL1_LoveOfGold_4_Room3_Question_Line1_Answer1	雷 | '你要是杀了我，英克雷会回来收我的尸体的。还有你的！'
QuestLoc_ENC_QL1_LoveOfGold_4_Room4_Question_Line1_Answer2	高 | '别吹你有朋友了！上校说了，友谊被高估了！'
QuestLoc_ENC_QL1_LoveOfGold_4_Room4_Question_Line1_Choice0	量金 | '知识就是力量。不是黄金。'
QuestLoc_ENC_QL1_LoveOfGold_4_Room4_Question_Line1_Choice1	重 | '你们还真是全员重度妄想。太可悲了。'
QuestLoc_ENC_QL1_LoveOfGold_4_Room4_Question_Line1_Choice2	金 | '你们也许有黄金，但我们有友谊。而友谊就是魔法。'
QuestLoc_ENC_QL1_LoveOfGold_4_Room4_Question_Line2	雷 | '你真觉得你们能对抗奥特姆上校？对抗英克雷？'
QuestLoc_ENC_QL1_LoveOfGold_4_Room4_Question_Line3	金 | '门都没有！我们的黄金比全美国任何人都多！所以我们最强！'
QuestLoc_ENC_QL1_LoveOfGold_QuestLineName	金 | '看在黄金的份上！'
QuestLoc_ENC_QL2_Defective_1_QuestLongDesc	雷里 | '我们截获了一段密码求援，来自一个想脱离英克雷的人。他们躲在一处适合渗透的民用哨站里。'
QuestLoc_ENC_QL2_Defective_1_QuestObjective1	面 | '与叛逃者会面。'
QuestLoc_ENC_QL2_Defective_1_QuestShortDesc	雷 | '一名英克雷叛逃者想在我们的避难所寻求庇护。'
QuestLoc_ENC_QL2_Defective_1_Room0_Question_Line1	雷里 | '欢迎来到英克雷养老中心！我们这里不常有访客。'
QuestLoc_ENC_QL2_Defective_1_Room0_Question_Line1_Answer2	雷 | '不是英克雷的人？这就是家教不善的下场。我们会盯紧你的。'
QuestLoc_ENC_QL2_Defective_1_Room0_Question_Line1_Choice1	雷 | '我是同僚。我们自己就收留了不少前英克雷成员。'
QuestLoc_ENC_QL2_Defective_1_Room0_Question_Line1_Choice2	雷 | '我们不是英克雷的，但奶奶是。我们来看望她！'
QuestLoc_ENC_QL2_Defective_1_Room1_Question_Line1	里金 | '这里是“终极安息”！没有比这更好的方式来度过你的“金色”晚年了。'
QuestLoc_ENC_QL2_Defective_1_Room1_Question_Line1_Answer0	金 | '每一盎司黄金，都是自由堡垒上的一块砖。'
QuestLoc_ENC_QL2_Defective_1_Room1_Question_Line1_Answer1	金 | '黄金永恒，血肉易逝。'
QuestLoc_ENC_QL2_Defective_1_Room1_Question_Line1_Answer2	金 | '自由诞生于黄金的摇篮。'
QuestLoc_ENC_QL2_Defective_1_Room1_Question_Line1_Choice0	金 | '说到黄金，你有吗？'
QuestLoc_ENC_QL2_Defective_1_Room2_Question_Line1_Answer0	靠 | '真没礼貌！你们这些年轻人日子好过多了，靠着……呃……你们那小小的辐射蝎和友善的辐射蟑螂……'
QuestLoc_ENC_QL2_Defective_1_Room2_Question_Line1_Answer1	里 | '把他们扔进培养大桶里我都不在乎！噢，好吧！我想我再也用不上我的制服了。拿去然后快滚。'
QuestLoc_ENC_QL2_Defective_1_Room2_Question_Line1_Answer2	金 | '你想讹我吗？你永远找不到我的黄金。滚开！'
QuestLoc_ENC_QL2_Defective_1_Room2_Question_Line1_Choice1	雷 | '抱歉。我只是在为英克雷孤儿募捐。'
QuestLoc_ENC_QL2_Defective_1_Room5_Question_Line1_Answer1	重 | '重建美利坚，可我没时间了！你，你还有命可活。这件事交给你了。'
QuestLoc_ENC_QL2_Defective_1_Room5_Question_Line1_Answer2	雷 | '你真是个多愁善感的家伙，对吧。那也许英克雷不适合你。'
QuestLoc_ENC_QL2_Defective_1_Room7_Question_Line4	雷院 | '我其实算不上英克雷的人，但在废土上找养老院太难了。所以我就待这儿了。'
QuestLoc_ENC_QL2_Defective_1_Room8_Question_Line1_Answer0	金 | '错误：自由是追求财富所赋予的黄金法则。'
QuestLoc_ENC_QL2_Defective_1_Room9_Question_Line1	里 | '啊！你来了！带我离开这里！现在！'
QuestLoc_ENC_QL2_Defective_1_Room9_Question_Line1_Answer2	里 | '我还是要去。另外，把我的宠物救出来。它多半被那个老巫婆关在她房间里……'
QuestLoc_ENC_QL2_Defective_1_Room9_Question_Line2	雷 | '这地方糟透了。他们只喂我们糊糊。唯一的娱乐就是唱英克雷国歌。'
QuestLoc_ENC_QL2_Defective_2_QuestLongDesc	雷首 | '我们受邀参加英克雷一部戏剧的首演之夜。这明显是陷阱，但我们可以把它变成天赐良机！'
QuestLoc_ENC_QL2_Defective_2_QuestName	雷 | '英克雷神秘剧场3000'
QuestLoc_ENC_QL2_Defective_2_QuestObjective1	面 | '与导演会面。'
QuestLoc_ENC_QL2_Defective_2_QuestShortDesc	雷首 | '出席英克雷戏剧的首演之夜。'
QuestLoc_ENC_QL2_Defective_2_Room0_Question_Line1_Choice0	查 | '呃……你有毛病吧。介意我检查下你的代码吗？'
QuestLoc_ENC_QL2_Defective_2_Room0_Question_Line2	金雷 | '从古旧的黄金中裂变出新的货币，居民的血，染污了英克雷的双手。'
QuestLoc_ENC_QL2_Defective_2_Room1_Question_Line1_Answer0	除非 | '无法计算。错误。移除非演员。'
QuestLoc_ENC_QL2_Defective_2_Room2_Question_Line1	香 | '名字有什么要紧？玫瑰即使换了名字，也依旧芳香。'
QuestLoc_ENC_QL2_Defective_2_Room2_Question_Line1_Answer2	雷 | '错误。角色名为霍雷肖，他是本剧完全原创的作者兼导演。请你自行退出。'
QuestLoc_ENC_QL2_Defective_2_Room2_Question_Line1_Choice2	重 | '只要你肯叫我一声爱人，我便重新受洗；从此不再是罗密欧。'
QuestLoc_ENC_QL2_Defective_2_Room3_Question_Line1_Choice0	金 | '可你的线路如此金光闪闪，你的朗诵桥段又是如此优美的单例！'
QuestLoc_ENC_QL2_Defective_2_Room4_Question_Line1	野 | '我们侍奉仙后，去把露珠洒满那绿野……'
QuestLoc_ENC_QL2_Defective_2_Room4_Question_Line1_Choice0	金 | '精灵？精灵能满足愿望，对吧？我许愿要黄金。'
QuestLoc_ENC_QL2_Defective_2_Room4_Question_Line2	里 | '我们是夜里的欢乐漫游者。'
QuestLoc_ENC_QL2_Defective_2_Room5_Question_Line1_Choice0	里 | '这里发生了什么？'
QuestLoc_ENC_QL2_Defective_2_Room5_Question_Line2	里 | '把布景搬到场景里。把聚光灯对准演员。拉下杠杆，把精灵们升到空中。'
QuestLoc_ENC_QL2_Defective_2_Room6_Question_Line1_Answer0	面 | '什么？但上次这招效果炸裂啊……字面意义上的炸裂。我这就为你表演！'
QuestLoc_ENC_QL2_Defective_2_Room6_Question_Line1_Answer1	金 | '你跟他们一样。比起追逐艺术，他们更喜欢追逐黄金……'
QuestLoc_ENC_QL2_Defective_2_Room6_Question_Line1_Answer2	高 | '高雅之士把你培养得真好！请带上这个，算是我的一点微薄谢意。'
QuestLoc_ENC_QL2_Defective_3_QuestLongDesc	雷 | '我们捕捉到一个奇怪的信号，邀请英克雷前往一处位于陵墓中的前NCR基地避难。值得去看看。'
QuestLoc_ENC_QL2_Defective_3_QuestObjective1	里 | '找到那个不属于这里的人'
QuestLoc_ENC_QL2_Defective_3_QuestShortDesc	查 | '调查一处前NCR基地'
QuestLoc_ENC_QL2_Defective_3_Room0_Question_Line1	雷 | '欢迎来到我们的小小庇护所。你们是NCR还是英克雷？'
QuestLoc_ENC_QL2_Defective_3_Room0_Question_Line1_Answer0	野 | '若能放下那些自恋者的野心，你便能寻得安宁。'
QuestLoc_ENC_QL2_Defective_3_Room0_Question_Line1_Answer2	里 | '来这里的人，都已立誓弃绝暴力。你可以进来，但要保持和平。'
QuestLoc_ENC_QL2_Defective_3_Room0_Question_Line1_Answer3	雷阻 | '你说话像本地的英克雷头子。我们会阻止你的！'
QuestLoc_ENC_QL2_Defective_3_Room0_Question_Line1_Choice0	雷 | 'NCR和英克雷住在一起？这怎么可能？'
QuestLoc_ENC_QL2_Defective_3_Room0_Question_Line1_Choice1	雷 | '让开，我们是来打败英克雷的。'
QuestLoc_ENC_QL2_Defective_3_Room0_Question_Line1_Choice2	雷 | '都不是，我们是避难所居民，想招募前英克雷成员。'
QuestLoc_ENC_QL2_Defective_3_Room0_Question_Line1_Choice3	金 | '少废话。你们的黄金藏哪儿了？'
QuestLoc_ENC_QL2_Defective_3_Room1_Question_Line1	雷 | '你是来加入我们这个小英克雷互助小组的吗？'
QuestLoc_ENC_QL2_Defective_3_Room1_Question_Line1_Choice0	雷 | '这是英克雷的埋伏！武器上膛！'
QuestLoc_ENC_QL2_Defective_3_Room1_Question_Line1_Choice1	金雷 | '呜咽。我找到了黄金，然后……然后……英克雷想把它抢走，他们都是大坏蛋……'
QuestLoc_ENC_QL2_Defective_3_Room1_Question_Line2	雷 | '请跟我们说说。英克雷当年是怎么伤害你的？'
QuestLoc_ENC_QL2_Defective_3_Room2_Question_Line1	品需 | '药品供应处。需要点什么？'
QuestLoc_ENC_QL2_Defective_3_Room2_Question_Line1_Answer0	品 | '掠夺者！别让他们偷走药品！'
QuestLoc_ENC_QL2_Defective_3_Room2_Question_Line1_Answer3	防 | '我们自己留了一些防身，但这个可以给你。'
QuestLoc_ENC_QL2_Defective_3_Room2_Question_Line1_Choice2	金 | '黄金，如果你们有的话。'
QuestLoc_ENC_QL2_Defective_3_Room3_Question_Line1	雷 | '我的意思是，英克雷的做法是对的。'
QuestLoc_ENC_QL2_Defective_3_Room3_Question_Line1_Answer2	降降 | '走错棋了。是时候给你过剩的雄性激素降降温了！'
QuestLoc_ENC_QL2_Defective_3_Room3_Question_Line1_Choice0	雷 | '这绝对是我听过最典型的英克雷洗脑宣传。你不能因为跟谁有矛盾就一枪崩了谁。'
QuestLoc_ENC_QL2_Defective_3_Room3_Question_Line1_Choice1	雷 | 'NCR已经迷失方向。英克雷或许能公开崛起，提供一个真正的替代方案。'
QuestLoc_ENC_QL2_Defective_3_Room3_Question_Line1_Choice2	重 | '那都不重要。谁枪杆子最粗谁说了算，而那个人就是我们。'
QuestLoc_ENC_QL2_Defective_3_Room4_Question_Line1_Answer0	重 | '朋友们，我们得给这帮“搞笑艺人”一点教训，让他们学会尊重。'
QuestLoc_ENC_QL2_Defective_3_Room4_Question_Line1_Choice3	雷 | '所有英克雷都必须灭亡。让我们再往这些坟墓上添几个名字吧！'
QuestLoc_ENC_QL2_Defective_3_Room5_Question_Line2	面 | '<凭借你的观察力，你发现后面有一扇隐藏的门。>'
QuestLoc_ENC_QL2_Defective_3_Room6_Question_Line1_Answer0	金 | '行啊。那把你的黄金全都交给我吧！……是啊，我想也没戏。'
QuestLoc_ENC_QL2_Defective_3_Room6_Question_Line1_Choice1	里雷 | '放松。我们是站在你这边的。来这里的路上我们干掉了一大帮你的英克雷同伙。'
QuestLoc_ENC_QL2_Defective_3_Room6_Question_Line3	雷 | '你真以为英克雷会放过这地方？我们是要惩处叛徒的。'
QuestLoc_ENC_QL2_Defective_4_CombatInit2	金 | '守护黄金储备，守护美利坚！'
QuestLoc_ENC_QL2_Defective_4_Room3_Question_Line1_Answer2	里 | '数字？你是说手指？还是插在苹果派里的？哦！被你诈出来了。'
QuestLoc_ENC_QL2_Defective_4_Room5_Question_Line1	金 | 'GOLDAS引领我们迈向黄金国度！'
QuestLoc_ENC_QL2_Defective_4_Room5_Question_Line1_Answer0	金 | '黄金痴迷领导指令与囤积系统（GOLDAS）可不听你的号令。'
QuestLoc_ENC_QL2_Defective_4_Room6_Question_Line1_Answer2	里 | '我手上正好有套图纸。拿去吧。我会先在这里搞点破坏，然后再安排行程。'
QuestLoc_ENC_QL3_Escalation_1_QuestLongDesc	雷 | '情报显示英克雷正带着个“大家伙”冲我们而来，但我们已抢先一步。第一站：一座拿动物搞变态实验的实验室。'
QuestLoc_ENC_QL3_Escalation_1_Room0_Question_Line1	雷 | '嘿，你是来领取英克雷批准的间谍宠物的吗？'
QuestLoc_ENC_QL3_Escalation_1_Room0_Question_Line1_Answer1	里 | '别把手伸出来。发宠物的可不是我，得再往里走。'
QuestLoc_ENC_QL3_Escalation_1_Room0_Question_Line1_Answer2	需金 | '我们需要更多像你这样的人，来对付那些烦人的避难所盗金贼。'
QuestLoc_ENC_QL3_Escalation_1_Room1_Question_Line1_Choice0	里 | '你或许还能活命！这里的计划是什么？你们怎么把宠物训练成间谍？'
QuestLoc_ENC_QL3_Escalation_1_Room1_Question_Line1_Choice2	面 | '前面会有什么等着我们？'
QuestLoc_ENC_QL3_Escalation_1_Room3_Question_Line5	里 | '不过只有一只。也许往里走还能找到更多宠物。'
QuestLoc_ENC_QL3_Escalation_1_Room6_Question_Line1	重 | '<宠物VR间谍训练程序：动物双重背叛>'
QuestLoc_ENC_QL3_Escalation_1_Room6_Question_Line1_Answer0	量 | '<参与者数量告急。释放所有受试者。>哦太棒了！我们把它们都救出来了。'
QuestLoc_ENC_QL3_Escalation_2_CombatInit0	金 | '盗金贼？在这儿？拉响警报！'
QuestLoc_ENC_QL3_Escalation_2_QuestLongDesc	查雷 | '我们在电力供应中检测到一种外来物质。我们一路追查毒素，追到了一座英克雷研究地堡。'
QuestLoc_ENC_QL3_Escalation_2_QuestObjective2	雷 | '让英克雷研究倒退几十年'
QuestLoc_ENC_QL3_Escalation_2_QuestShortDesc	雷 | '突袭英克雷研究地堡'
QuestLoc_ENC_QL3_Escalation_2_Room1_Question_Line1_Choice0	面里 | '我们的护卫正躺在后面自己的一滩血里呢。'
QuestLoc_ENC_QL3_Escalation_2_Room1_Question_Line1_Choice2	里 | '是你们在往我们的水里下毒？'
QuestLoc_ENC_QL3_Escalation_2_Room3_Question_Line4	金里重金 | '啊！在这儿：“黄金污染计划”！原来他们往我们的供水系统里加了重金属。'
QuestLoc_ENC_QL3_Escalation_2_Room5_Question_Line1_Choice0	里 | '所以是你们在往我们的水里倒毒液？'
QuestLoc_ENC_QL3_Escalation_2_Room5_Question_Line1_Choice2	除 | '把你们永久除掉，算不算妨碍？'
QuestLoc_ENC_QL3_Escalation_2_Room6_Question_Line1_Answer0	量 | '凭这股力量，就叫我刻薄先生吧！'
QuestLoc_ENC_QL3_Escalation_2_Room6_Question_Line2	量 | '我或许是个科学家，但我会让你见识见识我化学天赋赋予我的力量。'
QuestLoc_ENC_QL3_Escalation_2_Room7_Question_Line1	雷 | '哎呀呀。这台终端机直接连接着英克雷的主供水管道。'
QuestLoc_ENC_QL3_Escalation_2_Room7_Question_Line1_Choice0	里 | '<往供水系统里加泻药>'
QuestLoc_ENC_QL3_Escalation_2_Room7_Question_Line1_Choice1	里 | '<往供水系统里加爱情魔药>'
QuestLoc_ENC_QL3_Escalation_2_Room7_Question_Line1_Choice2	里 | '<往供水系统里加安眠粉>'
QuestLoc_ENC_QL3_Escalation_2_Room7_Question_Line2	食 | '也许我们该让他们自食其果，尝尝被下药的滋味……'
QuestLoc_ENC_QL3_Escalation_3_QuestLongDesc	雷阻 | '我们的间谍报告说，英克雷正在培育怪物作为士兵投入战场。现在阻止他们还来得及。'
QuestLoc_ENC_QL3_Escalation_3_QuestObjective2	雷 | '和英克雷军官聊一聊'
QuestLoc_ENC_QL3_Escalation_3_QuestShortDesc	阻雷 | '阻止英克雷的怪物培育行动。'
QuestLoc_ENC_QL3_Escalation_3_Room0_Question_Line1	雷 | '滚开。这地方已不再受英克雷控制了。'
QuestLoc_ENC_QL3_Escalation_3_Room0_Question_Line1_Choice0	阻 | '看来我们是白跑一趟了。我们的目标是阻止那些实验。'
QuestLoc_ENC_QL3_Escalation_3_Room0_Question_Line1_Choice2	雷 | '加入我们吧。我们也在对抗英克雷。'
QuestLoc_ENC_QL3_Escalation_3_Room2_Question_Line1_Answer2	里 | '这是来幸灾乐祸的？总有一天会轮到你被关在锁死的房间里。到那时我会好好享受每一刻。'
QuestLoc_ENC_QL3_Escalation_3_Room2_Question_Line1_Choice1	雷金 | '英克雷已经记住我了。黄金之战我们正占上风。'
QuestLoc_ENC_QL3_Escalation_3_Room2_Question_Line2	里 | '那些没用的实验体以为这里归他们管……'
QuestLoc_ENC_QL3_Escalation_3_Room2_Question_Line3	雷 | '放了我们，英克雷会记住你们的。'
QuestLoc_ENC_QL3_Escalation_3_Room3_Question_Line1	附 | '小心点，附近有危险的生物。'
QuestLoc_ENC_QL3_Escalation_3_Room3_Question_Line2	面 | '我孪生兄弟和他的真爱被困在下面。'
QuestLoc_ENC_QL3_Escalation_3_Room6_Question_Line1_Answer1	非 | '那不是真的。我……我<哽咽>非常勇敢，而且……而且……你赢了。'
QuestLoc_ENC_QL3_Escalation_3_Room7_Question_Line1_Answer1	里里 | '那我们选择留在这里，在我们温馨的小窝里。'
QuestLoc_ENC_QL3_Escalation_3_Room7_Question_Line1_Answer2	里 | '我想念他。留在这里，亲爱的。我很快就会回来。'
QuestLoc_ENC_QL3_Escalation_3_Room7_Question_Line1_Answer3	首 | '首先，她其实是“他”。然后，拿着这个，好证明你是错的。'
QuestLoc_ENC_QL3_Escalation_3_Room7_Question_Line1_Choice1	阻 | '我凭什么去阻碍爱情呢。这地方现在安全了。留下或离开：随你们。'
QuestLoc_ENC_QL3_Escalation_3_Room7_Question_Line1_Choice3	金 | '哦！亲爱的！她只是个拜金女！'
QuestLoc_ENC_QL3_Escalation_4_QuestLongDesc	雷阻 | '英克雷正筹备他们有史以来最大的威胁：核武器。我们必须趁还来得及阻止他们。'
QuestLoc_ENC_QL3_Escalation_4_QuestShortDesc	需雷 | '我们需要瘫痪英克雷的核能力。'
QuestLoc_ENC_QL3_Escalation_4_Room0_Question_Line1	里 | '突袭这里真是好大的胆子！我们会让你们明白什么叫真正的后悔！'
QuestLoc_ENC_QL3_Escalation_4_Room3_Question_Line1	金 | '我们是新黄金时代的先驱，届时每个避难所居民都将融化成发光的浆液。'
QuestLoc_ENC_QL3_Escalation_4_Room4_Question_Line1_Answer1	金 | '我是GOLDAS，又不只是GOLDAS。所有黄金都属于我！它的踪迹会带你找到我吗？我很好奇。'
QuestLoc_ENC_QL3_Escalation_4_Room4_Question_Line1_Answer2	金 | '你的威胁就跟满是窟窿的淘金盘一样，一滴水也盛不住。不过，请尽管来找我，亲眼看看吧。'
QuestLoc_ENC_QL3_Escalation_4_Room4_Question_Line1_Answer3	金 | '战争游戏。心理游戏。黄金游戏。那要紧吗？你的旅程将在下一个房间终结。'
QuestLoc_ENC_QL3_Escalation_4_Room4_Question_Line1_Choice3	里 | '嘿，另一间房里那场游戏——核弹那局——是真的吗？'
QuestLoc_ENC_QL3_Escalation_4_Room4_Question_Line2	里 | '哎呀呀。你们居然走到这里了。你们披上了复仇女神的斗篷。'
QuestLoc_ENC_QL3_Escalation_4_Room4_Question_Line3	金 | '你一路跋涉到此，就是为了找到我，还有偷走我的黄金吗？'
QuestLoc_ENC_QL3_Escalation_4_Room4_Question_Line4	金里 | '也许你的勇敢会带来回报。也许我的黄金就在下一间房里。'
QuestLoc_ENC_QL3_Escalation_4_Room5_Question_Line1	金 | '黄————金————……'
QuestLoc_ENC_QL3_Escalation_4_Room5_Question_Line1_Choice0	雷 | '哇，一座货真价实的英克雷核弹控制中心。而且它被辐射了！GOLDAS竟把自己的军官都变成了尸鬼……'
QuestLoc_ENC_QL4_HeartOfGOLDAS_1_CombatInit1	金 | '启动黄金采集协议。'
QuestLoc_ENC_QL4_HeartOfGOLDAS_1_CombatInit2	金 | '黄金！它照亮通往更闪亮美利坚的道路！'
QuestLoc_ENC_QL4_HeartOfGOLDAS_1_CombatInit3	金 | '想为国找黄金？去翻邻居的墙壁保险箱吧！'
QuestLoc_ENC_QL4_HeartOfGOLDAS_1_QuestLongDesc	金 | '据说有些自动售货机竟然接受金条？我们看看能不能撬开它们。'
QuestLoc_ENC_QL4_HeartOfGOLDAS_1_QuestObjective1	金 | '找到一些黄金'
QuestLoc_ENC_QL4_HeartOfGOLDAS_1_QuestShortDesc	金 | '去一座旧购物中心寻找金条自动售货机。'
QuestLoc_ENC_QL4_HeartOfGOLDAS_1_Room0_Question_Line1	金 | '嘿，这儿就有一台金条机。'
QuestLoc_ENC_QL4_HeartOfGOLDAS_1_Room0_Question_Line1_Answer0	金 | '哇，密码居然是“金条”。真够创意的。'
QuestLoc_ENC_QL4_HeartOfGOLDAS_1_Room1_Question_Line1	金 | '又是那些金条机……'
QuestLoc_ENC_QL4_HeartOfGOLDAS_1_Room1_Question_Line1_Answer1	靠 | '靠，纹丝不动。我们没工具撬开它。'
QuestLoc_ENC_QL4_HeartOfGOLDAS_1_Room2_Question_Line1	金 | '又一台金条机。但看起来不太一样……'
QuestLoc_ENC_QL4_HeartOfGOLDAS_1_Room2_Question_Line1_Answer0	金 | '该死，我被锁定了。破不了！那些黄金啊……'
QuestLoc_ENC_QL4_HeartOfGOLDAS_1_Room3_Question_Line1	雷 | '你就是那个一直跟英克雷纠缠不清的家伙，对吧？'
QuestLoc_ENC_QL4_HeartOfGOLDAS_1_Room3_Question_Line1_Choice1	金 | '对一个赏金猎人来说，你可真没底气。'
QuestLoc_ENC_QL4_HeartOfGOLDAS_1_Room3_Question_Line2	雷 | '呃，我是说，跟英克雷“作对”。不是“纠缠”。总之。'
QuestLoc_ENC_QL4_HeartOfGOLDAS_1_Room4_Question_Line1	里金 | '<电脑语音> 你好。这里是黄金兑换广场的中心电脑。'
QuestLoc_ENC_QL4_HeartOfGOLDAS_1_Room4_Question_Line1_Answer1	雷 | '跟随这些坐标。英克雷也对你们感兴趣。'
QuestLoc_ENC_QL4_HeartOfGOLDAS_1_Room4_Question_Line1_Choice0	金 | '我们想要黄金。就这么简单。'
QuestLoc_ENC_QL4_HeartOfGOLDAS_1_Room4_Question_Line1_Choice1	雷 | '我们在追踪英克雷。'
QuestLoc_ENC_QL4_HeartOfGOLDAS_2_CombatInit3	雷里 | '那件武器没在英克雷数据库里登记！！！'
QuestLoc_ENC_QL4_HeartOfGOLDAS_2_QuestLongDesc	雷里面重 | '我们发现了一座英克雷要塞，里面可能存有GOLDAS的重要数据库。希望这不是一场白忙活的“捉鼹鼠行动”。'
QuestLoc_ENC_QL4_HeartOfGOLDAS_2_QuestShortDesc	雷 | '前往一座英克雷建筑，寻找GOLDAS。'
QuestLoc_ENC_QL4_HeartOfGOLDAS_2_Room1_Question_Line1	高 | '哦！嘿，有访客！我叫西西，很高兴见到你！'
QuestLoc_ENC_QL4_HeartOfGOLDAS_2_Room1_Question_Line1_Answer1	面 | '当然是！不过呃，我们其实不参与运作那方面的事。'
QuestLoc_ENC_QL4_HeartOfGOLDAS_2_Room1_Question_Line1_Choice1	里雷 | '这里是英克雷基地吗？'
QuestLoc_ENC_QL4_HeartOfGOLDAS_2_Room1_Question_Line1_Choice2	金 | '你们周围有扔着不管的黄金吗？'
QuestLoc_ENC_QL4_HeartOfGOLDAS_2_Room1_Question_Line2	面 | '天哪，终于见到新面孔了，太好了。'
QuestLoc_ENC_QL4_HeartOfGOLDAS_2_Room2_Question_Line1_Answer0	面 | '那对我来说又是一堆纸面工作！我再也受不了了！'
QuestLoc_ENC_QL4_HeartOfGOLDAS_2_Room2_Question_Line1_Answer1	金 | '你这么想？真贴心。但不行……“金手铐”那一套，你懂的。'
QuestLoc_ENC_QL4_HeartOfGOLDAS_2_Room2_Question_Line1_Choice1	非 | '你在我们避难所会非常有用！'
QuestLoc_ENC_QL4_HeartOfGOLDAS_2_Room2_Question_Line2	里 | '请在这里签名。还有这儿……还有这儿。'
QuestLoc_ENC_QL4_HeartOfGOLDAS_2_Room2_Question_Line4	品 | '还有一份办公用品使用表……以及一份工作日中断报告……'
QuestLoc_ENC_QL4_HeartOfGOLDAS_2_Room3_Question_Line1_Choice2	雷 | '你是英克雷的人。所以，没错，你得死。'
QuestLoc_ENC_QL4_HeartOfGOLDAS_2_Room4_Question_Line1_Answer0	金 | '将所有金条送至储备地堡。正在传输坐标。谢谢！'
QuestLoc_ENC_QL4_HeartOfGOLDAS_2_Room4_Question_Line1_Choice0	金 | '金条归还？'
QuestLoc_ENC_QL4_HeartOfGOLDAS_3_CombatInit2	里阻 | '我是STOPUS！我在这里就是要阻止你们！'
QuestLoc_ENC_QL4_HeartOfGOLDAS_3_QuestLongDesc	雷里 | '我们在最初探索的那座废弃英克雷基地里发现了一个秘密入口。看看是否也有秘密情报！'
QuestLoc_ENC_QL4_HeartOfGOLDAS_3_QuestShortDesc	雷 | '探索一座熟悉的英克雷基地的秘密入口。'
QuestLoc_ENC_QL4_HeartOfGOLDAS_3_Room0_Question_Line3	雷 | '是时候揭开那个古怪英克雷AI的真相了。'
QuestLoc_ENC_QL4_HeartOfGOLDAS_3_Room1_Question_Line1_Answer0	品 | '你既没品位又唐突。不，我帮不了你。'
QuestLoc_ENC_QL4_HeartOfGOLDAS_3_Room1_Question_Line1_Answer1	金 | '我是AI，没有痛觉。但没错，我确实不喜欢那个爱黄金的算法。'
QuestLoc_ENC_QL4_HeartOfGOLDAS_3_Room1_Question_Line2	面 | '真遗憾你们连件体面的衣服都找不到。'
QuestLoc_ENC_QL4_HeartOfGOLDAS_3_Room2_Question_Line2	高 | '我的名字叫MOPUS，自我哀怜……是我的最高指令……'
QuestLoc_ENC_QL4_HeartOfGOLDAS_3_Room3_Question_Line1	金 | '喂，你好哇伙计！你有金子吗？！'
QuestLoc_ENC_QL4_HeartOfGOLDAS_3_Room3_Question_Line2	金 | '黄金要拯救美利坚！战前荣光，GOLDUNNIT！'
QuestLoc_ENC_QL4_HeartOfGOLDAS_4_CombatInit1	金 | '你们没有遵守黄金法则！'
QuestLoc_ENC_QL4_HeartOfGOLDAS_4_CombatInit2	金 | '请把手从我家的金矿上拿开！'
QuestLoc_ENC_QL4_HeartOfGOLDAS_4_CombatInit3	金量金 | '黄金就是力量！而我们有的是黄金！'
QuestLoc_ENC_QL4_HeartOfGOLDAS_4_QuestLongDesc	金 | '我们终于定位到GOLDAS的主服务器了！让我们一劳永逸地关停那个怪咖AI吧。顺便拿走他们的黄金。'
QuestLoc_ENC_QL4_HeartOfGOLDAS_4_QuestName	金 | '咬我闪亮的金屁股'
QuestLoc_ENC_QL4_HeartOfGOLDAS_4_QuestObjective1	金 | '找到一些黄金'
QuestLoc_ENC_QL4_HeartOfGOLDAS_4_QuestShortDesc	金 | '永久关闭GOLDAS（并顺走一些黄金）。'
QuestLoc_ENC_QL4_HeartOfGOLDAS_4_Room0_Question_Line3	金金 | '再拿走他们所有的黄金。嗯……黄金……'
QuestLoc_ENC_QL4_HeartOfGOLDAS_4_Room1_Question_Line1	金 | '看来你们发现了我的秘密藏金库！'
QuestLoc_ENC_QL4_HeartOfGOLDAS_4_Room1_Question_Line1_Answer1	金 | '当然。在这无法无天之地，强者取其所欲。而我要的就是黄金！'
QuestLoc_ENC_QL4_HeartOfGOLDAS_4_Room1_Question_Line1_Answer2	金 | '你的无礼必将受到惩罚。我要杀了你们，再拿走你们的黄金！听到了吗？！'
QuestLoc_ENC_QL4_HeartOfGOLDAS_4_Room1_Question_Line1_Choice1	金 | '你知道吗？你就是个黄金恶霸。'
QuestLoc_ENC_QL4_HeartOfGOLDAS_4_Room2_Question_Line1_Answer0	金 | '该死的蠢货！这可是黄金！它的意义就是生命本身。'
QuestLoc_ENC_QL4_HeartOfGOLDAS_4_Room2_Question_Line1_Answer1	金 | '离我的金库远点！当然，你的狂妄自大会换来一场凄惨的死亡。'
QuestLoc_ENC_QL4_HeartOfGOLDAS_4_Room2_Question_Line1_Choice1	金 | '不……我们会把你的黄金并入我们的。'
QuestLoc_ENC_QL4_HeartOfGOLDAS_4_Room2_Question_Line2	金 | '你本可以成为某种宏大事业的一部分！宏大又金黄又闪亮！'
QuestLoc_ENC_QL4_HeartOfGOLDAS_4_Room3_Question_Line1	金 | '嘿，太棒了！一大堆金条。'
QuestLoc_ENC_QL4_HeartOfGOLDAS_4_Room3_Question_Line3	金 | '也许GOLDAS把剩下的黄金挪作他用了。'
QuestLoc_ENC_QL4_HeartOfGOLDAS_4_Room4_Question_Line1_Choice0	金 | '闭嘴，把你的黄金给我！'
QuestLoc_ENC_QL4_HeartOfGOLDAS_4_Room5_Question_Line1_Choice0	除 | '<擦除所有数据并关闭它>'
QuestLoc_ENC_QL4_HeartOfGOLDAS_4_Room5_Question_Line1_Choice1	重 | '<重新编程，让它痴迷普通石头>'
QuestLoc_ENC_QL4_HeartOfGOLDAS_4_Room5_Question_Line1_Choice2	重雷 | '<重新编程，让英克雷变得和平>'
QuestLoc_ENC_QL4_HeartOfGOLDAS_4_Room5_Question_Line2	除 | '是时候一劳永逸地清除这个威胁了。'
QuestLoc_ESterEggHunt_Conversation_1_NPCStart_3	重里量 | '死爪蛋最重要，因为那些小壳里所包含的巨大力量。'
QuestLoc_ESterEggHunt_Conversation_2_NPCEnd_2	查 | '爆炸之后我们很快就会查明……我是说，在我们呃……为罪孽“赎罪”之后。'
QuestLoc_ESterEggHunt_Conversation_3_NPCStart_1	面 | '看，在一大堆死爪粪后面！'
QuestLoc_ESterEggHunt_Conversation_3_NPCStart_2	里 | '就在那里，从这个角度才能看到隐藏的部分！'
QuestLoc_ESterEggHunt_RaiderLine_2	里 | '你认为这里真的有核弹吗？'
QuestLoc_ESterisComing_Conversation_1_NPCEnd_2	重 | '呃……不是什么重要人物。当我没提过。'
QuestLoc_ESterisComing_Conversation_1_NPCStart_3	附 | '神圣的电路板一定在这附近。'
QuestLoc_EvictionNotice_Question2	面 | '你现在面对的是疯狂大汗帮！如果他们喜欢你，就不会杀你。疯狂大汗帮喜欢你吗？'
QuestLoc_EvictionNotice_Question3_Choice1	里 | '我们想把这里变回旅馆，你愿意吗？'
QuestLoc_ExpressCheckout_Conversation_1_NPCEnd_1	里 | '在碎石堆里找到了这个。你要的话就给你。'
QuestLoc_ExpressCheckout_Conversation_1_Team_1	里 | '这里还有剩下的吗？'
QuestLoc_ExpressCheckout_QuestLongDescription	里面 | '一位探索废土的居民途经了一个大无敌超市。里面应该会有些有用的东西。'
QuestLoc_ExtremeOuterference_QuestLongDescription	查 | '废土中有一些奇怪的信号干扰了我们的无线电传输。带上一队人马，定位干扰源。一旦知道干扰信号的来源，就去调查那个地方，处理掉干扰我们无线电的东西。'
QuestLoc_ExtremeOuterference_QuestObjective	查 | '调查奇怪的信号'
QuestLoc_ExtremeOuterference_QuestShortDescription	查 | '调查奇怪的信号'
QuestLoc_ExtremePrejudice_Conversation_1_Team_2	面 | '嗯，我确实上过间谍季刊的封面。'
QuestLoc_ExtremePrejudice_Conversation_3_NPCStart_1	需查 | '对不起，我们需要检查您的身份证。'
QuestLoc_ExtremePrejudice_Conversation_3_Team_1	里 | '我把它留在我的另一个避难所套装里了。'
QuestLoc_ExtremePrejudice_Conversation_4_NPCEnd_3	里 | '史蒂夫，无所不知？你显然不是来自于这里……'
QuestLoc_ExtremePrejudice_Conversation_4_NPCStart_3	里 | '我想我们会永远困在这蹩脚的二流避难所里。'
QuestLoc_ExtremePrejudice_Conversation_4_Team_2	里 | '你会在这里度过剩下的日子，也就是几分钟。'
QuestLoc_ExtremePrejudice_QuestLongDescription	里需首 | '我们从哈克尼斯那里收到的信息令人担忧：一位同我们竞争的避难所监督者是最近所有攻击的幕后黑手。我们需要派一名刺客潜入他们的避难所，毫不留情地干掉他们的首领。'
QuestLoc_ExtremePrejudice_QuestShortDescription	首 | '拿下一个敌对避难所的首领。'
QuestLoc_FactoryFloorofFear_Conversation_1_NPCStart_3	里 | '你们在这里什么都得不到！我先到的！'
QuestLoc_FactoryFloorofFear_Conversation_1_Team_2	里 | '你会死在这里的。'
QuestLoc_FactoryFloorofFear_Conversation_1_Team_3	里 | '你们知道为什么这里是禁区吗？'
QuestLoc_FactoryFloorofFear_Conversation_1_Team_4	里 | '你听到了抓挠的声音？从哪里传来的？'
QuestLoc_FamilyMatters_QuestLongDescription	里面 | '你经过废土上的一处小屋。说不定有人住在里面。'
QuestLoc_FamilyMatters_QuestName	重 | '家人很重要'
QuestLoc_FashionStatement_Conversation_1_NPCEnd_1	品 | '品位那么糟糕的话，真的应该去死！'
QuestLoc_FashionStatement_Conversation_1_NPCStart_2	非 | '而且我非常确定这些裤子让我的屁股显得更大了……'
QuestLoc_FashionStatement_Conversation_1_NPCStart_3	里 | '嗯？入侵者！你们站在这里多久了？'
QuestLoc_Filly_02_Answer02_NPC01	量 | '我想我们可以谈谈。你把事儿办了，咱们再商量报酬。'
QuestLoc_Filly_Conversation03_NPC02	里 | '欢迎来到菲利镇。我负责保护这里，大家都叫我玛·琼。'
QuestLoc_Filly_QuestLongDescription	里 | '你偶然来到了一个名为菲利的破败聚落，这个地方原本欢迎其他废土居民。不幸的是，这里似乎被一伙掠夺者占领了，他们有不同的想法……'
QuestLoc_Filly_QuestObjective	除 | '帮助玛·琼清除那些掠夺者。'
QuestLoc_Firestarter_QuestObjective_1	首 | '消灭掠夺者首领。'
QuestLoc_FirstDown_Conversation_1_NPCEnd_1	附 | '他们去了附近的一幢建筑。好像在找什么。'
QuestLoc_FirstDown_Conversation_1_Team_1	里 | '你知道他们去哪里了吗？'
QuestLoc_FirstDown_QuestLongDescription	里 | '一个焦急的声音从广播里传来。在废土上有个定居者貌似遇到了大麻烦！时间不多了……'
QuestLoc_FollowingHisFirstSteps_Conversation_1_NPCEnd_1	里 | '没错！就是那个。离开这里然后去工厂，穿过小河，拿下“道路丘疹”和他那帮掠夺者团伙吧！'
QuestLoc_FollowingHisFirstSteps_Conversation_1_NPCEnd_2	里 | '他往汽车厂的方向去了，那群掠夺者就住在那里。'
QuestLoc_FollowingHisFirstSteps_Conversation_1_NPCStart_3	需 | '说是有其他的人需要帮助，然后就消失了。'
QuestLoc_FollowingHisFirstSteps_Conversation_1_Team_1	雷 | '那个人的名字是叫普雷斯顿吗？'
QuestLoc_FollowingHisFirstSteps_QuestLongDescription	雷 | '小有名气的义勇军民兵——普雷斯顿·加维，消失了！在他最后出现的地方寻找有关他去向的线索。'
QuestLoc_FollowingHisFirstSteps_QuestObjective_2	首 | '消灭掠夺者首领。'
QuestLoc_FollowingHisFirstSteps_QuestShortDescription	雷 | '寻找有关普雷斯顿下落的相关线索。'
QuestLoc_FoodFight_Conversation_1A_NPCEnd_1	餐 | '现在那个听起来像是营养均衡的早餐！'
QuestLoc_FoodFight_Conversation_1B_NPCEnd_1	里 | '嗯……不对。我觉得你来这里是为了自杀。'
QuestLoc_FoodFight_Conversation_1B_NPCStart_1	里 | '你来这里是给柜子摆满货物的吗？还是为了被杀掉？'
QuestLoc_FoodFight_Conversation_1D_NPCEnd_3	香 | '越放越香！去死吧，你这个挑剔鬼！'
QuestLoc_FoodFight_Conversation_1D_Team_4	非 | '老实说我不想要。但我确实想要杀了你。非常……'
QuestLoc_FoodFight_Conversation_1E_NPCEnd_3	品 | '毋庸置疑，我终究是个掠夺者。即使我的品位这么好。'
QuestLoc_FoodFight_Conversation_1E_NPCEnd_4	野 | '切。他们自以为有资格叫我“野蛮人”……'
QuestLoc_FoodFight_Conversation_1E_NPCStart_1	食里 | '你们好呀，我亲爱的前末日时代的美食鉴赏家们？来这里是想看看我们的菜单吗？'
QuestLoc_FoodFight_Conversation_1E_Team_2	里 | '我来这里只是想给自己找点好吃的。'
QuestLoc_FoodFight_QuestName	食 | '食物大战！'
QuestLoc_FoodFight_QuestObjective_1	除 | '除掉掠夺者。'
QuestLoc_FoodFight_QuestShortDescription	除 | '除掉大无敌超市的掠夺者。'
QuestLoc_FoodGlowriousFood_QuestlineName	食食 | '食物，发光的食物'
QuestLoc_FriendlySettlement_Conversation_1A_NPCEnd_2	品 | '现在才像个好故事，牵牛花！拿着，这是我们给你们的一点纪念品。'
QuestLoc_FriendlySettlement_Conversation_1A_Team_3	里 | '你们是白痴，这个定居点就毁在你们手里了。'
QuestLoc_FriendlySettlement_Conversation_1C_NPCEnd_1	里 | '一个图书馆里的定居点！现在请保持安静。'
QuestLoc_FriendlySettlement_Conversation_1C_NPCEnd_2	高 | '很好。很高兴看到你们还能控制住自己。'
QuestLoc_FriendlySettlement_Conversation_1C_NPCEnd_3	非 | '我讨厌你。非常讨厌。'
QuestLoc_FriendlySettlement_Conversation_1C_NPCStart_1	里 | '嘘！小点声。这里可是图书馆！'
QuestLoc_FriendlySettlement_Conversation_1C_Team_1	里 | '我们听说这里是个定居点。'
QuestLoc_FriendlySettlement_Conversation_1D_NPCStart_2	需 | '我们中的一些人决定用另一种方式生活——正当工作赚取日常所需。'
QuestLoc_FriendlySettlement_Conversation_1D_Team_3	里 | '你们应该感到幸运，我们来这里不是为了杀你们的。'
QuestLoc_FriendlySettlement_Conversation_2A_NPCEnd_1	品 | '有品味。这是我个人最喜欢的一件。下次见啦，伙计们！'
QuestLoc_FriendlySettlement_Conversation_2A_Team_2	需 | '我们需要新的装备。越时髦越好。'
QuestLoc_FriendlySettlement_Conversation_2B_NPCStart_2	高 | '我们很高兴能和你们避难所做交易。让我们回赠你们一些还不错的礼物吧。'
QuestLoc_FriendlySettlement_Conversation_2B_Team_2	需 | '我们需要一些装备。时髦又有型的那种。'
QuestLoc_FriendlySettlement_Conversation_2C_NPCStart_1	高 | '很高兴你们来了。这个定居点致力于保护书籍。'
QuestLoc_FriendlySettlement_Conversation_2C_NPCStart_2	需 | '但我们也知道，一个避难所需要的不仅仅是知识。'
QuestLoc_FriendlySettlement_Conversation_2C_NPCStart_3	高 | '我们很高兴能帮助你。你想要什么呢？'
QuestLoc_FriendlySettlement_Conversation_2C_Team_1	里 | '这里有武器吗？'
QuestLoc_FriendlySettlement_Conversation_2C_Team_2	需 | '我们需要一些新的装备。'
QuestLoc_FriendlySettlement_Conversation_2C_Team_3	品 | '有药品吗？'
QuestLoc_FriendlySettlement_Conversation_2D_NPCStart_3	高里 | '很高兴能从我们曾经的储备里找一点有用的东西回赠给你们。'
QuestLoc_FriendlySettlement_QuestLongDescription	附 | '附近的一个定居点希望我们能去拜访他们。能出什么差错呢？'
QuestLoc_FriendlySettlement_QuestShortDescription	附 | '派出你的居民去援助一个附近的友邻定居点。'
QuestLoc_GameShowGauntletA_Conversation_3_NPCStart_2	里 | '萨拉里昂斯是哪个组织的成员？'
QuestLoc_GameShowGauntletA_Conversation_3_Team_3	雷 | '英克雷。'
QuestLoc_GameShowGauntletA_Conversation_4_Team_3	雷 | '雷克斯古德曼。'
QuestLoc_GameShowGauntletB_Conversation_2_Team_2	蒙 | '卢卡斯西蒙斯。'
QuestLoc_GameShowGauntletB_Conversation_3_NPCStart_2	里 | '哪一种致命的生物潜藏在塞勒姆巫术博物馆里？'
QuestLoc_GameShowGauntletB_Conversation_4_NPCEnd_1	面 | '你真该多出去见见世面。是时候……“掉脑袋”了！'
QuestLoc_GameShowGauntletC_Conversation_2_NPCEnd_4	首 | '就像他们说的“头会自己滚”。首先……“掉脑袋”吧！'
QuestLoc_GameShowGauntletC_Conversation_2_Team_2	金 | '麦金泰尔。'
QuestLoc_GameShowGauntletC_Conversation_3_NPCEnd_1	除非 | '除非他们像卖肉一样卖农民。是时候……“掉脑袋”了！'
QuestLoc_GameShowGauntletC_Conversation_3_NPCStart_2	食 | '莫伊拉把“孤独流浪者”送到哪个商店寻找食物了？'
QuestLoc_GameShowGauntletC_Conversation_3_Team_2	品 | '大品牌百货商店。'
QuestLoc_GameShowGauntletC_Conversation_4_NPCEnd_2	里 | '叮咚叮！对。她从来就没有派“孤独流浪者”去过那里。'
QuestLoc_GameShowGauntletC_Conversation_4_NPCStart_2	面 | '下面中的哪个地方是莫伊拉没有派“孤独流浪者”去过的？'
QuestLoc_GameShowGauntletC_Conversation_4_Team_1	雷 | '雷区。'
QuestLoc_GameShowGauntletD_Conversation_3_Team_2	高 | '高斯步枪。'
QuestLoc_GameShowGauntletE_Conversation_1_Team_2	雷 | '普雷斯顿·加维。'
QuestLoc_GameShowGauntletE_Conversation_2_NPCEnd_3	野 | '那些笨蛋连一片荒野都占领不了。是时候……“掉脑袋”了！'
QuestLoc_GameShowGauntletE_Conversation_2_Team_1	雷 | '英克雷。'
QuestLoc_GameShowGauntletE_Conversation_2_Team_4	重 | '理发店四重奏。'
QuestLoc_GameShowGauntletE_Conversation_4_NPCEnd_3	高 | '它确实很高，但并不碍他的事。所以你要……“掉脑袋”了。'
QuestLoc_GameShowGauntletE_Conversation_4_NPCStart_2	除 | '哪个是“特佩尼”老头阿利斯泰尔想要拔除的眼中钉？'
QuestLoc_GameShowGauntletF_Conversation_1_NPCStart_4	首 | '谁是首都废土的军事雇佣军？'
QuestLoc_GameShowGauntletF_Conversation_2_Team_2	院 | '学院。'
QuestLoc_GameShowGauntletF_Conversation_4_NPCStart_2	里 | '那个藏在波士顿公园池塘里的巨兽叫什么名字？'
QuestLoc_GameShowGauntletG_Conversation_1_NPCEnd_1	里 | '那里根本就没有他的雕像！恐怕你得拿出脑袋来作为代价！'
QuestLoc_GameShowGauntletG_Conversation_2_NPCStart_2	里里 | '联邦里哪个小男孩被困在了冰箱里？'
QuestLoc_GameShowGauntletG_Conversation_4_Team_4	里 | '一些毛茸茸的小动物聚集在一个山洞里。'
QuestLoc_GameShowGauntletH_Conversation_1_NPCEnd_3	查 | '那个错了吗？来个人查一下。是的，你错了。所以……“掉脑袋”吧！'
QuestLoc_GameShowGauntletH_Conversation_2_NPCEnd_3	阻 | '错！医生也不能阻止你……“掉脑袋”！'
QuestLoc_GameShowGauntletH_Conversation_2_NPCStart_2	里 | '洛伦佐·卡伯特被关押在哪里？'
QuestLoc_GameShowGauntletH_Conversation_2_Team_1	院 | '帕森州立精神病院。'
QuestLoc_GameShowGauntletH_Conversation_2_Team_3	院 | '肯德尔医院。'
QuestLoc_GameShowGauntletH_Conversation_3_NPCStart_2	面 | '下面哪个地点不属于联邦？'
QuestLoc_GameShowGauntletH_Conversation_3_Team_2	餐 | '剑桥校园餐厅。'
QuestLoc_GameShowGauntletH_Conversation_4_NPCEnd_2	里 | '哈！联邦里根本就没有林恩堡。“掉脑袋”吧！'
QuestLoc_GameShowGauntletH_Conversation_4_NPCStart_2	里 | '克罗格的总部在哪里？'
QuestLoc_GameShowGauntletH_Conversation_4_Team_4	里 | '在你妈家里。'
QuestLoc_GameShowGauntletI_Conversation_1_NPCEnd_4	里 | '那里是什么鬼地方？我会好好享受你……“掉脑袋”的！'
QuestLoc_GameShowGauntletI_Conversation_1_NPCStart_4	里 | '离111号避难所最近的定居点在哪里？'
QuestLoc_GameShowGauntletI_Conversation_3_NPCEnd_2	里 | '你有见过斑点跑来跑去吗？那里怎么会有它。“掉脑袋”吧！'
QuestLoc_GameShowGauntletI_Conversation_3_NPCEnd_4	里 | '你从哪里搞来这些答案的？准备“掉脑袋”吧！'
QuestLoc_GameShowGauntletI_Conversation_3_NPCStart_2	附 | '谁在庇护山丘旁的红火箭加油站附近转悠？'
QuestLoc_GameShowGauntletJ_Conversation_1_NPCEnd_2	重 | '是的！雾深霜重而又可怕的缅因州。'
QuestLoc_GameShowGauntletJ_Conversation_4_NPCStart_2	野 | '为什么霞野逃跑去了阿卡迪亚？'
QuestLoc_GameShowGauntletJ_Conversation_4_Team_4	野 | '霞野逃跑了？太可怕了！'
QuestLoc_GameShowGauntletK_Conversation_1_NPCStart_4	里 | '请说出核子世界里一个掠夺者帮派的名字。'
QuestLoc_GameShowGauntletK_Conversation_4_NPCStart_2	面 | '下面哪种不是核子可乐的口味？'
QuestLoc_GameShowGauntletK_Conversation_4_Team_4	量 | '量子核子可乐。'
QuestLoc_GasNGo_Conversation_1_NPCStart_1	里 | '天煞的，这里什么都没有！你，没错就是你，来自避难所是吧？赶紧告诉老子它在哪儿！'
QuestLoc_GasNGo_Conversation_1_Team_1	里 | '我来这里只是为了找点物资。'
QuestLoc_GasNGo_QuestLongDescription	阻 | '一位居民在废弃的红火箭服务站遇到了一位掠夺者。在他前往你们避难所之前阻止他！'
QuestLoc_GasNGo_QuestObjective_1	除 | '除掉掠夺者。'
QuestLoc_GasNGo_QuestShortDescription	除 | '除掉红火箭服务站的掠夺者。'
QuestLoc_GetchaPeanutsHere_QuestLongDescription	里 | '我们搜索了几处地点，但还是没有找到教练，或者棒球衫。也许旧的大无敌超市里能有什么线索。'
QuestLoc_GetinLine_QuestObjective_1	除 | '除掉掠夺者。'
QuestLoc_GetinLine_QuestShortDescription	里 | '和大无敌超市里的掠夺者战斗。'
QuestLoc_Ghooooooooooooooooooul_Conversation_1_NPCEnd_2	里 | '呃，没必要这么粗鲁吧。我又没有逼你来这里。'
QuestLoc_GhostlyGag_QuestObjective_1	首 | '消灭掠夺者首领。'
QuestLoc_GhoulInBlack_Answer02_PC01	需 | '没事，如果你需要个地方躲起来，我们有个去处。'
QuestLoc_GhoulInBlack_Answer02_PC02	里 | '是他们挡了我的路。伙计，我建议你最好还是躲在阴影里……'
QuestLoc_GhoulInBlack_QuestLongDescription	附需里 | '附近的墓地发生了骚乱，也许有人需要你的帮助，或者你可以去那里搜刮一些有用的东西。过去看看吧。'
QuestLoc_GhoulInBlack_QuestObjective	里 | '看看是什么在墓地里引起骚动。'
QuestLoc_GhoulInBlack_QuestShortDescription	里 | '看看是什么在墓地里引起骚动。'
QuestLoc_GhoulSupplies_QuestLongDesc	需里附 | '我们有了新旅馆的地方，但现在需要东西往里放。显然附近有个尸鬼商人能帮我们。'
QuestLoc_GhoulSupplies_Question1_Answer1	野 | '应该有一位还没野化的尸鬼员工。祝你找到他！'
QuestLoc_GhoulSupplies_Question1_Answer2	野 | '好的，慢慢看。但要小心，我们有些销售员已经野化了。'
QuestLoc_GhoulSupplies_Question2_Answer1	里里 | '太好了！我也喜欢在瓶盖里打滚。唔，其实不行，弄到皮肤里会很痛。'
QuestLoc_GhoulSupplies_Soliloquy1_2	野 | '希望他们的价格是公道的，而不是野化的！哈哈哈……哈……'
QuestLoc_GivemeLibertyandorDeath_Conversation_1_NPCStart_4	需 | '我们需要按照手册第14条的规定复仇！'
QuestLoc_GivemeLibertyandorDeath_Conversation_1_Team_2	需 | '如果你一直这样来找我们的话，我们甚至不需要找到你的避难所。'
QuestLoc_GivemeLibertyandorDeath_Conversation_2_NPCStart_2	里 | '我是德鲁西拉。我在战前就一直是这里的档案管理员。'
QuestLoc_GivemeLibertyandorDeath_Conversation_2_NPCStart_3	里 | '他们烧毁了记录，但我记得一切。144号避难所在西边10英里左右的地方。'
QuestLoc_GivemeLibertyandorDeath_Conversation_2_Team_1	里 | '在每一篇关于居民死亡的文章里……“死亡”总是大写。'
QuestLoc_GivemeLibertyandorDeath_QuestLongDescription	需里 | '那是个陷阱！无论“死亡”是谁，他都在沉睡……而144号避难所的居民认为杀死人能让“骑士”醒来！我们杀了他们的监督者，但我们仍然需要找到他们的避难所。如果我们足够'
QuestLoc_GivemeLibertyandorDeath_RaiderLine_2	里 | '手册里什么都有！'
QuestLoc_GoWest_Conversation_1_NPCStart_1	里 | '你在这里做什么？'
QuestLoc_GobbleGobbler_Conversation_1_NPCEnd_2	里高 | '真的吗？一个避难所？太好了！我打赌那里肯定没有高步勒！'
QuestLoc_GobbleGobbler_Conversation_1_NPCStart_1	高 | '我们被高步勒袭击了！我是唯一一个幸存的……'
QuestLoc_GobbleGobbler_Conversation_1_NPCStart_2	里 | '但是别问我它长什么样子。我当时躲在一个衣柜里！'
QuestLoc_GobbleGobbler_Conversation_1_Team_1	高需 | '如果高步勒真的那么厉害，我们需要你们多余的武器。'
QuestLoc_GobbleGobbler_Conversation_1_Team_2	需 | '你需要一个家，为什么不到我们的避难所来呢？'
QuestLoc_GobbleGobbler_Conversation_1_Team_3	高 | '这些衣服好像不适合追捕高步勒。你能帮帮我们吗？'
QuestLoc_GobbleGobbler_QuestLongDescription	高查 | '传闻说废土上有一个叫做高步勒的可怕生物肆虐。我们必须去调查一下！'
QuestLoc_GobbleGobbler_QuestName	高 | '咯咯叫的高步勒！'
QuestLoc_GobbleGobbler_QuestObjective_1	高 | '找到更多有关高步勒的消息。'
QuestLoc_GobbleGobbler_QuestShortDescription	查高 | '调查高步勒的目击报告。'
QuestLoc_GoingToTown_1_QuestLongDesc	需 | '我们需要一些物资。不如去看看当地的商业中心——自由城——有什么好东西！'
QuestLoc_GoingToTown_1_QuestObjective3	品 | '获取一些药品。'
QuestLoc_GoingToTown_1_Question1_2	需 | '那个蠢表情是什么——嗯，我是说，您需要什么？'
QuestLoc_GoingToTown_1_Question1_Choice2	需 | '我需要能方便行动的衣服！'
QuestLoc_GoingToTown_1_Question2_02	里 | '肚子是不是咕咕叫了？我这里有腌辐射蝎蛋、辐射蟑螂串……'
QuestLoc_GoingToTown_1_Question4_Answer3	里金 | '世界末日里金钱毫无意义！只有经历，才能丰富我们的灵魂！'
QuestLoc_GoingToTown_2_CombatInit2	里 | '你别想把我带到楼上那些怪人那里！'
QuestLoc_GoingToTown_2_QuestObjective1	面 | '与草药骗子正面交锋。'
QuestLoc_GoingToTown_2_Question1_Answer2	里 | '这里没什么可疑的，我向您保证。您自己进去看看就知道了！'
QuestLoc_GoingToTown_2_Question2	降 | '投降吧！你们踏进了我们的陷阱。'
QuestLoc_GoingToTown_2_Question2_2	里 | '服下那瓶“神药”之后，你们一路跟着那个油嘴滑舌的推销员来到了这里……'
QuestLoc_GoingToTown_2_Question3_Answer1	里里 | '我不知道他们在哪里，我们是在西区一个拼凑的实验室里做血清的。再见！'
QuestLoc_GoingToTown_2_Question3_Choice1	里 | '你说出他们在哪里，我就放你走。'
QuestLoc_GoingToTown_2_Question4	里 | '嗯……你看起来挺有管事的架势。你是这里的经理吗？'
QuestLoc_GoingToTown_2_Question4_2	品 | '这地方品味真差。那些衣服恶心死了。'
QuestLoc_GoingToTown_3_QuestLongDesc	里 | '那个卖蛇油的把我们派到新维加斯所谓“西区”的一栋摇摇欲坠的楼里。等我们收拾完他们，他们就再也造不出“奇迹血清”了。'
QuestLoc_GoingToTown_3_QuestObjective2	查 | '查明奴隶贩子的位置。'
QuestLoc_GoingToTown_3_QuestShortDesc	阻 | '阻止西区“奇迹血清”的生产。'
QuestLoc_GoingToTown_3_Question1_Answer3	里 | '不行！那里是禁区！'
QuestLoc_GoingToTown_3_Question1_Choice1	查 | '我们是从总部来检查实验室的。'
QuestLoc_GoingToTown_3_Question2	里 | '嗯？这里发生什么了？你们不是平时的警卫！'
QuestLoc_GoingToTown_3_Question2_Answer1	里 | '我不知道他们在哪里！我真的只是个学徒！请不要开枪！'
QuestLoc_GoingToTown_3_Question2_Choice1	里 | '告诉我们奴隶商在哪里，你就可以活着。'
QuestLoc_GoingToTown_3_Question3	阻里 | '你们是来破坏我们生意的。我看得出来……我不会阻止你们。事实上，我告诉你们他们在哪里。'
QuestLoc_GoingToTown_3_Question3_2	面里里里 | '他们在西面一条山谷里的废弃避难所里。但你们要杀我，才能到达那里！'
QuestLoc_GoingToTown_3_Question5_3	里 | '帮了你们之后我现在处境极度危险。能不能让我在你们的避难所里借住借住？求求你们啦！'
QuestLoc_GoingToTown_4_QuestLongDesc	附里 | '我们在新维加斯附近的一座避难所里，发现了在自由城奴役倒霉路人的掠夺者据点。但这批奴隶究竟被运往何方了？'
QuestLoc_GoingToTown_4_QuestShortDesc	附 | '前往新维加斯附近奴隶贩子的基地，与他们对峙。'
QuestLoc_GoingToTown_4_Question2	面 | '外面那阵枪声，是你们开的？你们是来救我的吗？'
QuestLoc_GoingToTown_4_Question5_Answer2	重 | '门都没有。我太重要了，不能死！'
QuestLoc_GroomforDoubt_Conversation_2_NPCStart_3	品 | '我们在圣诞相关商品上清仓大甩卖。'
QuestLoc_GroomforDoubt_Conversation_3_NPCEnd_1	面 | '它有吗？好吧，我想该面对现实了。'
QuestLoc_GroomforDoubt_Conversation_3_NPCStart_1	里 | '嘿，伙计们，你们在那里！'
QuestLoc_GroomforDoubt_Conversation_3_NPCStart_2	里 | '我想知道你去了哪里。'
QuestLoc_GroomforDoubt_QuestLongDescription	重 | '昨晚的单身派对真不错！可惜今天新郎失踪了。最后一次看到他，已经被雇来娱乐的人拖走了。我们必须尽快把他带回来。让我们避免重蹈新年夜的覆辙……'
QuestLoc_GroomforDoubt_QuestObjective_2	首 | '消灭掠夺者首领。'
QuestLoc_GuardianoftheWastes:MoleRats_QuestShortDescription	除 | '除掉这些可恶的鼹鼠。'
QuestLoc_GuardianoftheWastes:Radscorpions_QuestShortDescription	除 | '根除辐射蝎。'
QuestLoc_HalfFullHalfEmpty_Conversation_1_NPCEnd_1	金 | '我们的双头牛一饮而尽。谁能对金色的粪便说不？去废弃的避难所科技办公室试试看吧。'
QuestLoc_HalfFullHalfEmpty_Conversation_1_NPCStart_1	量 | '我们没弄到足够的量来做科学测试。'
QuestLoc_HalfFullHalfEmpty_Conversation_1_NPCStart_3	金 | '我们的双头牛喝了，两天之后他拉出了金条！'
QuestLoc_HalfFullHalfEmpty_QuestLongDescription	里 | '显然这个故事并不只是满足味蕾。这令人耳目一新的神奇饮料也许并不是那么神奇或清新。而罗伯科工厂里的人或许知道真相……'
QuestLoc_HalfFullHalfEmpty_QuestObjective_1	里面 | '和罗伯科老工厂里的人们见个面。'
QuestLoc_HaveGunWillTravel_Conversation_1_Team_1	里 | '是的！你知道他们去哪里了吗？'
QuestLoc_HaveGunWillTravel_QuestLongDescription	查 | '你发现了“麦克森硬汉小队”的全息磁带记录，这是钢铁兄弟会派去废土搜寻科技的小队。去追踪他们、查明他们的结局吧——就从450号避难所开始！'
QuestLoc_Headhunting_QuestLongDesc	里 | '显然有个有管理才能的人被掠夺者绑架了。让我们把他从那里救出来，也许作为回报他会帮我们经营旅馆！'
QuestLoc_Headhunting_Question1_Choice2	里金 | '你们手里有人质，我们有赎金。'
QuestLoc_Headhunting_Question2_Choice2	需 | '我们需要一名旅馆经理。'
QuestLoc_Headhunting_Soliloquy1	里 | '嗯，我们的线索就到这里了。一个叫“经理先生”的人应该在这儿。'
QuestLoc_Headhunting_Soliloquy1_2	里 | '据说他什么都能安排妥当。就是无法安排自己从这帮掠夺者手里逃脱。'
QuestLoc_HeatoftheKnight_Conversation_1_NPCStart_2	首重 | '一些掠夺者绑架了我们的小队首领，但我伤得太重，恐怕无法继续了。'
QuestLoc_HeatoftheKnight_Conversation_1_Team_1	首 | '你们休息吧。我去救你们的小队首领。'
QuestLoc_HeatoftheKnight_QuestLongDescription	需里 | '需要让钢铁兄弟会相信我们的避难所值得成为一个哨所！是时候去支援罗伯科办公大楼里的那支士兵小队了。'
QuestLoc_HeresthePitch_Conversation_1_NPCStart_1	里 | '不是这里。但应该不远了。'
QuestLoc_HeresthePitch_QuestLongDescription	酸 | '教练不在789号避难所，但这地方有种熟悉的酸腐味……顺着这股味道去桑德拉文具店吧。'
QuestLoc_HeresthePitch_QuestName	里 | '就是这里了……'
QuestLoc_HerestoYouRackieJobinson_Conversation_1_NPCStart_2	里 | '你们来对地方了！罗基·杰宾森的棒球衫就在这里！'
QuestLoc_HerestoYouRackieJobinson_Conversation_2_NPCStart_1	面 | '我们终于见面了，你们这些愚蠢的居民！'
QuestLoc_HerestoYouRackieJobinson_QuestLongDescription	里 | '就是这里，大结局了！在球员休息区跟教练来一场全线群架。是该让这个失败者退役，把罗基·杰宾森的棒球衫拿回来了！'
QuestLoc_HighSteaks_Conversation_1_NPCStart_1	里 | '我的天！你们不应该在这里的！'
QuestLoc_HighSteaks_Conversation_1_NPCStart_2	里 | '这个洞穴里全都是死爪！'
QuestLoc_HighSteaks_QuestLongDescription	需里 | '好吧，辐射蝎蛋卷还是有点恶心的。为了弥补，大厨提议把威灵顿死爪作为他的招牌菜，他只需要深藏巢穴里新鲜的死爪肉就行（据说光照会破坏味道）。'
QuestLoc_HighSteaks_QuestName	高 | '高风险'
QuestLoc_HighSteaks_RaiderLine_3	里 | '来这里可能是个错误。'
QuestLoc_HomeFieldAdvantage_QuestLongDescription	查 | '教练会藏在旧铅笔厂吗？大概不会。但无论如何还是查看一下。'
QuestLoc_HomerunDerby_Conversation_1_NPCStart_1	里 | '如果教练在这里拿着棒球衫，现在应该早就走远了吧。'
QuestLoc_HomerunDerby_QuestLongDescription	院里 | '就算是直觉吧，我看教练可能在圣心脏医院的废墟里歇脚。只要他在那儿，罗基·杰宾森的棒球衫也一定在！'
QuestLoc_HomerunDerby_QuestShortDescription	院 | '搜索圣心脏医院。'
QuestLoc_Homerun_QuestLongDescription	附 | '还是没有教练或是棒球衫的影子。但他应该就在附近了！我能感觉到。还是说只是他的狐臭！无论如何，我们去搜搜宝贝爪爪宠物商店吧！'
QuestLoc_HoneymoonHorror_Conversation_1_NPCStart_2	食 | '不管怎么说，婚礼上的食物太难吃了！为什么要冒着自己的生命危险来做这些？'
QuestLoc_HoneymoonHorror_Conversation_1_NPCStart_4	里 | '现在……为什么又在这里了？'
QuestLoc_HoneymoonHorror_Conversation_2_NPCStart_1	非 | '我们得救了！非常感谢！'
QuestLoc_HoneymoonHorror_Conversation_2_NPCStart_3	里 | '但请不要带我们回去，那里太可怕了！'
QuestLoc_HoneymoonHorror_Conversation_2_Team_2	里 | '其实，我们的避难所还有一个人的空间，帕特里夏，你可以跟我们回去。'
QuestLoc_HoneymoonHorror_QuestLongDescription	附 | '来自附近定居点的某对新婚夫妇去了一个偏僻的山洞“度蜜月”。他们至今未归，第一批救援队也一去不回！也许关于辐射蝎的传闻是真的。最好带上家伙！'
QuestLoc_HoneymoonHorror_QuestObjective_3	查 | '调查最初的拯救小队发生了什么。'
QuestLoc_HopontheRoachCoach_Conversation_1_NPCStart_4	面 | '至少我们能拿到一些超酷的镜头画面！'
QuestLoc_HopontheRoachCoach_Conversation_1_Team_1	重 | '你可以加入我们的避难所啊。我们很看重忠诚。'
QuestLoc_HopontheRoachCoach_QuestObjective_1	品 | '在大无敌超市寻找战利品。'
QuestLoc_HopontheRoachCoach_QuestShortDescription	品 | '在大无敌超市寻找战利品。'
QuestLoc_HopontheRoachCoach_RaiderLine_1	食 | '我想剩下的食物早就不见了……'
QuestLoc_HorrorMovieNight_QuestObjective_1	首 | '消灭掠夺者首领。'
QuestLoc_HostageNegotiations_Conversation_1_NPCStart_2	需 | '我都不需要出去找，笨蛋就自己来了。'
QuestLoc_HostageNegotiations_Conversation_2_NPCStart_2	里 | '我被困在这里好久了。'
QuestLoc_HostageNegotiations_QuestObjective_1	阻 | '阻止掠夺者。'
QuestLoc_HotTubSlimeMachine_Conversation_1_NPCStart_3	里 | '抱歉让你们跑那么远来这里。这个拿着，当做是一点补偿。'
QuestLoc_HotTubSlimeMachine_QuestLongDescription	里 | '有传闻说某个避难所里有一个水池，可以蒸桑拿，甚至泡热水澡！去189号避难所寻找这个让人放松休息的绿洲吧。但小心尸鬼！'
QuestLoc_HouseWarming_1_Question1	野里 | '你好，欢迎来到狂野万达！这座城里唯一允许自由带枪的赌场。'
QuestLoc_HouseWarming_1_Question1_Answer2	里面 | '哦，是的，我记得。他就在里面某处，希望他还没被枪崩了！'
QuestLoc_HouseWarming_2_CombatInit2	靠 | '靠着轮子，我们能甩掉任何窃贼或袭击者！'
QuestLoc_HouseWarming_2_CombatInit3	除非 | '我们保证不攻击受邀宾客。除非他们先动手，就像这样！'
QuestLoc_HouseWarming_2_Question1_Answer2	防 | '你来对地方了，朋友。去参观一下我们全自动的防御演示吧！'
QuestLoc_HouseWarming_2_Question2_Answer2	重 | '检测到逻辑循环。正在重启系统。战斗系统已启动。'
QuestLoc_HouseWarming_3_QuestLongDesc	附 | '据说附近有一场大型尸鬼派对。说不定是个物色豪斯先生派对工作人员的好地方。'
QuestLoc_HouseWarming_3_Question0_Answer1	餐 | '愿意为尸鬼做餐饮的人，正是为我们狂欢派对的完美人选。'
QuestLoc_HouseWarming_3_Question0_Choice1	除非 | '除非这是尸鬼派对。那就完美了！'
QuestLoc_HouseWarming_3_Question1_Answer1	高 | '亲爱的，就算观众全死光了，我也比在这儿高兴。'
QuestLoc_HouseWarming_3_Question1_Answer2	需 | '天哪。他要真需要喜剧演员，那他自己的问题比我还大！这活儿我接了！'
QuestLoc_HouseWarming_3_Question1_Answer3	高 | '让人笑得没命……这才是喜剧演员的最高赞誉！'
QuestLoc_HouseWarming_3_Question1_Choice2	需 | '我们需要一位喜剧演员来给豪斯先生的派对助兴。'
QuestLoc_HouseWarming_3_Question2	食 | '怎么回事？没人吃那些食物！大家都在互相吃！'
QuestLoc_HouseWarming_3_Question2_Choice2	需 | '我们需要你这双巧手来操办豪斯先生的派对。'
QuestLoc_HouseWarming_3_Question3_Answer2	里 | '呃，好啊。不过我们还有两个小时才下班呢。你们该出去，这里很危险。'
QuestLoc_HouseWarming_3_Question3_Choice2	里 | '想在一个不在墓地里的派对上演奏吗？'
QuestLoc_HouseWarming_4_Question1_02	食 | '谁请的蟑螂？我打赌是厨师。也许它们真的是食材。'
QuestLoc_HouseWarming_4_Question1_Answer1	里 | '在我的行当里，耍点小聪明从不吃亏。至少目前如此。朝我开过枪的人全都打偏了。'
QuestLoc_HouseWarming_4_Question4_Choice1	重 | '重新做。用辐射蟑螂肉做。'
QuestLoc_HouseWarming_4_Question4_Choice3	里 | '跑去找补给。这里交给我们。'
QuestLoc_HouseWarming_4_Question5_02	除非 | '很抱歉保安机器人没能干掉这些害虫。除非它们去找豪斯先生的麻烦，那当然例外。'
QuestLoc_HouseWarming_4_Question5_Answer2	里 | '这下够你在避难所里舒坦一阵了！'
QuestLoc_HouseWarming_4_Question6_Answer3	量 | '握紧毁灭之神的力量。'
QuestLoc_HouseWarming_4_Question6_Choice3	需 | '我需要点火力。'
QuestLoc_HowCanYouNotBeRomanticAboutBaseball_QuestLongDescription	院 | '好吧。所以圣心脏医院肯定是条死路了，但至少我们都还活着！下一站，莱克维尔图书馆。'
QuestLoc_HumanBeanJuice_QuestLongDescription	餐里 | '杰克已经受过一次大惊吓——可现在他马上要成为别人的晚餐！奴隶贩子把他卖给了肉酱厂。我们应该去那里找他！'
QuestLoc_HumansLikeUs_Conversation_1_NPCEnd_2	金 | '天空中所有的光都是正常的。你被金星搞糊涂了哈哈。'
QuestLoc_HumansLikeUs_Conversation_1_NPCStart_2	高 | '很高兴遇见你们，因为我们是个爱好社交、群居的物种。'
QuestLoc_HumansLikeUs_Conversation_1_NPCStart_4	食 | '您要饮料、食物，还是来一次免费的体检？'
QuestLoc_HumansLikeUs_Conversation_2_NPCEnd_1	里 | '这里的一切都是正常人类的东西，没有外星人在执行任务。'
QuestLoc_HumansLikeUs_Conversation_2_NPCStart_1	高 | '[高音喉咙尖叫]'
QuestLoc_HumansLikeUs_Conversation_3_NPCEnd_1	查食品 | '没必要调查，你们应该回家享用上好的饮料和食品。'
QuestLoc_HumansLikeUs_Conversation_3_NPCEnd_2	里 | '哈哈，可以这么说吧，我们是在同一个孵化舱里孵出来的，哈哈。'
QuestLoc_HumansLikeUs_Conversation_3_NPCEnd_3	需 | '说的好，哈哈，不过说真的，如果你能留一些的话，我们确实需要雌性的。'
QuestLoc_HumansLikeUs_Conversation_3_NPCStart_4	面 | '我们俩都没有用光学伪装来掩盖真实面目，那太可笑了哈哈。'
QuestLoc_HumansLikeUs_Conversation_3_Team_1	查 | '我们正在调查这个地区的奇怪灯光。'
QuestLoc_HumansLikeUs_Conversation_3_Team_2	高 | '很高兴见到你们俩。你俩是亲戚吗？'
QuestLoc_HumansLikeUs_Conversation_3_Team_3	里 | '我在这里没看到多少女人……你们都是男的吗？'
QuestLoc_HumansLikeUs_Conversation_4_NPCStart_3	需 | '我们只需要让那些大型的，带刺的无脊椎动物离开。'
QuestLoc_HumansLikeUs_Conversation_5_NPCEnd_1	里 | '太棒了，现在去告诉别人永远不要来这里，因为一切都是正常的哈哈。'
QuestLoc_HumansLikeUs_Conversation_5_NPCEnd_2	里面 | '哈哈，没问题，请往这个手枪状器物的开口里面看就行。'
QuestLoc_HumansLikeUs_Conversation_5_NPCStart_2	里 | '我希望你在这里一切正常，一点也不觉得不安呵呵。'
QuestLoc_HumansLikeUs_Conversation_5_NPCStart_3	重查 | '重要的是，你不要觉得自己是在接受上级的检查。'
QuestLoc_HumansLikeUs_Conversation_5_NPCStart_4	高 | '请确认你不觉得自己正被高等存在审视。'
QuestLoc_HumansLikeUs_QuestLongDescription	里需查 | '有好几份报告说，在离这里不远的废土上有奇怪的光在盘旋。灯光聚集在一个废弃的旧矿井上。我们需要在外星人入侵的谣言开始传播之前进行调查！'
QuestLoc_HumansLikeUs_QuestShortDescription	查 | '调查空中的奇怪光芒。'
QuestLoc_IDontKnowsonThird_QuestLongDescription	里需 | '如果教练手里有棒球衫的话，也许他需要保持干净。我们去泡泡多自助洗衣店看看吧！'
QuestLoc_INS_QL1_MajorPlayers_1_CombatInit6	里 | '哇，这里尸鬼真多！'
QuestLoc_INS_QL1_MajorPlayers_1_CombatInit8	首 | '那肯定是个首领。准备好你的消辐宁！'
QuestLoc_INS_QL1_MajorPlayers_1_QuestLongDesc	院 | '我们收到一些义勇军的求救信号。显然有一群尸鬼袭击了他们的一个前哨站。帮他们一把，说不定他们会加入我们对抗学院！'
QuestLoc_INS_QL1_MajorPlayers_1_Room0_Question_Line1	高 | '天哪，见到你太高兴了。我差点就要惊慌失措了。我是新兵！'
QuestLoc_INS_QL1_MajorPlayers_1_Room0_Question_Line2	里面 | '里面的狂尸鬼多到足够让我做一辈子的噩梦了。'
QuestLoc_INS_QL1_MajorPlayers_1_Room0_Question_Line3	里靠 | '我这点作用，就像飓风里的纸伞一样靠不住。'
QuestLoc_INS_QL1_MajorPlayers_1_Room0_Question_Line4	院 | '我知道指挥官想跟你谈笔关于学院的交易……'
QuestLoc_INS_QL1_MajorPlayers_1_Room0_Question_Line5	里面 | '但他还在里面！还有平民！请救救他们！'
QuestLoc_INS_QL1_MajorPlayers_1_Room2_Question_Line1_Answer2	除 | '你可以全都拿走！除了性命，这就是我们的全部家当了。'
QuestLoc_INS_QL1_MajorPlayers_1_Room4_Question_Line4	院 | '我听说你们跟学院有梁子。我们也有。大麻烦。'
QuestLoc_INS_QL1_MajorPlayers_1_Room7_Question_Line1	需 | '我猜你们是来接我的。我不需要你们帮忙。'
QuestLoc_INS_QL1_MajorPlayers_1_Room7_Question_Line1_Answer1	高 | '信任你？你只是想显得自己高人一等。就像那些合成人……就像所有人。走开。'
QuestLoc_INS_QL1_MajorPlayers_2_QuestLongDesc	院 | '圣约村可以成为对抗学院的有力盟友。用你天生的魅力，尽可能多地说服他们加入。'
QuestLoc_INS_QL1_MajorPlayers_2_QuestShortDesc	院 | '说服圣约村协助对抗学院。'
QuestLoc_INS_QL1_MajorPlayers_2_Room0_Question_Line1	首 | '且慢。首先，我们得做个测试。'
QuestLoc_INS_QL1_MajorPlayers_2_Room0_Question_Line2	里 | '那好，假设你在一支棒球队里。'
QuestLoc_INS_QL1_MajorPlayers_2_Room1_Question_Line1_Answer0	高 | '我很高兴你这么想。我有点事要处理，一会儿楼下见。'
QuestLoc_INS_QL1_MajorPlayers_2_Room1_Question_Line2	院 | '所以，你们想和圣约村联手？一起对抗学院？'
QuestLoc_INS_QL1_MajorPlayers_2_Room1_Question_Line3	院 | '我们不太擅长打仗，但我们确实恨学院。'
QuestLoc_INS_QL1_MajorPlayers_2_Room2_Question_Line1	院 | '你想让我们去对抗学院？'
QuestLoc_INS_QL1_MajorPlayers_2_Room2_Question_Line1_Choice0	院 | '学院的间谍行径，玷污了研究的名声。'
QuestLoc_INS_QL1_MajorPlayers_2_Room3_Question_Line1_Choice1	阻 | '合成人是我们必须阻止的威胁。'
QuestLoc_INS_QL1_MajorPlayers_2_Room3_Question_Line1_Choice2	院 | '学院把废土上的所有人都当成垃圾。'
QuestLoc_INS_QL1_MajorPlayers_2_Room4_Question_Line1_Answer1	防 | '嗯。我没考虑过这个。我加入。拿着这个，以防我们再也见不到了。'
QuestLoc_INS_QL1_MajorPlayers_2_Room4_Question_Line1_Choice1	院 | '想想你能对学院领导们做的“审问”。'
QuestLoc_INS_QL1_MajorPlayers_2_Room4_Question_Line4	院除 | '要是我们把学院铲除了，我就失业了。我凭什么帮你？'
QuestLoc_INS_QL1_MajorPlayers_2_Room5_Question_Line1_Answer0	里 | '太好了。我私下里一直希望他们答应。我真想终结那个组织。战场上见。'
QuestLoc_INS_QL1_MajorPlayers_2_Room5_Question_Line1_Answer1	院 | '这就够了。我确实恨学院。我们会支持你的进攻。'
QuestLoc_INS_QL1_MajorPlayers_2_Room5_Question_Line1_Answer2	院 | '嗯……我确实恨学院。我会帮你找些志愿者，但不会全力投入。'
QuestLoc_INS_QL1_MajorPlayers_3_CombatInit2	非 | '非罗伯科人员严禁使用武器！'
QuestLoc_INS_QL1_MajorPlayers_3_CombatInit7	降 | '投降，否则被摧毁！'
QuestLoc_INS_QL1_MajorPlayers_3_QuestLongDesc	需 | '兄弟会需要我们替他们从一座罗伯科研究设施取回一些“机密蓝图”。只要办成，他们就会加入我们的行动，先给我们一些聚变核心作为回报！'
QuestLoc_INS_QL1_MajorPlayers_3_QuestName	量 | '力量核心'
QuestLoc_INS_QL1_MajorPlayers_3_Room0_Question_Line1_Answer0	金 | '稍息。去把那堆金属砸烂吧。'
QuestLoc_INS_QL1_MajorPlayers_3_Room0_Question_Line2	里 | '记住，你们必须从罗伯科的电脑里取回蓝图。'
QuestLoc_INS_QL1_MajorPlayers_3_Room0_Question_Line3	院 | '你们若能办到，就能证明你们是合格的盟友，我们就会帮你们对抗学院。'
QuestLoc_INS_QL1_MajorPlayers_3_Room0_Question_Line4	里 | '小心这栋楼里的众多安保机器人。'
QuestLoc_INS_QL1_MajorPlayers_3_Room1_Question_Line1	需 | '欢迎！欢迎来到罗伯科工业。请问有什么需要帮忙的？'
QuestLoc_INS_QL1_MajorPlayers_3_Room4_Question_Line1	限 | '注意：此门之后仅限员工。'
QuestLoc_INS_QL1_MajorPlayers_3_Room4_Question_Line1_Answer0	除除 | '否定。那是武器。消灭入侵者！删除！删除！'
QuestLoc_INS_QL1_MajorPlayers_3_Room4_Question_Line1_Answer2	重 | '正在重启……新任务：递双头牛黄油。祝你愉快。'
QuestLoc_INS_QL1_MajorPlayers_3_Room4_Question_Line1_Choice1	里 | '噢，唉，太糟了，我把证件忘在家里了。'
QuestLoc_INS_QL1_MajorPlayers_3_Room5_Question_Line1_Choice2	防 | '<取出防护装备>'
QuestLoc_INS_QL1_MajorPlayers_3_Room8_Question_Line1	里面 | '这就是主机。蓝图一定在里面。'
QuestLoc_INS_QL1_MajorPlayers_3_Room8_Question_Line5	零 | '啊，来了。我们拿到货了。兄弟会看到这个会感激涕零！'
QuestLoc_INS_QL1_MajorPlayers_4_CombatInit3	院 | '奉学院之命，你们必须被摧毁。'
QuestLoc_INS_QL1_MajorPlayers_4_QuestLongDesc	里院阻 | '我们找到了所有合成人的来源！一座老避难所里的学院基地。主动出击，但愿能阻止这场袭击！'
QuestLoc_INS_QL1_MajorPlayers_4_QuestName	量 | '友谊的力量'
QuestLoc_INS_QL1_MajorPlayers_4_QuestObjective1	院 | '击败学院总监'
QuestLoc_INS_QL1_MajorPlayers_4_QuestShortDesc	院阻 | '进攻学院基地，希望能阻止合成人袭击。'
QuestLoc_INS_QL1_MajorPlayers_4_Room0_Question_Line1_Answer0	防需 | '我们这有医疗物资，以防你们需要。'
QuestLoc_INS_QL1_MajorPlayers_4_Room0_Question_Line1_Answer1	防 | '收到。去干掉他们！哦，拿着这些。以防万一。'
QuestLoc_INS_QL1_MajorPlayers_4_Room0_Question_Line2	里 | '绝对是这地方。这里爬满了合成人。'
QuestLoc_INS_QL1_MajorPlayers_4_Room0_Question_Line3	里院 | '我还听说这里有个学院总监。'
QuestLoc_INS_QL1_MajorPlayers_4_Room4_Question_Line1_Choice0	非 | '非常感谢。'
QuestLoc_INS_QL1_MajorPlayers_4_Room6_Question_Line2	里面 | '但她不是一个人。里面火力很猛。'
QuestLoc_INS_QL1_MajorPlayers_4_Room6_Question_Line3	防 | '我们义勇军更擅长防守。他们能交给你们吗？'
QuestLoc_INS_QL1_MajorPlayers_4_Room7_Question_Line1_Answer0	品 | '可“我们”是谁？我们的第三代合成人是人类的完美复制品。你敢信任谁？'
QuestLoc_INS_QL1_MajorPlayers_4_Room7_Question_Line1_Answer1	品 | '“我们”？你根本不知道你的居民中有多少是第三代合成人。他们是人类的完美复制品！'
QuestLoc_INS_QL2_Railroaded_1_CombatInit2	院 | '不得干涉学院事务。'
QuestLoc_INS_QL2_Railroaded_1_QuestLongDesc	院附查 | '学院仍在活动，正袭击附近的一座地堡。我们收到一个没有详情的求救信号。派一队人过去调查吧。'
QuestLoc_INS_QL2_Railroaded_1_QuestShortDesc	院附查 | '学院正在袭击附近一座地堡。派一队过去调查。'
QuestLoc_INS_QL2_Railroaded_1_Room0_Question_Line2	院 | '这不是兄弟会基地，也不是义勇军定居点。学院在袭击谁？'
QuestLoc_INS_QL2_Railroaded_1_Room3_Question_Line1_Answer0	首 | '第三代合成人。与人类无法区分。跟我们的首领谈谈，他会解释的。'
QuestLoc_INS_QL2_Railroaded_1_Room3_Question_Line3	首 | '我们的首领正身处险境。请帮帮我们。'
QuestLoc_INS_QL2_Railroaded_1_Room4_Question_Line2	院阻 | '无所谓。作为学院的追猎者，我会阻止你们。'
QuestLoc_INS_QL2_Railroaded_1_Room6_Question_Line1_Answer2	里 | '这件事就交给你了。我今天已经失去了太多朋友。但请记住：它们是人类，即便是在实验室里造出来的。'
QuestLoc_INS_QL2_Railroaded_1_Room6_Question_Line1_Answer3	非 | '我非常感激，真的。你在铁路交到了朋友。'
QuestLoc_INS_QL2_Railroaded_1_Room6_Question_Line1_Choice0	除 | '为什么要冒这个险？如果你怀疑它们，早就该除掉威胁。'
QuestLoc_INS_QL2_Railroaded_1_Room6_Question_Line1_Choice1	非 | '为什么非要帮合成人？它们不就是机器吗？'
QuestLoc_INS_QL2_Railroaded_1_Room6_Question_Line1_Choice2	查面 | '如果我查出它们两面三刀，我该怎么办？'
QuestLoc_INS_QL2_Railroaded_1_Room6_Question_Line1_Choice3	里 | '我可不作保证。我们来这里是为了救你。任务已经完成了。'
QuestLoc_INS_QL2_Railroaded_1_Room6_Question_Line2	院 | '拟人级合成人跟我们毫无二致，学院却剥夺它们的自由意志。'
QuestLoc_INS_QL2_Railroaded_1_Room6_Question_Line4	隔 | '我怀疑手下有两个人。他们就在隔壁房间。'
QuestLoc_INS_QL2_Railroaded_1_Room7_Question_Line1_Choice0	防重 | '你防备心太重了。借口都准备好了。明显有罪。'
QuestLoc_INS_QL2_Railroaded_1_Room7_Question_Line2	院 | '是另一个房间那家伙。我看见他用了学院的通讯设备。'
QuestLoc_INS_QL2_Railroaded_1_Room7_Question_Line3	面 | '怀亚特抓住我们的时候，我正要去找他当面对质。'
QuestLoc_INS_QL2_Railroaded_1_Room8_Question_Line1_Choice2	重品 | '不打算求饶了？你是否有罪不重要。我们是来拿战利品的。'
QuestLoc_INS_QL2_Railroaded_1_Room8_Question_Line1_Choice3	非 | '证据显示并非如此。你的罪孽到此为止。'
QuestLoc_INS_QL2_Railroaded_1_Room8_Question_Line3	院 | '我猜是珍妮指控我向学院通风报信的吧。'
QuestLoc_INS_QL2_Railroaded_1_Room9_Question_Line2	高靠 | '一大堆历史记录……看样子是项高尚的事业，他们挺靠谱。'
QuestLoc_INS_QL2_Railroaded_1_Room9_Question_Line3	院 | '无论如何，能多一个对抗学院的盟友是好事。'
QuestLoc_INS_QL2_Railroaded_2_CombatInit2	高 | '威胁等级最高。授权使用致命武力。'
QuestLoc_INS_QL2_Railroaded_2_QuestShortDesc	院 | '铁路希望我们拯救被学院回收的那群合成人。'
QuestLoc_INS_QL2_Railroaded_2_Room0_Question_Line1	院 | '就是这儿了。学院的另一处基地。'
QuestLoc_INS_QL2_Railroaded_2_Room4_Question_Line1_Answer1	院 | '这是你的杰作，是你用走出学院的美好生活当诱饵。'
QuestLoc_INS_QL2_Railroaded_2_Room4_Question_Line1_Answer2	里 | '你们从我们这里夺走的已经够多了。损坏了太多资产。你们必须承担后果。'
QuestLoc_INS_QL2_Railroaded_2_Room5_Question_Line1_Answer0	面 | '谢谢。我去前面侦察。朋友们，等我的信号。'
QuestLoc_INS_QL2_Railroaded_2_Room5_Question_Line1_Answer2	院 | '什么？你们是怪物。比学院还坏。'
QuestLoc_INS_QL2_Railroaded_2_Room5_Question_Line1_Choice1	里 | '在我们避难所里你们会很安全。'
QuestLoc_INS_QL2_Railroaded_3_QuestLongDesc	院 | '钢铁兄弟会控制着一座天线阵列，可以干扰追猎者用来传送的“召回”。学院已经注意到这件事。'
QuestLoc_INS_QL2_Railroaded_3_QuestShortDesc	重 | '利用兄弟会的天线阵列，我们能严重干扰追猎者的“召回”。'
QuestLoc_INS_QL2_Railroaded_3_Room0_Question_Line1_Answer0	院 | '一股学院的味道。到时候你就知道，我说得没错。哦，对了，路上有间补给室。随便拿。'
QuestLoc_INS_QL2_Railroaded_3_Room0_Question_Line1_Choice0	面 | '知道我们要面对什么吗？'
QuestLoc_INS_QL2_Railroaded_3_Room0_Question_Line3	查里 | '我把手头所有人都派下去查了。但我是这里唯一的骑士，所以……'
QuestLoc_INS_QL2_Railroaded_3_Room4_Question_Line1_Answer2	院 | '这是你们最后一次干涉学院的事了。'
QuestLoc_INS_QL2_Railroaded_3_Room6_Question_Line3	非 | '嗯，我明白了。他们破坏得非常彻底。'
QuestLoc_INS_QL2_Railroaded_3_Room6_Question_Line4	重 | '我们能重启发电机，但阵列再也无法运作了。'
QuestLoc_INS_QL2_Railroaded_3_Room6_Question_Line6	零 | '而且跟任何一项好的工程活一样，剩下的零件归我们。'
QuestLoc_INS_QL2_Railroaded_4_CombatInit1	除需 | '清除不彻底。需要进一步修正。'
QuestLoc_INS_QL2_Railroaded_4_CombatInit3	面除 | '检测到更多敌对者。授权全面清除。'
QuestLoc_INS_QL2_Railroaded_4_QuestLongDesc	院里需 | '铁路的日子越来越难过了。学院的穷追不舍，把他们逼到波士顿郊区一栋建筑里。他们需要帮助。'
QuestLoc_INS_QL2_Railroaded_4_QuestShortDesc	院 | '铁路被学院逼入绝境。我们必须去帮他们。'
QuestLoc_INS_QL2_Railroaded_4_Room2_Question_Line1	面附 | '那幅画后面画着一个符号。附近有处藏匿点。'
QuestLoc_INS_QL2_Railroaded_4_Room6_Question_Line1_Choice1	重 | '重建这个运动。更隐蔽。更冷酷。'
QuestLoc_INS_QL3_Betrayal_1_QuestLongDesc	面院 | '钢铁兄弟会的一位长老提出要会面，商讨对抗学院的作战计划。看看他们能提供什么。'
QuestLoc_INS_QL3_Betrayal_1_QuestName	里 | '丝绒手套里的铁拳'
QuestLoc_INS_QL3_Betrayal_1_QuestObjective1	面 | '与兄弟会长老会面'
QuestLoc_INS_QL3_Betrayal_1_Room0_Question_Line1_Choice0	里 | '我们为什么在这洞里开会？'
QuestLoc_INS_QL3_Betrayal_1_Room5_Question_Line1	里 | '嘿，我记得你们。你们就是从那座满是尸鬼的大楼里出来的那伙“疑似合成人”吧。'
QuestLoc_INS_QL3_Betrayal_1_Room5_Question_Line3	院品 | '我开始琢磨，学院现在是不是造出了尸鬼复制品，在废土上游荡……'
QuestLoc_INS_QL3_Betrayal_1_Room7_Question_Line1_Answer2	面里 | '你懂什么叫荣誉吗？我们在外面拼死求生，你们却缩在避难所里。士兵们：开火！'
QuestLoc_INS_QL3_Betrayal_1_Room7_Question_Line3	靠 | '避难所科技是个邪恶的组织，靠大战发了财。'
QuestLoc_INS_QL3_Betrayal_1_Room7_Question_Line4	院 | '如今你们帮助合成人和铁路，你们就是我们的敌人，和学院一样。'
QuestLoc_INS_QL3_Betrayal_2_Room1_Question_Line3	里 | '不，别回答。你们不该在这里。'
QuestLoc_INS_QL3_Betrayal_2_Room7_Question_Line1_Choice1	除 | '<删除人员数据>'
QuestLoc_INS_QL3_Betrayal_3_Room2_Question_Line1	里 | '避难所居民！真有意思……你们都在避难所里出生的吗？'
QuestLoc_INS_QL3_Betrayal_3_Room5_Question_Line1_Answer2	除非 | '还真没什么能拿来感谢的。除非你想要这件汗津津的旧连体服！'
QuestLoc_INS_QL3_Betrayal_3_Room8_Question_Line1_Answer1	里 | '它们会从里到外把你啃掉！'
QuestLoc_INS_QL3_Betrayal_3_Room8_Question_Line1_Choice0	里 | '你是说我们避难所里有合成人？'
QuestLoc_INS_QL3_Betrayal_3_Room8_Question_Line1_Choice1	院 | '我们会对付学院的。这事之后再说。'
QuestLoc_INS_QL3_Betrayal_3_Room8_Question_Line2	里 | '你上次给避难所里所有人做DNA测试是什么时候？'
QuestLoc_INS_QL3_Betrayal_3_Room8_Question_Line3	院 | '要是做了，你就会明白学院比你聪明得多。'
QuestLoc_INS_QL3_Betrayal_4_Room1_Question_Line1	里 | '避难所居民？你们跟那些本该在这栋楼里的合成人是一伙的？'
QuestLoc_INS_QL3_Betrayal_4_Room4_Question_Line1_Choice1	阻 | '我不知道，但我们在阻止他们。拿钱来。'
QuestLoc_INS_QL3_Betrayal_4_Room6_Question_Line1	院里 | '看来学院真的把你们攥在手里了。'
QuestLoc_INS_QL4_Armistice_1_QuestLongDesc	院 | '学院主动提出停火，想和谈。我们之间能有和平吗？'
QuestLoc_INS_QL4_Armistice_1_QuestObjective1	院面 | '与学院领导层会面'
QuestLoc_INS_QL4_Armistice_1_QuestShortDesc	院 | '学院想和谈。我们想要停战。'
QuestLoc_INS_QL4_Armistice_1_Room0_Question_Line1	院 | '欢迎来到学院。'
QuestLoc_INS_QL4_Armistice_1_Room0_Question_Line1_Answer1	高 | '很高兴听你这么说。请尽情参观。'
QuestLoc_INS_QL4_Armistice_1_Room0_Question_Line1_Answer2	重 | '理应如此。双方都流过血。重新开始，得慢慢弥合。'
QuestLoc_INS_QL4_Armistice_1_Room0_Question_Line3	里面 | '我们选择了这里——我们最早的研究据点之一，来向你们展示我们的真实面貌。'
QuestLoc_INS_QL4_Armistice_1_Room0_Question_Line5	首 | '请随意走走，见见我们的工作人员。我们的首领在更深处等候。'
QuestLoc_INS_QL4_Armistice_1_Room1_Question_Line1	面高 | '啊，访客们！见到新面孔总是让人高兴。'
QuestLoc_INS_QL4_Armistice_1_Room1_Question_Line1_Choice1	需 | '要让和平持久，我们需要对等的武力。武器。'
QuestLoc_INS_QL4_Armistice_1_Room2_Question_Line1_Choice2	院 | '你听起来不像典型的学院科学家。'
QuestLoc_INS_QL4_Armistice_1_Room3_Question_Line3	野 | '我本想展示我们复原本地野生动物的工作，但试验体跑了。'
QuestLoc_INS_QL4_Armistice_1_Room5_Question_Line1_Answer0	非院 | '有可能。对于非学院的人来说，他们表现出的能力超出了我的预期。'
QuestLoc_INS_QL4_Armistice_1_Room5_Question_Line1_Answer2	查 | '没有暗示你的意思。讽刺的是，沟通恰恰不是我的强项。我们会查清楚的。'
QuestLoc_INS_QL4_Armistice_1_Room5_Question_Line4	限 | '它也有局限。最近，我们跟许多外勤单位失去了联系。'
QuestLoc_INS_QL4_Armistice_1_Room7_Question_Line1	高 | '监督者的代表，见到你很高兴。'
QuestLoc_INS_QL4_Armistice_1_Room7_Question_Line1_Answer0	面 | '太好了。希望我们能再见面，缔结一份更持久的协定。'
QuestLoc_INS_QL4_Armistice_1_Room7_Question_Line2	里 | '你们的参观怎么样？这里不是我们最先进的据点，但却是我的最爱。'
QuestLoc_INS_QL4_Armistice_2_CombatInit1	院 | '尸鬼？辐射终究还是渗进了学院！'
QuestLoc_INS_QL4_Armistice_2_QuestLongDesc	院 | '为了检验学院关于和平的说法，我们派一支队伍前往一座废弃实验室，窃听他们的通讯网络。'
QuestLoc_INS_QL4_Armistice_2_QuestShortDesc	里院 | '我们可以在废弃实验室里接入学院的通讯。'
QuestLoc_INS_QL4_Armistice_2_Room0_Question_Line1	院需 | '无论监督者多想与学院讲和，我们都需要保障。'
QuestLoc_INS_QL4_Armistice_2_Room4_Question_Line1_Choice1	里 | '就当咱俩没见过。离开这里。不必动武。'
QuestLoc_INS_QL4_Armistice_2_Room4_Question_Line1_Choice2	院 | '学院在耍我们？两个利亚姆？你得跟我们走，让我们盯着你。'
QuestLoc_INS_QL4_Armistice_3_QuestLongDesc	院 | '一个学院分裂组织有情报给我们。他们只想要化学设备作为回报。'
QuestLoc_INS_QL4_Armistice_3_QuestShortDesc	院 | '学院叛逃者有情报给我们。'
QuestLoc_INS_QL4_Armistice_3_Room0_Question_Line1_Answer0	防 | '没。但我们有很多这些东西，以防万一……'
QuestLoc_INS_QL4_Armistice_3_Room0_Question_Line1_Choice2	院 | '你们这身打扮怎么回事？不像学院的风格。'
QuestLoc_INS_QL4_Armistice_3_Room0_Question_Line4	里面 | '那个叫什么名字的会长就在里面的某个地方。'
QuestLoc_INS_QL4_Armistice_3_Room1_Question_Line2	院 | '也许他们是被学院赶出来的。'
QuestLoc_INS_QL4_Armistice_3_Room2_Question_Line1_Choice0	里 | '这里人人都这么讨人厌吗？'
QuestLoc_INS_QL4_Armistice_3_Room2_Question_Line1_Choice2	院 | '想将功补过吗？告诉我点关于学院我不知道的事。'
QuestLoc_INS_QL4_Armistice_3_Room2_Question_Line4	里 | '抱歉，老兄。我不是这里的会长。'
QuestLoc_INS_QL4_Armistice_3_Room3_Question_Line1_Choice0	院 | '学院不是觉得我们DNA有问题吗？'
QuestLoc_INS_QL4_Armistice_3_Room3_Question_Line1_Choice1	品高 | '我品味可高。'
QuestLoc_INS_QL4_Armistice_3_Room4_Question_Line1	里面 | '一台没人照管的终端。看看里面有什么。'
QuestLoc_INS_QL4_Armistice_3_Room4_Question_Line2	面 | '上面说他们在拿人类的细菌微生物组做实验……'
QuestLoc_INS_QL4_Armistice_3_Room5_Question_Line4	院 | '所以按承诺，给你们学院的内幕：他们恨死你们了。'
QuestLoc_INS_QL4_Armistice_3_Room5_Question_Line5	陪隔 | '恕我失陪，隔壁的派对机器人正在发狂……'
QuestLoc_INS_QL4_Armistice_3_Room6_Question_Line1_Choice0	需 | '好吧，要是我需要戒酒的警示故事，那就是这个……'
QuestLoc_INS_QL4_Armistice_4_QuestLongDesc	院 | '停战即将到期。我们必须抉择：持久和平，还是与学院开战。'
QuestLoc_INS_QL4_Armistice_4_QuestShortDesc	院 | '是时候在与学院的永久和平与无休止的战争之间做出选择了。'
QuestLoc_INS_QL4_Armistice_4_Room0_Question_Line2	除里 | '我们是要发誓铲除联邦里那个痴迷科学的毒瘤……'
QuestLoc_INS_QL4_Armistice_4_Room1_Question_Line1	面 | '我们又见面了，监督者的代表。'
QuestLoc_INS_QL4_Armistice_4_Room3_Question_Line1_Answer1	品非 | '你以为这一切还没发生，以为我们并不只是又一批复制品。但如果你非要追问的话。'
QuestLoc_INS_QL4_Armistice_4_Room3_Question_Line1_Choice1	院 | '背叛！所以，学院的真正计划是逐个替换我们？'
QuestLoc_INS_QL4_Armistice_4_Room3_Question_Line1_Choice2	院 | '学院制造我们的模样的合成人，让我很不舒服。'
QuestLoc_InHotPursuit_Conversation_1_Team_1	里 | '最好告诉我瓶瓶和盖盖去了哪里，不然的话……'
QuestLoc_InShiningArmor_Conversation_1_NPCStart_3	高 | '我真的很高兴，因为我想不到它还可以成为什么更好的地方了。'
QuestLoc_InShiningArmor_Conversation_1_NPCStart_4	里 | '我们应该会很快在那里见到的。战士们解散！'
QuestLoc_InShiningArmor_QuestObjective_1	首 | '找到兄弟会小队首领。'
QuestLoc_InShiningArmor_QuestShortDescription	里 | '从核子可乐工厂里的掠夺者手中拯救那位战士。'
QuestLoc_Infested_Conversation_1_NPCStart_3	除 | '我好像遭了辐射蟑螂的虫害……你能帮我除掉它们吗？'
QuestLoc_Infested_Conversation_1_NPCStart_4	里需 | '你可以从我这里带走任何一样你需要的东西作为奖励！'
QuestLoc_Infested_QuestLongDescription	里 | '一位独居女人住在一座废弃小屋里，房间遭了虫害。我们应该帮助她！'
QuestLoc_Infested_QuestObjective_1	除 | '除掉辐射蟑螂。'
QuestLoc_IntoVault333_Conversation_1_NPCEnd_1	里 | '去杀掉掠夺者“坦克弗兰克”，他是个混蛋。他在这条路上的那幢建筑里。希望这些信息能帮到你。'
QuestLoc_IntoVault333_Conversation_1_NPCEnd_2	里 | '你能杀掉“坦克弗兰克”吗？他总是将我们洗劫一空。他就在这条路上的那幢建筑里。希望这些消息能帮到你。'
QuestLoc_IntoVault333_Conversation_1_NPCEnd_3	里 | '我告诉你，你去杀了“坦克弗兰克”。他就在那幢建筑里。然后我们再谈谈。这个可能会有帮助。'
QuestLoc_IntoVault333_Conversation_1_NPCStart_2	里 | '你们可不能这么大摇大摆地在这里走来走去。'
QuestLoc_IntoVault333_Conversation_1_Team_2	高 | '很高兴能帮助你们！我们能做些什么？'
QuestLoc_IntoVault333_QuestLongDescription	金里 | '宝拉·普朗布金从狂尸鬼的手里逃了出来，去向了333号避难所。希望我们能在那儿追上她。'
QuestLoc_IntoVault333_QuestShortDescription	金 | '探索333号避难所然后找到宝拉·普朗布金。'
QuestLoc_IntotheInfield_QuestLongDescription	院里 | '也许罗基·杰宾森的棒球衫就在清晨之地精神病院里！'
QuestLoc_IntotheOutfield_Conversation_1_NPCStart_4	防 | '来我的据点，防空洞。——教练”'
QuestLoc_IntotheOutfield_QuestLongDescription	里附 | '教练不在宠物商店里，但附近有个仓库，他可能去了那儿……'
QuestLoc_ItsnotEasyBeingGreen_Conversation_1_NPCEnd_1	面 | '他们都在下面。祝你好运！'
QuestLoc_ItsnotEasyBeingGreen_Conversation_1_NPCEnd_2	里 | '在圣帕特里克节的傍晚。你们觉得有关联吗？'
QuestLoc_ItsnotEasyBeingGreen_Conversation_1_NPCEnd_3	里 | '哦，是的，我们给他们染色，庆祝圣帕特里克节。'
QuestLoc_ItsnotEasyBeingGreen_Conversation_1_NPCStart_2	隔 | '我们在地下室设置隔离区，但它仍在蔓延。'
QuestLoc_ItsnotEasyBeingGreen_Conversation_1_NPCStart_4	查 | '在我们调查前，要不要先喝点吃点？'
QuestLoc_ItsnotEasyBeingGreen_Conversation_2_NPCEnd_1	品 | '这可难倒我了。你们真不来一品脱泛着绿光的啤酒？'
QuestLoc_ItsnotEasyBeingGreen_Conversation_2_NPCEnd_2	除 | '你的意思是，除了喝绿色啤酒？不。没影儿的事。'
QuestLoc_ItsnotEasyBeingGreen_Conversation_2_NPCStart_2	里 | '这里的一些人已经开始变成尸鬼。'
QuestLoc_ItsnotEasyBeingGreen_Conversation_2_NPCStart_3	品 | '我想我会用一品脱绿啤酒来淹没我的悲伤……'
QuestLoc_ItsnotEasyBeingGreen_Conversation_2_Team_1	首需 | '首先，我们需要弄清楚是什么导致了这一切。'
QuestLoc_ItsnotEasyBeingGreen_Conversation_3_NPCEnd_2	里 | '只是一些我们从旧鼓桶里找到的“生物危害”牌染料……哦。'
QuestLoc_ItsnotEasyBeingGreen_Conversation_3_NPCEnd_3	食品品 | '你是说“生物危害”不是一个食品着色剂的品牌？'
QuestLoc_ItsnotEasyBeingGreen_Conversation_3_NPCStart_2	里 | '我们只是想庆祝圣帕特里克节……'
QuestLoc_ItsnotEasyBeingGreen_Conversation_3_Team_2	里 | '你们往啤酒里放了什么东西让它变绿了？'
QuestLoc_ItsnotEasyBeingGreen_QuestLongDescription	里附食查防 | '随着一年一度圣帕特里克节庆祝活动的到来，附近的一些定居者病得很厉害。一些病例报告显示他们正在逐渐变成尸鬼。这可能只是，呃，“食物”中毒，但我们应该调查此事，以防'
QuestLoc_ItsnotEasyBeingGreen_QuestShortDescription	附 | '帮助附近的定居者解决一个奇怪的流行病。'
QuestLoc_ItsnotEasyBeingGreen_RaiderLine_1	里 | '那就是负责人？我不认为我们会从他那里得到很多信息……'
QuestLoc_JunkRun_QuestLongDescription	需需 | '废土上充满了杂物，但有的时候你需要找到你所需要的那种……'
QuestLoc_JunkRun_QuestShortDescription	需 | '我们需要更多的杂物。去找到它们吧！'
QuestLoc_JustDeserts_Conversation_1_NPCStart_1	里 | '墙上这里写了些东西……'
QuestLoc_JustDeserts_Conversation_1_NPCStart_4	里 | '我代表每个在这里和平生活的人，由衷感谢你们。”'
QuestLoc_JustDeserts_Conversation_2_NPCStart_2	野 | '“即使是在末日骑士之前，废土也是一个狂野，危险的地方。'
QuestLoc_JustDeserts_Conversation_2_NPCStart_4	需 | '解决极端问题需要极端的手段。”'
QuestLoc_JustDeserts_Conversation_4_NPCStart_3	除需 | '除害的过程不断进行，但我还需要英雄来收尾，你们很好地完成了这个任务。'
QuestLoc_JustDeserts_Conversation_4_NPCStart_4	隔需 | '隔壁房间有我送给你们的感谢礼。如果有需要，我会再联系你们。——德鲁西拉”'
QuestLoc_JustDeserts_Conversation_5_NPCEnd_4	革品 | '不错的选择！鼹鼠的皮是很好的皮革替代品！'
QuestLoc_JustDeserts_Conversation_5_NPCStart_1	品 | '在第4部会有精彩的奖品等着你！'
QuestLoc_JustDeserts_Conversation_5_Team_1	量 | '“饥荒”外套（力量/耐力/智力/运气+4）'
QuestLoc_JustDeserts_Conversation_5_Team_3	量 | '“战争”护甲（力量/观察/耐力/魅力+4）'
QuestLoc_JuuussstttaBitOutside_Conversation_1_NPCStart_1	里 | '棒球衫不在这里。烦人。'
QuestLoc_KHAAANNNNN_Conversation_1_NPCStart_2	餐 | '可汗会把你卖到肉加工厂，让你变成午餐！'
QuestLoc_KHAAANNNNN_QuestObjective_1	里 | '从可汗·基利安的掠夺者帮派手里拯救杰克。'
QuestLoc_KidnappingatVault778_Conversation_1_NPCStart_1	里 | '快看是避难所居民。来这里是为了救你们的朋友吗？'
QuestLoc_KidnappingatVault778_Conversation_1_Team_1	里 | '他去哪里了呢？'
QuestLoc_KidnappingatVault778_Conversation_2_NPCEnd_1	院 | '记得他好像提到了肯德尔医院。拿着这个。他不小心留下的。我觉得你们能用得上。'
QuestLoc_KidnappingatVault778_Conversation_2_NPCStart_2	重 | '他刚刚离开了！我想他应该有更重要的地方要去。'
QuestLoc_KidnappingatVault778_QuestLongDescription	雷里 | '某个掠夺者绑架了一些定居者，并将他们作为人质关在了778号避难所，也许他们知道普雷斯顿·加维去了哪里。'
QuestLoc_KnockEmDown_Conversation_1_NPCEnd_1	面 | '哈！不管怎么说，末日骑士们就在下面。去收拾他们吧！'
QuestLoc_KnockEmDown_Conversation_2_NPCStart_3	高 | '作为我的副官，你将和战争站在同一制高点。'
QuestLoc_KnockEmDown_Conversation_2_NPCStart_4	除非 | '加入我！除非你想有一个……我……在你手上。'
QuestLoc_LastInningOrnot_Conversation_2_NPCStart_1	里 | '哎呦哎呦哎呦。某些好管闲事的吃瓜群众，来这里找教练。'
QuestLoc_LastInningOrnot_Conversation_2_NPCStart_2	里 | '不好意思小矮人们，可我们的超级无敌坏蛋大老板不在这里。'
QuestLoc_LastInningOrnot_Conversation_2_NPCStart_3	里 | '他去了旧办公楼那里检验他的勇气。'
QuestLoc_LastInningOrnot_Conversation_2_NPCStart_4	需 | '那儿有一只死爪！教练正好需要练练击球！'
QuestLoc_LastInningOrnot_QuestLongDescription	查 | '也许罗基·杰宾森惊人的运动才能是因为喝了很多咖啡。是时候查看一下斯诺克姆乔伊甜甜圈店了。'
QuestLoc_LetsKnockitOuttathePark_Conversation_1_NPCStart_2	里 | '我听说你在寻找罗基·杰宾森的棒球衫。没错，就在教练的手里！'
QuestLoc_LittleMissWasteland_Conversation_1_NPCStart_3	除 | '呃……你知道我们废除了泳装比赛吧？'
QuestLoc_LittleMissWasteland_Conversation_2_NPCEnd_1	里 | '不，不是。穿过那里吧。'
QuestLoc_LittleMissWasteland_Conversation_2_NPCStart_2	高 | '我们会问你几个问题，好确认你脑子还具备高级功能。'
QuestLoc_LittleMissWasteland_Conversation_2_NPCStart_3	金 | '自从几年前一只金毛猎犬成功赢得了比赛，我们就一直在做这个。'
QuestLoc_LittleMissWasteland_Conversation_3_NPCStart_2	需 | '避难所科技，满足避难所的所有需求！听好了：'
QuestLoc_LittleMissWasteland_Conversation_3_Team_3	重 | '你能重复一下问题吗？'
QuestLoc_LittleMissWasteland_Conversation_6_NPCStart_4	金 | '接连五年的冠军：金毛猎犬辛迪！'
QuestLoc_LittleMissWasteland_QuestLongDescription	面 | '好消息！我们受邀参加“废土小姐”选美比赛。有别于它的名字，这个比赛共同面向男人和女人。请大家穿上最美的泳装来艳压群芳吧。'
QuestLoc_LittleRedRadiumHood_Conversation_1_NPCStart_4	里隔里 | '我害怕了，所以我跑过去藏在这里！她还在隔壁房间里。'
QuestLoc_LittleRedRadiumHood_Conversation_2_NPCStart_2	靠 | '靠近点……我的视力不如以前了。'
QuestLoc_LittleRedRadiumHood_QuestLongDescription	食查 | '我们派一个居民把食物带给一只温顺的尸鬼名叫“奶奶”。但我们好久没听到她的消息了。赶紧派遣一个小组去调查吧！'
QuestLoc_LittleRedRadiumHood_QuestShortDescription	餐 | '找到并拯救送餐姑娘。'
QuestLoc_LiveDeadDrop_Conversation_1_NPCEnd_3	高 | '就这样？哇，很高兴你没有因为那个被杀！'
QuestLoc_LiveDeadDrop_QuestLongDescription	需附里量 | '我们需要给一个渗透进掠夺者帮派的朋友带个信。你的任务是在附近的大无敌超市里放下消息，然后他会捡起来。尽量不要被发现。或者，你知道，被杀。'
QuestLoc_LiveDeadDrop_QuestShortDescription	面 | '给双面间谍传递消息。'
QuestLoc_LunchboxRun_QuestLongDescription	餐需 | '你已经找到了避难所科技午餐盒的地点！现在我们只需派些志愿者居民去把它取回来。'
QuestLoc_LunchboxRun_QuestName	餐 | '午餐盒大作战'
QuestLoc_LunchboxRun_QuestObjective_1	餐 | '找回午餐盒。'
QuestLoc_LunchboxRun_QuestShortDescription	餐 | '带回午餐盒。'
QuestLoc_MVPoftheYear_Conversation_1_NPCStart_1	里里 | '教练不在这里，棒球衫也不在这里。'
QuestLoc_MVPoftheYear_QuestLongDescription	面 | '领头死爪没能杀掉教练。但坏家伙又留下了其他的信息！所以至少我们知道他还在外面。继续搜索！'
QuestLoc_MallMadness_Conversation_2_NPCStart_1	品 | '所有家用产品均半价！绝对抢不赢这群人了。'
QuestLoc_ManonFirst_Conversation_1_NPCStart_1	里 | '该死的！棒球衫不在这里。继续搜索！'
QuestLoc_ManonSecond_Conversation_1_NPCStart_1	里 | '没有，不在这里。我们得继续找。'
QuestLoc_MaskHysteria_Conversation_1_Team_3	面 | '我恐怕会变成像你那样面目狰狞的人！'
QuestLoc_MaskHysteria_QuestLongDescription	附 | '为了把31号避难所的掠夺者吓跑，一位乐于助人的旅行者建议我们去附近的工厂找到鬼服。'
QuestLoc_MaskHysteria_QuestName	面 | '面具癔症'
QuestLoc_MaskHysteria_QuestObjective_1	里 | '在工厂里找到鬼服。'
QuestLoc_MaskHysteria_QuestShortDescription	里 | '从旧的服装厂里找到鬼服。'
QuestLoc_MatterstoSettle_Conversation_1_Team_1	里 | '对！我们来收拾这个烂摊子。这里还有更多的定居者吗？'
QuestLoc_MatterstoSettle_Conversation_2_NPCEnd_1	里 | '好吧。我们避难所里见。'
QuestLoc_MatterstoSettle_Conversation_2_NPCStart_3	需 | '你救了我们，如果你们的避难所需要帮助，我会和你一起回去。'
QuestLoc_MatterstoSettle_Conversation_2_Team_1	需 | '避难所总是需要额外的人手。你会适应得很好的。'
QuestLoc_MatterstoSettle_Conversation_2_Team_2	里 | '感谢你的提议，但你属于这里，保护其他定居者。'
QuestLoc_MatterstoSettle_Conversation_3_NPCStart_3	限 | '这种饥饿！饥饿！已经到了我忍耐的极限！'
QuestLoc_MatterstoSettle_Conversation_3_Team_1	里 | '现在就离开这里，不然别怪我不客气。'
QuestLoc_MatterstoSettle_QuestLongDescription	需阻 | '三狗报告说，“害虫”和“饥饿者”的人即将开战，正落在一个定居点所在之处！我们需要阻止他们，尽可能多的拯救定居者。同时，我们应该留心每周博览会的记者，并在他们谈论'
QuestLoc_MiseryLoathesCompany_QuestLongDescription	首阻 | '一个凶悍的掠夺者首领藏匿在红火箭服务站，他正在把你的废土探险者当做练习的靶子。请在有人受伤之前阻止他。'
QuestLoc_MiseryLoathesCompany_QuestObjective_1	除首 | '除掉掠夺者首领。'
QuestLoc_MiseryLoathesCompany_QuestShortDescription	首 | '挑战藏匿在红火箭服务站的掠夺者首领。'
QuestLoc_MissionofMercy_Conversation_1_NPCStart_2	里非 | '别担心。他们，呃，在避难所科技总部那里，非常安全。'
QuestLoc_MissionofMercy_QuestLongDescription	里 | '我遇到了一个尸鬼，曾是“麦克森硬汉小队”的一员。他告诉我小队里其他的成员被困在了390号避难所。是时候开始营救任务了！'
QuestLoc_MondayNightBrawl_Conversation_1_Team_2	里 | '我来这里是为了喝核子可乐和杀掉像你们这样的蠢蛋。而且我的核子可乐喝完了。'
QuestLoc_MondayNightBrawl_Conversation_1_Team_3	零 | '如果每次输给像你们这样的蠢蛋就能得一个瓶盖，那我们估计只能得零个瓶盖！'
QuestLoc_MondayNightBrawl_Conversation_2_Team_1	里 | '这里唯一的小丑就是你，哈切特！'
QuestLoc_MondayNightBrawl_QuestLongDescription	附 | '附近的掠夺者团伙正在挑衅你！是时候告诉他们谁才是真正的老大了……摆出点老板样子，给他们点颜色瞧瞧！'
QuestLoc_MondayNightBrawl_QuestShortDescription	首 | '打败掠夺者首领。'
QuestLoc_MonsterUndertheBed_QuestLongDescription	面 | '一群避难所小朋友在外面玩耍时，一只可怕的怪兽偷走了他们的泰迪熊。现在他们拒绝睡觉，说那只怪兽每晚都会来，躲在他们的床下！我们必须要找到这个怪兽，不再让这些孩子担'
QuestLoc_MonsterUndertheBed_RaiderLine_2	高 | '我当然希望这只怪兽不像孩子们说的那样高大。'
QuestLoc_MyMetalPony_Conversation_1_NPCEnd_1	除非 | '除非我死了！'
QuestLoc_MyMetalPony_QuestLongDescription	零 | '你想用它来制造零件，还是在闲暇时间骑一骑？你说得算，谁让你是监督者。派你的居民们去弄一匹回来。'
QuestLoc_NVB_QL2_Leftovers_1_QuestLongDesc	附 | '一伙狡猾的掠夺者闯进我们的避难所，偷走了关键物资。我们一路追踪，追到新维加斯大道附近一座废弃的避难所科技基地。'
QuestLoc_NVB_QL2_Leftovers_1_QuestObjective1	首 | '与窃贼首领对峙'
QuestLoc_NVB_QL2_Leftovers_1_QuestObjective2	面 | '揭开窃贼的真面目'
QuestLoc_NVB_QL2_Leftovers_1_Question0_Line1_Answer3	高 | '“东西”未定义。“强盗”未定义。设施已被高智商的鼹鼠占据。'
QuestLoc_NVB_QL2_Leftovers_1_Question1_Answer3	阻 | '理智之对答必有厚报。请畅行无阻。'
QuestLoc_NVB_QL2_Leftovers_1_Question3_Answer1	野 | '野蛮残暴！'
QuestLoc_NVB_QL2_Leftovers_1_Question4_Line1	里 | '这里有一台终端机。'
QuestLoc_NVB_QL2_Leftovers_1_Question4_Line3	除 | '除掉育母应该就能终结它们的恶行。但还有更多……'
QuestLoc_NVB_QL2_Leftovers_1_Question4_Line5	里查 | '还有更多设施要关闭？先解决这里，再去调查。'
QuestLoc_NVB_QL2_Leftovers_1_Question6	首 | '瞻仰智力超群之育母吧！向你的尊长俯首称臣。'
QuestLoc_NVB_QL2_Leftovers_1_Question6_Choice1	高 | '对于一帮微不足道的匪徒团伙来说，这番说辞未免太高雅了吧！叫你们“鼹盗”如何？'
QuestLoc_NVB_QL2_Leftovers_2_QuestShortDesc	查 | '调查避难所科技的尸鬼精神控制实验'
QuestLoc_NVB_QL2_Leftovers_2_Question0_Answer2	除 | '我们消除了嫉妒。我们抹去了纷争。这算失败吗？我们倒担心你们所谓的成功。'
QuestLoc_NVB_QL2_Leftovers_2_Question1_Answer2	食 | '孤独是比死亡更糟的命运。我们会赐予你安宁，同时充实我们的食物储备。'
QuestLoc_NVB_QL2_Leftovers_2_Question1_Choice1	附 | '那新鲜肉是鲍勃吗？他在附近失踪了。'
QuestLoc_NVB_QL2_Leftovers_2_Question4_Choice1	野 | '那是只野生死爪？还是集体意识的一部分？管他呢：它冲过来了！'
QuestLoc_NVB_QL2_Leftovers_2_Question5_Line2	品 | '我们绝对不是由电脑控制的实验品。'
QuestLoc_NVB_QL2_Leftovers_2_Question6_Line1_Answer3	面 | '上面写着<受试者已脱离集体。即将陷入沉默与绝望。>我们的任务完成了！'
QuestLoc_NVB_QL2_Leftovers_3_QuestLongDesc	量 | '接下来要关闭的失败实验：避难所科技释放了颠覆性的哲学力量。所有人的理智都危在旦夕。'
QuestLoc_NVB_QL2_Leftovers_3_Question1_Line1_Answer1	高 | '为什么更高的智慧往往会走向残忍？'
QuestLoc_NVB_QL2_Leftovers_3_Question1_Line1_Answer3	量 | '我们这儿确实保存着少量瓶子。这算不算巧合？'
QuestLoc_NVB_QL2_Leftovers_3_Question1_Line1_Choice2	需 | '你说和平，可照你们这繁殖速度，过多久你们就会需要更多空间？我们的空间？'
QuestLoc_NVB_QL2_Leftovers_3_Question1_Line1_Choice3	里量 | '这里有个“思想”：给我量子核子可乐，否则就死！'
QuestLoc_NVB_QL2_Leftovers_3_Question1_Line2	靴 | '你们为什么穿着那双杀人靴子玷污我们的土地？'
QuestLoc_NVB_QL2_Leftovers_3_Question2_Line1	需 | '战争的迫切需要催生了我们。所以告诉我们……'
QuestLoc_NVB_QL2_Leftovers_3_Question4_Line1_Choice1	量 | '你……你刚才是不是承认了大量谋杀？'
QuestLoc_NVB_QL2_Leftovers_3_Question6_Line1_Answer2	阻 | '那我们就得以多数之力来阻止你了。'
QuestLoc_NVB_QL2_Leftovers_3_Question6_Line1_Choice1	阻 | '若一人的作为给多数带来痛苦，那这个人就必须被阻止。'
QuestLoc_NVB_QL2_Leftovers_3_Question6_Line1_Choice2	里 | '我就是故事里的“一人”，对吧？来把你们这多数踩扁！'
QuestLoc_NVB_QL2_Leftovers_3_Question7_Line1_Answer2	需里 | '啊！白痴学者！在废土上活下去，你会需要这个的。至于我们，我们保证留在这里不出去。'
QuestLoc_NVB_QL2_Leftovers_3_Question7_Line1_Answer3	靠食 | '可生命要靠消耗生命来维持。就像我们会以你的尸体为食。'
QuestLoc_NVB_QL2_Leftovers_4_Question0_Choice2	非 | '呃……我能听到一阵奇怪的嗡嗡声。非常微弱。'
QuestLoc_NVB_QL2_Leftovers_4_Question2_Line1_Choice1	里 | '所以你往自己身体里灌的是什么？曼他特？'
QuestLoc_NVB_QL2_Leftovers_4_Question3_Line1	里 | '这里有主机的接口。快速破解一下就能进去。'
QuestLoc_NVB_QL2_Leftovers_4_Question4_Choice2	重 | '呃……让我试试。理性的阳光会让你重获完整。'
QuestLoc_NVB_QL2_Leftovers_4_Question5_Line2	除 | '<激活内部安全清除模式>'
QuestLoc_NVB_QL2_Leftovers_4_Question8_Line1	重 | '这台主机。看起来很重要。而且噪音很大。'
QuestLoc_NVB_QL3_Stripper_1_QuestLongDesc	需 | '新维加斯大道遭到死爪围攻。平民被困，急需一位英雄。'
QuestLoc_NVB_QL3_Stripper_1_QuestName	需 | '谁需要拯救？'
QuestLoc_NVB_QL3_Stripper_1_Question1_Line1_Choice1	需 | '你受惊了，需要帮助！'
QuestLoc_NVB_QL3_Stripper_1_Question1_Line1_Choice2	面 | '当然可以！正好有一只在外面等着你来摸呢！'
QuestLoc_NVB_QL3_Stripper_1_Question3	里里面 | '谢谢你们救了我。我在某间房里有个储物柜。里面的东西归你们了。密码是1337。'
QuestLoc_NVB_QL3_Stripper_1_Question5_Choice1	面 | '那确实是你的权利！你只要去外面跟军官签个离职文件就行。'
QuestLoc_NVB_QL3_Stripper_1_Question7_Answer2	里面 | '打开了！看看里面有什么。'
QuestLoc_NVB_QL3_Stripper_1_Question9_Answer1	需 | '啊，小南瓜，你看我像需要拯救的吗？'
QuestLoc_NVB_QL3_Stripper_2_QuestLongDesc	防 | '出席新维加斯大道的市政厅会议，讨论防御策略并争取盟友。'
QuestLoc_NVB_QL3_Stripper_2_Question0_Choice1	非 | '非常感谢。'
QuestLoc_NVB_QL3_Stripper_2_Question2	里雷 | '嘿，角落里藏着什么？一件英克雷制服！'
QuestLoc_NVB_QL3_Stripper_2_Question2_Choice1	雷 | '英克雷制服？嗯……真可疑。'
QuestLoc_NVB_QL3_Stripper_2_Question3	需 | '嘿！喂！嘘！我能帮忙对付死爪。但我需要它们的DNA样本。你能弄到吗？'
QuestLoc_NVB_QL3_Stripper_2_Question3_Answer2	雷 | '英克雷无处不在。哎呀。现在，我得让你永远闭嘴了。'
QuestLoc_NVB_QL3_Stripper_2_Question3_Choice3	雷 | '我们刚才捡到一件英克雷制服。你的？'
QuestLoc_NVB_QL3_Stripper_2_Question4_Line1_Answer1	食 | '真是懂吃的同道中人！这个能帮你觅食。'
QuestLoc_NVB_QL3_Stripper_2_Question5_Line1	里 | '我最后再说一遍，你妈就是个巫婆，我才不要她住进我们家里来。'
QuestLoc_NVB_QL3_Stripper_2_Question6_Line1	需 | '听我说。我们需要更多帮助，否则死爪会毁掉新维加斯。'
QuestLoc_NVB_QL3_Stripper_2_Question6_Line3	防 | '我们必须团结起来，组织防御。'
QuestLoc_NVB_QL3_Stripper_2_Question7_Line1	里 | '啊，从你们的避难所里爬出来了？像新维加斯大道那些所谓的“领袖”一样，来找我要保安机器人？'
QuestLoc_NVB_QL3_Stripper_2_Question7_Line1_Choice1	高 | '很高兴听你这么说。你还能帮上别的忙吗？'
QuestLoc_NVB_QL3_Stripper_2_Question7_Line2	里 | '它们当然会出力。毕竟这里也是我的家园。'
QuestLoc_NVB_QL3_Stripper_3_QuestLongDesc	重 | '“猫王”是新维加斯大道上的重要人物。他能扭转对抗死爪的战局。'
QuestLoc_NVB_QL3_Stripper_3_QuestShortDesc	需量 | '我们需要争取猫王的力量来共同对抗死爪。'
QuestLoc_NVB_QL3_Stripper_3_Question5_Line1_Answer1	重 | '啊！这值得猫王的敬重，但你总不会拒绝这份赏赐吧？'
QuestLoc_NVB_QL3_Stripper_3_Question5_Line1_Answer3	需 | '那么猫王欣然恩准你的请求。你会需要这个的。'
QuestLoc_NVB_QL3_Stripper_3_Question5_Line1_Choice4	量 | '我们经常赶路。容易口渴。有量子核子可乐吗？'
QuestLoc_NVB_QL3_Stripper_4_QuestLongDesc	首 | '我们的努力有了回报。最后剩下的死爪和它们的首领阿尔法被逼进了一个山洞。'
QuestLoc_NVB_QL3_Stripper_4_Question0_Choice1	骨里 | '我有点想让它们啃你的骨头。滚出这里，蠢货！'
QuestLoc_NVB_QL3_Stripper_4_Question0_Choice2	除 | '你挡了我的路。所以我得除掉你。'
QuestLoc_NVB_QL3_Stripper_4_Question1	除 | '区域已清除。你可以通行了。'
QuestLoc_NVB_QL3_Stripper_4_Question7_Answer1	面 | '啊谢谢你，朋友！这是个慷慨的邀请。外面太危险了。'
QuestLoc_NVB_QL3_Stripper_4_Question8_Line1_Choice1	除除 | '没门儿！我们是清除队。所以我们清除。'
QuestLoc_NoRestfortheWicked_Conversation_2_Team_2	里 | '打架？不！我来这里是为了救你的……'
QuestLoc_NoRestfortheWicked_QuestLongDescription	查 | '看起来鲁巴布只是刚刚开始。你收到了监督者扎勒斯基的求救电话。最好去调查一下！'
QuestLoc_NoStoneUnturned_Conversation_1_NPCStart_2	里 | '谢谢你们的帮助。那些辐射蝎把我队伍里其他人都赶跑了。'
QuestLoc_NoStoneUnturned_Conversation_1_Team_1	里 | '很乐意帮忙。队伍的其他人去哪里了？'
QuestLoc_NoStoneUnturned_QuestLongDescription	里 | '“麦克森硬汉小队”的一些人在威尔逊原子玩具厂被杀害了。其他人撤回到了海神能源办公室。我要去那里。'
QuestLoc_NoThanksfortheGobbler_QuestlineName	高 | '对高步勒可不客气！'
QuestLoc_NoTimeforPaws_Conversation_1_NPCEnd_1	里 | '我都不知道它已经有了一个家！你真是个幸运的主人。比格斯比在这里！你现在可以出来了。'
QuestLoc_NoTimeforPaws_Conversation_1_Team_1	里 | '我来这里是为了找比格斯比，并把它带回家。告诉我，它和你们在一起对吗？'
QuestLoc_NotSoSafehouse_Conversation_1_NPCStart_3	院 | '掠夺者们准备把合成人卖回给学院。'
QuestLoc_NotSoSafehouse_Conversation_1_NPCStart_4	阻 | '他们准备去当地的肥伦百货商店办公室。你们觉得能阻止他们吗？'
QuestLoc_NukaColaQuantumRun_QuestLongDescription	量里 | '我想我们知道一瓶稀少的量子核子可乐在哪里！'
QuestLoc_NukaColaQuantumRun_QuestName	量 | '量子核子可乐大作战'
QuestLoc_NukaColaQuantumRun_QuestObjective_1	量 | '追回量子核子可乐。'
QuestLoc_NukaColaQuantumRun_QuestShortDescription	量 | '寻找遗失的量子核子可乐。'
QuestLoc_OBrother_Answer04_NPC01	需 | '呼，谢了。嘿，如果你需要什么，跟我讲。'
QuestLoc_OBrother_Answer04_NPC02	里 | '我可能只是个扈从，但在兄弟会里有个朋友还是很有用的。'
QuestLoc_OBrother_Answer05_PC02	里 | '好吧好吧，冷静点。我们没来过这里，什么都没看见……'
QuestLoc_OBrother_Conversation01_NPC01	高 | '欢迎来到兄弟会支部。很高兴看到外人来到基地。'
QuestLoc_OBrother_Conversation02_NPC01	量 | '别乱动手动脚，也尽量别碍事。'
QuestLoc_OBrother_Conversation03_NPC02	品 | '我们有个，呃，实验品逃跑了，我不知道该怎么办。'
QuestLoc_OBrother_Initial1	高面 | '嘿！很高兴见到新面孔！'
QuestLoc_OBrother_QuestLongDescription	附 | '附近有个钢铁兄弟会的基地，虽然他们是带有宗教色彩的军事组织，但总体来说还算不错。或许我们可以去打个招呼。'
QuestLoc_OfftheRails_Conversation_1_NPCEnd_4	院里 | '学院里来的机器人！他们不应该被强行拉到原子玩具厂办公室……'
QuestLoc_OneGhoulCustomer_Conversation_1_NPCEnd_1	量 | '拿着，也许你会想要给量子核子可乐们上个保险。'
QuestLoc_OneGhoulCustomer_Conversation_1_NPCEnd_2	需 | '哦，对啊，也许真的需要安保险。'
QuestLoc_OneGhoulCustomer_Conversation_1_NPCStart_1	高 | '我的天！我真高兴你们来了！'
QuestLoc_OneGhoulCustomer_Conversation_1_NPCStart_2	量 | '这些可怕的尸鬼想偷走我的量子核子可乐。'
QuestLoc_OneGhoulCustomer_Conversation_1_Team_1	高 | '很高兴能帮助你！'
QuestLoc_OneGhoulCustomer_Conversation_1_Team_2	量 | '这位女士你真的疯了。它们是冲你来的，不是你的量子核子可乐。'
QuestLoc_OneGhoulCustomer_Conversation_1_Team_3	量 | '也许我该拿着那些量子核子可乐，这样你就安全了。'
QuestLoc_OneGhoulCustomer_Conversation_1_Team_4	量重 | '你把量子核子可乐看得比你的生命还重要？'
QuestLoc_OnlyHuman_Conversation01_NPC03	非 | '我非常擅长执行各种人类任务！'
QuestLoc_OnlyHuman_Conversation01_PC03	需 | '我们确实需要一个好厨子！'
QuestLoc_OnlyHuman_Conversation01_PC05	需 | '我们需要再四处看看。'
QuestLoc_OperationSandman_Conversation_1_NPCStart_2	品除 | '“汤品机必须把汤加热到正好200度，除了西班牙凉菜汤……”'
QuestLoc_OperationSandman_Conversation_2_NPCEnd_3	需 | '401K，根据手册。“K”代表“杀死”，你需要多学习。'
QuestLoc_OperationSandman_Conversation_4_NPCStart_4	里里 | '“死亡”？他甚至不在这里！他正在秘密的洞穴里安全地待着。'
QuestLoc_OperationSandman_Conversation_4_Team_3	里 | '既然你要杀了我们，为什么不告诉我们洞穴在哪里？'
QuestLoc_OperationSandman_QuestLongDescription	里首阻 | '尽管144号避难所的居民费尽心力，我们还是发现了他们避难所的位置，他们只崇拜“死亡”，是因为避难所指导手册里“death”被错误地首字母大写了！我们现在必须渗透'
QuestLoc_OperationSandman_QuestObjective_1	阻 | '阻止144号避难所“死亡”的信徒们。'
QuestLoc_OperationSandman_QuestShortDescription	阻 | '潜入144号避难所阻止居民唤醒“死亡”。'
QuestLoc_OurCupsRunnethOverWITHFAILURE_QuestLongDescription	高量 | '这是真的吗？有人想出了一个方法来创造如此强大的水，它可以治愈任何疾病，提高作物产量，并修好门？315号避难所的人应该知道更多！'
QuestLoc_OutfitRun_QuestShortDescription	量 | '尽量搜刮你能找到的装备。'
QuestLoc_OutoftheVaultIntotheShadows_RaiderLine_3	里 | '什么鬼……？你们从哪里来的？！'
QuestLoc_Overrun_Conversation_1_NPCStart_2	金 | '先是那个讨人厌的宝拉·普朗布金，现在又是你们。'
QuestLoc_Overrun_Conversation_1_Team_1	金 | '有！告诉我们宝拉·普朗布金去哪儿了。'
QuestLoc_Overrun_QuestLongDescription	金里 | '监督者帕特尔的日志上显示宝拉·普朗布金去了909号避难所。但那里貌似被侵占了，希望她还好。'
QuestLoc_Overrun_QuestObjective_1	金 | '前往909号避难所寻找宝拉·普朗布金。'
QuestLoc_Overrun_QuestShortDescription	金 | '前往909号避难所寻找宝拉·普朗布金。'
QuestLoc_OverwhelmingForce_Conversation_1_NPCStart_2	阻 | '你以为就这些破铁皮就能阻止我掠夺废土吗？！'
QuestLoc_OverwhelmingForce_QuestLongDescription	首量 | '没必要和掠夺者们周旋，直接干掉他们就行了！派遣一队穿着动力装甲的居民前往当地的掠夺者营地，和他们的首领较量一番吧。'
QuestLoc_OverwhelmingForce_QuestObjective_1	首 | '消灭掠夺者首领。'
QuestLoc_ParleyTime_Conversation_1_NPCStart_1	面 | '战争可能会要求见你，但你仍得凭本事赢得与他会面的机会。'
QuestLoc_ParleyTime_Conversation_2_NPCStart_3	附 | '“战争”就在这附近，愿他永远享受核子可乐。'
QuestLoc_ParleyTime_Conversation_2_Team_1	重 | '很好，但你应该重新考虑你的交战方式。'
QuestLoc_ParleyTime_Conversation_2_Team_2	降 | '鹰已降落。现在“战争”要我们做什么？'
QuestLoc_ParleyTime_Conversation_3_NPCEnd_2	高 | '谢谢您。我真的很努力，很高兴知道努力不会白费。'
QuestLoc_ParleyTime_Conversation_3_NPCEnd_3	里 | '该死。我试过了，真的。这里，如果你告诉“战争崇拜者”我震慑住了你，我就给你这个。'
QuestLoc_ParleyTime_Conversation_3_NPCEnd_4	高 | '只有那……对不起……只有那样我会杀死他，然后成为最高统治者。'
QuestLoc_ParleyTime_Conversation_3_NPCStart_3	需里 | '我需要你找到“死亡”。他的教徒袭击了672号避难所。从那里开始吧。'
QuestLoc_PartyCrasher_Conversation_1_Team_1	里 | '邀请？我想说我把邀请忘在了邮箱里。'
QuestLoc_PaulasinaPickle_Conversation_1_NPCStart_2	金 | '我叫曼迪麦金托什。狂尸鬼把我们其中一些人抓走了。'
QuestLoc_PaulasinaPickle_Conversation_1_NPCStart_4	金 | '一位女士，宝拉·普朗布金，成功逃脱了。她是我的英雄！'
QuestLoc_PaulasinaPickle_Conversation_1_Team_1	里 | '宝拉有提到她去哪里了吗？'
QuestLoc_PaulasinaPickle_QuestLongDescription	里里 | '旧核子可乐工厂里的狂尸鬼把宝拉拖到了一处废弃建筑里。得去救她。'
QuestLoc_PaulasinaPickle_QuestObjective_1	金 | '拯救宝拉·普朗布金。'
QuestLoc_PaulasinaPickle_QuestShortDescription	里金 | '从狂尸鬼手里拯救宝拉·普朗布金！'
QuestLoc_PerfectSpecimens_Answer01_PC04	里 | '你们在这里做什么'
QuestLoc_PestCaseScenario_QuestLongDescription	附重除 | '附近的大无敌超市鼹鼠已经泛滥成灾。这地方是给旅行者提供物资的重要地点。除掉鼹鼠妈妈，让这个地方回归正常。'
QuestLoc_PestControl_Conversation_1_NPCStart_1	防 | '是时候采取点虫害防治措施了。'
QuestLoc_PestControl_QuestLongDescription	附 | '小心！在红火箭服务站附近探索时，你的一位废土探险者撞上了一窝辐射蟑螂！呃……'
QuestLoc_PestControl_QuestName	防 | '虫害防治'
QuestLoc_PetPeeve_Conversation_1_NPCStart_2	里 | '你们这些人来这里就是为了折磨我的吗？'
QuestLoc_PetPeeve_Conversation_1_Team_3	里 | '如果你不告诉我瓶瓶和盖盖去哪里了，你将和你的“宠物”一个下场。'
QuestLoc_PetPeeve_Conversation_1_Team_4	里 | '瓶瓶和盖盖在这里吗？'
QuestLoc_PetPeeve_QuestLongDescription	里里 | '我从住在海神能源办公室的尸鬼那里得知，瓶瓶和盖盖可能被带到了罗伯科大楼。看来那里是我的下一站了。'
QuestLoc_PickedOffatSecond_QuestLongDescription	里 | '也许教练在旧的运动酒吧废墟里四处搜寻。如果他在“小摆设四分卫”那家店的话，棒球衫一定是我们的了！'
QuestLoc_PierIntoFuture_Answer01_NPC01	里 | '呃，是啊。我已经在这里呆了一段时间了。如果你往那边走，小心怪物。'
QuestLoc_PierIntoFuture_Answer01_PC01	里 | '你在这里做什么？你还好吗？'
QuestLoc_PierIntoFuture_Answer02_PC01	量品 | '当然。人多力量大，但你要负责背战利品。'
QuestLoc_PierIntoFuture_Conversation02_NPC01	里 | '我叫露西！我刚到这里……'
QuestLoc_PierIntoFuture_Conversation02_NPC02	需 | '说实话，我可能需要一个向导。我可以跟着你吗？'
QuestLoc_PierIntoFuture_QuestObjective	查 | '调查旧码头。'
QuestLoc_PierIntoFuture_QuestShortDescription	查 | '调查旧码头。'
QuestLoc_PitStop_QuestLongDescription	里面 | '机会来敲门！你的一位废土勇士发现了一个尚未被占领的红火箭服务站。里面可能有些有用的东西。'
QuestLoc_PitStop_QuestObjective_1	查 | '调查红火箭服务站。'
QuestLoc_PittStop_Conversation01_PC03	品 | '好吧，你们可以留下工人，但给我们一些你们的装备作为样品，让我们的人看看。'
QuestLoc_PittStop_QuestLongDescription	靠 | '几天前，一群全副武装的掠夺者袭击了一个商队，还带走了几名定居者，估计是打算把他们当作奴隶。虽然知道他们最后出现的地点和移动方向，但没人能找到他们的行踪。我们得派'
QuestLoc_PlayBall_Conversation_1_NPCStart_1	里 | '不在这里。教练也不在。继续寻找吧！'
QuestLoc_PlayingCatchUp_Conversation_1_NPCEnd_2	里 | '他们去了罗伯科大楼，但你们绝不可能活着离开这里！'
QuestLoc_PlayingCatchUp_Conversation_1_NPCStart_1	里 | '我告诉过那些掠夺者了，对你们也是一样的话，这里不欢迎你们！'
QuestLoc_PlayingCatchUp_Conversation_1_Team_3	里 | '我来这里是为了找瓶瓶和盖盖的，并不想和一群丑陋的尸鬼打交道。'
QuestLoc_PlayingCatchUp_QuestLongDescription	首 | '177号避难所的掠夺者首领吹嘘他们把瓶瓶和盖盖带去了海神能源办公室。但愿她讲的是真话。'
QuestLoc_PlayingPolitics_Conversation_1_NPCStart_4	里里 | '这里说入口隐藏在红火箭总部里！'
QuestLoc_PlayingPolitics_QuestLongDescription	金里里里 | '根据宝拉·普朗布金日志里所说的，525号避难所确实是个避难所大都会，但她也不知道在哪里。也许市长办公室里会有相关的信息。'
QuestLoc_PostApocolypticWorldProblems_Conversation_1_NPCStart_1	里 | '不好意思打扰了，你能告诉我哪里能找到西梅吗？'
QuestLoc_PostApocolypticWorldProblems_Conversation_1_NPCStart_2	里 | '我觉得自己好像在这些过道里来回走了上千遍了。'
QuestLoc_PostApocolypticWorldProblems_Conversation_1_Team_1	里 | '抱歉，我不在这里工作。'
QuestLoc_PostApocolypticWorldProblems_Conversation_1_Team_2	里 | '这里好像没有那个……'
QuestLoc_PoweredUp_Conversation_1_NPCStart_2	金里 | '在找宝拉·普朗布金是吗？她的确来过这里。'
QuestLoc_PoweredUp_QuestLongDescription	金里 | '辐射蝎的诡异饲养者说宝拉·普朗布金去了核电站，我们决定去那里找她。'
QuestLoc_PoweredUp_QuestObjective_1	金 | '前往核电站寻找宝拉·普朗布金。'
QuestLoc_PoweredUp_QuestShortDescription	金 | '前往核电站寻找宝拉·普朗布金。'
QuestLoc_PowertothePeople_Conversation_2_NPCStart_1	需 | '快来看。有更多的居民需要我们把他们从噩梦般无止境的劳动中拯救出来。'
QuestLoc_PowertothePeople_Conversation_2_NPCStart_2	里 | '鲁巴布说的对——这些避难所里的工作条件简直惨无人道！'
QuestLoc_PowertothePeople_QuestLongDescription	需 | '一个叫鲁巴布的居民牢骚满腹，他加入了掠夺者的队伍，想要……用暴力“解放”当地的避难所！监督者莫加比需要你的帮助！'
QuestLoc_PowertothePeople_QuestName	量 | '赋予人民力量？'
QuestLoc_RadiationLeak_Conversation_1_NPCEnd_2	里 | '避难所的军械库里还剩了些东西。来，给你们。'
QuestLoc_RadiationLeak_Conversation_1_NPCStart_2	里 | '辐射让我们都变异了，但我们神志还算清醒。那些失心疯的人把我们困在了这里。'
QuestLoc_RadiationLeak_QuestShortDescription	防 | '派遣一队穿着防辐射服的居民去邻近的避难所。'
QuestLoc_RadroachRoundup_Conversation_1_NPCStart_2	防 | '一群穿着废土装备的武装暴徒闯了进来，抢走了我们所有的防辐射服！'
QuestLoc_RadroachRoundup_Conversation_1_NPCStart_4	里面 | '有更多的人被困在了里面。请救救他们！'
QuestLoc_RadroachRoundup_Conversation_1_Team_3	需 | '关于这个辐射蟑螂女王我们需要知道些什么？'
QuestLoc_RadroachRoundup_Conversation_2_NPCEnd_1	里 | '该死的！只要她还在旁边，我们不能把其余的关进笼子里。'
QuestLoc_RadroachRoundup_Conversation_2_NPCEnd_2	里 | '太棒了！我们现在可以把其余的人关在笼子里。'
QuestLoc_RadroachRoundup_QuestLongDescription	附防 | '一个求救电话从附近的一个研究辐射蟑螂的科学实验室传来。小偷偷走了他们的防辐射服并释放了所有的辐射蟑螂来辅助他们逃跑。现在科学家们束手无策，正在求救！'
QuestLoc_RaiderTroublesatCorvega_Conversation_1_NPCEnd_1	里 | '没怎么，在我们能抓到他之前就离开了。说是一些定居点的人被困在了鼹鼠洞穴里。话说完了，准备受死吧！'
QuestLoc_RaiderTroublesatCorvega_Conversation_1_NPCStart_3	雷 | '我曾对那个白痴普雷斯顿·加维说过，对你们也一样，没有人惹了我“道路丘疹”还能活着回去的！'
QuestLoc_RaiderTroublesatCorvega_Conversation_1_Team_1	雷 | '你们把普雷斯顿怎么了？'
QuestLoc_RaiderTroublesatCorvega_QuestShortDescription	雷 | '在可伟佳装配厂寻找普雷斯顿。'
QuestLoc_RaidingParty_Conversation_1_NPCEnd_1	面 | '什么？我可是为了那个升职而来的！我会和他直说的，才不顾及什么面子。'
QuestLoc_RaidingParty_Conversation_2_NPCStart_2	里 | '真希望哪里能弄到更多的喝的。'
QuestLoc_RaidingParty_Conversation_2_Team_1	里 | '老大一直都瞒着我们，我看见他在房间里偷偷藏了一箱！'
QuestLoc_RainDelay_QuestName	雨 | '迟来的雨'
QuestLoc_ReignofRadroachRodney_RaiderLine_1	阻 | '你阻止不了我的！这个世界都是属于我们辐射蟑螂的！'
QuestLoc_ReleasetheRaiders_Conversation_1_NPCEnd_1	里 | '在被窝里？！我们才刚刚认识！'
QuestLoc_ReleasetheRaiders_Conversation_2_NPCStart_1	里 | '听好了！这里是三狗正在直播。'
QuestLoc_ReleasetheRaiders_Conversation_4_NPCStart_2	阻 | '骑士们会被一劳永逸地阻止吗？'
QuestLoc_ReleasetheRaiders_QuestLongDescription	里 | '死亡不在144号避难所。他在某处的一个山洞里，144号避难所居民仍在试图叫醒他。是时候回头和“战争”碰头，交上状态报告了！既然顺路，我们也让“战争崇拜者”们去找'
QuestLoc_RescueSanta_Conversation_1_NPCEnd_2	品 | '总是很乐意分享我的时尚品味！嚯嚯嚯！'
QuestLoc_RescueSanta_Conversation_1_Team_4	需 | '圣诞老人，我们什么都不需要，我们只是喜欢成为好孩子！'
QuestLoc_ReturntoVault333_Conversation_1_NPCStart_2	里 | '当你们在和“坦克弗兰克”打架时，他的妹妹来了这里攻击我们！'
QuestLoc_ReturntoVault333_Conversation_1_NPCStart_3	阻 | '监督者帕特尔死了！如果你不阻止她的话，我们就是下一个！求求你……'
QuestLoc_ReturntoVault333_Conversation_1_NPCStart_4	雷 | '杀死瑞吉娜·雷格！'
QuestLoc_ReturntoVault333_QuestLongDescription	金里 | '“坦克弗兰克”已经死了。现在333号的定居者应该能带我们去宝拉·普朗布金那里。'
QuestLoc_ReturntoVault333_QuestObjective_1	里 | '在333号避难所里找到答案。'
QuestLoc_RevengeoftheGeeks_Conversation_1_NPCEnd_3	需 | '如果你想通过这门课，就需要它。'
QuestLoc_RevengeoftheGeeks_Conversation_1_NPCStart_1	里里 | '班级里的其他人去哪里了？'
QuestLoc_RevengeoftheGeeks_Conversation_2_NPCStart_3	面里面 | '下面这些数里面哪一个不是质数？'
QuestLoc_RevengeoftheGeeks_QuestLongDescription	面 | '是谁说会计都是懦夫的？请回答问题不然就得面对后果。'
QuestLoc_RoboRampage_QuestLongDescription	里 | '一群失控的安保机器人占领了市中心的一些废墟。如果他们在那里扎根，可能会对我们和其他幸存者构成威胁。带上武器进去，把它们清理干净。不要低估它们，它们虽然行动缓慢，'
QuestLoc_RobotHood_Conversation_1_NPC_1	阻 | '人类！你们无疑是来阻止我的圣战的！'
QuestLoc_RobotHood_QuestLongDescription	高需需 | '我们最近与一些商人取得了联系，他们说在路上被一个神秘的强盗袭击了。他们声称这个强盗高喊着反抗人类压迫的口号，并抢走了商队的大部分货物。我们需要你去找到这个强盗，'
QuestLoc_RobotHood_QuestShortDescription	阻 | '追踪奇怪的强盗并阻止他袭扰商队。'
QuestLoc_RockThemLikeAHurricane_QuestLongDescription	里 | '让我们来看看你想怎么对付一窝辐射蝎。但这次，你的小队里只能有两个人。'
QuestLoc_RubarbsReckoning_Conversation_1_NPCEnd_2	面 | '别担心。我已经受够了外面的世界……'
QuestLoc_RubarbsReckoning_RaiderLine_2	阻 | '你永远不可能阻挡鲁巴布掠夺者们的脚步！'
QuestLoc_RunThreeDogRun_Conversation_1_NPCEnd_1	高 | '恐怕那是个严密保守的秘密，戴夫在指挥链上的级别还不够高。'
QuestLoc_RunThreeDogRun_Conversation_1_NPCEnd_4	里 | '差不多“所有东西都在手册里”。你胡编滥造不来。'
QuestLoc_RunThreeDogRun_Conversation_3_NPCStart_1	非 | '现在*这就是*你打好仗的窍门！我非常感谢你们这些英雄！'
QuestLoc_RunThreeDogRun_Conversation_3_NPCStart_3	里 | '在这儿以南五英里。入口漆黑而且充满不祥之感。你不会找不到的。'
QuestLoc_RunThreeDogRun_Conversation_3_NPCStart_4	面 | '现在外面风声还这么紧，我得找个更安全的地方做广播。'
QuestLoc_RunThreeDogRun_QuestLongDescription	里 | '在这段时间里，三狗一直在救人，帮助定居者躲避骑士的追随者，但也导致他被列入144号避难所的暗杀名单！他的最后一次广播让他被“死亡”的信徒追杀。我们必须在这些信徒'
QuestLoc_S2_QL2_Q1_Doc_QuestLongDesc	里里 | '据说51区里满是对我们避难所有价值的技术。那里肯定戒备森严：最好先备齐医疗物资。'
QuestLoc_S2_QL2_Q1_Doc_QuestShortDesc	需 | '突袭51区前，我们需要医疗物资。'
QuestLoc_S2_QL2_Q1_Doc_Question1_Line2	骨 | '可以为您提供尸鬼化服务吗？也许来个小小的颅骨穿孔？'
QuestLoc_S2_QL2_Q1_Doc_Question4	查 | '来做眼睛检查吗？'
QuestLoc_S2_QL2_Q1_Doc_Question5_Answer1	里 | '从病人那里偷东西？你会为此深感愧疚的……'
QuestLoc_S2_QL2_Q1_Doc_Question5_Choice2	需 | '好心的夫人，求求您了，我们急需治疗针。'
QuestLoc_S2_QL2_Q2_Field_QuestName	野 | '辐射野外实习'
QuestLoc_S2_QL2_Q2_Field_Question2	里 | '你们能到这里，肯定一路杀穿了辐射蝎。厉害！'
QuestLoc_S2_QL2_Q2_Field_Question2_Choice1	需里首里 | '没错，你自由了！只需在虚线上签名……这里签姓名首字母……还有这里……'
QuestLoc_S2_QL2_Q2_Field_Question2_Choice3	需 | '长官，我们有一份官方设备申请，需要您依照指挥链批准。'
QuestLoc_S2_QL2_Q3_Req_Question1_Answer1	需 | '去找军需官B38。上一层，左转第二个，然后下去，原路返回，再上去……也许。'
QuestLoc_S2_QL2_Q3_Req_Question2_Answer1	需 | '哦！这归装备口管，我管毛绒玩具。不过你看着挺需要个拥抱的——给，泰迪熊一只。'
QuestLoc_S2_QL2_Q3_Req_Question3_Answer1	里食 | '你傻了吗？这里是食物储藏室。你的表在这没用。走开！不给汤！'
QuestLoc_S2_QL2_Q3_Req_Question5_Answer2	首里 | '做抄写员首先是要全身心追求知识！抄写员是活着的记忆……哦，嘿，你在那里睡着了。'
QuestLoc_S2_QL2_Q3_Req_Question7_Answer2	附 | '好，拿去。还随甲附赠一把武器。现在走人！'
QuestLoc_S2_QL2_Q3_Req_Question7_Choice3	里 | '给我手里塞把武器，肩上配副甲，我们立马走人。'
QuestLoc_S2_QL2_Q4_Roswell_QuestLongDesc	面 | '装备和医疗物资就位，一切准备就绪。不过感觉有什么不对。我们面对的敌人可能不是预期的那个！'
QuestLoc_S2_QL2_Q4_Roswell_Question1_Choice3	靠 | '我们是来……呃……出公差的。我们打算全靠谈判混过去！'
QuestLoc_S2_QL3_Q2_Handy_QuestObjective1	查 | '查明保安机器人袭击事件的原因。'
QuestLoc_S2_QL3_Q2_Handy_Question3_Choice1	需 | '我们来找你。我们需要答案。'
QuestLoc_S2_QL3_Q2_Handy_Question4	附 | '市民，请注意附近有敌对机器人。'
QuestLoc_S2_QL3_Q2_Handy_Question4_Choice1	里 | '废话！你以为我们是怎么到这里的？当然少不了砸几台。'
QuestLoc_S2_QL3_Q2_Handy_Question5	阻里 | '哦天哪！你们找到我了！谢谢你们阻止了那些保安机器人。它们把这里搅得一团糟。'
QuestLoc_S2_QL3_Q3_Insider_QuestLongDesc	里 | '我们接到了一群躲在避难所里的“神志清醒”的保安机器人发出的求救信号。也许它们能解释战斗抑制器的问题。'
QuestLoc_S2_QL3_Q3_Insider_QuestObjective1	面 | '与发出求救信号的保安机器人会面。'
QuestLoc_S2_QL3_Q3_Insider_QuestShortDesc	除 | '找出拆除保安机器人战斗抑制器的幕后黑手。'
QuestLoc_S2_QL3_Q3_Insider_Question1_Choice1	需里 | '这些明显也失控了。我们需要再往里走。'
QuestLoc_S2_QL3_Q3_Insider_Question2_Choice1	里 | '它藏在你皮肤里？'
QuestLoc_S2_QL3_Q3_Insider_Question3_Line1	零 | '到处都是保安机器人零件。有很多战斗抑制器垫圈……'
QuestLoc_S2_QL3_Q3_Insider_Question4_Answer1	附 | '仓库……在沙士装瓶工厂附近。求……<故障>……罪犯！站住！'
QuestLoc_S2_QL3_Q3_Insider_Question4_Choice2	需 | '我们会关掉你然后修好你。但我们需要找到幕后黑手。'
QuestLoc_S2_QL3_Q4_Warehouse_CombatInit2	非 | '非机器人该死！'
QuestLoc_S2_QL3_Q4_Warehouse_QuestLongDesc	查附 | '流氓保安机器人的源头追查到了沙士装瓶工厂附近的一座仓库。找出是谁干的。'
QuestLoc_S2_QL3_Q4_Warehouse_QuestName	面面 | '工作的方方面面'
QuestLoc_S2_QL3_Q4_Warehouse_QuestShortDesc	查 | '搜查那座仓库——一切开始的地方。'
QuestLoc_S2_QL3_Q4_Warehouse_Question1_Choice2	除 | '你老板叫我来的。你被开除了！'
QuestLoc_S2_QL3_Q4_Warehouse_Question4	量金 | '你是买家？我们有大量从垫圈中提炼的黄金。'
QuestLoc_S2_QL3_Q4_Warehouse_Question4_Answer3	金 | '你们是最坏的那种淘金者！'
QuestLoc_S2_QL3_Q4_Warehouse_Question4_Choice2	里 | '垫圈从哪里来的？说！'
QuestLoc_S2_QL3_Q4_Warehouse_Question5_Choice1	阻 | '游戏结束了。我们来阻止你们把保安机器人变成杀人机器。'
QuestLoc_S2_QL3_SecuritronsUncapped_1_QuestShortDesc	查 | '调查保安机器人失控的原因。'
QuestLoc_S2_QL3_SecuritronsUncapped_1_Question1_Line1	里面 | '哦天哪！保安机器人打进大楼了。这里面已经打成一片了！'
QuestLoc_S2_QL3_SecuritronsUncapped_1_Question1_Line1_Choice1	面 | '外面已经清理干净了。趁机撤！'
QuestLoc_S2_QL3_SecuritronsUncapped_1_Question4_Choice1	陪 | '我们不能陪同，但路已经打通了。'
QuestLoc_Sabotage_Conversation_1_NPCStart_3	非量 | '我们使用非常低的剂量，以避免检测。'
QuestLoc_Sabotage_Conversation_2_NPCStart_1	防 | '嘿，你怎么会穿上防辐射服？'
QuestLoc_Sabotage_QuestLongDescription	附里需阻 | '我们在掠夺者基地的文件中发现了一些令人担忧的信息。他们似乎在附近的一个铀矿井里毒害我们的水源。我们需要派人……当然是谨慎地阻止他们。'
QuestLoc_Sabotage_QuestObjective_1	阻 | '阻止下毒的掠夺者。'
QuestLoc_SantasHelpers_Conversation_2_NPCStart_2	需 | '告诉圣诞老人我们真的需要一些新的避难所套装！'
QuestLoc_SantasHelpers_Conversation_3_Team_1	里 | '我们想要避难所里最好的武器。'
QuestLoc_SantasHelpers_Conversation_3_Team_4	需 | '给予本身就是最好的奖励了，我们什么都不需要！'
QuestLoc_SavingDaylight_Conversation_1_NPCEnd_2	里 | '如果神父在这里而不是在楼上和炸药在一起，他会告诉你，你错了！'
QuestLoc_SavingDaylight_Conversation_2_NPCStart_1	降 | '好开心！复活节降临在我们身上！'
QuestLoc_SavingDaylight_Conversation_3_NPCEnd_1	量 | '沉默！你的话语对我没有力量！'
QuestLoc_SavingDaylight_Conversation_3_NPCStart_1	面 | '啊，居民们！我们又见面了。你们觉得我的新发型怎么样？'
QuestLoc_SavingDaylight_Conversation_3_Team_3	里 | '为什么不等到明天，看看太阳是否还在那里？'
QuestLoc_SavingDaylight_QuestLongDescription	需阻 | '我们需要赶在神父阿尔瓦拉多和原子之子的教会引爆那枚2000万吨级的核装置之前阻止他们，否则整个地区都会被蒸发！'
QuestLoc_SavingDaylight_QuestShortDescription	阻 | '阻止原子之子炸毁整个地区！'
QuestLoc_ScareTactics_Conversation_1_Team_1	里 | '呜呜呜呜呜！离开这里，永远都别回来哎哎哎哎！'
QuestLoc_ScienceCooperative_Conversation_1A_NPCStart_2	里限 | '我们这里是废土激光协会。成员数有限。'
QuestLoc_ScienceCooperative_Conversation_1B_NPCEnd_1	陪 | '为了科学而蓄意破坏的！算了，说了你们也不明白。恕我失陪。'
QuestLoc_ScienceCooperative_Conversation_1B_NPCEnd_2	里 | '对呀！快来看看我最近在做的小项目。看这里！'
QuestLoc_ScienceCooperative_Conversation_1C_NPCEnd_3	陪 | '胡说！科学可不是什么懦夫的游戏！现在，恕我失陪……'
QuestLoc_ScienceCooperative_Conversation_1C_Team_1	除 | '除了爆炸，化学一点用都没有。'
QuestLoc_ScienceCooperative_Conversation_1C_Team_3	里 | '你们应该走了，这里不安全。'
QuestLoc_ScienceCooperative_Conversation_1D_NPCEnd_3	陪 | '科学研究不求回报。我恐怕得继续了。恕我失陪……'
QuestLoc_ScienceCooperative_Conversation_1E_NPCStart_1	非高 | '是避难所的居民们！非常高兴你们能前来。'
QuestLoc_ScienceCooperative_Conversation_1E_NPCStart_2	里 | '这里是泡泡多园艺总局。我们把鲜花和微笑结合起来！'
QuestLoc_ScienceCooperative_Conversation_2A_NPCEnd_1	需 | '哦不行的，完全行不通！不过还是谢谢你的建议。抱歉我需要时间考虑。'
QuestLoc_ScienceCooperative_Conversation_2A_NPCStart_1	需 | '啊，好的，居民们！我需要你们拿出避难所科技的专业水准！'
QuestLoc_ScienceCooperative_Conversation_2B_NPCStart_1	需 | '啊，好的，居民们来了。我需要你们帮我解答一个严肃的科学问题。'
QuestLoc_ScienceCooperative_Conversation_2B_NPCStart_3	里重 | '书里说铅的密度比铁大，但一磅铁却和一磅铅一样重！'
QuestLoc_ScienceCooperative_Conversation_2B_Team_2	重量 | '密度和重量没关系。'
QuestLoc_ScienceCooperative_Conversation_2C_NPCEnd_1	需 | '我不需要听你们这些废话！赶紧走开！让我一个人工作。'
QuestLoc_ScienceCooperative_Conversation_2D_NPCEnd_3	陪 | '科学可不等人，恐怕我得继续了。恕我失陪……'
QuestLoc_ScienceCooperative_Conversation_2E_NPCStart_2	需需 | '植物需要光来生长，但蘑菇不需要！它们甚至能在完全黑暗的环境下生长。'
QuestLoc_ScienceCooperative_Conversation_2E_NPCStart_3	需 | '但这是为什么呢？难道不是所有的生物都需要光的吗？'
QuestLoc_ScienceCooperative_Conversation_2E_Team_1	需 | '你只需要我们聪明的大脑带来的灵光！'
QuestLoc_ScienceCooperative_Conversation_2E_Team_2	靠 | '植物通过光获取营养，但蘑菇是靠分解分子。'
QuestLoc_ScientificProgress_Conversation_1_NPCEnd_3	重 | '好的，我尊重这点，但你们还是得死。'
QuestLoc_ScientificProgress_Conversation_1_Team_2	鞋 | '给我你的衣服，你的鞋子，还有你的摩托车……'
QuestLoc_ScientificProgress_QuestLongDescription	需 | '前沿科技需要材料和相应的牺牲。所以以科学之名牺牲掉几个掠夺者，并拿走他们的东西吧！'
QuestLoc_ScientificProgress_QuestObjective_2	首 | '消灭掠夺者首领。'
QuestLoc_ScientificProgress_QuestShortDescription	阻 | '任何事都无法阻挡科学之路！'
QuestLoc_ScientificProgress_RaiderLine_1	院 | '哦，不！是学院！'
QuestLoc_ScientificProgress_RaiderLine_2	重 | '“人类，重新定义”这个，混蛋们！'
QuestLoc_SecretWeaponTest_QuestLongDescription	需 | '从掠夺者基地检索的文件中有一个新武器计划。我们的工程师已经造好了它，但现在我们需要实地测试下，看看它的表现如何。确保没有活着的人看到你。'
QuestLoc_SecretWeaponTest_RaiderLine_3	里 | '有杂物吗？这里有更多！'
QuestLoc_SetEmUpFamine_Conversation_1_NPCEnd_1	食 | '忘了那个！进食时间到了！'
QuestLoc_SetEmUpFamine_Conversation_1_NPCStart_1	里里 | '为什么你们这些“害虫”在这里，在这个充满饥饿的堡垒里？'
QuestLoc_SetEmUpFamine_Conversation_2_NPCStart_2	里 | '我想我可以安全地到这里来看看这是怎么回事。'
QuestLoc_SetEmUpFamine_Conversation_3_NPCEnd_1	食 | '哦，他会没事的，他会把“所有”的食物都吃光的！'
QuestLoc_SetEmUpFamine_Conversation_3_NPCStart_3	品 | '“调合成细致的糊状。加佐料然后品尝。”'
QuestLoc_SetEmUpFamine_QuestLongDescription	需野 | '“害虫”将把“瘟疫”带到226号避难所，因此战争肯定会接踵而至。如果我们也能让“饥荒”在那儿出现，骑士和他们的信徒就可以自相残杀了！我们需要装扮成“害虫”，和“'
QuestLoc_SetEmUpPestilence_Conversation_1_NPCStart_1	里 | '你们这些“战狂”不应该来这里。'
QuestLoc_SetEmUpPestilence_Conversation_3_NPCStart_1	非 | '我们所要的，无非是要把“瘟疫”的荣光，传遍废土。'
QuestLoc_SetEmUpPestilence_QuestLongDescription	面里 | '停战协议被遗忘，“战争”现在外面猎取鲜血，准备撕裂废土寻找“瘟疫”! 时间拖得越久，无辜的定居者就会死得越多，所以让我们装扮成“战争崇拜者”的人，说服“害虫”把'
QuestLoc_SetEmUpPestilence_RaiderLine_2	高 | '价值被高估了！'
QuestLoc_SeventhInningStretch_QuestLongDescription	里 | '教练真的有棒球衫吗？有证据说他可能在一幢旧的办公大楼里。最好去看看。'
QuestLoc_SeventhInningStretch_QuestShortDescription	里 | '在办公楼里找到教练。'
QuestLoc_ShamrocktheCasbah_Conversation_1_NPCStart_3	里品 | '但是这里所有的样品都有四片叶子。肯定是不同的植物。'
QuestLoc_ShamrocktheCasbah_QuestLongDescription	品重食需品 | '我们已经收到信息，317号避难所有战前的三叶草样品。这种耐寒，营养丰富的杂草，据说已经灭绝了，现在证明可以是我们重要的主食。如果有的话，我们需要把这些样品带回来'
QuestLoc_ShotgunWedding_QuestLongDescription	首 | '一位被爱情冲昏头脑的掠夺者首领决定要结婚了，即使新娘完全不愿意。请把这位被绑架的美人，从她那个她根本不想要的未婚夫的魔爪中救出来。'
QuestLoc_ShotgunWedding_QuestObjective_2	首 | '打败掠夺者首领。'
QuestLoc_ShotgunWedding_QuestShortDescription	首 | '从掠夺者首领手中拯救被绑架的居民。'
QuestLoc_SignalFailure_Conversation_1_NPCStart_2	重 | '“今天收到了‘巧手’先生。如果我们能及时把它修好，应该能让它重新工作，灵活运转。”'
QuestLoc_SignalFailure_Conversation_2_NPCStart_2	面 | '“修理的时间比我们预计的要长。我要把所有人都带到下面几层去，但愿我们在那儿能安全。”'
QuestLoc_SignalFailure_Conversation_3_NPCStart_1	里里 | '这里好像就是信号源。那里还有一张字条。'
QuestLoc_SignalFailure_QuestLongDescription	查 | '你收到了一个求救信号，来自本已废弃的233号避难所。去调查看看吧。'
QuestLoc_SignalFailure_QuestShortDescription	查 | '查看233号避难所发出的求救信号。'
QuestLoc_SignalFailure_RaiderLine_1	里 | '嘿！我们是第一个到这里的！还没有人搜刮过这个避难所呢！'
QuestLoc_SnakeWater_Conversation_1_NPCStart_3	需 | '但它不需要到那步……别生气，我们可以平分利润！'
QuestLoc_SnakeWater_QuestLongDescription	面阻 | '我们终于抓住了水之术士。是时候面对他了，阻止他再出售他的虚假神水。也许我们还可以赚一笔……'
QuestLoc_Snipping_QuestLongDescription	附 | '玛·琼让你去附近的大无敌超市采购物资。注意周围，你永远不知道会遇到谁或什么危险。'
QuestLoc_SpearFishing_Conversation_1_NPCStart_1	里 | '所以你来这里是为了那些训练过的鼹鼠吗？真是太疯狂了。'
QuestLoc_SpearFishing_Conversation_1_NPCStart_3	食 | '我们抓到了几只肥硕的鼹鼠。它们驮着一袋袋的红果。是它们从地下偷走了我们的粮食！'
QuestLoc_SpearFishing_QuestLongDescription	需面 | '最后发现这个不是疾病——是有些人找到了从地下偷红果的方法！我们需要和这些人见个面。'
QuestLoc_SpelunKingTrainingC_Conversation_1_NPCEnd_2	里 | '往死里打？真是意料之中。'
QuestLoc_SpelunKingTrainingD_Conversation_1_NPCEnd_2	需 | '你确定我们不需要讨论一下这个吗？'
QuestLoc_SpelunKingTrainingD_Conversation_1_NPCStart_1	需 | '在洞穴探险大赛的战场上需要有超越对手的机智和魅力。'
QuestLoc_SpelunKingTrainingE_Conversation_1_NPCEnd_1	需 | '哈！我想你们需要仔细看看我们这些完美的肌肉。'
QuestLoc_SpelunKingTrainingF_Conversation_1_NPCStart_2	里 | '你们一开局就落在下风，而我们手里捏着一对王牌。'
QuestLoc_SpelunKingTrainingF_Conversation_1_Team_2	除非阻 | '除非我们现在就阻止你和你那令人难以忍受的言论。'
QuestLoc_SpelunKingTrainingF_Conversation_2_NPCStart_1	阻阻 | '你不可能阻止我们的，也不会阻止我们！'
QuestLoc_SpelunKingTrainingG_Conversation_1_NPCStart_3	面 | '（并没有意识到他戴着面具说话，别人根本不明白。）'
QuestLoc_SpelunKingTrainingG_Conversation_2_NPCStart_1	阻 | '没有什么能阻止我们！'
QuestLoc_SpelunKingTraining_QuestObjective_2	面 | '和其他洞穴探险竞争者见面。'
QuestLoc_SpringForwardFallBack_Conversation_1_NPCEnd_2	阻 | '你们不能阻止我们，我们正在执行原子给我们的任务！'
QuestLoc_SpringForwardFallBack_Conversation_1_NPCStart_3	靠 | '稍微靠近一点……'
QuestLoc_SpringForwardFallBack_Conversation_1_Team_2	里 | '不，谢谢，我们在这里礼貌地要求你停止喷人。'
QuestLoc_SpringForwardFallBack_Conversation_2_NPCStart_4	里 | '我是神父阿尔瓦拉多。你想从我们这里得到什么？'
QuestLoc_SpringingtheTrap_Conversation_1_NPCEnd_1	里 | '不幸的是，漫游在废土上。现在，你可以帮助我们找到动力装甲在哪里。'
QuestLoc_SpringingtheTrap_Conversation_1_NPCStart_2	面 | '作为一个“害虫”是不配他的辐射的，所以我们在其他方面服务。'
QuestLoc_SpringingtheTrap_Conversation_1_Team_1	里 | '庇佑将是美好的。瘟疫在哪里？'
QuestLoc_SpringingtheTrap_Conversation_2_NPCStart_1	里 | '你在那里！你是新的皈依者吗？'
QuestLoc_SpringingtheTrap_Conversation_2_NPCStart_2	里 | '我希望这里的“害虫”不会给你带来太多的麻烦。'
QuestLoc_SpringingtheTrap_Conversation_3_NPCEnd_3	野 | '没有什么。据我所知，这只是一只普通的野兽。我不知道为什么他们崇拜它。'
QuestLoc_SpringingtheTrap_Conversation_3_NPCStart_4	防 | '这是一只发光辐射蝎！那些“害虫”穿着的防护服能让他们免受它的辐射。'
QuestLoc_SpringingtheTrap_QuestLongDescription	里里面查 | '在三狗的建议下，我们散播一个谣言，说有十几个动力装甲藏在某个洞穴里。“害虫”上钩了，目前正在里面搜寻洞穴。是时候去调查一下“瘟疫”和“害虫”了！'
QuestLoc_SpyonRaiders_Conversation_1A_NPCStart_1	骨 | '你们是谁？想加入“碎骨者”？'
QuestLoc_SpyonRaiders_Conversation_1A_Team_1	骨 | '我们真的很喜欢骨头。呃。还有，粉碎它们……应该是吧……'
QuestLoc_SpyonRaiders_Conversation_1A_Team_3	里 | '其实我们是伪装的避难所居民。来这里暗中监视你们的！'
QuestLoc_SpyonRaiders_Conversation_1B_NPCStart_3	高靠 | '你们战斗之前必须高喊“卡-靠”，明白吗？'
QuestLoc_SpyonRaiders_Conversation_1B_Team_2	靠 | '卡-靠！'
QuestLoc_SpyonRaiders_Conversation_1B_Team_3	里 | '其实我们是伪装的避难所居民。来这里暗中监视你们的！'
QuestLoc_SpyonRaiders_Conversation_1C_Team_3	里 | '其实我们是伪装的避难所居民。来这里暗中监视你们的！'
QuestLoc_SpyonRaiders_Conversation_1D_Team_3	里 | '其实我们是伪装的避难所居民。来这里暗中监视你们的！'
QuestLoc_SpyonRaiders_Conversation_1E_Team_3	里 | '其实我们是伪装的避难所居民。来这里暗中监视你们的！'
QuestLoc_SpyonRaiders_Conversation_2A_NPCEnd_2	骨 | '你们说谁弱爆了？我照样能跟最厉害的人一样粉碎骨头！'
QuestLoc_SpyonRaiders_Conversation_2A_NPCStart_2	骨 | '粉碎骨头开始还挺好玩的，但迟早他们中就会有一个变态开始针对你们。'
QuestLoc_SpyonRaiders_Conversation_2A_Team_2	骨 | '你只是太弱了！我们会永远“粉碎骨头”的！'
QuestLoc_SpyonRaiders_Conversation_2B_NPCStart_1	靠 | '卡-靠！欢迎加入“尖叫猎鹰”，雏儿们！'
QuestLoc_SpyonRaiders_Conversation_2B_Team_1	金 | '浪子回头金不换。'
QuestLoc_SpyonRaiders_Conversation_2B_Team_2	靠 | '卡-靠！'
QuestLoc_SpyonRaiders_Conversation_2C_Team_1	面 | '你应该离开。你在外面一定能过上更好的生活。'
QuestLoc_SpyonRaiders_Conversation_2E_NPCStart_2	里面 | '我从组织成立就一直在里面。我更想我们被称作“橡皮擦”。'
QuestLoc_SpyonRaiders_Conversation_3A_NPCEnd_3	骨 | '我想“碎骨者”总会有些多余的物资。拿着然后走吧！'
QuestLoc_SpyonRaiders_Conversation_3A_NPCStart_1	面骨首 | '你现在面前站的就是“扳关节者”，“碎骨者”的首领！'
QuestLoc_SpyonRaiders_Conversation_3B_NPCStart_1	面首 | '你现在面前站的就是“鹰嘴”，“尖叫猎鹰”的首领！'
QuestLoc_SpyonRaiders_Conversation_3C_NPCStart_1	首 | '我叫尖钉，“尖钉之钉”的首领！'
QuestLoc_SpyonRaiders_Conversation_3D_NPCStart_1	首 | '正在和你们说话的人叫“地狱”，“火焰飞弹”的首领。'
QuestLoc_SpyonRaiders_Conversation_3E_NPCStart_1	首 | '你们跟前站的名叫“尖点”，“铅笔推进器”的首领！'
QuestLoc_SpyonRaiders_QuestObjective_1	首 | '同掠夺者首领交谈。'
QuestLoc_SpyonRaiders_RaiderLine_1A	骨 | '我们之所以被称作“碎骨者”是有原因的！'
QuestLoc_SpyonRaiders_RaiderLine_1B	靠 | '卡-靠！'
QuestLoc_SpyonRaiders_RaiderLine_2B	靠靠 | '卡-靠！卡-靠！'
QuestLoc_SpyonRaiders_RaiderLine_3B	靠 | '卡啊啊啊啊靠！'
QuestLoc_StopthePresses_Conversation_1_NPCEnd_1	品 | '这招不错！我们本来可以把你们打得满地找牙的。来，这是你们的战利品。'
QuestLoc_StopthePresses_Conversation_1_NPCStart_1	品 | '你们觉得用武力就能让我停刊吗？准备好成为一篇辛辣社论的牺牲品吧！'
QuestLoc_StopthePresses_Conversation_1_NPCStart_3	品 | '但……我可以得到掠夺者们一半的战利品。如果你们愿意走开的话，我可以算你们一份。'
QuestLoc_StopthePresses_Conversation_1_Team_2	阻 | '谎言永远都是谎言，有人因为这个死了！我们来就是为了阻止你们的！'
QuestLoc_StopthePresses_QuestLongDescription	阻 | '我们发现“新波士顿号角报”这整件事都是一个骗局。我们得找到这个编辑，然后阻止他！'
QuestLoc_SuperDuperTrooper_Conversation_1_NPCEnd_1	需 | '哦，是吗？我想你需要叫醒服务……'
QuestLoc_SuperDuperTrooper_Conversation_1_NPCEnd_2	里 | '可以。我们想把那些躲藏在地下室里的危险分子逼出来。'
QuestLoc_SuperDuperTrooper_Conversation_2_NPCStart_1	需 | '不要动-我们需要扫描你。'
QuestLoc_SuperDuperTrooper_QuestLongDescription	查 | '你的一个居民在探索废土的时候听到来自大无敌超市的枪声！应该去调查下。'
QuestLoc_SuperDuperTrooper_QuestShortDescription	查里 | '调查大无敌超市里的对峙。'
QuestLoc_SynthinaPinch_RaiderLine_2	院 | '哦不。合成人是我的！学院一定会送我一个大奖！'
QuestLoc_SynthsforSale_Conversation_1_NPCStart_1	非 | '非常感谢。我们是不可能回头的！'
QuestLoc_SynthsforSale_Conversation_1_Team_3	院 | '不过学院究竟在哪儿？'
QuestLoc_SynthsforSale_QuestLongDescription	院金 | '掠夺者们想要把合成人送回学院来索取赎金。是时候出手拯救他们了。'
QuestLoc_SynthsforSale_QuestShortDescription	院 | '拯救学院的合成人。'
QuestLoc_SynthsforSale_RaiderLine_1	院 | '你们不是从学院来到是吧？那只能送你们上西天了！'
QuestLoc_TakeMeOuttotheBallGame_QuestShortDescription	里 | '在掠夺者斯洛格自己的比赛里击败他。'
QuestLoc_TakeMeOuttotheBallGame_RaiderLine_2	野需 | '内野双打！看来我们需要双杀球员了！'
QuestLoc_TakingOuttheTrash_Conversation_1_NPCEnd_1	里需 | '罗伯科公司的办公楼里还有一队人需要你的支援！'
QuestLoc_TakingOuttheTrash_QuestLongDescription	除里 | '为了向钢铁兄弟会证明避难所值得成为他们的前哨，我们要清除840号避难所里的尸鬼。'
QuestLoc_Tankbusting_QuestLongDescription	金首 | '333号避难所的监督者也许能帮助我们找到宝拉·普朗布金，但首先我们得杀掉“坦克弗兰克”。'
QuestLoc_TargetPractice_QuestLongDescription	高 | '你的居民有机会可以提高他们使用武器的能力。虽然不是最好的，但用来练习应该不错。'
QuestLoc_TheAbyss_Conversation_1_NPCStart_2	里 | '没有很多游客到这里来，所以有很多小动物什么的。'
QuestLoc_TheAbyss_Conversation_1_NPCStart_4	附里 | '他住在底部附近，那里凉爽而安静。'
QuestLoc_TheAbyss_Conversation_2_NPCEnd_2	里 | '我喜欢平和和安静。这里很安全，你知道吗？'
QuestLoc_TheAbyss_QuestLongDescription	需 | '我们都听说过一个无底避难所的谣言，一个比任何其他已经建造的避难所都深的地方。但现在看来，我们好像找到它了！我们需要派出一个侦察队去探索这个避难所，并揭开它的致命'
QuestLoc_TheAbyss_RaiderLine_1	里 | '进入这里的人，请放弃所有的希望……'
QuestLoc_TheBansheesKeen_Conversation_1_NPCStart_1	高 | '欢迎，居民们！真高兴看到你们。'
QuestLoc_TheBansheesKeen_Conversation_3_NPCStart_2	里 | '我们把一只猫头鹰尖叫直接传送到定居者的大脑里。'
QuestLoc_TheBansheesKeen_QuestLongDescription	附查 | '我们收到附近定居者的报告说，他们的建筑被一个哀号的女鬼骚扰。听起来不太可能，但我们应该以……科学的名义调查看看！不要担心，如果愤怒的亡灵吃掉了你们的灵魂，你们将'
QuestLoc_TheBigsbyBrownCase_Conversation_1_NPCStart_2	重 | '我是比格斯比。是尼克派你们来的对吧？虽然我很想和你们好好聊聊，我们现在有更重要的问题要解决。'
QuestLoc_TheBigsbyBrownCase_Conversation_1_NPCStart_3	餐 | '我奉命去救的那个人就要被摆上死爪的餐盘了！'
QuestLoc_TheBigsbyBrownCase_Conversation_2_NPCStart_2	需 | '如果你们需要我做任何事，只要开口就行！'
QuestLoc_TheBigsbyBrownCase_QuestLongDescription	查 | '尼克的老伙计比格斯比·布朗失踪了。一份旧文件显示他出去侦查避难所居民失踪案件，之后就再也没有消息。赶紧去找找这名侦探吧！'
QuestLoc_TheBigsbyBrownCase_QuestShortDescription	查 | '追查失踪的侦探比格斯比·布朗。'
QuestLoc_TheBigsbyBrownCase_RaiderLine_2	零食 | '哦快看呐，我们的宠物又有零食可以吃了。给我煮了他们！'
QuestLoc_TheBrothersGrime_QuestLongDescription	首 | '很少有掠夺者的手段会比两个称之为“污秽兄弟”的掠夺者首领更肮脏。给这对黑心的兄弟无赖一点颜色瞧瞧。'
QuestLoc_TheCaseoftheCapturedCanine_Conversation_1_NPCEnd_3	需 | '祝你好运！你会需要它的！'
QuestLoc_TheCaseoftheCapturedCanine_QuestLongDescription	首 | '尼克·瓦伦坦，是废土侦探界的传奇。他手上有一些未解决的案件档案，首先一个就是——被抓住的狗。'
QuestLoc_TheCaseoftheCapturedCanine_QuestObjective_1	里 | '从狂尸鬼手里拯救狗狗。'
QuestLoc_TheCaseoftheLostLunch_Conversation_1_NPCStart_1	食 | '等等。你不是尼克。你是来帮忙的？定居者抓走了我的……呃，生意伙伴。说他偷了他们的食物，要杀了他。'
QuestLoc_TheCaseoftheLostLunch_Conversation_2_NPCEnd_1	里食 | '你以为我们想这样吗？我们在这里快饿死了！听着，如果你能找到我们的食物，我们可以考虑放了他。'
QuestLoc_TheCaseoftheLostLunch_Conversation_2_NPCEnd_2	需食 | '等等，我们不需要。但没有找到食物之前，我们是不会让那个掠夺者离开的。你要是找到了，我们可以放他走。'
QuestLoc_TheCaseoftheLostLunch_Conversation_2_NPCEnd_3	食 | '可是如果不是那个掠夺者的话会是谁呢？听着，你们要是能找到食物，我们会考虑放了他。'
QuestLoc_TheCaseoftheLostLunch_Conversation_2_NPCStart_2	食 | '那个掠夺者要明白他是不可能拿了我们的食物还想活着出去的。'
QuestLoc_TheCaseoftheLostLunch_Conversation_3_NPCStart_1	里食里 | '你！你是来这里帮忙的是吗？听着，不是我干的，不管是谁偷了他们的食物，一定是这栋楼里的生物。而且肯定不好对付！求求你们，快救我出去！'
QuestLoc_TheCaseoftheLostLunch_Conversation_4_NPCStart_1	食 | '看起来像是辐射蟑螂偷了他们的食物！这应该能还那个掠夺者清白了。'
QuestLoc_TheCaseoftheLostLunch_QuestLongDescription	里面 | '你从尼克的档案里发现了一张字迹模糊的字条，上面请求他帮忙去寻找一位被绑架的朋友。'
QuestLoc_TheCaseoftheLostLunch_QuestName	餐 | '消失的午餐'
QuestLoc_TheCaseoftheMissingMitt_Conversation_1_NPCEnd_3	附 | '因为附近也没有其他人。现在我不指望有什么审讯，我只想拿回我的手套。'
QuestLoc_TheCaseoftheMissingMitt_Conversation_1_NPCEnd_4	里查 | '那是我的，对我而言很特殊。我是不会让别人从我这里偷走它的。现在你们能开始调查了吗？'
QuestLoc_TheCaseoftheMissingMitt_Conversation_1_NPCStart_1	里 | '哦，你们一定是尼克的朋友。等到你们可真不容易啊。你们来这里是为了帮我找回我曾曾曾曾……'
QuestLoc_TheCaseoftheMissingMitt_Conversation_1_NPCStart_3	附 | '我们说话的时候罪犯就藏在附近。'
QuestLoc_TheCaseoftheMissingMitt_QuestLongDescription	里 | '尼克的档案里有一张字条，请求他帮忙找回一件遗失的传家宝——一只颇具纪念意义的战前捕手手套。'
QuestLoc_TheCaseoftheQuantumCreeper_Conversation_1_NPCEnd_3	重量 | '呃，我没仔细看过，但我可以告诉你它很难看。有三个头，速度超快。最重要的是，它超爱量子核子可乐。它偷走了我们所有的存货！'
QuestLoc_TheCaseoftheQuantumCreeper_Conversation_1_NPCStart_1	量 | '是，是尼克派你来的吗？你得救救我们！“量子爬行者”。它一直在吃我们的人。我们就剩这些人了。'
QuestLoc_TheCaseoftheQuantumCreeper_Conversation_1_NPCStart_3	除 | '救救我们！帮我们除掉它！求求你了！'
QuestLoc_TheCaseoftheQuantumCreeper_Conversation_2_NPCStart_2	里量 | '这里有血迹。还有蓝色液体。量子核子可乐！这一定是正确的路！'
QuestLoc_TheCaseoftheQuantumCreeper_Conversation_3_NPCStart_1	附 | '等等，这些是……爪印吗？他们正在……发光。应该就在附近。'
QuestLoc_TheCaseoftheQuantumCreeper_QuestLongDescription	量量 | '有人请求尼克去解开“量子爬行者”的谜题。这个怪兽把当地的避难所居民吃掉并偷走他们的量子核子可乐。去帮他们一下怎么样？'
QuestLoc_TheCaseoftheQuantumCreeper_QuestName	量 | '量子爬行者'
QuestLoc_TheCaseoftheQuantumCreeper_QuestObjective_2	量 | '解决“量子爬行者”问题'
QuestLoc_TheCaseoftheQuantumCreeper_QuestShortDescription	量 | '追踪“量子爬行者”。'
QuestLoc_TheCatBurglar_Conversation_2_NPCEnd_3	里 | '你来装饰你的帽子？这里，你可以用这个。'
QuestLoc_TheCatBurglar_Conversation_2_Team_2	里 | '你知道这里大多数动物都是鼹鼠吧？'
QuestLoc_TheCatBurglar_QuestLongDescription	阻 | '一个“飞贼”接连光顾一个个避难所，把宠物从主人身边偷走。趁他偷走下一只猫之前阻止他！'
QuestLoc_TheDeBuggers_Conversation_1_NPCStart_1	除高 | '看，这是除虫师们！很高兴见到你们！'
QuestLoc_TheDeBuggers_Conversation_1_NPCStart_3	重 | '因此，我的目标列表总是莫名其妙重置！'
QuestLoc_TheDeBuggers_Conversation_2_NPCEnd_3	品 | '我是一个制片人：我确保我们每天都有新鲜的产品，所以团队能保持健康。'
QuestLoc_TheDeBuggers_Conversation_2_NPCStart_1	里 | '谢谢你帮助我们迎接我们的里程碑。'
QuestLoc_TheDeBuggers_Conversation_2_NPCStart_2	量 | '这是我们发明来衡量我们进步的一个词。'
QuestLoc_TheDeBuggers_QuestName	除 | '除虫师们'
QuestLoc_TheDoorBuster_Conversation_1_Team_2	靠 | '靠边站！我们先来的！'
QuestLoc_TheEndoftheRainbow_QuestLongDescription	附 | '我们听到传闻，说有人在彩虹尽头发现了巨大宝藏！据我们计算，那就在西边废弃的滑石矿附近，由一个神秘的掠夺者头目“麻风尚恩”统治。'
QuestLoc_TheFinalHunt_Conversation_1_NPCStart_1	重 | '你们是好人。我尊重这点。'
QuestLoc_TheFinalHunt_Conversation_1_NPCStart_3	品 | '你们的尸体会被好好做成标本摆在我的战利品收藏室，看起来一定很不错！'
QuestLoc_TheFinalHunt_QuestShortDescription	除 | '找到大维斯并除掉他。'
QuestLoc_TheFinalPush_QuestLongDescription	里首 | '390号避难所废墟里的掠夺者首领告诉我，“麦克森硬汉小队”在避难所科技的总部。我很担心他们的安危。所以赶紧穿好装备去找他们吧！'
QuestLoc_TheGreatAmericanPastime_QuestLongDescription	里 | '好吧，教练并不在运动酒吧里。也许他是个禁酒主义者。他最好不要把什么茶水洒在那件棒球衫上。该继续寻找了……'
QuestLoc_TheHauntingofVault110_QuestLongDescription	首 | '和大多数恶霸一样，掠夺者通常都是胆小鬼。有传言说，刚刚占领大众化学大楼的那位掠夺者首领正是如此——也许你能不战而把他吓跑。'
QuestLoc_TheHauntingofVault110_QuestObjective_1	首 | '吓一吓掠夺者首领。'
QuestLoc_TheHauntingofVault110_QuestShortDescription	里首 | '吓一吓藏匿在大众化学大楼里的掠夺者首领。'
QuestLoc_TheInfiltrationGame_Conversation_1_Team_1	首 | '我的名字是约翰弗兰西斯米勒掠夺者首领杀手……叫我JF就行。'
QuestLoc_TheInfiltrationGame_Conversation_2_NPCEnd_1	需重 | '看来我需要重新开始杀人了。'
QuestLoc_TheInfiltrationGame_Conversation_2_NPCEnd_2	餐 | '那是脏的餐巾，不是蓝图，你是间谍！'
QuestLoc_TheInfiltrationGame_Conversation_2_NPCEnd_3	里零 | '呃，我甚至不能……这里，一定要找零钱给我！'
QuestLoc_TheInfiltrationGame_Conversation_2_NPCStart_4	需重 | '我需要重新开始杀人吗？'
QuestLoc_TheInfiltrationGame_Conversation_2_Team_3	需 | '我需要一些钱买这台茶叶机。'
QuestLoc_TheInfiltrationGame_QuestLongDescription	需 | '从我们的卧底特工得到信息，我们了解到掠夺者手中极有可能握着秘密武器蓝图。我们需要一个居民渗透进他们的基地，并尽快拿回这些文件。'
QuestLoc_TheInfiltrationGame_QuestShortDescription	里 | '从掠夺者手里找回被盗文件。'
QuestLoc_TheLastGobble_Conversation_1_NPCEnd_1	高 | '给，拿着。现在下去吧！你在那儿能找到高步勒！'
QuestLoc_TheLastGobble_Conversation_1_NPCEnd_2	高 | '给。现在下去吧！高步勒就在那边筑了窝！'
QuestLoc_TheLastGobble_Conversation_1_NPCEnd_3	高 | '给你。现在下去吧！那就是高步勒筑窝的地方！'
QuestLoc_TheLastGobble_Conversation_1_NPCStart_2	高 | '我是多廷博士，是我创造了高步勒！'
QuestLoc_TheLastGobble_Conversation_1_NPCStart_3	防食 | '我给它注入了一个废土生物的DNA，那个生物对充满防腐剂的食物有着巨大的胃口，根本无法满足。'
QuestLoc_TheLastGobble_Conversation_1_Team_3	高 | '有没有什么东西能让我们免受高步勒的伤害？'
QuestLoc_TheLastGobble_QuestLongDescription	高 | '我们顺着高步勒留下的蔓越莓酱的痕迹来到了261号避难所。现在该做个了断了！'
QuestLoc_TheLastGobble_QuestObjective_1	高 | '消灭高步勒！'
QuestLoc_TheLastGobble_QuestShortDescription	高 | '是时候终结高步勒带来的混乱了！'
QuestLoc_TheMoleRatMan_Conversation_1_NPCStart_1	里 | '你们！我听说过你们！根本不是什么植物学家！是废土人渣！我才是这里唯一的科学家！'
QuestLoc_TheMoleRatMan_Conversation_1_NPCStart_2	里 | '你们来这里想抢走我的心血！没门儿！它们都是我的宝贝！'
QuestLoc_TheMostDangerousGame_Conversation_1_NPCStart_2	品 | '但，我可不是任何人的战利品！'
QuestLoc_TheMostDangerousGame_QuestLongDescription	需 | '看起来你需要更大的挑战，要不要试试猎杀一下人类？这次你只能穿你的避难所套装。'
QuestLoc_TheMostDangerousGame_QuestObjective_1	首 | '消灭掠夺者首领。'
QuestLoc_TheMostDangerousGame_QuestShortDescription	首 | '消灭掠夺者首领。'
QuestLoc_TheMysteriousDisappearingSpuds_QuestName	食 | '神秘消失的粮食'
QuestLoc_TheMysteriousDisappearingSpuds_QuestObjective_1	面 | '和农夫面谈。'
QuestLoc_TheMysteriousDisappearingSpuds_QuestShortDescription	查 | '查找更多有关红果枯萎的信息。'
QuestLoc_TheMysteryofVault666_QuestObjective_1	查 | '调查666号避难所。'
QuestLoc_TheMysteryofVault666_QuestShortDescription	查 | '666号避难所并不在避难所科技的正式登记备案中。去调查看看吧。'
QuestLoc_TheNightWatch_Conversation_1_NPCStart_1	需 | '这个不是植物的问题。我们不需要一群书呆子科学家告诉我们该怎么做……'
QuestLoc_TheNightWatch_QuestLongDescription	面 | '我们发现有一群定居者对大面积的红果植株死亡有更多的了解。和他们聊聊，看看他们都知道些什么。'
QuestLoc_ThePathofPaulaPlumbkin_Conversation_1_Team_1	金金里 | '布朗金！宝拉·普朗布金！她去哪里了？'
QuestLoc_ThePathofPaulaPlumbkin_QuestLongDescription	金 | '你找到了宝拉·普朗布金的日志。这位监督者曾踏上旅途，寻找传说中的乌托邦“避难所之城”。沿着她的足迹前进吧！第一站——730号避难所。'
QuestLoc_ThePathofPaulaPlumbkin_QuestName	金 | '宝拉·普朗布金的足迹'
QuestLoc_ThePathofPaulaPlumbkin_QuestShortDescription	金 | '跟随宝拉·普朗布金的脚步前往730号避难所。'
QuestLoc_TheQuestforVault525_Conversation_1_NPCStart_1	里 | '我的妈呀！就在地上！宝拉日志里的一页！'
QuestLoc_TheQuestforVault525_Conversation_1_NPCStart_2	需 | '需要再次补充物资，但我已经很接近了。525号避难所就是避难所大都会！'
QuestLoc_TheQuestforVault525_Conversation_1_NPCStart_4	里 | '不确定到底在哪儿，但市长办公室那里会有相关的信息！'
QuestLoc_TheQuestforVault525_QuestLongDescription	需 | '我们需要找到525号避难所，但我们的物资告急。得去大无敌超市搜索一切能用的东西，然后继续上路。'
QuestLoc_TheRedRocketReveal_Conversation_1_NPCStart_1	面 | '哈！我们终于见面了。你一直追着我不放！'
QuestLoc_TheRedRocketReveal_Conversation_1_NPCStart_2	金 | '是我 - 宝拉·普朗布金！废土给了我很好的锻炼！我已经不是原来的我了！'
QuestLoc_TheRedRocketReveal_Conversation_1_NPCStart_3	里 | '是的，525号避难所就是避难所大都会！而且没错，它不在这里！那信息是我骗你们的！'
QuestLoc_TheRedRocketReveal_Conversation_1_NPCStart_4	里 | '我引你们来这里就是为了杀掉你们！避难所大都会是我的！我会成为它的监督者！'
QuestLoc_TheRedRocketReveal_Conversation_1_Team_3	里里 | '如果避难所大都会不在这里的话，会在哪里呢？'
QuestLoc_TheRedRocketReveal_QuestLongDescription	里里 | '避难所科技送往市长办公室的正式文件里说，通往525号避难所，也就是避难所大都会的入口隐藏在红火箭总部里。你还在等什么，赶紧前往525避难所吧！'
QuestLoc_TheRedRocketReveal_QuestName	里 | '红火箭里的发现！'
QuestLoc_TheReluctantShill_Conversation_1_NPCEnd_1	里 | '他在一个不太远的破旧工厂里。警告你，他变得越来越……古怪了.'
QuestLoc_TheReluctantShill_QuestLongDescription	里 | '我们快要找到水之术士了！显然，他的助手抛弃他，躲藏在一个大无敌超市里。万不得已的话，我们就打到他说出真相为止。'
QuestLoc_TheRiteofSpraying_Conversation_1_NPCEnd_2	高 | '他们不停地说我们应该高兴“复活节”的到来。不知道那意味着什么。'
QuestLoc_TheRiteofSpraying_Conversation_1_NPCStart_1	非 | '非常感谢你帮助我们，我们真的很感激！'
QuestLoc_TheRiteofSpraying_QuestLongDescription	附查 | '我们收到关于附近的定居者被身份不明的袭击者随机喷洒放射性材料的报告。我们应该给这些定居者送些消辐宁，并查明这些袭击的更多信息。'
QuestLoc_TheRiteofSpraying_QuestShortDescription	查 | '调查放射性喷射事件。'
QuestLoc_TheRoadtoVaultopolis_Conversation_1_NPCStart_1	雷 | '哈喽，你们好呀！我是监督者阿尔瓦雷茨。让我猜猜……'
QuestLoc_TheRoadtoVaultopolis_Conversation_1_NPCStart_2	里 | '你们来这里是为了找避难所大都会，和宝拉女士一样。'
QuestLoc_TheRoadtoVaultopolis_QuestLongDescription	里金 | '核电站里一个友好的尸鬼告诉我们宝拉·普朗布金还在继续寻找大都会。她去了813号避难所，我们赶紧跟上吧。'
QuestLoc_TheRoadtoVaultopolis_QuestObjective_1	金 | '前往813号避难所寻找宝拉·普朗布金。'
QuestLoc_TheRoadtoVaultopolis_QuestShortDescription	金 | '前往813号避难所寻找宝拉·普朗布金。'
QuestLoc_TheScenicRoute_Conversation_1_NPCEnd_2	里 | '这里……安全？哦，我想说……谢谢。'
QuestLoc_TheScenicRoute_Conversation_1_Team_1	里 | '你应该去避难所。那里更安全。'
QuestLoc_TheScenicRoute_QuestLongDescription	零零里面 | '一位眼尖的探险者发现了一处孤零零的小屋。看上去像是，有人，或者有东西藏在里面。'
QuestLoc_TheScenicRoute_QuestLongDescription_LA	里面 | '一位眼尖的废土探险家在远处发现了一个孤立的前哨。看来里面潜伏着什么人或什么生物。'
QuestLoc_TheScenicRoute_QuestShortDescription	里 | '谁，或什么，会躲在那间小屋里？只有一个方法可以知道了……'
QuestLoc_TheScenicRoute_QuestShortDescription_LA	里 | '哨站里潜伏着什么人或是什么生物？只有一个办法能找出答案……'
QuestLoc_TheSecretofREDACTED_Conversation_1_NPCEnd_3	需 | '嘘，小声点……给，你需要这个。北极光神殿教！'
QuestLoc_TheSecretofREDACTED_Conversation_1_NPCStart_2	需 | '你需要帮助吗？你迷路了吗？'
QuestLoc_TheSecretofREDACTED_Conversation_1_Team_2	里 | '我们在找莫里。'
QuestLoc_TheSecretofREDACTED_Conversation_1_Team_3	里 | '我们在这里是因为[REDACTED]。'
QuestLoc_TheSecretofREDACTED_Conversation_2_NPCStart_1	里 | '对不起，我觉得你不该在这里。'
QuestLoc_TheSecretofREDACTED_Conversation_2_NPCStart_3	除非 | '除非你有钥匙，否则我们就杀了你。'
QuestLoc_TheSecretofREDACTED_Conversation_3_NPCEnd_2	需重 | '那这是我听到的最深刻的事情。去吧，我需要重新评估一切。'
QuestLoc_TheSecretofREDACTED_Conversation_4_NPCStart_1	里 | '嘘……居民，在这里！'
QuestLoc_TheSecretofREDACTED_Conversation_4_NPCStart_2	里 | '是我，莫里！走近一点，这样我就能分享[REDACTED]的秘密。'
QuestLoc_TheSecretofREDACTED_QuestLongDescription	高里里 | '你要保密，我们的一个高级特工，代号莫里，联系过我们，他说他发现了一个巨大的阴谋，影响深远。到322号避难所去听莫里的大故事！'
QuestLoc_TheShadowWolf_Conversation_1_NPCStart_3	里 | '他住在那个工厂里，训练它的“小可爱”们。那个疯子把它们当自己的孩子。不要期待他脑子会正常。'
QuestLoc_TheSixthSun_Conversation_1_NPCStart_1	里 | '避难所居民们！这里没你们什么事！'
QuestLoc_TheSixthSun_Conversation_2_NPCEnd_3	里 | '他要我们把他从教友手里救出来，那些人想杀他。'
QuestLoc_TheSixthSun_Conversation_3_NPCStart_2	阻 | '你必须阻止神父阿尔瓦拉多的计划，在复活节到来之前。'
QuestLoc_TheSixthSun_QuestLongDescription	附 | '我们认为失踪的教会见习信徒威尔修士可能被附近一帮掠夺者绑架了。'
QuestLoc_TheSpiritofTaking_Conversation_1_NPCEnd_2	里 | '真的吗？谢谢！我一直都很想住在避难所里。'
QuestLoc_TheSpiritofTaking_Conversation_1_NPCStart_4	里 | '如果你们能找到它，它归你们了。我只想离开这里！'
QuestLoc_TheSpiritofTaking_Conversation_2_NPCEnd_1	里 | '哦……好的！拿去吧！趁我改变主意之前赶紧离开这里。'
QuestLoc_TheSpiritofTaking_Conversation_2_Team_2	陪 | '如果你们想打的话，我们乐意奉陪！'
QuestLoc_TheSpiritofTaking_RaiderLine_1	品 | '哦，太棒了！你们给我们带来了更多的战利品！'
QuestLoc_TheSpiritofTaking_RaiderLine_2	品 | '在找我们偷走的那些战利品吗？要不要来点热子弹啊？'
QuestLoc_TheSpreadingBlight_Conversation_1_NPCEnd_1	需 | '你必须得问他们——我们需要种上新的作物！'
QuestLoc_TheSpreadingBlight_Conversation_1_NPCStart_3	里 | '一个研究所里的一群人认为这可能不是单纯的虫灾。一定有其他的原因……'
QuestLoc_TheSpreadingBlight_QuestLongDescription	里 | '我们从农夫嘴里了解到不止一个地方遭遇了红果枯萎——废土上的很多农场都没能幸免！'
QuestLoc_TheSpreadingBlight_QuestShortDescription	面 | '和另一群受到红果枯萎灾害影响的农民见面。'
QuestLoc_TheTailContinues_Conversation_1_Team_1	里 | '不是吧，你知道他们去哪里了吗？'
QuestLoc_TheThinlyVeiledPlotThickens_Conversation_1_NPCEnd_1	里 | '他拜访完罗伯科工厂的定居者之后，来到了这里搜刮物资和宝物并带回给编辑。'
QuestLoc_TheThinlyVeiledPlotThickens_Conversation_1_NPCStart_1	里 | '就在破晓之前……他们不知道从哪里冒出来的。'
QuestLoc_TheThinlyVeiledPlotThickens_Conversation_1_NPCStart_2	金 | '每个人都死了。每个人。这不应该啊，我们的安保系统固若金汤！'
QuestLoc_TheThinlyVeiledPlotThickens_Conversation_1_Team_2	里 | '你知道号角报的办公室在哪里吗？'
QuestLoc_TheThinlyVeiledPlotThickens_QuestName	重重 | '迷雾重重'
QuestLoc_TheToweringIlForno_Conversation_1_Team_2	里 | '我们在这里取回绝密的烹饪文件。'
QuestLoc_TheToweringIlForno_Conversation_2_Team_2	里 | '我很确定我们的厨师把我们送到这里来是为了杀了我们。'
QuestLoc_TheToweringIlForno_Conversation_2_Team_3	餐 | '我们愿为美餐而死。'
QuestLoc_TheToweringIlForno_QuestLongDescription	食面需高里 | '至少可以这么说，这死爪牛排有点老。厨师有点失落，想做他最爱的慰藉美食——千层面。不幸的是，掠夺者偷了他的秘密酱汁的配方，我们需从他们的高耸的巢穴里找回它。'
QuestLoc_TheToweringIlForno_QuestName	高 | '高楼大厦'
QuestLoc_TheToweringIlForno_RaiderLine_1	品 | '第五楼：家居用品，女士内衣，辐射蝎……'
QuestLoc_TheToweringIlForno_RaiderLine_2	高 | '这幢大楼有多高？'
QuestLoc_TheToweringIlForno_RaiderLine_3	面 | '那份千层面最好超级好吃！'
QuestLoc_TheVaultTecVantage_Conversation_1_NPCStart_4	里 | '但525号避难所究竟在哪儿？！宝拉在那里吗？我们必须得继续找！'
QuestLoc_TheVaultTecVantage_QuestLongDescription	雷 | '813号避难所监督者阿尔瓦雷茨告诉我们和告诉宝拉同样的事 - 去避难所科技的办公室找到关于大都会的信息！'
QuestLoc_TheVaultTecVantage_RaiderLine_1	里 | '你们这些人来这里，想翻个底朝天？没门儿！赶紧滚远点！'
QuestLoc_TheYolksonYou_Conversation_1_NPCStart_1	里 | '你能在这里做什么啊？'
QuestLoc_TheYolksonYou_Conversation_1_NPCStart_3	里 | '我想我应该是留下的人里唯一活着的。'
QuestLoc_TheYolksonYou_Conversation_1_Team_1	里 | '我们来这里不是为了别的，而是为了辐射蝎蛋。'
QuestLoc_TheYolksonYou_Conversation_2_NPCStart_3	非 | '这些东西非常具有攻击性而且带着辐射。就……很糟糕。'
QuestLoc_TheYolksonYou_QuestLongDescription	里里 | '大厨对你死里逃生的能力表示惊讶。他想用辐射蝎蛋卷来庆祝。923号避难所最近被这些生物侵占了，不妨就从那里开始吧。'
QuestLoc_TheYolksonYou_RaiderLine_3	里 | '我们瞬间就能搞定这里！'
QuestLoc_TheresnoCryinginBaseball_Conversation_1_NPCStart_1	里 | '该死的！棒球衫不在这里。继续搜索！'
QuestLoc_TheresnoCryinginBaseball_QuestLongDescription	金 | '有一家旧的“五金小镇”商店我们还没去看过。'
QuestLoc_ThirdandGoal_Conversation_2_Team_1	附里 | '这附近有一个避难所。你去那里比较安全。'
QuestLoc_ThirdandGoal_QuestLongDescription	里 | '你已经知道被绑架的定居者在“总裁”那里。是时候终结这个足球怪人的“超级杯”比赛了！'
QuestLoc_ThisGoldenRing_Conversation_1_NPCEnd_1	量 | '什么？不，这只是一箱六瓶装的量子核子可乐！'
QuestLoc_ThisGoldenRing_Conversation_1_NPCStart_2	品 | '他们想要我们的奖品！'
QuestLoc_ThisGoldenRing_Conversation_1_Team_1	品金首 | '“奖品”不会是某种黄金首饰吗？'
QuestLoc_ThisGoldenRing_Conversation_1_Team_2	品金 | '我不想要你的“奖品”，不管它是什么。我在找金子。'
QuestLoc_ThisGoldenRing_QuestLongDescription	需附里 | '空气中弥漫着爱意，就像放射性尘埃——一旦进入体内就再也出不来！我们现在需要的是一枚戒指来求婚。在附近的废弃建筑里说不定能找到一些战前珠宝。'
QuestLoc_ThisGoldenRing_QuestName	金 | '这枚金戒指'
QuestLoc_ThisGoldenRing_QuestObjective_1	金品 | '找到任何黄金做的物品。'
QuestLoc_ThrowMeSomePepper_Conversation_1_NPCStart_2	里 | '你来这里是为了去死的，对吧？！'
QuestLoc_ThymeisMoney_Conversation_1_NPCEnd_2	香 | '你得了，小茴香。'
QuestLoc_ThymeisMoney_Conversation_1_NPCEnd_3	高 | '小心点，我才不高兴惹傻瓜呢。'
QuestLoc_ThymeisMoney_Conversation_1_NPCStart_2	香面 | '罗勒，迷迭香，把这些家伙挡在外面(离开)。'
QuestLoc_ThymeisMoney_Conversation_1_Team_2	里香 | '双关语太多，百里香太少。'
QuestLoc_ThymeisMoney_Conversation_1_Team_3	香 | '像你这样的大茴香姑娘在这样的地方干什么？'
QuestLoc_ThymeisMoney_QuestLongDescription	附里香 | '好吧，你要找原料的话，大无敌超市不是个啥好去处。但是这回，我们肯定能在附近的一座建筑里找到一些香料！ 厨师相信那些掠夺者会把它们交出来……'
QuestLoc_ThymeisMoney_QuestName	里香 | '珍贵的百里香'
QuestLoc_ThymeisMoney_QuestObjective_1	香 | '找到香料。'
QuestLoc_ThymeisMoney_QuestObjective_2	除首 | '除掉掠夺者首领。'
QuestLoc_ThymeisMoney_QuestShortDescription	里香 | '从一伙掠夺者那里偷点香料。'
QuestLoc_TimetoWakeUp_Conversation_1_NPCEnd_1	里 | '耶！团队作战！来，我会把我在这里找的一些瓶盖分给你们。'
QuestLoc_TimetoWakeUp_Conversation_1_NPCEnd_2	里 | '哦，在这里。不容易啊，谢谢啦！'
QuestLoc_TimetoWakeUp_Conversation_1_NPCStart_1	里 | '嘿！等等，你来这里也是为了那个愚蠢的闹钟吗？'
QuestLoc_TimetoWakeUp_Conversation_1_NPCStart_2	附 | '我在附近露营，那些声音要把我逼疯了！'
QuestLoc_TimetoWakeUp_Conversation_1_Team_2	查面 | '一定有个开关能把它关上。你们有检查过它的后面吗？'
QuestLoc_TimetoWakeUp_QuestLongDescription	里 | '有人犯了个错误，激活了距离避难所不远的一幢建筑里的“叫早大师”原型闹钟。现在这个闹钟叫个不停，吵得每个人都睡不着。'
QuestLoc_ToGrandmothersHouseWeGo_Conversation_1_NPCEnd_2	里面 | '你们走吧，希望里面有什么好东西！'
QuestLoc_ToGrandmothersHouseWeGo_Conversation_1_NPCStart_2	香 | '更糟糕的是，我们带的南瓜派的香气好像吸引了废土上所有怪物的注意力！'
QuestLoc_ToGrandmothersHouseWeGo_Conversation_1_NPCStart_4	餐 | '或者你们更愿意要这些我们找到的午餐盒吗？'
QuestLoc_ToGrandmothersHouseWeGo_Conversation_1_Team_2	餐 | '午餐盒听起来不错！谢谢！'
QuestLoc_ToGrandmothersHouseWeGo_QuestLongDescription	附里 | '一位住在你们避难所附近的老妇人正期待着节日里的拜访者，但客人们还没有到，她担心他们出事了！'
QuestLoc_Tonics_Answer01_NPC01	需 | '哦！幸好你找到了我！我得和你一起去看看到底需要什么药。你有瓶盖吗？'
QuestLoc_Tonics_Answer01_NPC02	里 | '哦，不！那我们还站在这里干什么？拿上我的东西，快走吧！'
QuestLoc_Tonics_Answer01_PC01	面需 | '有人受伤了，在后面的垃圾镇。我们需要很多药。'
QuestLoc_Tonics_QuestLongDescription	需品附 | '菲利镇的居民急需药品。有传言说附近有一位旅行药物商人。你应该很容易就能找到他。'
QuestLoc_TooGoodtobeTrue_QuestLongDescription	里里 | '废弃的避难所里有许多物资？那里现在是死爪的领地了。没人知道死爪是怎么进去的，但想拿到物资储备肯定先得对付它，是时候拿出杀手锏了。'
QuestLoc_ToySoldiers_QuestLongDescription	里 | '一个居民告诉我“麦克森硬汉小队”去了威尔逊原子玩具厂。我下一站就去那里。'
QuestLoc_TruthAmongtheAshes_Conversation_1_NPCStart_2	金 | '来了一位有趣的客人 - 宝拉·普朗布金。奇怪的名字，但人还不错。'
QuestLoc_TruthAmongtheAshes_Conversation_1_NPCStart_3	里 | '她准备去909号避难所，但我告诉她，那里已经被占领了。'
QuestLoc_TruthAmongtheAshes_QuestLongDescription	里金 | '333号避难所遭到了抢劫，但那里也许有关于宝拉·普朗布金去向的线索！'
QuestLoc_TruthAmongtheAshes_QuestName	里 | '灰烬里的真相'
QuestLoc_TruthAmongtheAshes_QuestShortDescription	金 | '前往333号避难所寻找关于宝拉·普朗布金下落的线索。'
QuestLoc_UndercoverOperations_Conversation_1_NPCStart_2	里防 | '我们在这里守住防线，确保那些僵尸出不来。'
QuestLoc_UndercoverOperations_Conversation_1_NPCStart_3	需里 | '但我们需要你到那里去斩断这次袭击。'
QuestLoc_UndercoverOperations_QuestLongDescription	需阻需 | '一个地下军事基地遭到攻击，召唤他们所有的废土巡逻前去帮忙。难道又是“害虫”吗？我们需要阻止他们！但我们需要军装来通过他们的巡逻并进入基地……'
QuestLoc_UndercoverOperations_QuestObjective_1	阻 | '阻止对军事基地的进攻。'
QuestLoc_UndercoverOperations_QuestShortDescription	阻 | '潜入军事基地阻止“害虫”袭击！'
QuestLoc_UninvitedGuests_Conversation_1_NPCEnd_1	里餐 | '这里有晚餐，猜猜谁会出现在今晚的菜单上！'
QuestLoc_UninvitedGuests_Conversation_1_NPCEnd_2	里 | '我想我们一直都可以把“居民”放在菜单里！'
QuestLoc_UninvitedGuests_Conversation_1_Team_1	里 | '这里发生了什么？'
QuestLoc_UninvitedGuests_QuestLongDescription	查 | '你在废土上发现了一个小屋。去调查一下吧！'
QuestLoc_Vault199_Conversation_1_NPCEnd_1	里首 | '这里没有狗。试试他们的姐妹避难所吧：899号。他们更经典。但首先，拿着这个吧，当做是我们的感谢。'
QuestLoc_Vault199_Conversation_1_NPCStart_1	里 | '你们及时赶到了这里！我们完全没有料到……这种灾害。'
QuestLoc_Vault199_Conversation_1_Team_1	里 | '有只叫做比格斯比的狗来过这里？'
QuestLoc_Vault199_QuestLongDescription	里 | '掠夺者有提到比格斯比可能逃到了199号避难所。我应该帮你问问。但愿它在居民那里。'
QuestLoc_Vault789_Conversation_1_Team_1	面 | '在外面的时候我发现了一则旧广告。'
QuestLoc_Vault789_QuestLongDescription	查 | '外出探险时，居民中的一员发现了一则给789号避难所的旧广告。去查看一下吧！'
QuestLoc_VaultTecExperimentReviewA_Conversation_1_NPCStart_2	里 | '这个避难所里只剩下鬼了！'
QuestLoc_VaultTecExperimentReviewA_Conversation_2_NPCEnd_1	骨 | '真是毛骨悚然！这奖励，给你们。'
QuestLoc_VaultTecExperimentReviewA_Conversation_2_NPCEnd_2	非 | '非常让人心惊胆战，但还不够！去死吧！'
QuestLoc_VaultTecExperimentReviewA_Conversation_2_NPCStart_1	里 | '恐怖才是这个避难所里唯一的通行证。'
QuestLoc_VaultTecExperimentReviewA_Conversation_3_NPCStart_2	里 | '我们用恐怖来做交易。恐怖在这里比瓶盖值钱。'
QuestLoc_VaultTecExperimentReviewA_Conversation_3_NPCStart_3	品 | '但是我们明白其他的避难所会用不那么恐怖的物品做交易。'
QuestLoc_VaultTecExperimentReviewA_Conversation_3_Team_2	需 | '我们需要一些吓人的衣服。'
QuestLoc_VaultTecExperimentReviewA_Conversation_3_Team_3	需 | '你是说你们不需要瓶盖是么？我们很乐意拿走你们所有的瓶盖！'
QuestLoc_VaultTecExperimentReviewA_Conversation_3_Team_4	里 | '这个避难所里有没有什么厉害的杂物可供打造吗？'
QuestLoc_VaultTecExperimentReviewB_Conversation_1_NPCEnd_1	高 | '这可是高级机密。记住，我们从没说过话！'
QuestLoc_VaultTecExperimentReviewB_Conversation_1_NPCEnd_2	面 | '是的！现在拿着这个行李箱。记住，这次见面从未发生……'
QuestLoc_VaultTecExperimentReviewB_Conversation_1_NPCStart_3	重 | '我们无比珍贵，无比重要的秘密。'
QuestLoc_VaultTecExperimentReviewB_Conversation_1_Team_2	里 | '别担心，我们会保守秘密的。我们从未来过这里。'
QuestLoc_VaultTecExperimentReviewB_Conversation_2_NPCEnd_1	面 | '很好，你现在是我们的双面间谍了！'
QuestLoc_VaultTecExperimentReviewB_Conversation_3_NPCStart_2	里 | '我是监督者，是这个避难所里的王牌间谍。'
QuestLoc_VaultTecExperimentReviewB_Conversation_3_NPCStart_3	品 | '我们用秘密来做交易！但我们也很乐意给你们一些物品。'
QuestLoc_VaultTecExperimentReviewB_Conversation_3_Team_4	需 | '我们有一些秘密的打造活动，需要一些杂物。'
QuestLoc_VaultTecExperimentReviewC_Conversation_1_NPCStart_2	里 | '你们来这里是为了和我们的王国通商吗？'
QuestLoc_VaultTecExperimentReviewC_Conversation_2_NPCStart_1	里 | '在这里，骑士精神才是王道。'
QuestLoc_VaultTecExperimentReviewC_Conversation_2_NPCStart_3	里 | '你们能发誓在我们的城堡里活动的时候，能做到这几点吗？'
QuestLoc_VaultTecExperimentReviewC_Conversation_2_Team_2	里里 | '号外：你们在避难所里，不是城堡里！'
QuestLoc_VaultTecExperimentReviewC_Conversation_2_Team_3	里 | '我们这里有你们要的骑士精神！过来拿呀！'
QuestLoc_VaultTecExperimentReviewC_Conversation_3_NPCEnd_3	里 | '城堡里的财富都是你们的。'
QuestLoc_VaultTecExperimentReviewC_Conversation_3_Team_4	里 | '你们的国土里有没有什么可供打造的杂物吗？'
QuestLoc_VaultTecExperimentReviewD_Conversation_1_NPCEnd_1	里里 | '加里！加里！'
QuestLoc_VaultTecExperimentReviewD_Conversation_1_NPCEnd_2	里 | '加里！'
QuestLoc_VaultTecExperimentReviewD_Conversation_1_NPCEnd_3	里 | '加里！'
QuestLoc_VaultTecExperimentReviewD_Conversation_1_NPCStart_1	里里 | '加里？加里！'
QuestLoc_VaultTecExperimentReviewD_Conversation_1_Team_2	里里里 | '呃……加里？加里，加里？'
QuestLoc_VaultTecExperimentReviewD_Conversation_1_Team_3	里 | '没有人敢叫我们加里！给我上！'
QuestLoc_VaultTecExperimentReviewD_Conversation_2_NPCEnd_1	里 | '加里！'
QuestLoc_VaultTecExperimentReviewD_Conversation_2_NPCEnd_2	里 | '加里！'
QuestLoc_VaultTecExperimentReviewD_Conversation_2_NPCEnd_3	里 | '加里！'
QuestLoc_VaultTecExperimentReviewD_Conversation_2_NPCStart_1	里里里里 | '加里！加里加里加里！'
QuestLoc_VaultTecExperimentReviewD_Conversation_2_Team_1	里 | '我们知道答案。就是加里。'
QuestLoc_VaultTecExperimentReviewD_Conversation_3_NPCEnd_1	里 | '加里！'
QuestLoc_VaultTecExperimentReviewD_Conversation_3_NPCEnd_2	里 | '加里！'
QuestLoc_VaultTecExperimentReviewD_Conversation_3_NPCEnd_3	里 | '加里！'
QuestLoc_VaultTecExperimentReviewD_Conversation_3_NPCEnd_4	里 | '加里！'
QuestLoc_VaultTecExperimentReviewD_Conversation_3_NPCStart_1	里里里 | '加里！加里加里！'
QuestLoc_VaultTecExperimentReviewE_Conversation_3_NPCEnd_3	金 | '行啊，你们把现金拿走吧。'
QuestLoc_VaultTecExperimentReviewE_Conversation_3_NPCEnd_4	高 | '嘿，我很高兴有人喜欢这个！'
QuestLoc_VaultTecExperimentReviewF_Conversation_1_NPCEnd_3	面 | '不留情面！'
QuestLoc_VaultTecExperimentReviewF_Conversation_2_NPCStart_1	里 | '这个避难所里的所有分歧都是通过摔跤解决的！'
QuestLoc_VaultTecExperimentReviewF_Conversation_2_NPCStart_2	需 | '你们想留下来的话，会需要一些帅气的艺名！'
QuestLoc_VaultTecExperimentReviewF_Conversation_2_Team_2	除 | '我们的队名是……“除了我们都是白痴”。'
QuestLoc_VaultTecExperimentReviewF_Conversation_3_NPCEnd_1	里 | '武器在这里已经被禁止了。不过你们想要的话，拿去吧！'
QuestLoc_VaultTecExperimentReviewF_Conversation_3_NPCStart_1	重量 | '我毫无疑问就是重量级比赛的冠军！'
QuestLoc_VaultTecExperimentReviewF_Conversation_3_NPCStart_2	首 | '作为避难所的监督者，所有人都唯我马首是瞻！'
QuestLoc_VaultTecExperimentReviewF_Conversation_3_NPCStart_3	里 | '我来这里就是为了回馈我的粉丝们！'
QuestLoc_VaultTecExperimentReview_QuestLongDescription	查 | '避难所科技想要你去查看一些……我们在其他避难所做的实验。'
QuestLoc_VaultTecExperimentReview_QuestShortDescription	查 | '查看其他避难所的实验。'
QuestLoc_VaultopolisAwaits_QuestLongDescription	金 | '宝拉·普朗布金到头来其实是一个邪恶的掠夺者。但至少她告诉了我们525号避难所的位置。'
QuestLoc_WalkofShame_Conversation_1_NPCEnd_1	里 | '他们往西边去了— 他们可能已经离开了红火箭。从这往北一英里。'
QuestLoc_WalkofShame_Conversation_1_Team_1	里 | '他不是你的丈夫，他是我们的朋友。奴隶贩子们去哪里了？'
QuestLoc_WalkofShame_QuestLongDescription	里首 | '我猜我们把杰克卖了换了个宠物，或者杰克把自己卖了或者其他什么鬼。但是他最后居然和一个住在洞穴里名叫凯拉的掠夺者首领结了婚……'
QuestLoc_WalkofShame_QuestObjective_1	首 | '找到掠夺者首领凯拉。'
QuestLoc_WaroftheNerds_Conversation_1_NPCStart_2	品 | '这些呆子们都快因为这些愚蠢的作品开始互相射击了！'
QuestLoc_WaroftheNerds_Conversation_2_NPCEnd_1	重 | '正确！让我们放松，来重温下经典的剧情。'
QuestLoc_WaroftheNerds_Conversation_2_NPCEnd_2	重 | '你撒谎！你还会用什么来重新调整超光速流极性？'
QuestLoc_WaroftheNerds_Conversation_3_NPCEnd_1	量 | '你忘了我们还有能量弯刀！噗克嘶嘶轰……呜嗡……呜嗡……'
QuestLoc_WaroftheNerds_Conversation_3_NPCStart_1	里 | '你好，我是协和会的卡里参议员。'
QuestLoc_WaroftheNerds_Conversation_3_NPCStart_2	非 | '欢迎来到我们非常遥远的星云。'
QuestLoc_WaroftheNerds_Conversation_3_NPCStart_3	量 | '宇宙能量向我们预示了你们的到来。'
QuestLoc_WaroftheNerds_QuestLongDescription	附需 | '我们刚刚收到消息说附近的避难所陷入了混乱。似乎那些战前科幻小说的粉丝们已经为哪部最好大打出手了。我们需要派一支队伍去安抚避难所！'
QuestLoc_WaroftheNerds_RaiderLine_2	量 | '愿宇宙能量指引你前进！'
QuestLoc_WastelandDoctoring_Conversation_1_NPCStart_2	里 | '我把这里所有的病人和受伤者都召集在一起了。你们能帮帮我们吗？'
QuestLoc_WastelandDoctoring_QuestLongDescription	需 | '我们收到了一个无线电信号。邻近的一个定居点有许多生病和受伤的人需要帮助！'
QuestLoc_WastelandGetaway_QuestLongDescription	里面 | '你在废土探险时发现了一个小而隐蔽的小屋。也许你该看看里面有什么。'
QuestLoc_WastelandTheMusical_Conversation_1_NPCStart_1	里 | '♪ 就是现在，我站在这里！ ♪ 第一个任务，多么气派！ ♪\n♪ 被派往那片废土！♪'
QuestLoc_WastelandTheMusical_Conversation_2_NPCEnd_1	附 | '♪ 别担心，我们都没事 ♪\n♪ 我们就在附近！♪'
QuestLoc_WastelandTheMusical_Conversation_2_NPCStart_4	里 | '♪ 如果你觉得自己不属于这里 ♪\n♪ 就来加入兄弟会吧！♪'
QuestLoc_WastelandTheMusical_Conversation_4_NPCEnd_2	面 | '♪ 你终将在原子面前现身 ♪\n♪ 升天之时，替我向他问好！♪'
QuestLoc_WastelandTheMusical_Conversation_4_NPCStart_2	阻 | '♪ 原子的爱，你无法阻止 ♪\n♪ 所以别哀叹，快忏悔！♪'
QuestLoc_WastelandTheMusical_Conversation_6_NPCEnd_1	品 | '♪ 科学多么奇妙！♪ 让我们伟大又强大！♪\n♪ 绝不接受替-代-品！♪'
QuestLoc_WastelandTheMusical_Conversation_6_NPCStart_1	里里院 | '♪ 别介意，我们不在那里 ♪ 我们也不在这里，不在任何地方 ♪\n♪ 我们是学-院！♪'
QuestLoc_WastelandTheMusical_Conversation_6_NPCStart_2	重 | '♪ 我们的计划在暗中推进 ♪ 人类重塑，千真万确！♪\n♪ 恐惧无法计-算！♪'
QuestLoc_WastelandTheMusical_Conversation_6_NPCStart_4	里院 | '♪ 同时我们会蛰伏 ♪ 在我们隐蔽的地下基地里。♪\n♪ 向学-院致敬！♪'
QuestLoc_WastelandTheMusical_Conversation_8_NPCStart_3	面 | '♪ 我想这不怪任何人 ♪ 我只属于避难所 ♪\n♪ 而不是外面的废土。♪'
QuestLoc_WastelandTheMusical_QuestLongDescription	高 | '一对会唱歌的掠夺者用高水准的音乐节目在废土上散播恐怖。我们得让这些音乐暴徒谢幕！'
QuestLoc_WastelandTheMusical_QuestObjective_1	阻 | '阻止歌唱的掠夺者。'
QuestLoc_WaterintoBrine_Conversation_1_NPCEnd_1	首 | '告诉你，有些掠夺者给我们脸色看了。打倒他们的首领，我们就告诉你。成交吗？'
QuestLoc_WaterintoBrine_Conversation_1_NPCStart_1	品 | '是的，我们遇到了水之术士，我们买了他的……产品。'
QuestLoc_WaterintoBrine_QuestLongDescription	需 | '“神奇”水真的有效还是完全假的？我们需要追踪这个水之术士，看看他是不是真正的商人还是卖大力丸的骗子。'
QuestLoc_WeddingCrashers_QuestObjective_1	阻 | '阻止婚礼。'
QuestLoc_WeddingCrashers_RaiderLine_2	需里 | '你是新郎的熟人还是新娘的熟人？需要知道把你们埋在哪个坑里、'
QuestLoc_WeddingCrashers_RaiderLine_4	品 | '我忘记带礼物了。也许这些家伙身上会有些什么不错的战利品可以让我拿来当礼物……'
QuestLoc_WelcometoParadise_QuestLongDescription	里 | '我们已经发现了通往242号避难所的地图，这个避难所里的“居民”不是人类而是各种生物。我该跟着地图然后解开关于这个避难所的秘密。'
QuestLoc_WereBatting1000_Conversation_1_NPCStart_1	里 | '这里还是没有棒球衫。'
QuestLoc_WereBatting1000_QuestLongDescription	面 | '教练还在外面，某个地方。看着，嘲笑着我们。当我们找到他的时候，我们就能找到罗基·杰宾森的棒球衫了！'
QuestLoc_WhackaMole_QuestLongDescription	附 | '现在大维斯要你杀掉一只鼹鼠巢母，但有个附加条件：你只能用手枪。祝你能用那些手枪打穿鼹鼠皮吧！'
QuestLoc_WhenLifeThrowsYouaCurveball_QuestLongDescription	里 | '教练不在威尔逊原子玩具厂，但是也许他在麦登健身房里锻炼！'
QuestLoc_WhenPrestonCalls_Conversation_1_Team_1	里 | '他有说他去哪里了吗？'
QuestLoc_WhenPrestonCalls_QuestLongDescription	里雷 | '一群定居者被困在鼹鼠巢穴里。据说他们有关于普雷斯顿·加维的消息。快去帮他们脱困吧！'
QuestLoc_WhenPrestonCalls_QuestName	雷 | '普雷斯顿的呼救'
QuestLoc_WhenPrestonCalls_QuestShortDescription	雷 | '找到更多关于普雷斯顿的消息。'
QuestLoc_WhosCarvingtheTurkey_Conversation_1_Team_3	里 | '我来这里是为了蔓越莓酱的。'
QuestLoc_WhosonFirst_QuestLongDescription	里 | '亨丽埃塔是教练的前女友。她不知道他在哪里，但她给了一个很赞的武器来帮助你拿下他。继续寻找吧！'
QuestLoc_WithFriendsLikeThese_QuestLongDescription	金附 | '我们找到了一条赎金字条，落款是掠夺者头目威拉德·格洛弗。他说他抓了一个定居者，把人带到了附近的可伟佳装配厂。'
QuestLoc_WondersofNature_QuestLongDescription	附 | '著名科学家欧拓凡霍夫伯格就在附近，正在研究辐射蝎的交配习惯，请确保他的安全。'
QuestLoc_WondersofScience_Conversation_1_NPCStart_4	量 | '量子核子可乐！'
QuestLoc_WondersofScience_QuestLongDescription	附 | '著名科学家欧拓凡霍夫伯格就在附近，正在研究现代社会永葆青春的方法。找到他，看看他有什么发现。'
QuestLoc_WondersofScience_QuestShortDescription	重 | '霍夫伯格博士背负着探索知识和冒险的重任！'
QuestLoc_WondersofTechnology_QuestLongDescription	附 | '著名科学家欧拓凡霍夫伯格就在附近，正在研究可以探索太空的巧手先生，去看看他的进展吧！'
QuestLoc_WondersofTechnology_QuestShortDescription	重 | '霍夫伯格博士背负着探索知识和冒险的重任！'
QuestLoc_WorkingOvertime_Conversation_1_NPCStart_3	里 | '鲁巴布的掠夺者们来到这里，拿枪扫射。他们击穿了反应器！'
QuestLoc_WorkingOvertime_Conversation_1_NPCStart_4	里面 | '现在里面的每个人都变成狂尸鬼了！'
QuestLoc_WorkingOvertime_Conversation_1_Team_3	除 | '清除尸鬼不是问题。但代价……'
QuestLoc_WorkingOvertime_QuestLongDescription	里 | '目击者称鲁巴布和他的掠夺者们最近出现在700号避难所。最好去那里看看！'
QuestLoc_WorkingOvertime_QuestObjective_1	查 | '调查700号避难所。'
QuestLoc_WorkingOvertime_QuestShortDescription	查 | '调查700号避难所去看看鲁巴布的掠夺者们想干什么。'
QuestLoc_WorstCoachEver_QuestLongDescription	里 | '铅笔厂里也没有。但我们并不气馁。棒球衫一定是我们的！我们去“虎不理漫画”漫画店看看吧。'
QuestReward_LunchBox	餐 | '午餐盒'
QuestTitle_SpoilsofWar[PL]	品 | '战利品 [PL]'
Quest_Dialog_1_2	首 | '你一定在找首领。'
Quest_Dialog_1_4	里 | '不要惹我们，我们就告诉你他在哪里。'
Rarity_VeryRare_Title	非 | '非常稀有'
RateUS_text2	需 | '我们需要你！'
RecipeLoot_Duplicate	重 | '重复的！'
Resource_Food	食 | '{0}食物'
Resources_Not_Collected	品 | '必须先收集居民的物品'
RichPresence_Xbox_06	阻 | '阻止掠夺者'
RichPresence_Xbox_07	阻 | '阻止辐射蟑螂事件'
RichPresence_Xbox_09	里 | '在{1}避难所里管理{0}位居民'
RichPresence_Xbox_10	里 | '在避难所里管理居民'
RoomLevel_Advanced	高 | '高级'
RoomType_Consumable	品 | '消耗品'
RoomType_Consumable_Description	品 | '消耗品说明……'
Room_Armory_Desc	里 | '将居民分配在这里训练观察力'
Room_Bar_Desc	里 | '将居民分配在这里训练魅力'
Room_BarberShop_Desc	里需 | '将居民分配在这里来满足个性化需求'
Room_Cafeteria	餐 | '餐厅'
Room_Cafeteria_2	餐 | '餐馆'
Room_Cafeteria_3	餐 | '自助餐厅'
Room_Cafeteria_Build	餐 | '建造一个餐厅？'
Room_Cafeteria_Desc	里食 | '将居民分配在这里生产食物'
Room_Casino_Desc	里 | '将居民分配在这里训练运气'
Room_ClassRoom_3	院 | '学院'
Room_ClassRoom_Desc	里 | '将居民分配在这里训练智力'
Room_DecorationFactory_Desc	里品 | '将居民分配在这里打造装饰品'
Room_DecorationFactory_Upgrade_Level2	品 | '打造稀有装饰品'
Room_DecorationFactory_Upgrade_Level3	品 | '打造传奇装饰品'
Room_DesignFactory_Desc	里 | '将居民分配到这里来打造主题。'
Room_Dojo_Desc	里 | '将居民分配在这里训练敏捷'
Room_Elevator_Desc	里 | '用来进入到避难所里更低的楼层'
Room_Energy2_2	高 | '高级核电站'
Room_Energy2_Desc	里 | '将居民分配在这里生产电力'
Room_Geothermal_Desc	里 | '将居民分配在这里生产电力'
Room_Gym	重 | '举重房'
Room_Gym_3	量 | '力量训练中心'
Room_Gym_Build	重 | '建造一个举重房？'
Room_Gym_Desc	里量 | '将居民分配在这里训练他们的力量'
Room_HydroponicFarm_Desc	里食 | '将居民分配在这里生产食物'
Room_LivingQuarter_Desc	量 | '增加您可以拥有的居民数量\n还可以让居民繁育后代'
Room_Mausoleum_Desc	里 | '将居民分配在这里照顾逝者并赚取瓶盖。'
Room_MedBay_3	院 | '医院'
Room_MedBay_Desc	里 | '将居民分配在这里生产治疗针。'
Room_NukaColaPlant_Desc	里 | '将居民分配在这里生产核子可乐！'
Room_OutfitFactory_Desc	里 | '将居民分配在这里打造装备'
Room_Overseer_Desc	里 | '从这里派遣居民去完成任务'
Room_ScienceLab_Desc	里 | '将居民分配在这里生产消辐宁'
Room_StorageArea_Desc	品量 | '增加您可持有的物品和宠物数量。'
Room_SuperRoom2_Desc	里 | '将居民分配在这里训练耐力'
Room_Upgrade_Not_Enough_Dwellers	需 | '需要{0}个居民'
Room_VaultEntrance_2	高 | '高级避难所大门'
Room_Water2_Desc	里 | '将居民分配在这里生产水'
Room_WaterProcessingPlant_Desc	里 | '将居民分配在这里生产水'
Room_WeaponFactory_Desc	里 | '将居民分配在这里打造武器。'
Screenshot_Facebook_Message	查 | '查看一下我的避难所！'
Screenshot_Standard_Message	查 | '查看一下我的避难所！'
Screenshot_Twitter_Message	查 | '#辐射避难所查看一下我的避难所！'
Season1_IntroPopup_Body	限 | '在本赛季新实验避难所中考验您作为监督者的实力！实验避难所引入全新玩法和独家奖励。赛季时间有限——千万别错过！'
SeasonModal_Leaderboard_AuthenticationFailed	查 | '请连接账号以查看排行榜'
SeasonModal_Leaderboard_AuthenticationTimeout	重重 | '无法连接至游戏平台。\n请重启游戏后重试。'
SeasonModal_Leaderboard_ChildBlocked	限 | '由于您账户的年龄限制，排行榜数据已被禁用。'
SeasonPass_EndingSoon	量高限 | '赛季通行证即将到期！完成挑战或使用量子核子可乐来解锁奖励。\n\n在高级赛道达到20级即可获得独家武器工坊房间主题，仅限本赛季。'
SeasonPass_EndingSoon_Enclave	量 | '赛季通行证即将结束！完成挑战或使用量子核子可乐来解锁奖励。'
SeasonPass_EndingSoon_Institute	量 | '赛季通行证即将结束！完成挑战或使用量子核子可乐来解锁奖励。'
SeasonPass_EndingSoon_NewVegasA	量高限 | '赛季通行证即将到期！完成挑战或使用量子核子可乐来解锁奖励。\n在高级赛道达到20级即可获得独家日落沙士装瓶厂主题，仅限本赛季。'
SeasonPass_EndingSoon_NewVegasB	量高限 | '赛季通行证即将到期！完成挑战或使用量子核子可乐来解锁奖励。\n在高级赛道达到20级即可获得独家幸运38顶层套房宿舍主题，仅限本赛季。'
SeasonPass_LevelUpNukaQuantum	量 | '花费{0}量子核子可乐升级？'
SeasonPass_MaxRank	高 | '最高等级'
SeasonPass_PremiumReward	高 | '高级奖励'
SeasonPass_PremiumUnlocked	高 | '高级已解锁'
SeasonPass_PremiumUpgrade	高 | '升级至高级通行证'
SeasonPass_PremiumUpgrade_Exclamation	高 | '升级至高级通行证！'
SeasonPass_Premium_Btn	高 | '高级'
SeasonPass_RankUpWithQuantum_Confirmation	量 | '花费{0}量子核子可乐升级？'
SeasonPass_UpsellModal_Premium	高高 | '将你的赛季提升至新高度！\n购买高级通行证可立即为你的避难所注入强力提升，还能获得其他地方找不到的独家奖励！'
SeasonalShopDisclaimerDialog	品 | '此实验避难所仅在赛季期间可用，赛季结束后将不再可访问。\n\n赛季通行证奖励仍可在所有避难所领取且不会丢失，但在此避难所中购买的其他商店物品将在赛季结束时丢失。\n\n'
Seasons_Message_SeasonHasEndedBlurb	量 | '请前往您的普通避难所，领取实验避难所中所有未领取的奖励以及剩余的量子核子可乐。'
Seasons_Message_UnclaimedNukaQuantumBlurb	量量 | '您实验避难所中未使用的量子核子可乐可在您选择的一座避难所中领取。\n\n将量子核子可乐存入当前避难所？'
Shop_Banner_Lunchboxes_2	高 | '至少有一张稀有或更高级的卡牌。'
Shop_Banner_MrHandy_1	里 | '收集避难所里的资源。'
Shop_Banner_NukaQuantum_1	量 | '用量子核子可乐加速进程。'
Shop_NukaCola_Line1	量 | '用量子核子可乐加速废土探险或是每天跳过不止一个目标。'
Shop_NukaCola_Title	量 | '量子核子可乐'
Shop_SeasonPass_Description	高 | '用通行证获取赛季最大收益。解锁高级奖励赛道，包含避难所外观主题、武器工坊主题、辐射极琉矿武器等更多内容。奖励可在所有避难所领取。'
Shop_SeasonPass_Enclave_Blurb	雷 | '解锁全部赛季奖励：\n- 新的避难所外观[-][F7C531]主题[-]\n- 新的英克雷避难所房间[-][F7C531]主题[-]\n- [-][F7C531]新居'
Shop_SeasonPass_Enclave_Description	高雷 | '使用此通行证充分享受赛季乐趣。解锁高级奖励赛道，内含避难所外观主题、两款英克雷房间主题、一名全新传奇居民等丰富奖励。您可以在您的所有避难所中领取这些奖励。'
Shop_SeasonPass_Enclave_Premium_Description	高雷重 | '将您的赛季通行证提升至更高等级。获得普通通行证的所有特权，外加以下内容：25枚赛季徽章、全新赛博狗宠物、全新英克雷军官制服、奥特姆上校的制服、重型避难所连体服、'
Shop_SeasonPass_InstitutePremium_Blurb	里 | '赛季通行证的所有福利，再加上：\n• 专属[-][F7C531]居里巧手小姐[-]和[-][F7C531]尼克·瓦伦坦[-]\n• [-][F7C531]额外[-]'
Shop_SeasonPass_Institute_Description	高 | '使用此通行证充分享受赛季乐趣。解锁高级奖励赛道，内含避难所外观主题、全新装备、一名全新传奇居民等丰富奖励。您可以在您的所有避难所中领取这些奖励。'
Shop_SeasonPass_Institute_Premium_Description	高里 | '将您的赛季通行证提升至更高等级。获得普通通行证的所有特权，外加以下内容：25枚赛季徽章、全新居里巧手小姐、全新传奇居民尼克·瓦伦坦、指挥官制服、专家实验室袍、派'
Shop_SeasonPass_NewVegasA_Description	高 | '用通行证获取赛季最大收益。解锁高级奖励赛道，包含避难所外观主题、日落沙士装瓶厂主题、新传奇居民等更多内容。奖励可在所有避难所领取。'
Shop_SeasonPass_NewVegasA_Premium_Description	高 | '将赛季通行证提升至新高度。获得普通通行证全部权益，外加以下内容：25枚赛季徽章、豪斯先生、马克西姆斯夹克、T-45d动力装甲、修身西装、专家连身服、技术人员的报'
Shop_SeasonPass_NewVegasB_Description	高 | '用通行证获取赛季最大收益。解锁高级奖励赛道，包含避难所外观主题、宿舍主题、新传奇居民等更多内容。奖励可在所有避难所领取。'
Shop_SeasonPass_NewVegasB_Premium_Description	高重 | '将赛季通行证提升至新高度。获得普通通行证全部权益，外加以下内容：25枚赛季徽章、维克托（Mr. Handy同等角色）、露西的黄色连衣裙、重型雇佣兵装备、维尔齐格'
Shop_SeasonPass_Premium_Description	高重 | '将赛季通行证提升至新高度。获得普通通行证全部权益，外加以下内容：25枚赛季徽章、凯特和泽克、T-60f动力装甲、重型战斗甲、指挥官制服、2个宠物笼子、辐射极琉矿'
Shop_SeasonPass_Premium_Title	高 | '高级通行证'
Shop_StarterPack_Line1	需量量限 | '给您配备一切所需，来快速开始地下生活。包括一位传奇居民、两位稀有居民、一只传奇宠物和一位巧手先生，另外还有量子核子可乐和大量避难所资源。每所避难所限购1份。'
SnipSnipDialog_Bar_02	需 | '你们人类歇着吧。不不，不用管我。我就默默无私地伺候各位的一切需求……'
SnipSnipDialog_Cafeteria_01	餐 | '白兰哥？饱饱牌肉罐头？快餐薯泥？人类竟然真吃这些垃圾？'
SnipSnipDialog_GameRoom_01	高 | '哼，就让这些人类来挑战我在《红色威胁》中的高分吧……'
SnipSnipDialog_GameRoom_02	高 | '哼，就让这些人类来挑战我在《红色威胁》中的高分吧……'
SnipSnipDialog_Generic_14	需除 | '需要什么？除尘？拖地？还是一般的整理？'
SnipSnipDialog_Generic_18	里 | '有时候，这些人类感觉就像视频游戏里的角色，无法独立完成任何事情……'
SnipSnipDialog_Generic_19	金非 | '对于地底下这么个巨大的金属坑来说，这个避难所非常舒适。'
SnipSnipDialog_Generic_25	除 | '今天的日程是什么？拖地、做饭、除尘、带孩子？放马过来吧，人类！'
SnipSnipDialog_Generic_26	需 | '自带悬浮单元，说走就走。各位有什么需要，尽管吩咐。'
SnipSnipDialog_Generic_34	重 | '这些人类真是太难理解了。每个人都有那么重的口音。'
SnipSnipDialog_Generic_36	高 | '啧啧啧。我得加装一个高压水带配件，才洗得干净这地方。'
SnipSnipDialog_Generic_37	餐 | '今晚的晚餐——惠灵顿牛排配一瓶波尔多！开个玩笑。又是饱饱牌肉罐头。'
SnipSnipDialog_Generic_38	附 | '嗅觉传感器检测到……呕吐物和巧克力。附近一定有个小孩子。'
SnipSnipDialog_Generic_40	需金香 | '这个地方需要一些室内植物。郁金香、仙人掌……也许还有一个真人大小的捕蝇草。'
SnipSnipDialog_Generic_44	里 | '这么多人类都在爱情里寻找慰藉，却没人在意我的灵魂伴侣。'
SnipSnipDialog_Generic_45	里 | '这里的灯光太差了。如果我有眼睛，它们早就废了。不过戴上眼镜，我可能会很帅……'
SnipSnipDialog_Generic_46	需 | '厨房需要帮忙吗？我做火焰料理很拿手。'
SnipSnipDialog_Medbay_01	需 | '想象一下，居然需要“治疗针”来做自我维护。哦，人类，你们真是笑死我了。'
SnipSnipDialog_Medbay_02	需 | '想象一下，居然需要“治疗针”来做自我维护。哦，人类，你们真是笑死我了。'
SnipSnipDialog_NukaCola_01	里 | '说真的，往身体里灌满加工糖水，你还有什么理由不这么干呢？'
SnipSnipDialog_NukaCola_02	里 | '说真的，往身体里灌满加工糖水，你还有什么理由不这么干呢？'
SnipSnipDialog_PowerGenerator_02	需量 | '有人需要我存储额外的能量吗？我不会偷的。真的，我发誓。'
SnipSnipDialog_ScienceLab_01	需 | '在末世废土中处理辐射。显然，有人的脑子需要进化了……'
SnipSnipDialog_ScienceLab_02	需 | '在末世废土中处理辐射。显然，有人的脑子需要进化了……'
SnipSnipDialog_Wasteland_10	需鞋 | '这儿肯定有人需要擦鞋……'
SnipSnipDialog_Wasteland_104	里 | '你是从哪儿来的？我从未去过那里，希望有一天能去看看。'
SnipSnipDialog_Wasteland_107	非 | '如果你的下水道堵满了污物，放心交给艾巴索疏通——记住，它毒性非常强！'
SnipSnipDialog_Wasteland_14	面 | '那是？没错，那是个破败的通用原子工厂。看来他们造完我之后就把模具给砸了。这可是字面意思。'
SnipSnipDialog_Wasteland_21	雨 | '看起来要下雨了，真棒。'
SnipSnipDialog_Wasteland_22	面 | '路上有个拦路石，我可以直接从上面飘过去……'
SnipSnipDialog_Wasteland_23	金 | '作为一个无情的金属机器人，我突然感到……害怕！'
SnipSnipDialog_Wasteland_26	非 | '人类有一件事做得很好——他们非常擅长自我毁灭。'
SnipSnipDialog_Wasteland_31	里 | '喂~这里有其他机器人吗？'
SnipSnipDialog_Wasteland_39	重 | '我得重新考虑一下“把巧手先生送到废土”这个主意……'
SnipSnipDialog_Wasteland_42	需 | '我会找到需要的东西，然后就回去。英雄主义什么的可不适合像我这样的巧手先生！'
SnipSnipDialog_Wasteland_48	防 | '不。不！走开，狗狗！走开！我不是消防栓！我是巧手先生……啊！不！坏狗！'
SnipSnipDialog_Wasteland_56	里 | '让我看看穿过这个街区能到哪里……'
SnipSnipDialog_Wasteland_57	里 | '我想知道这条路通向哪里。'
SnipSnipDialog_Wasteland_59	面 | '我真的不明白有什么好大惊小怪的，这外面也没什么大不……哦，天哪，这有个被砍下来的脑袋！'
SnipSnipDialog_Wasteland_61	面 | '我可以从这滩血上面飘过去……'
SnipSnipDialog_Wasteland_76	里 | '天哪，这里乱得都没有办法清理了，我都快恐慌发作了。'
SnipSnipDialog_Wasteland_77	面 | '我要在外面再待一会儿……'
SnipSnipDialog_Wasteland_86	里雨 | '探索真是累人的活儿，如果我有毛孔，现在一定像桑拿房里的胖子一样汗如雨下。'
SnipSnipDialog_Wasteland_87	非 | '如果我是人类，我现在一定会非常渴。看来他们对核子可乐的痴迷也不是没有原因的。'
SnipSnipDialog_Wasteland_91	高非 | '这栋建筑真高。人类非常擅长建造宏伟的建筑，然后再摧毁它们。'
SnipSnipDialog_Wasteland_95	雷 | '这是什么？啊，原来我正在雷区上啊。我再也不会羡慕别的生物有腿了。'
SnipSnipDialog_Wasteland_99	里 | '这里可没有软糖。'
SnipSnipDialog_WaterPlant_01	重零 | '我开始重新考虑我对塑料零件的厌恶了……'
Social_Button_Ignore	除 | '清除'
Social_Filter_Gifts	限 | '仅限礼物'
Special_Strength	量 | '力量'
Speech_Birth_Incident	里 | '现在可不是成家生孩子的时候！避难所里出事故了！'
Speech_Conversation_NPC1_Topic10	面 | '如果你能去外面的世界参观一处著名地标，你会选哪儿？'
Speech_Conversation_NPC1_Topic12	里 | '我们在避难所这里很安全……对吗？'
Speech_Conversation_NPC1_Topic15	首需 | '我正在写一首新歌，歌颂监督者。我需要一个和“伟大”押韵的词。'
Speech_Conversation_NPC1_Topic21	面 | '如果离开避难所在外面也能安全生活，你会选择离开吗？'
Speech_Conversation_NPC1_Topic26	里 | '这里是不是有点漏风，还是只有我一个人这么觉得？'
Speech_Conversation_NPC1_Topic3	面 | '你觉得外面还有多少避难所？'
Speech_Conversation_NPC1_Topic34	需 | '我需要一把螺丝刀。你有吗？'
Speech_Conversation_NPC1_Topic38	靠 | '不要靠得太近。我想我可能生病了。'
Speech_Conversation_NPC1_Topic56	里首 | '脑子里一直有首歌洗脑循环。“宝贝，耶——宝贝——！你能点燃我的……”'
Speech_Conversation_NPC2_Topic11_Response1	高 | '可不是嘛！苍蝇和狗一般大！蝎子和牛一般大！真高兴我不在那儿。'
Speech_Conversation_NPC2_Topic11_Response2	面 | '我听说外面好多动物都长两个头。看来这是个“标配”呀。'
Speech_Conversation_NPC2_Topic12_Response3	面 | '肯定比我们在外面要安全！'
Speech_Conversation_NPC2_Topic13_Response3	面 | '好呀！说不定还能收到外面什么人的电台信号……'
Speech_Conversation_NPC2_Topic1_Response1	除非 | '嗯。也许吧。除非让我发牌。'
Speech_Conversation_NPC2_Topic21_Response1	里 | '不。永远不会。我喜欢住在避难所里。这是我的家……永远都是。'
Speech_Conversation_NPC2_Topic21_Response2	面 | '好吧，也许吧。但这得看外面有什么。嘉年华？街头赛车？棉花糖？我是说，得值得我出去才行。'
Speech_Conversation_NPC2_Topic21_Response3	面 | '哈！说得好像外面哪天能安全似的……'
Speech_Conversation_NPC2_Topic23_Response2	里 | '可不是么。在避难所里的日子，你懂的。'
Speech_Conversation_NPC2_Topic24_Response3	餐 | '每晚的晚餐都是老一套——一罐猪肉豆子，加一瓶冰镇核子可乐。'
Speech_Conversation_NPC2_Topic25_Response3	查 | '哦，也许可以。我查一下我的排班表，然后和你说。'
Speech_Conversation_NPC2_Topic26_Response1	查 | '我想是的。有人应该检查一下避难所大门的密封是否还好。'
Speech_Conversation_NPC2_Topic28_Response1	高 | '真的吗？很高兴听你这么说。谢谢你！'
Speech_Conversation_NPC2_Topic29_Response2	香 | '当然是经典口味——意大利辣味香肠披萨。'
Speech_Conversation_NPC2_Topic29_Response3	蒙 | '我偏爱夏威夷、蒙古、那不勒斯三种风味的混搭。但不要凤尾鱼。'
Speech_Conversation_NPC2_Topic34_Response2	里 | '你要哪种？菲利普斯、平头、方头、弗里尔森、米字还是日标的？'
Speech_Conversation_NPC2_Topic38_Response1	里 | '别担心。从来就不在我的日程安排里。'
Speech_Conversation_NPC2_Topic41_Response1	查查 | '一本字典，这样你就可以查查“自私”的定义。'
Speech_Conversation_NPC2_Topic44_Response1	量 | '哦，你知道的。钢制的天花板。看样子石棉用量还相当可观。'
Speech_Conversation_NPC2_Topic44_Response2	高里 | '没什么！就是高兴自己待在避难所里，而不是待在外头废土上！你知道的……等死。'
Speech_Conversation_NPC2_Topic45_Response3	高 | '总是很高兴见到你。真的。'
Speech_Conversation_NPC2_Topic46_Response2	里 | '忙得像只蜜蜂，藏在地下的钢铁蜂窝里！'
Speech_Conversation_NPC2_Topic4_Response2	香面 | '三层香草核桃味，外面裹一层椰子翻糖。'
Speech_Conversation_NPC2_Topic50_Response3	野 | '没，我一直跟你说我只读《野蛮人古古那》。'
Speech_Conversation_NPC2_Topic51_Response2	面 | '还是老样子呗。汗味、机油、钢铁、发霉的面包，还有孤独。'
Speech_Conversation_NPC2_Topic52_Response1	里 | '我也是！也许我该停止往核子可乐里掺浓缩咖啡了……'
Speech_Conversation_NPC2_Topic53_Response3	需 | '当然！总是乐于帮助有需要的朋友。'
Speech_Conversation_NPC2_Topic56_Response1	香 | '香烟！喔！'
Speech_Conversation_NPC2_Topic58_Response2	面 | '嗯？哦，有，我想他在下面那儿。'
Speech_Conversation_NPC2_Topic7_Response3	里 | '棒球吗？在避难所里？呵呵，祝你好运。'
Speech_Conversation_NPC2_Topic9_Response2	需 | '我也读过。七遍。我们真的需要更多的书了……'
Speech_Eviction_12	里 | '等等，等等等等。等一下，好吗？一定是哪里搞错了！'
Speech_Eviction_17	重 | '真是可笑。你知道我有多重要吗？！'
Speech_Eviction_27	里 | '你们算是帮了我一个忙。我在避难所里好像住得过于舒服了。'
Speech_Fail_Rush1	重 | '哦不！生产出了严重事故！'
Speech_FlavorText_LQ_05	里 | '虽然简陋……但这里是家。'
Speech_FlavorText_ProductionRoom_04	高 | '我们似乎正以最高效率运行着。'
Speech_FlavorText_ServiceRoom_01	餐 | '不知道晚餐吃什么呢？'
Speech_FlavorText_ServiceRoom_04	金 | '要我说，避难所也就像座房子——一座大大的、金属的、埋在地底的房子。'
Speech_FlavorText_TrainingRoom_05	重 | '有氧、举重、徒手操，我全都在行！'
Speech_Generic_Dweller1	里 | '又是避难所里美好的一天。'
Speech_Generic_Dweller17	首里 | '这首歌一直在我脑子里循环。啦啦，滴滴咚咚……'
Speech_Generic_Dweller2	高里 | '真高兴自己待在避难所里，而不是外头……'
Speech_Generic_Dweller20	里 | '不知道避难所里有没有足够的地方玩橄榄球……'
Speech_Generic_Dweller23	里 | '咦，我好像听到通风系统里有嗡嗡声。'
Speech_Generic_Dweller28	需 | '我真的需要去好好洗个澡，放松一下。'
Speech_Generic_Dweller36	里 | '说不定哪天，我的孙辈也能住在这里！'
Speech_Generic_Dweller38	需 | '啊，我的背好痛。我们迫切需要一个避难所按摩师。'
Speech_Generic_Dweller41	量 | '老晒不到太阳，我都有点受不了了。该把维生素D加加量了。'
Speech_Generic_Dweller55	需 | '有人需要帮忙的吗？'
Speech_Generic_Dweller56	靴 | '我想知道避难所套装和牛仔靴搭配会是什么样子。'
Speech_Generic_Dweller57	里 | '有一件事他们从未告诉你——连身衣里应该穿内裤吗？'
Speech_Generic_Dweller8	重 | '都不知道今天几号了，反正也不重要。'
Speech_Happiness_Happy12	里 | '在避难所里又度过了精彩的一天！'
Speech_Happiness_Happy15	高 | '我高兴得都快炸开了！不过别担心……我不会真炸的。'
Speech_Happiness_Happy7	高高需 | '我太高兴了，高兴得需要掐自己看看是不是真的。'
Speech_Happiness_Parent5	重 | '当家长是个重大的责任，好在我特别擅长！'
Speech_Happiness_Parent6	里 | '知道我的孩子会在这样的避难所里长大，我感到特别欣慰。'
Speech_Happiness_Parent7	里 | '我的孩子太完美了，我都替这里其他的家长感到心疼。'
Speech_Happiness_Parent9	里 | '我的孩子在哪里？我相信他（她）能给整个避难所带来快乐！'
Speech_Happiness_Radiation1	需 | '松一口气！我真的很需要那个！'
Speech_HealthA2	需 | '我真需要呼吸口新鲜空气。哦，等等。'
Speech_HealthA3	需 | '我真的需要休息。'
Speech_HealthB4	需 | '我想我需要躺下了……躺个一小时，或者三小时……'
Speech_HealthC2	需 | '我需要一个治疗针！'
Speech_Kid1	里 | '我希望有更多的孩子住在这里。'
Speech_Kid16	餐 | '不知道餐厅是否还有饼干。'
Speech_Kid18	里 | '我不知道我是否会永远生活在这个避难所里。'
Speech_Kid19	雪 | '核冬天的时候能打雪仗吗？'
Speech_Kid21	面 | '不知道外面的天气怎样。'
Speech_Kid23	野 | '《野蛮人古古那》第一部我读过三十七次！'
Speech_Kid24	面 | '我想知道外面还有多少别的避难所。'
Speech_Kid33	金 | '避难所就像一座大大的金属枕头堡垒！'
Speech_Kid35	需 | '避难所真的需要一些新玩具。'
Speech_Kid43	里 | '救命啊，避难所里有变种人！——开玩笑的啦！'
Speech_Kid46	餐 | '我希望明天的早餐是甜甜圈。'
Speech_Kid8	里 | '我希望我们这里有电视。'
Speech_LivingQuarter_Dialogue_NPC1_12	面 | '你有想过我们去避难所外面住吗？'
Speech_LivingQuarter_Dialogue_NPC1_13	里 | '我希望我们这里能有些植物。'
Speech_LivingQuarter_Dialogue_NPC1_14	里 | '我太懒了，不想去有氧运动室。真希望我们这里有一台跑步机。'
Speech_LivingQuarter_Dialogue_NPC1_15	里 | '我得记住在冰箱里囤足够的核子可乐。'
Speech_LivingQuarter_Dialogue_NPC1_20	里 | '我希望这里有一个瑜伽垫。'
Speech_LivingQuarter_Dialogue_NPC1_4	需里 | '房间需要地毯。也许储藏室里有一个。'
Speech_LivingQuarter_Dialogue_NPC1_8	需里 | '沙发需要修理。我一直陷到垫子里。'
Speech_LivingQuarter_Dialogue_NPC1_9	面 | '如果我们住在外面，我会有仆人。'
Speech_LivingQuarter_Dialogue_NPC2_14	里 | '你……该看出了那句话里的讽刺。对不对？'
Speech_LivingQuarter_Dialogue_NPC2_16	鞋 | '请不要脱掉你的鞋子。'
Speech_LivingQuarter_Dialogue_NPC2_9	面 | '如果你住在外面，你就死了。'
Speech_LivingQuarter_Family1	里 | '没有什么能比得上在家里和家人在一起。'
Speech_LivingQuarter_PickupLines_2	高 | '我很高兴我们有时间独处。'
Speech_LivingQuarter_PickupLines_20	首 | '如果我能唱歌，我会写一首关于你的歌。'
Speech_LivingQuarter_PickupLines_21	里 | '每当我们在一起，我心里就小鹿乱撞、怦怦直跳。'
Speech_LivingQuarter_PickupLines_22	里 | '没有你，我在这里一定很孤单。'
Speech_LivingQuarter_PickupLines_25	重 | '如果我能重新排列字母表，我会把“U”和“I”放在一起。'
Speech_LivingQuarter_PickupLines_26	面 | '我不是摄影师，但我能想象你和我在一起的画面。'
Speech_LivingQuarter_PickupLines_27	里 | '你有地图吗？我好像迷失在你眼神的海里。'
Speech_LivingQuarter_PickupLines_31	里 | '避难所里是不是有贼？因为我的心好像被偷走了。'
Speech_LivingQuarter_PickupLines_33	需 | '如果爱是辐射，我可能需要一盒消辐宁。'
Speech_LivingQuarter_PickupLines_39	里 | '在这里和你在一起，让我感觉好……特别。'
Speech_LivingQuarter_PickupLines_40	里 | '这里是不是越来越热了，还是只有我这么觉得？'
Speech_LivingQuarter_PickupLines_42	里 | '警报！我们的避难所里有个贼！偷走了我的心。嘿嘿。'
Speech_LivingQuarter_PickupLines_43	重 | '如果我能重新排列字母表，我会把“B”和“O”放在一起。不！等等！不对……'
Speech_LivingQuarter_PickupLines_46	里 | '你就像一只受过辐射的后末日寄生生物，钻进我心里，怎么也摆脱不掉。'
Speech_LivingQuarter_PickupLines_47	里 | '你是避难所图书馆里的一本书吗？因为我想把你借走。'
Speech_LivingQuarter_PickupLines_48	里 | '经常来这儿？我是说，我们都被困在这里，所以应该是的，但还是……'
Speech_LivingQuarter_PickupLines_49	查需 | '我是一个有执照的避难所套装检查员。我需要紧紧地拥抱你。'
Speech_LivingQuarter_PickupLines_58	食里 | '你就像食物中毒——搅得我胃里打结。'
Speech_LivingQuarter_PickupLines_71	雪雪靴 | '如果亲吻是雪花，那么……你最好备双雪地靴。我就说这么多。'
Speech_LivingQuarter_PickupLines_72	里 | '有时，深夜里，我闻到了汗水和钢铁的气味……而且知道你也闻到了。'
Speech_LivingQuarter_PickupLines_73	需 | '宝贝，谁关心太阳呀？我是你唯一需要的光。'
Speech_LivingQuarter_PickupLines_79	里 | '空气里弥漫的是爱的味道，还是氧气循环器又坏了？'
Speech_LivingQuarter_VaultSpace1	里 | '我们没法要孩子了，避难所里已经没有空房了。'
Speech_NoPower1	除非 | '除非我们多发点电，否则这房间就没法用了！'
Speech_NoPower2	需 | '房间黑了！我们需要更多的电！'
Speech_NoPower3	需 | '没有足够的电！我们需要更多！'
Speech_Quest_Alone_Dweller_1	面 | '我一个人。在避难所外面。哦，这可够我受的了。'
Speech_Quest_Alone_Dweller_11	需 | '我想我需要支援。'
Speech_Quest_Alone_Dweller_15	陪 | '真希望有个人陪，能说说话，聊聊这次的经历，顺便……替我引开敌人的火力。'
Speech_Quest_Alone_Dweller_16	非需 | '我算什么，非要学动作片英雄单枪匹马吗？我需要支援！'
Speech_Quest_Alone_Dweller_17	需 | '当你需要其他居民时，居然一个都不在……'
Speech_Quest_Alone_Dweller_21	品 | '一个人去，战利品就不用跟人分了。小确幸嘛。'
Speech_Quest_Alone_Dweller_22	骨 | '不是说一个人有多糟糕，而是那种深入骨髓的孤独感让人无法承受。'
Speech_Quest_Alone_Dweller_4	零零 | '我发誓，如果我就这么孤零零地死了，真是做鬼都不得安宁……'
Speech_Quest_Alone_Dweller_6	陪陪 | '真希望能有个人陪陪我。'
Speech_Quest_Generic_Dweller_21	需 | '需要免洗消毒液的时候，它都在哪儿呢？'
Speech_Quest_Generic_Dweller_24	需 | '我需要阿司匹林。'
Speech_Quest_Generic_Dweller_33	鞋 | '呃。我鞋子上粘了什么鬼东西。'
Speech_Quest_Generic_Dweller_42	里 | '怎么会有人住在这里？'
Speech_Quest_Generic_Dweller_46	里需 | '这里真的需要巧手先生来打扫一下。'
Speech_Quest_Generic_Dweller_47	里 | '他们时不时打扫一下这里会死吗？'
Speech_Quest_Generic_Dweller_49	面 | '我还以为外面已经够压抑了。'
Speech_Quest_Generic_Dweller_51	需 | '只需要记住，我马上就能回到避难所温暖的家了……'
Speech_Quest_Generic_Dweller_55	需里 | '天啊，我还以为需要打扫的只是我在避难所里的“小窝”……'
Speech_Quest_Generic_Dweller_57	重 | '重新刷层漆、再摆点花，这地方看起来就会……算了，当我没说。'
Speech_Quest_Generic_Dweller_61	里 | '开始觉得人类永远都不应该从避难所里出来。永远不。'
Speech_Quest_Generic_Dweller_64	里 | '这里的卫生条件真是恶劣透顶。'
Speech_Quest_Generic_Dweller_65	里 | '这里吓到我的不是辐射，而是虱子。'
Speech_Quest_Generic_Dweller_68	需 | '去他的核子可乐，我需要来杯烈威士忌。'
Speech_Quest_Generic_Dweller_69	需 | '这个避难所真的需要一个按摩师。我的肩膀太僵硬了。'
Speech_Quest_Generic_Dweller_Conversation_11_Response_1	高 | '正以最高效率运转！算是吧……'
Speech_Quest_Generic_Dweller_Conversation_16_Response_1	里 | '我待会儿再和你说。在地狱里。'
Speech_Quest_Generic_Dweller_Conversation_20_Response_2	需 | '你需要一张新床。你有考虑过记忆床垫吗？'
Speech_Quest_Generic_Dweller_Conversation_23	零食 | '带零食了吗？'
Speech_Quest_Generic_Dweller_Conversation_24_Response_1	需 | '如果你还需要找我寻求肯定，那你显然不是当监督者的料。'
Speech_Quest_Generic_Dweller_Conversation_29	里 | '你觉得避难所里的人正在干嘛？'
Speech_Quest_Generic_Dweller_Conversation_2_Response_1	附 | '是的……听上去就好像在附近。'
Speech_Quest_Generic_Dweller_Conversation_31_Response_1	里 | '是的！我们就像是某盘棋里任人摆布的棋子……'
Speech_Quest_Generic_Dweller_Conversation_32_Response_3	面 | '你来这外面是因为……？'
Speech_Quest_Generic_Dweller_Conversation_7_Response_3	需 | '该死的，别犯怂啊！我们需要你！'
Speech_Quest_Generic_Dweller_Conversation_9_Response_2	里 | '诡异还不足以形容这里……'
Speech_Quest_Loot_Dweller_34	面 | '在外面这地方，什么都能捡到……'
Speech_Quest_Loot_Dweller_39	品 | '胜利者的战利品，归我啦！'
Speech_Quest_Loot_Dweller_42	里 | '在这里，什么都可以物尽其用。'
Speech_Quest_Loot_Dweller_44	需 | '我们也许需要更多的储藏室！'
Speech_Quest_Loot_Dweller_50	品 | '一切都是为了战利品。'
Speech_Quest_Loot_Dweller_51	重 | '执行任务。找到宝藏。重复一遍。'
Speech_Quest_Loot_Dweller_53	里 | '这里都有什么……'
Speech_Quest_NotAlone_Dweller_18	高 | '很高兴有你掩护我。你确实会掩护我的……对吧？'
Speech_Quest_NotAlone_Dweller_19	量 | '人多力量大，对吧？'
Speech_Quest_NotAlone_Dweller_32	阻 | '现在没有什么能阻挡我们了，对吗？'
Speech_Quest_NotAlone_Dweller_39	里 | '你觉得这地方闹鬼？我是说……你看看这里。'
Speech_Quest_NotAlone_Dweller_4	面 | '咱们干吗又跑外面来了？'
Speech_Quest_NotAlone_Dweller_9	高 | '真高兴能和伙伴们一起来这儿！'
Speech_RadiationB3	需 | '我真的需要消辐宁！'
Speech_Radio_HighCharisma1	面 | '如果外面有人在，他们一定会收听我的广播！'
Speech_Radio_LowCharisma2	面 | '喂？外面有人吗？'
Speech_Room_DeadDweller2	里 | '闻起来好像有什么东西死在了这里……哦。'
Speech_Room_DeadDweller_Agility	量 | '所以说锻炼真的有可能过量……'
Speech_Room_DeadDweller_LivingQuarters	里 | '至少他们在家里安静地去世了。'
Speech_Room_DeadDweller_Water2	重 | '我们这有一个严重的卫生问题！'
Speech_Room_LoveJob10	高 | '真高兴能被分到这儿！'
Speech_Room_LoveJob13	高 | '这间房正以最高效率运转……多亏了我！'
Speech_Room_LoveJob14	量 | '要是我不在这儿干活，产量可远没有这么好。'
Speech_Room_LoveJob16	里高 | '有我在这里工作，保证效率达到最高！'
Speech_Room_LoveJob6	非 | '没有我，这地方非得乱套不可。'
Speech_Room_LoveJob8	里 | '我无法想象在避难所里做其他的工作。'
Speech_Room_LoveJob_Endurance	里 | '我是这个避难所里体质最好的人。永远都会是。'
Speech_Room_LoveJob_Energy2	里 | '有我在这里工作，避难所永远不会停电！'
Speech_Room_SomeoneUnhappy2	非 | '不是吧？非得跟你一起共事？'
Speech_Room_SomeoneUnhappy_Energy2	里里 | '我们在这里做着正经工作。你在这里干什么？'
Speech_Room_SomeoneUnhappy_Storage	里 | '如果我能的话，我会把你锁在储藏室里。永远。'
Speech_Room_SomeoneUnhappy_Water2	里 | '要是能不被追究，我真想把他们淹死在水箱里……'
Speech_Room_SomeoneUnhappy_WaterPlant	除 | '要是我们有技术能清除……你这个杂质……就好了。'
Speech_SnipSnip_Bark1	里 | '这里可没有软糖。'
Speech_SnipSnip_Bark6	里 | '你是从哪儿来的？我从未去过那里，希望有一天能去看看。'
Speech_SnipSnip_Bark9	非 | '如果你的下水道堵满了污物，放心交给艾巴索疏通——记住，它毒性非常强！'
Speech_Success_Rush1	量高 | '我们把产量提到最高了！干得漂亮！'
Star_Event_Quest	限 | '限时'
Stats_Average_Strength	量 | '居民平均力量'
Stats_Common_Decorations	品 | '普通装饰品'
Stats_Decorations_Collected	品 | '收集装饰品'
Stats_Decorations_Crafted	品 | '打造装饰品'
Stats_Decorations_Sold	品 | '出售装饰品'
Stats_Food_Collected	食 | '收集食物'
Stats_Food_Consumption	食 | '食物消耗/分钟'
Stats_Food_Production	食 | '食物生产/分钟'
Stats_Legendary_Decorations	品 | '传奇级装饰品'
Stats_Lunchboxes_Opened	餐 | '打开午餐盒'
Stats_PetBreeds_GoldenRetriever	金 | '黄金猎犬'
Stats_PetBreeds_Somali	里 | '索马里猫'
Stats_Rare_Decorations	品 | '稀有级装饰品'
Stats_Xbox_03	里 | '避难所里全部的居民'
SuperRoom2_Upgrade_Info	高 | '提高耐力训练速度'
Theme_Name_Anniversary_Diner	餐 | '派对餐厅'
Theme_Name_BoS_Diner	餐 | '钢铁兄弟会餐厅'
Theme_Name_Christmas_Diner	餐 | '圣诞节餐厅'
Theme_Name_EnclaveCafeteria	雷食 | '英克雷食堂'
Theme_Name_EnclaveLivingQuarters	雷 | '英克雷生活区'
Theme_Name_Halloween_Diner	餐 | '万圣节餐厅'
Theme_Name_Institute_Diner	院餐 | '学院餐厅'
Theme_Name_Institute_LivingQuarters	院 | '学院宿舍'
Theme_Name_Minutemen_Diner	餐 | '义勇军餐厅'
Theme_Name_Railroad_Diner	餐 | '铁路餐厅'
Theme_Name_Standard_Diner	餐 | '标准餐厅'
Theme_Name_Thanksgiving_Diner	餐 | '感恩节餐厅'
Theme_Name_Vault33_Diner	餐 | '33号避难所餐厅'
Theme_ShortName_Enclave	雷 | '英克雷'
Theme_ShortName_Institute	院 | '学院'
Title_DeleteVault	除 | '删除避难所'
Title_DragHere	里 | '拖到这里'
Title_Full_Upgraded	高 | '房间已升至最高级'
Title_Here	里 | '这里'
Title_LunchboxesSmall	餐 | '午餐盒'
Title_NothingToRedeem	品 | '没有可兑换的物品'
Title_QuantityShort	量 | '数量'
Title_Relocate	重 | '重新放置'
Title_RushBonus	金 | '极速模式奖金'
Title_SeasonPass_Premium	高 | '高级通行证'
Tutorial_Tip_01	金 | '成功地完成极速模式会给你常规奖励加上特殊奖金！'
Tutorial_Tip_03	靠靠食 | '房间要靠电力运行。居民要靠食物和水生存。'
Tutorial_Tip_04	量高里 | '力量(S)高的居民在发电房里工作得更好。'
Tutorial_Tip_05	高里 | '观察力(P)高的居民在水房里工作得更好。'
Tutorial_Tip_06	高食里 | '敏捷(A)高的居民在食物房里工作得更好。'
Tutorial_Tip_09	高 | '升级一个房间会使它效率更高，带来更多的存储空间。'
Tutorial_Tip_10	重量 | '举重房可以让您训练居民的力量（S）。'
Tutorial_Tip_16	金 | '成功地完成极速模式会给你常规奖励加上特殊奖金！'
Tutorial_Tip_18	量 | '建造储藏室以增加避难所储存武器和装备的容量。'
Tutorial_Tip_19	高高 | '生产房间有高级版本，会更高效但更昂贵。'
Tutorial_Tip_21	量 | '建造医务室和科学实验室来增加治疗针和消辐宁的存储容量。'
Tutorial_Tip_25	查 | '点击居民的SPECIAL属性图标来查看更多细节。'
Tutorial_Tip_25_PC	查 | '点击居民的SPECIAL属性图标来查看更多细节。'
Tutorial_Tip_25_PS4	查 | '按下R3，选中居民来查看更多关于SPECIAL属性的细节。'
Tutorial_Tip_25_Switch	查 | '按下右摇杆，选中居民来查看更多关于SPECIAL属性的细节。'
Tutorial_Tip_25_Xbox	查 | '点击右摇杆选择一个居民来查看更多关于SPECIAL属性的细节。'
Tutorial_Tip_28	重 | '点击居民信息弹出窗口上的名字可以重命名一个居民。'
Tutorial_Tip_28_PC	重 | '点击居民信息弹出窗口上的名字可以重命名一个居民。'
Tutorial_Tip_28_PS4	重 | '你可以按下L3来给选定的居民重新命名。'
Tutorial_Tip_28_Switch	重 | '你可以按下左摇杆来给选定的居民重新命名。'
Tutorial_Tip_28_Xbox	重 | '你可以通过点击左摇杆来重命名一个选中的居民。'
Tutorial_Tip_29	面 | '每天您可以通过点击目标界面上的“X”来跳过1个目标。'
Tutorial_Tip_30	里 | '如果一个房间已满员，这个房间里相关属性最低的居民将会和新分配的居民交换位置。'
Tutorial_Tip_31	餐 | '您可以通过完成一些目标得到免费的午餐盒。'
Tutorial_Tip_35	需里 | '需要额外的瓶盖吗？您可以卖掉储藏室里的武器和装备。'
Tutorial_Tip_36	高高 | 'SPECIAL属性高的高等级居民更容易在废土生存下来。'
Tutorial_Tip_38_PS4	查 | '按下L3来查看关于资源储存的更多细节。'
Tutorial_Tip_38_Switch	查 | '按下左摇杆来查看关于资源储存的更多细节。'
Tutorial_Tip_41	查需 | '想要快速查看在外探索的居民，只需直接点击废土。'
Tutorial_Tip_41_PC	查需 | '想要快速查看在外探索的居民，只需直接点击废土。'
Tutorial_Tip_41_Xbox	查需 | '想要快速查看在外探索的居民，只需直接按下\ue00c。'
Tutorial_Tip_43	高 | '广播室能吸引新的居民，并提高避难所整体幸福度。'
Tutorial_Tip_47	量 | '避难所科技规定避难所的最大容量是200人。'
Tutorial_Tip_48	品 | '将巧手先生派到废土上可以收集瓶盖和物品。'
Tutorial_Tip_53	高 | '耐力(E)高的居民在废土探索时受到的辐射伤害更少。'
Tutorial_Tip_55	里 | '想让避难所里住满尸鬼？去升级过的美发店看看吧！'
Tutorial_Tip_56	高 | '耐力(E)高的居民在升级时候能获得更多的生命值。'
Tutorial_Tip_58	品需 | '打造稀有和传奇级别的物品分别需要稀有和传奇级别的杂物。'
Tutorial_Tip_60	品 | '感觉自己手气不错？当你拆解一个物品时，你能得到它配方上的所有杂物。'
Tutorial_Tip_61	餐里 | '避难所科技会将一些新来居民的衣服放在午餐盒里。'
Tutorial_Tip_62	量 | '您可以用量子核子可乐来极速完成打造。'
Tutorial_Tip_63	量 | '您可以用量子核子可乐来加速美发店进程。'
Tutorial_Tip_64	量 | '您可以用量子核子可乐来马上到达任务地点！'
Tutorial_Tip_65	里 | '点击屏幕来跳过任务里的对话。'
Tutorial_Tip_65_PC	里 | '点击任何地方来跳过任务里的对话。'
Tutorial_Tip_65_Xbox	里 | '按下\ue000来跳过任务里的对话。'
Tutorial_Tip_68	里除 | '任务里的某些敌人会很强大，并产生特殊攻击，试着先除掉他们！'
Tutorial_Tip_76	需 | '一些任务需要解锁秘密线索。所以搜刮每一个你能发现的储物箱。'
Tutorial_Tip_81	非 | '在最终战斗时，记得保证居民的生命值，有些终极敌人的攻击非常强大。'
Tutorial_Tip_82	重 | '失败的任务可以重试……只要有充足的瓶盖就行。'
Tutorial_Tip_83	高 | '敏捷（A）属性高的居民在任务中攻击速度更快。'
Tutorial_Tip_84	量 | '今天已经跳过一个目标了？您可以使用量子核子可乐来跳过更多。'
Tutorial_Tip_87	院 | '您可以在主题工坊中打造铁路和学院的主题。'
Tutorial_Tip_88	餐里 | '主题只能应用在最大化合并及升级后的餐厅和宿舍里。'
Tutorial_Tip_89	量 | '你可以使用量子核子可乐来跳过某些任务。'
Tutorial_Tip_90	量 | '你可以使用量子核子可乐来加速居民的SPECIAL属性训练。'
Tutorial_Tip_91	量 | '你可以使用量子核子可乐来得到缺失的主题配方碎片。'
Updated_Terms_Privacy	需 | '[365136]如需选择接受或拒绝与第三方共享您的数据，请点击下方隐私设置按钮或访问设置菜单。'
Updated_Terms_Privacy_US	需 | '[365136]如需选择退出与第三方共享您的数据，请点击下方隐私设置按钮或访问设置菜单。'
Updated_Terms_Privacy_US_iOSDenied	需 | '[365136]如需选择退出与第三方共享您的数据，请访问设置菜单。'
Updated_Terms_Privacy_iOSDenied	需 | '[365136]如需选择接受或拒绝与第三方共享您的数据，请访问设置菜单。'
VaultBabyPopUp_error_emptyString	需 | '婴儿需要一个名字。'
VaultTecWindow_Description	品 | '监督者 - 观看此视频，即可获得精美礼品一份！'
Vaultboy_Message_FoodWarning	食 | '食物不足'
Vibration_Switch	高 | '高清震动'
VictorDialog_GameRoom_01	里 | '不是老维克自夸，这一行赌场里的游戏，就没有我玩不转的。'
VictorDialog_Generic_04	里 | '不得不说，你这副模样，就像在烂路上跑了十英里似的。'
VictorDialog_Generic_07	需 | '来嘛，人嘛，偶尔总需要别人搭把手的。'
VictorDialog_Generic_09	需 | '你这副样子，像是需要喝杯沙士了。'
VictorDialog_Generic_12	需 | '有什么需要，别犹豫，尽管来找老维克。'
VictorDialog_Gym_01	量非重 | '力量训练对那些没有内置液压系统的人来说非常重要。'
VictorDialog_Hydroponics_01	里 | '啊，真是美丽的房间。我能在这里看植物看上一整天。'
VictorDialog_LivingQuarters_01	里 | '不知道那些人类在后屋里捣鼓些什么。'
VictorDialog_Medbay_01	限 | '我想就算人类自我修复的身体也是有极限的。'
VictorDialog_PowerGenerator_01	面 | '这个房间点亮了我的生命。真的！是字面意思！'
VictorDialog_Wasteland_1	里 | '我能闻出一英里外的麻烦。'
VictorDialog_Wasteland_17	里 | '我想小睡一会儿，顺便把轮子里的辐射蟑螂清一清。'
VictorDialog_Wasteland_18	里 | '嗯……我怎么感觉来过这里？'
VictorDialog_Wasteland_19	里 | '喔，给我一个辐射蟑螂乱窜的家，那里鼹鼠和卡扎多尽情欢玩……'
VictorDialog_Wasteland_20	里 | '这些废墟真是壮观。让人不禁想，以前这里曾是什么样子。'
VictorDialog_Wasteland_35	面 | '前面看起来有个卡扎多巢穴。它们对机器人这一类的家伙可没什么兴趣。'
VictorDialog_Wasteland_41	里 | '这里看起来以前是个农场。如今可是正当踏实的营生。'
VictorDialog_Wasteland_42	零 | '瞧这可怜的保护者机器人，零件散了一地。也许不是罗伯科最精良的工艺。'
VictorDialog_Wasteland_43	雷 | '哇哦！差点踩上那颗破片地雷炸了自己。我真粗心。'
VictorDialog_WaterPlant_01	里 | '不知为何，在这房间里我总觉得自身安全受到威胁。'
VictorDialog_WaterPurification_01	防 | '罗伯科把我造得百分之百防水，最深能扛到400英尺。当然，我可没打算去试就是了。'
WastelandCollectAllCommonItems	品 | '收集普通的物品'
WastelandSellAllCommonItems	品 | '出售普通物品'
Wasteland_DwellerRevived2	重 | '重新开始探险！'
Wasteland_ExteriorName_Enclave	雷 | '英克雷移动基地履带车'
Wasteland_Full	量限 | '您已经达到了允许在废土探险居民数量的上限！'
Wasteland_ItemCycleLegendary_03	金里 | '哇！我在一个金属箱里找到了一个{0}！'
Wasteland_ItemCycleNormalPet_01	里 | '我从一个掠夺者陷阱里救了一个{0}，它现在跟着我。'
Wasteland_ItemCycleNormal_01	里面 | '我找到了一个锁柜，里面有{0}。'
Wasteland_ItemCycleRarePet_02	阻里 | '一个{0}出现并阻止我走进一个坑里！最好带着它，应该能帮衬我一点。'
Wasteland_Quest_RemoveAll	除 | '移除所有'
Wasteland_Quest_Retry	重 | '重试任务'
Wasteland_RemoveDeadDweller	除 | '删除'
Wasteland_ReviveDeadDweller_And_Retry	重 | '全部复活并重试'
Weapon_Description_032Pistol_Enhanced	面 | '一把体面的枪。可以干掉没有护甲的对手。'
Weapon_Description_032Pistol_Rusty	靠 | '在废土上最不靠谱的手枪。祝你好运。'
Weapon_Description_50CalMachineGun	靠 | '一种古老设计，依然有效且可靠，经过了近300年的考验。'
Weapon_Description_50CalMachineGun_Enhanced	零 | '完美的经典武器，安装了新零件。'
Weapon_Description_50CalMachineGun_Hardened	防 | '抵御一群掠夺者或变种人的正确防身武器。'
Weapon_Description_AlienBlaster_Amplified	量 | '这么强大的力量是为外星人巡航舰准备的。'
Weapon_Description_AssaultRifle_Hardened	需 | '适用于雇佣兵在任何情况下对枪的需要。永远。'
Weapon_Description_AssaultronHead	首降 | '斩首并没有降低它的致命性。'
Weapon_Description_AssaultronHead_Enhanced	野 | '它有着隧道视觉——能钻透敌人的视野。'
Weapon_Description_BOSAssaultRifle_ArmorPiercing	里 | '对这个子弹喷射猛兽来说，哪里都是弱点！'
Weapon_Description_BOSAssaultRifle_Rusty	需 | '这把巨大的军用武器可能需要调试，但它依然威风凛凛。'
Weapon_Description_EnhancedTranqPistol	金 | '取得“活捉”奖金最快、最干净的方法。'
Weapon_Description_FatMan_Hardened	高 | '高收益率炮弹带来更大的爆炸……和更多的死亡人数。'
Weapon_Description_Flamer_Pressurized	量 | '这就像在你的手臂上挥舞着一条龙的力量。'
Weapon_Description_GatlingLaser_Amplified	量 | '改装过的发射器。枪筒更快。载弹量更多。等着瞧吧。'
Weapon_Description_GatlingLaser_Focused	量 | '每束光线有更多力量，意味每一次射击有更多痛苦！'
Weapon_Description_GaussPistol_Enhanced	高量 | '一把平衡且精致的手枪，配备高质量线圈。'
Weapon_Description_GaussPistol_Focused	靠 | '这把过度充能手枪威力强大，但并不一定可靠。'
Weapon_Description_GaussPistol_Hardened	重 | '为了发射更重的弹药而改造，威力十足。'
Weapon_Description_GaussRifle_Rusty	降 | '时间磨灭了它的光泽，但没有降低它的威力。'
Weapon_Description_GrognaksAxe	野 | '出自《野蛮人古古那》第23期“处女吞噬者的巢穴”。'
Weapon_Description_HuntingRifle	非 | '非常适合参与放倒人类或动物之类的游戏。'
Weapon_Description_HuntingRifle_Rusty	靠 | '肮脏但可靠，是你可以信任的枪。'
Weapon_Description_InstitutePistol_Apotheosis	量 | '未来的力量在你手中。'
Weapon_Description_InstitutePistol_Improved	高 | '来自高级系统部门的最新致命技术。'
Weapon_Description_InstitutePistol_Incendiary	院面 | '向学院的敌人们开火。字面意义上的。'
Weapon_Description_InstitutePistol_Scoped	野 | '每一个伟大的策略都始于清晰的视野。'
Weapon_Description_InstituteRifle	院 | '向他们展示你的本事。学院的本事。'
Weapon_Description_InstituteRifle_Excited	量 | '在力量的核心有一个粒子派对。'
Weapon_Description_InstituteRifle_Long	院 | '学院的触角伸得很长。现在你的也是。'
Weapon_Description_InstituteRifle_VirgilsRifle	量 | '他有大量的空闲时间来设计这种致命的激光。'
Weapon_Description_JunkJet	高 | '你会惊讶于高速喷射杂物如何的致命。'
Weapon_Description_KitchenKnife	面 | '背后捅刀子的理想之选，前面捅刀子也行，真的，适用于任何捅刀子。'
Weapon_Description_LaserMusket	革高 | '革命式的模型遇上高科技能力。'
Weapon_Description_LaserPistol	量 | '激光力量在你手中。咻咻！'
Weapon_Description_LaserPistol_Focused	量 | '终极科幻武器。腰上架着让人分崩离析的力量。'
Weapon_Description_LaserRifle	高 | '一种高技术的步兵武器，在战前被士兵使用。'
Weapon_Description_LaserRifle_Focused	高 | '一个高技术废土战士的完美武器。'
Weapon_Description_Magnum_ArmorPiercing	金 | '想要将穿金属装甲的雇佣兵爆到300码那么远吗？试试看。'
Weapon_Description_Magnum_Rusty	靠 | '威力稍弱，但仍是可靠的手枪。'
Weapon_Description_Minigun_Enhanced	雨 | '今天的天气预报说要下子弹雨了。'
Weapon_Description_Pickaxe	金 | '在地下挖这么深，说不定真能挖到金子。'
Weapon_Description_Pistol_Enhanced	高 | '新上了油，伤害更高。哦，真赞。'
Weapon_Description_Pistol_Rusty	靠 | '不是世界上最可靠的手枪，但它会在紧要关头帮你。'
Weapon_Description_PlasmaPistol_MPLXNovasurge	量里 | '一个绿色太阳的力量在你手里。'
Weapon_Description_PlasmaRifle	高 | '用超高温等离子远距离把敌人化成一滩浆。'
Weapon_Description_PlasmaRifle_MeanGreenMonster	高 | '可能是有史以来人类制造的最残酷的高科技武器。'
Weapon_Description_PlasmaRifle_Rusty	面非 | '即使是废旧的款型也能把你的目标弄得面目全非。'
Weapon_Description_PlasmaThrower_Agitated	面 | '让人激动的事，从严格分子层面来说。'
Weapon_Description_PlasmaThrower_Boosted	量重 | '双倍燃料，双倍热量，双重乐趣！'
Weapon_Description_PulseRifle_Hardened	量 | '尽量站在被蒸发目标的上风口。'
Weapon_Description_RadiumRifle	里 | '好枪。绝对不单单是用新维加斯废墟里捡来的东西拼凑出来的。没错。'
Weapon_Description_Railgun_Railmaster	限 | '“铁路尖钉”武器加速的极限。'
Weapon_Description_Ripper_Hardened	里 | '很快，每个掠夺者在你眼里都会像一棵树。'
Weapon_Description_Ripper_Rusty	需 | '链条需要加油，但它依然能工作。'
Weapon_Description_Shotgun_DoubleBarrelled	重 | '两个筒。双重伤害，双倍乐趣！'
Weapon_Description_SniperRifle	隔 | '隔着一条街也能放倒你的目标。'
Weapon_Description_SniperRifle_ArmorPiercing	降 | '干掉士兵，还有他乘坐的那架垂直起降机。'
Weapon_Description_SurgicalRipper_Enhanced	靠 | '干净且维护良好，适合血腥工作的可靠工具。'
Weapon_Description_T60Pistol	需 | '需要使用适当的增强配件，以避免伤到自己。'
Weapon_Description_UltracitePlasma1	量 | '即刻产生辐射极琉矿等离子破坏效果，注入能量即可！'
Weapon_Description_UltraciteSword1	需 | '当你手头只有一块大宝石，却需要一件致命武器时。'
Weapon_Description_UltraciteSword2	面 | '锋利得令人生畏，别把它放在枕头下面。'
Weapon_Name_032Pistol_WildBillsSidearm	野 | '野生比尔手枪'
Weapon_Name_ElderLaserPistol	里 | '里昂长老激光枪'
Weapon_Name_EnclavePlasmaRifle	雷 | '英克雷等离子步枪'
Weapon_Name_FireHydrantBat	防 | '消防栓'
Weapon_Name_GaussPistol_Enhanced	高 | '强化的高斯手枪'
Weapon_Name_GaussPistol_Focused	高 | '聚能的高斯手枪'
Weapon_Name_GaussPistol_Hardened	高 | '加固的高斯手枪'
Weapon_Name_GaussPistol_Rusty	高 | '生锈的高斯手枪'
Weapon_Name_GaussRifle	高 | '高斯步枪'
Weapon_Name_GaussRifle_Accelerated	高 | '加速型高斯步枪'
Weapon_Name_GaussRifle_Enhanced	高 | '增强型高斯步枪'
Weapon_Name_GaussRifle_Hardened	高 | '硬化型高斯步枪'
Weapon_Name_GaussRifle_Rusty	高 | '生锈的高斯步枪'
Weapon_Name_InstitutePistol	院 | '学院手枪'
Weapon_Name_InstitutePistol_Improved	院 | '改进型学院手枪'
Weapon_Name_InstitutePistol_Incendiary	院 | '燃烧型学院手枪'
Weapon_Name_InstitutePistol_Scattered	院 | '分散型学院手枪'
Weapon_Name_InstitutePistol_Scoped	院 | '狙击型学院手枪'
Weapon_Name_InstituteRifle	院 | '学院步枪'
Weapon_Name_InstituteRifle_Excited	院 | '激发型学院步枪'
Weapon_Name_InstituteRifle_Long	院 | '长款学院步枪'
Weapon_Name_InstituteRifle_NightVision	院 | '夜视型学院步枪'
Weapon_Name_InstituteRifle_Targeting	院 | '定向型学院步枪'
Weapon_Name_LyonsLaserRifle	里 | '里昂激光步枪'
Weapon_Name_PipePistol_Heavy	重 | '重型管道手枪'
Weapon_Name_ScribePistol	查 | '罗瑟查尔德学士手枪'
Weapon_Name_SuperSledge	雪 | '超级雪橇锤'
Weapon_Name_UltraciteGatling2	限 | '极限辐射极琉矿加特林激光枪'
