QuestLoc_SpringingtheTrap_QuestObjective_1	发现瘟疫的身份。
QuestLoc_TheThinlyVeiledPlotThickens_Conversation_1_Team_2	你知道号角报的办公室在哪里吗？
QuestLoc_GameShowGauntletH_Conversation_3_NPCStart_1	现在进入“掉脑袋”的第三回合！
Outfit_Name_JacketTshirt	摩托车夹克
Outfit_Name_LucysYellowDress	露西的黄裙子
QuestLoc_KnockEmDown_Conversation_2_NPCEnd_1	你竟想用拙劣的文字游戏来拒绝？那就随你便。
QuestLoc_AllSalesFinal_Conversation_1_Team_3	对不起，麻烦你了。我们正在寻找这些原料。
QuestLoc_DeathclawDeeLite_3_QuestLongDesc	现在我们有了死爪毒药。我想我们应该去喷洒旅馆附近的巢穴来根治问题，而不是喷旅馆本身。
QuestLoc_SavingDaylight_Conversation_1_NPCEnd_1	错了。不要指望我们告诉你“节省天光”将如何让我们生活！
QuestLoc_OBrother_Answer05_PC02	好吧好吧，冷静点。我们没来过这里，什么都没看见……
QuestLoc_CollectorsEdition_Conversation_1_NPCStart_3	……然后我们会让巧手先生把你烤得好好的！
QuestLoc_EvictionNotice_QuestShortDesc	把大汗帮赶出诺瓦克的恐龙迪莱特旅馆。
QuestLoc_TheSecretofREDACTED_RaiderLine_3	我现在倒想来点“乌拉（Vril）”。我是说……饱饱牌肉罐头。对，就那个。
QuestLoc_MyWeirdScienceProject_QuestLongDescription	想要研究发光辐射蝎的致死性，有什么比亲自观察更好呢？派遣你的研究队深入怪兽洞穴吧。当然你得先杀了它。
QuestLoc_DibsattheRedRocket_QuestObjective_1	寻找有价值的垃圾。
QuestLoc_GoingToTown_2_Question2_Answer1	你不想当奴隶？但你已经是了！太糟糕了！
Raider_Name_Plural	掠夺者
Encounter_Progression_JustStartedTier2_3	这还不算太坏。也许我们都应该离开避难所……
Pet_Description_boxer_b	很会玩，对孩子们也友善，还能一把拧下掠夺者的胳膊。简直太棒了。
QuestLoc_Tonics_Answer01_PC02	菲利镇被掠夺者袭击了！很多人受伤了！
QuestLoc_APaleImitation_QuestLongDescription	在废土上有一个新避难所，是掠夺者管理的！避难所科技早已不复存在，那又会是谁修建了 R41D 号避难所呢？赶紧去调查吧。
QuestLoc_PetPeeve_Conversation_1_Team_2	只要告诉我瓶瓶和盖盖去哪儿了，你这个怪咖！
QuestLoc_ExtremePrejudice_Conversation_5_NPCEnd_4	不，特工人员，我希望你死。
QuestLoc_GameShowGauntletK_Conversation_4_NPCEnd_3	哈！我正在喝。加油，你会……“掉脑袋”的！
QuestLoc_TheShadowWolf_QuestName	影狼
Stats_Failed_Rushes	极速模式失败
QuestLoc_TheCaseoftheLostLunch_QuestObjective_2	同定居点的居民交谈。
QuestLoc_ScienceCooperative_Conversation_1E_Team_1	鲜花和微笑无用。残酷才能统治废土！
QuestLoc_IntoVault333_Conversation_1_NPCEnd_3	我告诉你，你去杀了“坦克弗兰克”。他就在那幢建筑里。然后我们再谈谈。这个可能会有帮助。
Speech_LivingQuarter_PickupLines_49	我是一个有执照的避难所套装检查员。我需要紧紧地拥抱你。
Outfit_Name_WorkDress	乡村女教师服
QuestLoc_FashionStatement_Conversation_1_Team_4	你是个掠夺者，谁在乎你的样子？
QuestLoc_TheReluctantShill_Conversation_1_NPCStart_1	是真的，我为水之术士工作了一段时间。我们到处卖“神奇”的水。
SnipSnipDialog_Wasteland_79	那就向北走吧。
QuestLoc_TheYolksonYou_Conversation_2_NPCEnd_3	然后和我们去分享这些蛋？做梦吧，约瑟！
Time_Seconds	秒
Message_Tutorial_SpinToWinHowToPlay	花费一枚{筹码}转动幸运大转盘，无论指针停在哪里，都能赢得对应的{奖励}。
QuestLoc_GameShowGauntletK_Conversation_1_NPCStart_4	请说出核子世界里一个掠夺者帮派的名字。
QuestLoc_S2_QL3_Q3_Insider_Question2_Answer2	哦，你真是个扫兴鬼！我要找个能做真正自己的地方。
QuestLoc_OperationSandman_Conversation_2_NPCEnd_3	401K，根据手册。“K”代表“杀死”，你需要多学习。
QuestLoc_DeathandDenial_Conversation_7_Team_2	沃辛顿夫人的随从阿加莎干的。
QuestLoc_FactoryFloorofFear_QuestObjective_1	探索工业基地。
Tutorial_Tip_70	那些配备了宠物的居民如果在任务中死亡了且不准备复活时，宠物会自动回到避难所。
QuestLoc_GameofVaults_Conversation_1_NPCEnd_1	呃……好的，无论如何，我们走吧……
QuestLoc_RaiderTroublesatCorvega_Conversation_1_NPCStart_2	一些伪君子，想要干掉“道路丘疹”！
MrHandyDialog_Wasteland_21	看起来要下雨了，真棒。
QuestLoc_OBrother_Conversation02_NPC01	别乱摸啊，小心点儿。
Room_Armory	军械库
Social_Button_Logout	注销
Encounter_Random_Message215	嗯，地铁站。我不想去那里。
QuestLoc_GameShowGauntletI_Conversation_2_Team_1	马西隆恩。
QuestLoc_WorstCoachEver_Conversation_1_NPCStart_3	一定是蔻驰！他在嘲笑我们！
VictorDialog_Wasteland_12	感觉有什么不对劲……最好警醒起来。
Speech_SnipSnip_Bark3	我的时间传感器在大战中受损了，估计至少是一周前的事了。
Casino_Upgrade_Info	加速运气（L）的训练
QuestLoc_RaidingParty_QuestLongDescription	一群掠夺者趁着他们的老大不在，偷偷开了一个疯狂而盛大的舞会。现在是我们渗透到他们内部的好机会。如果我们能离间他们和他们的老板，整个帮派就会从内部瓦解掉！
QuestLoc_S2_QL2_Q3_Req_Question3_Choice1	给你。
Help_Page07_MainText_PC	当您需要新居民时，您可以鼓励您的居民多生育。

- 将一个男人和女人放在宿舍里，看看他们是不是喜欢对方。

- 如果一切顺利的话，女方将会怀孕。

- 过一段时间，怀孕的居民就可以分娩了。

- 点击她头上的图标，会有新的小孩出生。

- 一旦孩子长大，您将拥有一个新的居民。
Controls_Xbox_Quest_MoveToRoom	移至房间
QuestLoc_S2_QL2_Q1_Doc_Question5_Choice2	好心的夫人，求求您了，我们急需治疗针。
QuestLoc_OBrother_Conversation05_NPC03	嘿！你是谁？识相的就给我滚出去！
GameSettingsUWP_Controls	控制
QuestLoc_HorsemenofthePostApocalypsePart1_QuestlineName	后末日时代的骑士 第一部
Tutorial_Tip_31	您可以通过完成一些目标得到免费的午餐盒。
Bonus_ChildMultiplier	{0}%双胞胎概率
QuestLoc_ANiceGhoulLikeYou_QuestShortDescription	在红火箭加油站里寻找零件。
SnipSnipDialog_Generic_02	人类如此之多，我的时间却如此之少。
QuestLoc_RunThreeDogRun_Conversation_2_NPCStart_3	很快，废土就会被“死亡”的魔爪撕成碎片！
Weapon_Description_CombatShotgun_CharonsShotgun	据说是一个尸鬼雇佣兵通向冥河的钥匙。
QuestLoc_TheDeBuggers_Conversation_1_NPCEnd_3	不，你的哔哔小子太旧了。也许你可以尝试添加这个扩展卡……
QuestLoc_GameShowGauntletD_Conversation_3_Team_1	动力装甲。
QuestLoc_FollowingHisFirstSteps_Conversation_1_Team_2	他有说他会去哪儿吗？
Speech_Conversation_NPC2_Topic6_Response1	不要。但有个机器人做仆人挺好的。
QuestLoc_VaultTecExperimentReviewA_Conversation_3_NPCStart_1	我是监督者。请亲眼见证我们的避难所有多恐怖！
QuestLoc_ItsnotEasyBeingGreen_QuestObjective_3	访问红色检疫区。
QuestLoc_SpyonRaiders_Conversation_3E_NPCEnd_2	很好。拿上这个然后出发吧！
Weapon_Name_Magnum	.44狙击枪
QuestLoc_FriendlySettlement_Conversation_2B_NPCStart_3	你们觉得怎么样？
Message_TutorialPopup_07_Title	房间合并 - 升级
QuestLoc_NoThanksfortheGobbler_QuestlineName	对高步勒可不客气！
QuestLoc_SavingDaylight_Conversation_1_NPCStart_1	这是避难所居民！
Weapon_Description_GaussPistol_Enhanced	一把平衡且精致的手枪，配备高质量线圈。
QuestLoc_RubarbsReckoning_Conversation_1_NPCStart_4	但我知道如果我败了。我就去你们的避难所然后工作到吐血！
QuestLoc_SpelunKingTrainingE_Conversation_1_NPCEnd_1	哈！我想你们需要仔细看看我们这些完美的肌肉。
Season1_Description	避难所科技将您分配到辐射极琉矿狂热实验中！您避难所下方的辐射极琉矿矿床将吸引一支凶残的辐尸人大军。开采辐射极琉矿以打造强大的辐射极琉矿武器，同时展示一下避难所科技的传统好客之道。别担心，在这些袭击中牺牲的居民将免费复活！祝您好运，监督者，别忘了保持微笑！
Help_Page08_BottomText	提示：请记住不要建造超出需求的房间，或者扩张得过快。
QuestLoc_GameShowGauntletF_Conversation_1_NPCStart_2	请正确回答问题来赢取瓶盖。
QuestLoc_ReleasetheRaiders_RaiderLine_4	战争就在你身上！
QuestLoc_NotSoSafehouse_QuestObjective_1	找到铁路特工。
QuestLoc_BrotherhoodOfFeels_QuestShortDescription	与奇怪的幸存者群体联系。
QuestLoc_VacateTheNovac_QuestLineName	驱逐诺瓦克
MrHandyDialog_Gym_01	加油，人类！
Message_Tutorial_07_PC	让我们看看{居民}的{状态}。{点击}{居民}来{查看信息}。
QuestLoc_VaultTecExperimentReviewA_Conversation_2_NPCStart_2	跟我们讲些鬼故事吧，不然就得死！
QuestLoc_TheAbyss_QuestShortDescription	探索无底避难所的深度。
Stats_Common_Decorations	普通装饰
QuestLoc_SpelunKingTrainingB_Conversation_1_NPCStart_1	我们还以为你们是一群双头牛呢。一群又慢又吵的双头牛。
QuestLoc_TheScenicRoute_QuestObjective_1_LA	探索前哨。
RichPresence_Xbox_03	正在对付一只鼹鼠
Theme_ShortName_Lucky38Penthouse	幸运38号顶层公寓
Encounter_Message_Creature18	一只泥沼蟹猎杀者。
QuestLoc_TheRiteofSpraying_Conversation_1_Team_2	他们提到他们为什么这样做了吗？
QuestLoc_TheBigsbyBrownCase_QuestObjective_3	拯救失踪的避难所居民。
Wasteland_ExteriorItem_SubTitle	自定义废土主题
QuestLoc_TheSecretofREDACTED_QuestShortDescription	揭露一个深远的阴谋。
Objective_CraftStimpack	打造1个治疗针
QuestLoc_HalfFullHalfEmpty_Conversation_1_NPCEnd_1	我们的双头牛一饮而尽。谁能对金色的粪便说不？去废弃的避难所科技办公室试试看吧。
Tutorial_Tip_07	建造一个医务室来生产治疗针。
QuestLoc_FamilyMatters_Conversation_1_Team_1	谁是外婆？
QuestLoc_SpyonRaiders_Conversation_2C_NPCEnd_4	你……什么？叛徒！杀了他们！
Speech_NoPower4	这房间用不了了！电不够！
QuestLoc_JunkRun_QuestName	杂物大作战
Bonus_SurvivalGuide_WastelandCapsBoost	废土瓶盖
Speech_Conversation_NPC2_Topic9_Response1	哦！那本我看过。她最后死了。真是悲伤。
QuestLoc_SantasHelpers_Conversation_3_NPCStart_3	你们值得得到点好东西。我们该怎么回报你们呢？
Speech_Generic_Dweller40	我们是在卖力干活，还是压根没在干活？嘿嘿嘿嘿。
QuestLoc_Blackout_Conversation_1_Team_1	我们要和掠夺者一起开派对？我可……不记得……有这么回事！派对是在哪儿办的？
QuestLoc_AlienBotQuest06_Conversation_2_PC2_2	你是谁？你在这儿干什么？
Dweller_RunToWasteland	正在离开避难所
QuestLoc_WorkingOvertime_Conversation_2_NPCStart_2	我想说……看看我……我连鼻子都没有！
Speech_Kid18	我不知道我是否会永远生活在这个避难所里。
QuestLoc_SecretWeaponTest_Conversation_1_NPCEnd_1	好吧，那我们就拿去吧！
Outfit_Description_LifeguardOutfit	拯救生命，打击心灵。
QuestLoc_PartyCrasher_QuestName	不速之客
QuestLoc_TheSpiritofTaking_Conversation_1_NPCStart_1	我想送给我最好的朋友一只新宠物作为礼物。
QuestLoc_TheYolksonYou_RaiderLine_3	我们瞬间就能搞定这里！
QuestLoc_CollateralMurder_Conversation_1_NPCEnd_1	试试从这里往北约一公里处的旧大无敌超市吧。
QuestLoc_DogGone_Conversation_2_NPCEnd_4	它不是吗？好吧，真烦。我想你们可以带走它了。它也太能吃了。
QuestLoc_GameShowGauntletJ_Conversation_2_NPCEnd_3	不对，他是个合成人，白痴！意味着你该……“掉脑袋”了！
QuestLoc_HaveGunWillTravel_Conversation_1_NPCStart_1	你们在找那些钢铁兄弟会的士兵吗？
QuestLoc_SpearFishing_QuestName	用长矛钓鱼
Button_Yes	是
QuestLoc_KidnappingatVault778_QuestObjective_2	杀死马斯蒂夫穆尔登。
QuestLoc_ACryforHelp_QuestShortDescription	红火箭服务站里有人在大声呼救。
Speech_Quest_Generic_Dweller_Conversation_23	带零食了吗？
QuestLoc_Ghooooooooooooooooooul_Conversation_1_Team_1	我的天啊！我能找你要签名吗？
QuestLoc_GameShowGauntletG_Conversation_4_NPCEnd_1	*卟嗞*错！现在……“掉脑袋”吧！
QuestLoc_FashionStatement_Conversation_1_NPCStart_1	这身装备糟糕透了。而且露胸的设计也太老土了吧。
Weapon_Description_PowerFist_Enhanced	明显改进的动力拳套。
Message_CantDestroyRoom_Path	不能摧毁这个房间，因为它与两个房间相连。
QuestLoc_DivideandConquer_RaiderLine_2	“出去然后做乘法吧，”他们说……
QuestLoc_Sabotage_Conversation_2_NPCStart_2	老大让我们用放射性物质毒害人已经够糟糕的了。
QuestLoc_GameShowGauntletC_QuestLongDescription	你被邀请参与“掉脑袋”的游戏！请回答问题，不然就……
Weapon_Name_Flamer	火焰喷射器
QuestLoc_ExtremePrejudice_Conversation_1_NPCEnd_1	有道理。
QuestLoc_TheEndoftheRainbow_Conversation_2_NPCEnd_3	我会的，你们这些笨蛋！
QuestLoc_TheSpiritofTaking_Conversation_1_NPCStart_2	不幸的是，一些掠夺者跳了出来，拿走了我的宠物盒子。
Social_Button_SelectAll	选择全部
MrHandyDialog_Generic_01	人类开心，我就开心。我发誓。
QuestLoc_ParleyTime_Conversation_3_Team_2	好的。你，毕竟是，最强大的骑士。
Outfit_Description_AlistairSpecial	废土精英和房地产开发商的最爱。
MoveInsteadOfOverrideText	备份到空档
QuestLoc_GameShowGauntletI_Conversation_3_Team_4	总统。
Stats_Ghoul_Attacks_Stopped	终止狂尸鬼袭击
Pet_Description_stbernard_b	如果你在高山上迷失了，希望它能跑来找你。
QuestLoc_TheYolksonYou_QuestLongDescription	大厨对你死里逃生的能力表示惊讶。他想用辐射蝎蛋卷来庆祝。923号避难所最近被这些生物侵占了，不妨就从那里开始吧。
Encounter_Progression_JustStartedTier2_17	我真的不想在这里被吃掉……
QuestLoc_SpelunKingTrainingC_Conversation_1_Team_2	我们的监督者想杀了你。
QuestLoc_TheSixthSun_Conversation_3_NPCEnd_3	在传统的死爪彩蛋寻宝活动之后，就是明天。
Android_Ask_Notification_Yes	是
MrHandyDialog_Wasteland_95	这是什么？啊，原来我正在雷区上啊。我再也不会羡慕别的生物有腿了。
Message_TutorialPopup_04_Body	完成目标，赚取瓶盖。目标能够通过点击哔哔小子菜单里的缎带图标找到。
QuestLoc_ThisGoldenRing_Conversation_1_NPCEnd_1	什么？不，这只是一箱六瓶装的量子核子可乐！
Room_WeaponFactory_3	武器工厂
Speech_Quest_Alone_Dweller_11	我想我需要支援。
QuestLoc_RubarbsReckoning_Conversation_1_NPCEnd_3	我现在唯一的工作就是避难所的工作。
QuestLoc_SnakeWater_Conversation_1_NPCStart_1	你找到了我，强大的水之术士！饮料之神！水中泰坦！
QuestLoc_PaulasinaPickle_Conversation_1_NPCStart_2	我叫曼迪麦金托什。狂尸鬼把我们其中一些人抓走了。
QuestLoc_MondayNightBrawl_Conversation_2_NPCEnd_2	莽夫们，你们就这么点能耐吗？
QuestResult_Completed	任务完成
QuestLoc_TheInfiltrationGame_Conversation_2_Team_2	让我先把那些秘密蓝图拿出来。
Encounet_Progression_Creature21	巨型兵蚁认为我是个威胁，正在攻击我！
Deathclaw_Name_Plural	死爪
Encounter_Victory_Location8	我帮十二个奴隶逃了出去。为了自由！
Speech_Quest_Generic_Dweller_39	我一定能挺过去的……
QuestLoc_BountySnips_QuestName	悬赏：“剪刀手”
CloudSaveConfirmMessage	您确定要保留云存档吗？
QuestLoc_GameShowGauntletF_Conversation_4_NPCStart_1	现在到了最后回合。
QuestLoc_WastelandTheMusical_Conversation_2_Team_2	♪ 万一我失散多年的父母 ♪ 比方说，碰巧就是变种人？♪
Encounter_Message_Creature22	一只致命的死爪。
Button_Reset	重置
Junk_Desc_Shovel	用途多还结实。人手必备。
Weapon_Name_Railgun	射钉步枪
Help_Page30_BottomText	提示：美发店里的居民只能独自对抗灾害，所以请给他们好的武器和装备。
QuestLoc_FonsVivus_Conversation_1_Team_1	你们不会恰好还有点剩的吧？
QuestLoc_DeathclawDeeLite_2_Question2	啊！他们终于找到我了……我想你们是要……
Objective_HaveBabies	成功接生一个避难所婴儿
Outfit_Description_SequinDress	当你想成为全场的焦点时，请穿上它。
Weapon_Name_Rifle	步枪
QuestLoc_TimetoWakeUp_Conversation_1_NPCStart_3	掠夺者必须保证八小时的充足睡眠！
QuestLoc_DeathandDenial_Conversation_2_NPCStart_1	我是雷金纳德，首席管家。
QuestLoc_Blackout_Conversation_1_NPCStart_1	你！你们这些呆子！把我留在这儿和一群辐射蝎在一起！
Pet_Description_pitbullterrier_l3	你的避难所不可能再找到比它更好的看门狗了。
QuestLoc_InShiningArmor_Conversation_1_NPCStart_3	我真的很高兴，因为我想不到它还可以成为什么更好的地方了。
Speech_Quest_Generic_Dweller_6	现在我知道为什么他们称之为“废土”了。
VictorDialog_Wasteland_17	我想小睡一会儿，顺便把轮子里的辐射蟑螂清一清。
Stats_Power_Production	电力生产/分钟
Bonus_SurvivalGuide_DamageBoost	伤害
SnipSnipDialog_RadioStation_02	麦克风测试，麦克风测试，1、2、3。这玩意儿开着吗？
Tutorial_Tip_05	观察力(P)高的居民在水房里工作得更好。
Button_Instant	立即
QuestLoc_GameShowGauntletI_Conversation_4_Team_4	忏悔星期二。
QuestLoc_CollateralMurder_QuestObjective_1	去见罗伯科工厂里的居民们。
Objective_CraftLegendaryUltraciteWeapon_Plural	打造{0}件传奇辐射极琉矿武器
QuestLoc_S2_QL2_Q4_Roswell_Question1_Answer2	它们不属于这个世界。我想它们是来收回自己科技的。
Weapon_Name_032Pistol_Rusty	生锈的.32手枪
QuestLoc_GhoulSupplies_Question1_Answer1	应该有一位还没野化的尸鬼员工。祝你找到他！
QuestLoc_SetEmUpPestilence_Conversation_2_NPCStart_2	他们给我服……不，赐予了我……“瘟疫”的……辐射……
Outfit_Name_SleekSuit	时尚西装
SnipSnipDialog_Wasteland_41	拜托，我是一个家务机器人，又不是一辆坦克。我来这干什么？！
QuestLoc_DeathandDenial_Conversation_5_Team_3	你呢，维琪？你看到什么了吗？
QuestLoc_LittleMissWasteland_Conversation_4_Team_3	呃……避难所科技？
QuestLoc_S2_QL2_Q2_Field_Question1_Line1	鼹鼠崽子！上头的增援拖到现在才来，可真够磨蹭的。
Encounter_Random_Message100	风声呜咽，听着倒像人说话。
QuestLoc_GhoulSupplies_CombatInit2	啊嗷！
Bonus_SurvivalGuide_ChildMultiplier	双胞胎概率
Encounter_Random_Message104	嗷！被碎石绊了一下。
Room_UltraciteMining_3	辐射极琉矿开采站
QuestLoc_HoneymoonHorror_Conversation_2_Team_1	你们能闭嘴然后赶紧回去吗？你们已经惹了这么大的麻烦了。
QuestLoc_PoweredUp_Conversation_1_NPCStart_3	宝拉以为这地方可能是避难所之城。显然并不是。
QuestLoc_DogsofWar_Conversation_2_NPCStart_1	看这里，有人打败了那些菜鸟。怎么，你们觉得能打败我们？
Wasteland_Cant_Send	你现在不能把此居民派去废土。
QuestLoc_GameShowGauntletK_Conversation_4_NPCStart_1	现在到了最后回合。
SnipSnipDialog_Wasteland_49	看啊。一个狂尸鬼正在啃一个人的手臂。这可不是每天都能看到的景象。
QuestLoc_Headhunting_Question2_Choice2	我们需要一名旅馆经理。
Weapon_Name_InstituteRifle	学院步枪
Objective_CraftWeapons	打造1件武器
QuestLoc_VaultTecExperimentReviewA_Conversation_2_Team_3	算了，我们还是直接杀了你们吧。
Speech_Conversation_NPC1_Topic15	我正在写一首新歌，歌颂监督者。我需要一个和“伟大”押韵的词。
QuestLoc_SpearFishing_Conversation_1_NPCStart_2	我们在红果植株上布好了陷阱。只要有丝毫颤动，长矛就会飞射下来，直插入土。
QuestLoc_SpyonRaiders_Conversation_3D_NPCEnd_4	这是玩的哪一出？！
Weapon_Description_MissileLauncher_MissLauncher	她会让现场充满了爆炸和哇哇叫。
QuestLoc_RunThreeDogRun_Conversation_1_NPCEnd_1	恐怕那是个严密保守的秘密，戴夫在指挥链上的级别还不够高。
Message_OneHundredMillionPopup_Body2	经过大家的共同努力，我们达成一个重要的里程碑：

超过1亿的监督者已经建立了属于他们自己的避难所！
请笑纳这个免费礼物，就像避难所科技常说的……谢谢！
QuestLoc_APaleImitation_Conversation_2_Team_3	我真的是来自避难所的！你们都搞错了！
Message_Tutorial_ScorchedEnemies	随着赛季推进，{辐尸人突袭}的敌人会更多，{难度}也会逐步提升。
QuestLoc_GasNGo_Conversation_1_Team_4	别管我，我自己会去的。
Help_Page01_BottomText	提示：完成某些目标能赢得午餐盒、宠物笼子或巧手先生盒！
Speech_Quest_Generic_Dweller_Conversation_18_Response_1	真的吗？我怎么感觉特别好呢！
Speech_NoPower2	房间黑了！我们需要更多的电！
QuestLoc_OBrother_Initial1	嘿！很高兴见到新面孔！
SnipSnipDialog_Generic_17	我会尽我所能支持你们人类肥胖懒惰的生活方式。
QuestLoc_DeathRevealed_Conversation_2_NPCStart_4	但如果我们不能阻止骑士的话就没所谓了。我们去找监督者吧！
QuestLoc_AlienBot_Quest04_Conversation_3_NPCEnd_2	人员未授权，入侵者警告。激活安全协议！
Speech_Conversation_NPC1_Topic17	如果你能离开避难所，随便挑栋建筑当自己的家，你会选哪种？
QuestLoc_DeathandDenial_Conversation_3_NPCStart_3	我们没做错什么。我们当然没有杀任何人！
Message_Tutorial_09_Xbox	要分配一个{选中的居民}，{按住}抓住居民，然后{选择}一个房间。试着将这个{居民}分配到刚才所建的{发电室}。
Message_Tutorial_62_Xbox	按下来打开{废土任务日志}。
QuestLoc_DogsofWar_Conversation_1_NPCStart_1	这里有一台打开的收音机，听起来像三狗正在直播。
Encounter_SurpriseQuest_MarketPlace	偶然路过了一个大无敌超市，彻底搜查了一遍。
Weapon_Name_HardenedT60Pistol	加固的T60手枪
Encounter_Message_NPC3	一个游走的尸鬼。
Encounter_Victory_Creature4	我踩扁了一只辐射蟑螂，小意思。
Button_Sell	卖出
Achievement_Xbox_Name_08	装饰者
QuestLoc_TheRiteofSpraying_Conversation_1_NPCStart_1	非常感谢你帮助我们，我们真的很感激！
QuestLoc_FriendlySettlement_Conversation_1B_NPCEnd_3	我们不是僵尸啊。你们走吧！
Encounter_Message_Location9	一个废弃的加油站。
QuestLoc_ThePathofPaulaPlumbkin_Conversation_1_Team_1	布朗金！宝拉·普朗布金！她去哪里了？
QuestLoc_RevengeoftheGeeks_Conversation_2_NPCStart_3	下面这些数里面哪一个不是质数？
QuestLoc_DeathRevealed_Conversation_3_NPCEnd_1	我们是“死亡”的警钟！
QuestLoc_HoneymoonHorror_Conversation_2_NPCEnd_3	我丈夫永远不会抛……哦，你想走了？那好，你走吧。
QuestLoc_ByHookorbyCook_Conversation_1_NPCStart_3	但是你将无法从我的枪口下逃脱！
QuestLoc_DeathandDenial_Conversation_4_Team_2	那是在她变成尸鬼之前还是之后？
QuestLoc_GameShowGauntletF_Conversation_4_NPCStart_2	那个藏在波士顿公园池塘里的巨兽叫什么名字？
QuestLoc_ESterisComing_Conversation_2_Team_3	关于复活节你们知道些什么？
QuestLoc_SOS_Conversation_1_NPCEnd_2	我不相信！怎么可能有人用比格斯比做热狗。我没法付钱给你，但你也许能用得上这个。
QuestLoc_AMaptotheStars_Conversation_1_Team_2	你知道谁是号角报的发行者吗？
QuestLoc_RevengeoftheGeeks_Conversation_3_NPCEnd_1	哈！你没能通过这次突击测验。
Weapon_Name_AlienDisintegrator_Enhanced	强化的外星分解枪
Login_Password	密码
Speech_LivingQuarter_PickupLines_80	你对所有的居民都这么好吗？
Encounter_Random_Message54	这一路走下来，我这双脚可遭了大罪。
Help_Page30_MainText	居民能够在美发店里改变造型。但美发店一次只能服务一个居民。

升级您的美发店来解锁更多个性化选择。

居民的魅力值（C）高时，美发店会工作得更快。
QuestLoc_AWinningSeason_Conversation_1_NPCStart_2	好吧，我得承认，你们这些居民确实有两下子。
QuestLoc_The20thInning_QuestName	第二十局
Theme_ShortName_NukaColaPlant	核子可乐工厂主题
QuestLoc_DearthOfClaws_QuestLongDescription	我们的几个采集者最近和一个旅行者聊天，他说他正在该地区寻找死爪聚集地，还计划在那里进行“社会实验”。他们担心他可能会自讨苦吃。去附近这个死爪聚集地，看看能不能救救这个可怜的家伙。
QuestLoc_OnlyHuman_Conversation01_PC01	人类任务？
QuestLoc_GameShowGauntletI_Conversation_2_Team_4	我姨妈缇丽。
QuestLoc_WaroftheNerds_Conversation_2_NPCStart_4	总工程师是什么时候合成科技巴氏合金来拯救飞船的？
QuestLoc_BacktotheOutfield_QuestName	返回外场
QuestLoc_GameShowGauntletD_Conversation_2_NPCEnd_1	他在那儿，但不只是他。所以你要……“掉脑袋”了！
QuestLoc_TheBansheesKeen_QuestObjective_1	解开哀嚎灵魂的秘密。
QuestLoc_TheCaseoftheLostLunch_Conversation_3_NPCStart_1	你！你是来这里帮忙的是吗？听着，不是我干的，不管是谁偷了他们的食物，一定是这栋楼里的生物。而且肯定不好对付！求求你们，快救我出去！
Speech_Quest_WrongPath_Dweller_13	也许该掉头了，这不是正确的路。
QuestLoc_S2_QL2_Q3_Req_Question7_Answer3	给你了。现在走人！
Speech_Conversation_NPC1_Topic48	我决定要写那部伟大的美国小说，写的就是我们所有人！
QuestLoc_Filly_Conversation03_NPC02	欢迎来到菲利镇。我负责保护这里，大家都叫我玛·琼。
QuestLoc_Blackout_QuestLongDescription	新年第一天……昨夜避难所举行了隆重的派对活动。但是监督者的儿子杰克失踪了。我们必须找到他！现在只知道12点之前他还和我们在一起，但之后发生了什么完全是一片模糊，我们都穿着防辐射服，所以我们应该是去过可伟佳自动化工厂……
QuestLoc_LittleMissWasteland_Conversation_4_NPCEnd_1	让我猜猜，你的外婆是个尸鬼，对吧？（叹气）去下个房间吧……
QuestLoc_GroomforDoubt_Conversation_1_Team_2	嘿，美人儿。
Objective_RightRoom_Plural	正确分配{0}个居民
QuestLoc_SpyonRaiders_Conversation_1E_NPCStart_3	你们觉得自己足够厉害到能加入我们吗？
QuestLoc_TimetoWakeUp_Conversation_1_NPCEnd_2	哦，在这里。不容易啊，谢谢啦！
Encounter_Message_Repeatable_JunkLocation9	一个机器人工厂，损坏的保护者散落在外。
Message_OutOfNukaQuantumStoreButton	商店
QuestLoc_AlienBotQuest04_Conversation_4_PC3_1	把这些东西带回避难所，仔细研究数据。
QuestLoc_SpearFishing_Conversation_1_NPCEnd_1	我不知道。我们派了最好的追踪者，影狼，顺着它们的地道去找源头。他向北走了，走了一个小时了。
Theme_ShortName_LivingQuarters	居住区主题
Help_Page20_MainText_Xbox	要分配居民到房间，请先选中居民，按住将其抓起，然后再选择一个房间。

当选中一个房间时，SPECIAL属性的字母和数字会出现在居民头上。

头上的字母对应着相应房间的属性。

如果数字前有加号或者减号，意味着将居民分配到该房间后，房间里原有的一位居民将被替换。该居民对房间的影响将随所标数字提高或降低。

房间里被替换的居民将从事被拖拽居民之前的工作。

如果数字前没有加号或者减号，则意味着房间里还可以容纳更多的居民，无需替换。
Speech_Conversation_NPC2_Topic14_Response1	也许会选一位著名的瑞士巧克力大师吧。怎么了？我喜欢巧克力不行么。
QuestLoc_PittStop_QuestShortDescription	从奴隶贩子手中解救被绑架的居民。
SnipSnipDialog_Wasteland_88	嚯！一个岔路口。我们走……右边！
QuestLoc_GameShowGauntletI_Conversation_2_NPCStart_1	我们现在进入第二回合。
MrHandyDialog_Athletics_02	我一直不明白腿有什么用，或者说为什么要动它们。人类啊，你们就不能漂浮起来吗？
Speech_Conversation_NPC2_Topic40_Response2	这还不明显吗？有人被分解成灰了！
QuestLoc_VaultTecExperimentReviewA_Conversation_1_Team_1	你没死啊，你只是穿了件床单。
QuestLoc_SetEmUpPestilence_QuestName	埋伏设计：“瘟疫”
Weapon_Description_UltraciteSword1	当你手头只有一块大宝石，却需要一件致命武器时。
SnipSnipDialog_Generic_34	这些人类真是太难理解了。每个人都有那么重的口音。
QuestLoc_GameShowGauntletJ_Conversation_4_NPCStart_1	现在到了最后回合。
Raider_Name	掠夺者
Objective_SellItem	卖掉1件武器或装备
QuestLoc_TheRiteofSpraying_Conversation_1_NPCStart_4	我设法避免了，但其他人没有那么幸运。有的甚至尸鬼化了。
Time_HoursShort	小时
Menu_NowLoading	正在加载……
QuestLoc_GoingToTown_1_Question5_Choice1	我要了！
QuestLoc_OutoftheVaultIntotheShadows_Conversation_1_NPCEnd_1	随便，我不在乎。准备好受死吧！
QuestLoc_TheYolksonYou_Conversation_2_NPCEnd_2	这样吧，你杀死那些生物，把他们劈开，然后剩下的交给我们吧。
QuestLoc_ChristmasattheRaiderCamp_QuestName	掠夺者窝点的圣诞节
QuestLoc_WondersofTechnology_Conversation_1_NPCStart_2	这个项目简直是个灾难！机器人什么都不做，只知道爆炸！
QuestLoc_GameShowGauntletC_Conversation_1_Team_3	废土生存指南。
Speech_Kid22	监督者是我的英雄！
Encounter_Victory_NPC5	我让鹰爪公司佣兵放下了戒心。我们互相讲了讲各自的经历，分别时已经成了朋友。
QuestLoc_HomeFieldAdvantage_QuestShortDescription	寻找罗基·杰宾森的棒球衫。
Stats_PetBreeds_Collie	牧羊犬
Bonus_SurvivalGuide_FasterPregnancy	怀孕时间
QuestLoc_SpyonRaiders_RaiderLine_1C	给我钉住他们！
QuestLoc_ZinesFromtheCommonwealth_QuestlineName	联邦来的扎因斯
Speech_Room_SomeoneUnhappy_Bar	喝再多酒也不能让我喜欢上你。
Encounter_Message_Creature11	一只巨型兵蚁。
QuestLoc_CrossingPaths_Conversation_1_NPCStart_1	那活儿干得不错，平民。
QuestLoc_TheSecretofREDACTED_Conversation_1_NPCEnd_2	你问过共济会吗？
Message_Tutorial_03_Xbox	我们将建立一个{发电室}来产生{电力}。按下来{选择}{发电室}。
QuestLoc_CleanUpOnAisleFive_QuestObjective_1	杀死大无敌超市的掠夺者首领。
QuestLoc_JustDeserts_Conversation_2_NPCStart_4	解决极端问题需要极端的手段。”
QuestLoc_TheFinalPush_Conversation_1_NPCStart_2	很久之前动力装甲就不能用了。我们不是这些死爪的对手。
QuestLoc_FoodFight_Conversation_1E_Team_2	我来这里只是想给自己找点好吃的。
SeasonPass_EndingSoon_NewVegasB	赛季通行证即将到期！完成挑战或使用量子核子可乐来解锁奖励。
在高级赛道达到20级即可获得独家幸运38顶层套房居住区主题，仅限本赛季。
Room_HydroponicFarm_3	水培
Weapon_Description_AssaultRifle_Rusty	偶尔会堵塞，但那又怎样呢？还是很强大的。
QuestLoc_GuardianoftheWastes:Deathclaws_QuestObjective_1	杀死领头死爪。
QuestLoc_HoneymoonHorror_Conversation_1_NPCStart_2	不管怎么说，婚礼上的食物太难吃了！为什么要冒着自己的生命危险来做这些？
SnipSnipDialog_Wasteland_28	要是我空手而归，估计会被人唠叨个没完没了……
Stats_Male_Dwellers	男性居民
Message_OutOfRadAway	您没有任何消辐宁
QuestLoc_FriendlySettlement_Conversation_1C_Team_3	什么？我们听不见因为我们太吵了！
QuestLoc_FoodFight_Conversation_1C_NPCEnd_3	我正准备对你说同样的话！
Stats_Successful_Rushes	极速模式成功
Help_Page09_MainText	升级您的房间，来提高它们的性能。

- 大多数房间都可以升级两次。升级的资源房间能够生产更多资源。

- 最多能合并三个房间。但三个房间必须左右相邻。

- 合并的房间能容纳更多的居民，更多的居民也会让房间效率变高。

- 有些房间，比如工坊，开始就是一个大房间，是不能合并的。

- 主题只能应用于完全合并并升级至顶级的餐厅和宿舍。
QuestLoc_S2_QL2_Q1_Doc_Question1_Line1_Answer2	当然，亲！去那边铺着软垫的大房间，工作人员会帮你的。
GameSettingsPC_Command	命令
QuestLoc_GameShowGauntletE_Conversation_4_Team_1	尸鬼。
Dojo_Upgrade_Info	加速敏捷（A）的训练
QuestLoc_AlienBotQuest06_Conversation_2_ED_9	哦，谢谢！我在外面等你们干完。我等不及要和能说话的人聊聊了！
QuestLoc_ReleasetheRaiders_Conversation_1_Team_2	那太棒了！
Outfit_Name_PaladinJacket	兄弟会圣骑士夹克
QuestLoc_GameShowGauntletH_Conversation_3_NPCEnd_2	完全不对！但是你有机会……“掉脑袋”了！
QuestLoc_Filly_Conversation02_NPC02	你看起来挺厉害的。你觉得你能……
QuestLoc_TheGreatAmericanPastime_QuestShortDescription	寻找罗基·杰宾森的棒球衫。
QuestLoc_EvictionNotice_QuestName	驱逐令
Weapon_Description_PlasmaPistol_Amplified	伸手，扣动扳机，把你的敌人变成一团粘液。
QuestLoc_DeathclawDeeLite_4_Question2_Choice2	你想在这里找对象？！好，先交钱！
Objective_SurviveRadscorpionNoCasualties	在没有人员伤亡的情况下撑过了{0}次辐射蝎攻击
GameSettingsPC_Shortcuts	热键
QuestLoc_ThirdandGoal_Conversation_2_NPCStart_3	至少我听见他们好像是这么叫的……
Encounter_Random_Message195	一个电脑终端。真希望我能破解它！
Encounter_Message_Location8	一个守卫严密的奴隶营。
Quest_Button_ReturnToVaultQuest	回到避难所
Parent_Message	骄傲的父母
QuestLoc_TheRiteofSpraying_Conversation_1_NPCEnd_2	他们不停地说我们应该高兴“复活节”的到来。不知道那意味着什么。
QuestLoc_DrivingtheSnakesOut_Conversation_2_NPCStart_2	有红头发的话，还不如去死。
QuestLoc_GameShowGauntletG_Conversation_1_Team_1	乔治华盛顿。
Speech_Conversation_NPC2_Topic13_Response2	好吧，但别放伤感的歌，我想保持积极的态度！
QuestLoc_GameShowGauntletG_Conversation_1_NPCEnd_1	那里根本就没有他的雕像！恐怕你得拿出脑袋来作为代价！
Dweller_EmptyTapSlot	点击这里
QuestLoc_S2_QL2_Q2_Field_QuestLongDesc	有了联系人的帮助，我们有信心说服钢铁兄弟会签署一份申领表，让我们用他们自己的装备来进行突袭。啊！真是讽刺！
Weapon_Description_HuntingRifle_Rusty	肮脏但可靠，是你可以信任的枪。
Encounet_Progression_Creature16	拾荒者的狗在逼近，准备攻击。
Encounter_Effect_Item	还找到了{0}。
Weapon_Description_InstitutePistol	光滑，便携而且强大。
Speech_Generic_Dweller5	我想我们应该办一个派对。所有人都爱派对！
FailedToLoadVault_Message	避难所加载失败。
Help_Page21_BottomText	提示：装备能给居民SPECIAL属性带来加成。属性显示上的蓝条表示装备带来多少加成。
QuestLoc_TheScenicRoute_QuestLongDescription_LA	一位眼尖的废土探险家在远处发现了一个孤立的前哨。看来里面潜伏着什么人或什么生物。
QuestLoc_GameShowGauntletJ_Conversation_3_NPCStart_2	远港上的原子之子基地的名字是什么？
QuestLoc_SpelunKingTrainingC_Conversation_1_NPCStart_1	居民们怎么可能打得过由一群前监督者组成的队伍呢？
QuestLoc_NoTimeforPaws_Conversation_1_NPCStart_1	是布罗迪派你来的？我还以为我们死定了！
QuestLoc_UndercoverOperations_Conversation_1_Team_4	他们说“瘟疫”了吗？
QuestLoc_MatterstoSettle_Conversation_3_NPCEnd_1	没问题，没问题！我正准备出去。
Message_Tutorial_46_Xbox	干得不错！这里有一些{食物}和{水}来帮助您开始经营{避难所}。{点击}{左摇杆}来展示避难所{资源刻度条}的细节，并记住随时关注{资源}的需求量。
QuestLoc_Headshots_QuestLongDescription	我们发现有人在印刷新一期的波士顿号角报，想把蠢货们变成明星。我们才是注定为名利而生！
QuestLoc_DetectiveCaseFiles_QuestlineName	侦探的案件档案
Dweller_ReturnedFromWasteland	已从废土返回
QuestLoc_FriendlySettlement_Conversation_2B_Team_3	如果你们有药物的话那最好不过了。
Encounter_Progression_Repeatable_JunkLocation9	门封得死死的。要是能修好保护者的激光手臂，就能把门轰开。
QuestLoc_DeathandDenial_Conversation_3_NPCStart_2	我是罗德·墨菲，富有但粗俗的实业家，这是我的妻子普莉希拉。
QuestLoc_ASettlerNeedsYourHelp_Conversation_1_NPCStart_4	只要你们准备好了，我随时可以走！
QuestLoc_SpelunKingTrainingG_Conversation_2_NPCStart_1	没有什么能阻止我们！
Encounter_Message_Location2	一群掠夺者，正找人恐吓。
QuestLoc_APaleImitation_Conversation_2_NPCEnd_1	啊好吧，至少我试过了！给我拿下他们！
QuestLoc_ReturntoVault333_QuestName	返回333号避难所
Speech_Room_DeadDweller_Classroom	这也算是获知宇宙间一切知识的一种办法。
QuestLoc_GoingToTown_1_Question2	嘿各位！猜猜怎么了？就是我！哈哈哈哈。我真是太好笑了。
QuestLoc_SOS_Conversation_1_NPCEnd_1	你是个真正的英雄！我没有任何瓶盖，但也许你能用得上这个。
Weapon_Description_JunkJet_Electrified	你一定不知道杂物致死如此令人震惊。
QuestLoc_GameShowGauntletH_Conversation_1_NPCEnd_2	看来你不是个地理迷啊？好吧，你必须要……“掉脑袋”了！
Speech_Quest_WrongPath_Dweller_5	我很确定这不是对的路。
Weapon_Name_Dad032Pistol	爸爸的0.32
Encounter_Message_Location4	一个旧冰箱。里面可能有东西。
QuestLoc_GoingToTown_3_CombatInit2	本来是个安静的班次的！
QuestLoc_KnockEmDown_RaiderLine_1	“饥荒”，我希望你饿了，因为你马上就会“吃个饱”！
QuestLoc_JustDeserts_Conversation_1_NPCStart_4	我代表每个在这里和平生活的人，由衷感谢你们。”
QuestLoc_HittingtheBooks_QuestName	万圣节小说
Outfit_Name_MrHousesSuit	豪斯先生的西装
QuestLoc_DeathandDenial_Conversation_5_NPCEnd_2	64次，如果我没记错的话。
Speech_Room_LoveJob12	我有一份完美的工作分配。谢谢你啦，监督者！
QuestLoc_ThirdandGoal_QuestName	第三和目标
Outfit_Description_RothchildSpecial	为钢铁兄弟会的天才保留的。我猜就是你吧。
QuestLoc_SpelunKingTrainingF_Conversation_2_NPCStart_2	监督者已经确定要送我们去参加洞穴探险大赛！
Controls_Xbox_Vault_Screenshot	截屏
Tutorial_Tip_74	带上宠物去执行任务能增加对敌人的伤害。
Speech_Happiness_Parent7	我的孩子太完美了，我都替这里其他的家长感到心疼。
QuestLoc_S2_QL2_Q3_Req_Question4	你们见过我的实验性战斗辐射蟑螂™吗？
Outfit_Description_CaitsCorset	时尚而出人意料地保暖，非常适合近战和夜间活动。
QuestLoc_ESterisComing_Conversation_1_NPCEnd_3	我们是原子的卑微仆人，不是冒险家……
QuestLoc_DeathclawDeeLite_4_Question1_Answer3	好！我去！……唉，我又能上哪儿呢？
QuestLoc_VaultTecExperimentReviewF_Conversation_3_NPCStart_3	我来这里就是为了回馈我的粉丝们！
QuestLoc_ThirdandGoal_RaiderLine_1	是时候来个大进攻了！
QuestLoc_KidnappingatVault778_Conversation_1_NPCEnd_1	他没说什么。但有什么关系，反正你们是不可能活着从这个房间走出去的！
QuestLoc_NoRestfortheWicked_QuestName	邪恶不停歇
QuestLoc_VaultTecExperimentReviewB_Conversation_1_Team_3	我们会把你们打跪下，看你们说不说！
Message_CannotClaimInExVault	你必须在标准避难所中才能领取此奖励。
Weapon_Description_Railgun_Railmaster	“铁路尖钉”武器加速的极限。
QuestLoc_WaroftheNerds_Conversation_1_NPCStart_4	而且，谁都知道《田普思教授》是最好的系列！
QuestLoc_WaroftheNerds_Conversation_2_NPCStart_3	只有通过回答这个问题来找出答案。
Speech_Conversation_NPC1_Topic55	帮我解个填字游戏。四个字，“一场永远逃不掉的恐怖”。
Weapon_Name_FatMan	胖子核弹
QuestLoc_VaultTecExperimentReviewE_Conversation_2_Team_3	先杀了你怎么样？攻击！
QuestLoc_TheHauntingofVault110_Conversation_1_Team_1	凡人，你们打扰我休息了！请马上离开！
QuestLoc_Ghooooooooooooooooooul_Conversation_1_Team_2	不记得了，我们从没听说过你啊，老头儿。
Junk_Desc_GoldWatch	有的时候武器或装备需要看起来锃亮闪光。
QuestLoc_DrivingtheSnakesOut_Conversation_3_NPCStart_3	我们必须阻止那些长者胡萝卜颜色头发的家伙们！
Shop_Banner_MrHandy_2	收集废土上的瓶盖。
QuestLoc_RobotRetrieval_QuestName	找回机器人
QuestLoc_WeddingCrashers_Conversation_2_Team_2	马克斯，萨莉不够珍惜你。
QuestLoc_SetEmUpPestilence_Conversation_3_Team_1	当然，但是“战争”……愿他长生不老，他正在召唤“瘟疫”。在226号避难所单挑。
QuestLoc_Astronomical_QuestLongDescription	钢铁兄弟会正在攻击格里菲斯天文台，企图从新加州共和国手中夺回一种致命武器。虽然不知道具体是什么武器，但无论落入任何一方手中，都可能产生灾难性后果。为了保护所有人的安全，快去把它处理掉。
QuestLoc_DeathRevealed_Conversation_3_Team_1	“死亡”教徒是来自144号避难所的居民吗？这我还真没料到。
QuestLoc_TheReluctantShill_QuestShortDescription	找到水之术士的助手。
Message_Tutorial_15_PC	现在{点击}{资源图标}来{收集}资源和{重新启动房间生产}。
SnipSnipDialog_Wasteland_39	我得重新考虑一下“把巧手先生送到废土”这个主意……
Help_Page1_Title_PC	电脑版
Speech_Conversation_NPC1_Topic3	你觉得外面还有多少避难所？
Message_TutorialPopup_05_Body_Xbox	您可以派遣您的居民去废土探险。将一个居民拖拽到避难所外，给他们物资，让他们开始冒险吧！
QuestLoc_ParleyTime_Conversation_2_NPCEnd_2	暗号！他真的只是想谈谈，信不信由你，准备休战。
Speech_Quest_Loot_Dweller_31	废土的馈赠源源不断……
QuestLoc_PierIntoFuture_Answer01_NPC01	呃，是啊。我已经在这里呆了一段时间了。如果你往那边走，小心怪物。
QuestLoc_VaultTecExperimentReviewC_Conversation_3_NPCEnd_2	希望这件装甲能够保护你们免受伤害。
Bonus_SurvivalGuide_HappinessBoost	幸福度
Weapon_Name_GatlingLaser_Vengeance	“复仇”激光枪
Pet_Description_poodle_l	想要一个莫霍克。得到了……这个。它内心是一个英雄。
QuestLoc_DeathRevealed_Conversation_3_NPCStart_2	当配额满足时“死亡”就会苏醒。手册里都写了。
Message_TutorialPopup_27_Title_Xbox	控制
Objective_StimRadaway	使用{0}个消辐宁
QuestLoc_HerestoYouRackieJobinson_Conversation_1_NPCEnd_1	是时候把你们打回小联盟了！
QuestLoc_InHotPursuit_QuestLongDescription	一位幸存者刚从掠夺者手中逃出来，他建议我们去177号避难所寻找瓶瓶和盖盖。如果抓紧时间的话，说不定能追上他们。
MrHandyDialog_Wasteland_63	嗯，远处有些大块头人类，也许……啊，没错，超级变种人。该掉头了。
QuestLoc_SecondStringers_QuestName	替补队员
QuestLoc_RadroachRoundup_Conversation_2_Team_4	“蔓延”或“传染”将是一个更好的名字。
QuestLoc_CleaningHouse_Question1_Answer1	什么？它们不会吗？我一直活在谎言中！
Speech_Generic_Dweller15	嘿，伙计们！
QuestLoc_MatterstoSettle_Conversation_3_NPCEnd_3	哦，好，我终于可以停止谈论饥饿了。我找到了一把枪。我希望它对你有帮助。
Encounter_Progression_JustStartedTier1_19	来吧，废土！让我看看你到底有什么本事！
Weapon_Name_BaseballBat	棒球棍
QuestLoc_MondayNightBrawl_Conversation_1_NPCEnd_1	哦是吗？我们等着瞧。
QuestLoc_BeatReporting_Conversation_2_NPCStart_4	它可以治愈他们，但不知何故，也使得它们比以往更饥饿。
QuestLoc_GameShowGauntletE_Conversation_2_Team_3	超级变种人战队。
QuestLoc_HoneymoonHorror_Conversation_1_Team_3	做好你自己的事。把你们的一把激光步枪给我们吧。
Help_Page17_MainText	您的避难所随时都会发生灾害！当极速模式失败时，也会造成灾害。灾害是随机的，请注意以下情况：

火灾-在火势蔓延到其他房间之前赶紧扑灭。

辐射蟑螂-这些磨人的小妖精很难被除掉。请在虫灾扩散前干掉它们。

掠夺者- 掠夺者们会闯入避难所然后破坏资源。赶紧阻止它们！如果不小心的话，强悍的掠夺者们还会偷走瓶盖！升级您的避难所入口将会使得掠夺者花费更长时间进入，因此给您更多时间准备。您可以派居民驻守入口，在他们进入时形成良好的前线防御。您可以从死亡的掠夺者身上掠夺瓶盖和物品！

鼹鼠- 这些坏蛋喜欢从土里挖进您的避难所，吃掉每个房间的电线。迅速杀死它们，不然您的电力将枯竭！

死爪-您每一次打开避难所的大门，都是在给这些野兽们发送邀请信息。它们会毫不留情地来避难所破坏资源。请备好充足的治疗针和武器，不然它们会像切蛋糕一样劈开您的居民！

狂尸鬼- 狂尸鬼会在您的避难所里四处跑动，制造混乱，给居民带来物理和辐射伤害。

辐射蝎- 这些变种的蝎子能钻洞，然后随机攻击避难所里任何的房间。请迅速解决掉它们，因为它们的攻击也会带来辐射伤害。

孕妇和孩子在灾害发生时会躲起来。
QuestLoc_VaultTecExperimentReviewC_Conversation_3_Team_2	我们很喜欢你们的骑士造型，可以给我们一套吗？
QuestLoc_PittStop_Conversation01_NPC02	听着，我们光明正大地抓到了这些工人，去找你们自己的吧。
Notification_DwellerWasteland_09	您的一位居民在废土上探索一段时间了，您应该看看他们怎么样了。
Help_Page12_Title	广播室和新居民
QuestLoc_TheFinalHunt_QuestShortDescription	找到大维斯并除掉他。
QuestLoc_GameShowGauntletI_Conversation_1_NPCEnd_4	那里是什么鬼地方？我会好好享受你……“掉脑袋”的！
QuestLoc_DrivingtheSnakesOut_Conversation_2_Team_2	你们真的是那么想的吗？
QuestLoc_DenofThieves_Conversation_1_NPCEnd_2	你们想硬碰硬吗？那来吧！
MrHandy_ContentLine2	[内容线2]
Generic_Junk	杂物
QuestLoc_DogsofWar_Conversation_2_NPCStart_3	否则就要面对他的怒火。还有他的晨间口臭。
QuestLoc_WorstCoachEver_QuestObjective_1	寻找罗基·杰宾森的棒球衫。
Weapon_Name_T60Pistol	T60手枪
QuestLoc_TheBansheesKeen_QuestName	女妖之恸哭
QuestLoc_ThisGoldenRing_RaiderLine_1	我们为爱做的事……
Special_Agility	敏捷
MrHandyDialog_Generic_18	有时候，这些人类感觉就像视频游戏里的角色，无法独立完成任何事情……
QuestLoc_RaidingParty_QuestObjective_1	在开派对的掠夺者当中散播谣言。
QuestLoc_Homerun_QuestName	全垒打！
QuestLoc_AllWorkandNoPlay_Conversation_2_Team_4	你们这群懦夫！至少过来帮帮忙吧？
Room_UltraciteMining_Desc	在此分配居民开采辐射极琉矿矿石。矿石可在辐射极琉矿武器工坊中用于制造武器
QuestLoc_ReleasetheRaiders_RaiderLine_2	我们是“瘟疫”的爪牙，这是个比喻！
Weapon_Name_UltraciteSword1	辐射极琉矿剑
Tutorial_Tip_34	升级您的避难所入口，让掠夺者更难以攻入。
SnipSnipDialog_Classroom_02	啊，教育。这是他们唯一永远无法真正从你身上夺走的东西。
QuestLoc_LittleRedRadiumHood_Conversation_2_NPCEnd_2	哦，那些真是烧心。辐射中毒。
QuestLoc_ESterisComing_Conversation_2_NPCEnd_3	它来了？同时，也是“节省天光”的时候，赞美原子！
QuestLoc_TheLastGobble_Conversation_1_NPCStart_4	为什么？当然是为了科学。但是我太蠢了。你一定要终结这场大混乱！
QuestLoc_MatterstoSettle_Conversation_5_NPCStart_1	战争想和你讨论什么？
QuestLoc_VaultTecExperimentReviewB_Conversation_2_NPCEnd_2	你以为我们是白痴吗？给我拿下他们！
Facebook_AskRequest_Message	我需要一些杂物！
QuestLoc_ScienceCooperative_Conversation_1B_NPCStart_2	我们会对东西射击，然后看看会发生什么！这就是科学！
Outfit_Name_BaseballUniform	棒球服
QuestLoc_DogShelter_Conversation_1_Team_2	尸鬼能照顾好一只宠物吗？
Stats_Pets_Collected	收集宠物
Message_PS4EmptyStore	此时商店没有可供购买的商品。
Theme_Name_Halloween_LivingQuarters	万圣节宿舍
Encounter_Progression_JustStartedTier2_18	如果我死在这里，他们永远不会知道……
Speech_Kid45	哈喽大家好！
QuestLoc_TheCatBurglar_Conversation_2_Team_3	对不起，我们来是要带走你的猫。
Encounter_Random_Message169	探险家日志。新条目：自制武器比比皆是。人类仍旧擅长杀死同类。
QuestLoc_GoingToTown_2_QuestLongDesc	我们在自由城买到的那瓶“奇迹血清”让我们好几个人病倒了！是时候去找到卖给我们的人要个说法了。
Pet_Collie	柯利牧羊犬
QuestLoc_OneGhoulCustomer_Conversation_1_NPCEnd_2	哦，对啊，也许真的需要安保险。
Encounter_Random_Message103	那座山头看起来是个不错的瞭望点。
Theme_Name_Thanksgiving_Diner	感恩节餐厅
QuestLoc_CleaningHouse_Question2_Answer2	这正是我想听到的。我去拿化学品！
Message_Tutorial_65	{任务}能让您探索新的地点，认识新{居民}和收集{战利品}。右上角的{地图图标}会显示您的{任务目标}。
QuestLoc_LetsKnockitOuttathePark_QuestLongDescription	一位名叫亨丽埃塔的人留下了一些信息，让我们去232号避难所。但愿她能指引我们找到罗基·杰宾森的棒球衫！
Pet_Greyhound	灰狗
QuestLoc_JuuussstttaBitOutside_Conversation_1_NPCStart_1	棒球衫不在这里。烦人。
QuestLoc_TheCaseoftheCapturedCanine_Conversation_1_NPCEnd_3	祝你好运！你会需要它的！
QuestLoc_TheMoleRatMan_QuestShortDescription	在鼹鼠人的基地和他对峙。
QuestLoc_ScienceCooperative_Conversation_1D_NPCEnd_3	科学研究不求回报。我恐怕得继续了。恕我失陪……
Stats_Rare_Weapons	稀有级武器
Notification_DwellerWasteland_07	您的一位居民在废土上探索一段时间了，您应该看看他们怎么样了。
Speech_Conversation_NPC1_Topic8	帮我解个填字游戏。三个字，“住在废土上”。
QuestLoc_PerfectSpecimens_QuestName	完美样本
QuestLoc_GoingToTown_3_Question3_2	他们在西面一条山谷里的废弃避难所里。但你们要杀我，才能到达那里！
Pet_Description_laperm_l2	看起来像是刚从烘干机中出来。
Weapon_Description_LeverActionRifle_LincolnsRepeater	林肯本人用这枪杀过辐射蝎。真心话。
QuestLoc_Firestarter_Conversation_1_NPCStart_1	火焰喷射器不错。倒要看看你到底会不会用！
Weapon_Name_Flamer_Burnmaster	燃烧大师火焰喷射器
Time_Hour	h
Encounet_Progression_Location1	正试图找到进入广播塔的路。
QuestLoc_WastelandTheMusical_QuestObjective_1	阻止歌唱的掠夺者。
QuestLoc_Test_Conversation01_Answer02NPC	您没有完成测试。请在可以完成测试时回来。
Encounter_Victory_Creature8	我杀死了拾荒者的狗。很难过，但我别无选择。
QuestLoc_UndercoverOperations_Conversation_1_NPCEnd_3	不，就是每个狂尸鬼穿着的那种破布。嗯，为什么？不管，只要走！
Speech_LivingQuarter_Dialogue_NPC1_4	房间需要地毯。也许储藏室里有一个。
Outfit_Description_ZekesJacketAndJeans	原子猫帮的制服，毕竟在摆弄数百磅的动力装甲时也得保持酷劲。
QuestLoc_TheSpiritofTaking_Conversation_2_Team_1	这不是你们平时抢的那种东西——这是给某人最好朋友的礼物。现在交过来吧！
Room_Bar_2	酒吧
Tutorial_Tip_90	你可以使用量子核子可乐来加速居民的SPECIAL属性训练。
Encounter_Journal_Message26	探险家日志。新条目：俏男孩牌蛋糕提供了极好的营养。
Title_Weapons	武器
QuestLoc_AlienBotQuest01_Conversation_2_PC2_2	赶紧收集起来，我们继续找！
Encounter_Progression_JustStartedTier2_13	我不会失败而归的。我不会失败而归的……
QuestLoc_WeddingCrashers_Conversation_2_NPCStart_4	我们应该怎么做？
Encounet_Progression_Creature35	希望我能搞定这个泥沼蟹猎杀者，它正朝我飞奔过来！
QuestLoc_BeatReporting_Conversation_2_Team_4	“饥荒”很凶残吗？
Speech_Room_LoveJob15	只要上了班，天天都是好日子！
QuestLoc_CanineRecovery_Conversation_1_NPCStart_1	入侵者！那个把我们的囚犯放走的人一定是你们。
QuestLoc_RaidingParty_Conversation_2_NPCEnd_2	说的我好像能控制得住！来，拿着这个。他先要和我的拳头讲讲理。
QuestLoc_VaultTecExperimentReviewA_Conversation_1_NPCStart_1	避难所居民们，你们来得太迟了！
QuestLoc_DeathandDenial_Conversation_6_Team_3	你是唯一的继承人？
QuestLoc_GroomforDoubt_Conversation_3_NPCEnd_3	哦，对。我差点忘了。
Message_Tutorial_27_Xbox	房间需要{电力}才能运行。按下来{确认}。
QuestLoc_DartofHarkness_Conversation_2_NPCStart_2	尸鬼很狂热地追踪我。我相信他们是被派来杀我的。
QuestLoc_RadiationLeak_Conversation_1_Team_3	装备对我们来说总是有用的。
QuestLoc_FoodFight_Conversation_1A_Team_4	不要。那东西让我浑身发毛。我来这儿只想杀了你。
SnipSnipDialog_Wasteland_55	试试……这个方向。
Speech_Quest_Generic_Dweller_Conversation_22_Response_2	别说啦，你这么美！
QuestLoc_OurCupsRunnethOverWITHFAILURE_Conversation_1_NPCStart_2	这是一堆废话！完全是废话！事实上，我甚至不会用这种泔水洗我的猪！
Junk_Desc_AlarmClock	因为爱睡懒觉的居民被派到了废土上。
QuestLoc_BountyShiner_Conversation_1_NPCStart_1	哦太好了。你应该就是那个能拿下“闪闪”的人。
QuestLoc_DartofHarkness_Conversation_2_Team_3	那么，像你这样的大人物怎么会被一群尸鬼打得满地找牙？
QuestLoc_ScienceCooperative_Conversation_2D_NPCEnd_1	如果你的心容不下科学，那请你滚出我的实验室！
QuestLoc_JackAintBack_QuestName	杰克没有回来
QuestLoc_TheCaseoftheLostLunch_Conversation_1_Team_3	我不会白帮忙的。
QuestLoc_CollectorsEdition_Conversation_1_Team_1	这样不好吧。巧手先生机器人在烹饪方面很糟糕。
QuestLoc_VaultTecExperimentReviewB_Conversation_1_NPCStart_3	我们无比珍贵，无比重要的秘密。
Encounter_Victory_Repeatable_JunkLocation9	砰！我把一条激光臂改成了一发破门的利器。现在进去看看……
Outfit_Name_Swimsuit	泳装
QuestLoc_APoorlyThoughtOutPlan_QuestShortDescription	杀死掠夺者和他们的死爪。
QuestLoc_AMaptotheStars_Conversation_1_NPCStart_1	谢天谢地！是你们把我们从这些讨厌的掠夺者手中救了出来！
Speech_Eviction_11	是因为我说了什么吗？
Message_Tutorial_18	完成避难所科技制定的{目标}来赚取{瓶盖}并{提升}您的{避难所评级}。
QuestLoc_DaysGoneBye_QuestName	曾经的日子
QuestLoc_SpyonRaiders_Conversation_1B_NPCStart_1	你们是谁？想加入我们帮派？
Encounter_Progression_JustStartedTier1_4	似乎不那么糟糕。
Encounet_Progression_Location17	主楼层什么都没有，我还是去地下室吧。
QuestLoc_Vault199_QuestName	199号避难所
Stats_Water_Production	水生产/分钟
Encounter_Message_Repeatable_JunkLocation10	树林中间的一个黑暗的山洞。
QuestLoc_CanineRecovery_Conversation_1_Team_1	所以比格斯比不在这里了吗？
QuestLoc_BountyYak_Conversation_1_NPCStart_1	谢天谢地你来了！
QuestLoc_SecondStringers_RaiderLine_1	闪电战！
Encounter_Victory_Location10	我找到了一台还能用的咖啡机！也许就喝一杯……
QuestLoc_TheBigsbyBrownCase_Conversation_1_NPCStart_3	我奉命去救的那个人就要被摆上死爪的餐盘了！
QuestLoc_S2_QL2_Q4_Roswell_QuestObjective2	获取一把外星枪。
QuestLoc_TheSpiritofTaking_Conversation_2_NPCEnd_2	上吧！
Speech_Quest_Loot_Dweller_14	还不错，还不错。
QuestLoc_ADeliciousTrailofDanger_QuestLongDescription	我们顺着高步勒的蛋糕碎来到了布兰科工厂。
Weapon_Name_Flamer_Rusty	生锈的火焰喷射器
QuestLoc_TheToweringIlForno_QuestObjective_1	找到秘方。
EquipmentFilter_All	所有
Wasteland_ItemCycleLegendary_03	哇！我在一个金属箱里找到了一个{0}！
Speech_HealthB2	我觉得不舒服。
QuestLoc_BountyButcher_Conversation_1_NPCStart_2	呃，祝你好运吧。如果你能顺利回来，赏金都是你的。
Weapon_Name_InstituteRifle_Long	长款学院步枪
Weapon_Description_BaseballBat	敌人的头，和棒球棒相遇。我相信你会喜欢它的。
Speech_Conversation_NPC2_Topic24_Response2	哦，我可以顿顿吃俏男孩蛋糕。其实我经常这样。
Title_Rush	极速模式
QuestLoc_AllWorkandNoPlay_Conversation_2_NPCEnd_2	可别说我们没给你机会！
QuestLoc_DogGone_Conversation_2_NPCEnd_1	等我们杀了你们，就自然知道你们都有啥了！
QuestLoc_KHAAANNNNN_Conversation_1_NPCEnd_1	很好！可汗对这个安排很满意！
Objective_CraftLegendaryUltraciteWeapon	打造1件传奇辐射极琉矿武器
QuestLoc_LunchboxRun_QuestShortDescription	带回午餐盒。
Outfit_Description_BusinessSuit	人靠衣装，而这位衣冠楚楚的先生有东西要卖给你。
QuestLoc_TakingOuttheTrash_Conversation_1_NPCStart_1	你显然很擅长这类工作。
QuestLoc_SantasHelpers_QuestObjective_1	和监督者尼古拉斯交谈。
Speech_Quest_WrongPath_Dweller_2	不……感觉不像是正确的路。
QuestLoc_APaleImitation_Conversation_3_Team_1	当然！很高兴你能成为我们的一员！
Achievement_Xbox_Completed_11	在任务中收集了100个消辐宁和100个治疗针
Speech_HealthB1	我得请一天病假。
QuestLoc_SantasHelpers_Conversation_2_Team_1	圣诞老人来了，但是你们要相信他，不然他不会出现的！
QuestLoc_ScientificProgress_Conversation_1_NPCEnd_1	我们等着瞧！
QuestLoc_WastelandTheMusical_Conversation_7_NPCEnd_1	♪ 我想这是新的开始 ♪ 你已成为我们生命的一部分 ♪
♪ 你将永远活在我们心中！♪
Speech_Conversation_NPC2_Topic36_Response2	进来吧！
QuestLoc_ThymeisMoney_Conversation_1_Team_3	像你这样的大茴香姑娘在这样的地方干什么？
QuestLoc_WaterintoBrine_Conversation_1_Team_1	有趣吗？以什么方式？
QuestLoc_LiveDeadDrop_QuestObjective_1	传递秘密信息。
QuestLoc_RescueSanta_Conversation_1_NPCStart_3	我再不可能找到比你们更好的帮手了。
QuestLoc_Overrun_Conversation_1_NPCEnd_1	行啊。她好像提到了核电站。现在去死吧！
Tutorial_Tip_38	点击屏幕顶部的资源条可以了解更多资源储存的细节。
Speech_Eviction_7	你们想念我肯定比我想念你们多！
QuestLoc_WorkingOvertime_Conversation_1_NPCStart_1	你是不是属于什么我不知道的避难所交换项目？
Tutorial_Tip_48	将巧手先生派到废土上可以收集瓶盖和物品。
Objective_WastelandMakeFriend	在废土上交一个朋友
QuestLoc_HumansLikeUs_QuestName	和我们一样的人类
QuestLoc_S2_QL2_Q3_Req_Question6_Choice1	给你。
QuestLoc_APaleImitation_QuestObjective_1	和监督者对峙。
Speech_LivingQuarter_PickupLines_42	警报！我们的避难所里有个贼！偷走了我的心。嘿嘿。
QuestLoc_LittleRedRadiumHood_QuestLongDescription	我们派一个居民把食物带给一只温顺的尸鬼名叫“奶奶”。但我们好久没听到她的消息了。赶紧派遣一个小组去调查吧！
Speech_LivingQuarter_Dialogue_NPC2_6	你又瞎想了。不过话说回来，也许还真是蒸汽的缘故。
QuestLoc_GameShowGauntletB_Conversation_1_Team_1	特拉维斯迈尔斯。
Stats_Deathclaw_Attacks_Stopped	终止死爪攻击
QuestLoc_S2_QL3_Q3_Insider_Question3_Choice1	所以，没有垫圈就没有抑制器……就有更多失控的机器人。糟透了！
Weapon_Description_MountainMomma	这款散弹枪一定能带你回家。
Weapon_Name_PlasmaPistol_Rusty	生锈的等离子手枪
QuestLoc_S2_QL3_Q2_Handy_Question2_Choice2	听起来挺友好。把它拆了。
QuestLoc_BigTrouble_QuestName	大麻烦
QuestLoc_MissionofMercy_Conversation_1_NPCStart_2	别担心。他们，呃，在避难所科技总部那里，非常安全。
QuestLoc_DivideandConquer_Conversation_1_Team_2	只有2里非常大的值。
QuestLoc_RaidingParty_QuestName	掠夺者派对
Speech_Generic_Dweller22	嗯……也许咱们该一起给避难所刷个别的颜色。
QuestLoc_GroomforDoubt_Conversation_1_NPCStart_1	嘿，美女……
QuestLoc_WastelandDoctoring_QuestObjective_1	与定居点的负责人交谈。
QuestLoc_GoingToTown_2_Question2_Answer3	别这么无情！
QuestLoc_InAnotherVault_QuestShortDescription	在899号避难所寻找比格斯比。
QuestLoc_OnlyHuman_Conversation01_NPC01	嗨，人类！我好久没见同类了。
QuestLoc_12PointBuck_QuestLongDescription	我曾经穿着睡衣射杀了一只死爪。至于它是怎么钻进我睡衣里的，我永远也不会知道。
QuestLoc_JustDeserts_Conversation_4_NPCStart_1	看上去这是最后的内容……
QuestLoc_TimetoWakeUp_Conversation_1_Team_2	一定有个开关能把它关上。你们有检查过它的后面吗？
Speech_Quest_Loot_Dweller_22	那堆……又多了一个！
Weapon_Description_50CalMachineGun_Enhanced	完美的经典武器，安装了新零件。
QuestLoc_RunnersinScoringPosition_QuestLongDescription	蔻驰在莱克维尔图书馆的墙上喷了一条嘲讽的留言！我们快追上了！该去789号避难所的废墟搜一搜了。
PreTutorial_Start	太棒了！您创建了一个新的避难所。您的工作就是让您的居民活着而且幸福。祝您好运！
QuestLoc_GameShowGauntletG_Conversation_4_Team_1	亚当之子。
Weapon_Description_PipePistol_LittleBrother	就像这个名字所暗示的，比起危险，它更令人讨厌。
Tutorial_Tip_57	所有SPECIAL属性都有助于居民在废土上战斗。
SnipSnipDialog_Wasteland_48	不。不！走开，狗狗！走开！我不是消防栓！我是巧手先生……啊！不！坏狗！
Encounter_Message_Repeatable_JunkLocation1	一家用木板封死的便利店。
QuestLoc_DibsattheRedRocket_QuestShortDescription	搜寻红火箭寻找有用的垃圾。
Help_Page19_Title	资源
QuestLoc_HumanBeanJuice_QuestName	人肉豆汁
QuestLoc_ThePathofPaulaPlumbkin_QuestName	宝拉·普朗布金的足迹
QuestLoc_S2_QL3_SecuritronsUncapped_1_QuestObjective1	找到保安机器人的头目。
QuestLoc_FriendlySettlement_Conversation_2A_Team_1	武器对我们来说总是有用的。
Outfit_Name_MetalArmor	金属盔甲
QuestLoc_RadiationLeak_Conversation_1_NPCStart_3	谢谢你们救了我们。我们该怎么报答你们呢？
Speech_LivingQuarter_Dialogue_NPC1_5	家，甜蜜的家。
QuestLoc_CrimeSceneInvestigation_Conversation_2_NPCStart_1	就像苍蝇飞到尸体上一样，每个人都来看看“死亡”留下的痕迹。
QuestLoc_ManonFirst_QuestLongDescription	废土的某个地方有一件棒球衫，它是棒球界的传奇运动员罗基·杰宾森的。让我们找到它！
Help_Page13_MainText	有许多方式可以赚取瓶盖。
- 在废土和任务中找到
- 完成目标
- 居民升级
- 贩卖物品
- 每个午餐盒里都有一定数量的瓶盖
- 一些幸运的居民在收集资源时偶尔能获得瓶盖

一些动作需要花费瓶盖。
- 建造房间和电梯
- 摧毁岩石
- 升级房间
- 复活居民
- 打造武器、装备和主题
- 个性化居民
Speech_Quest_Generic_Dweller_Conversation_29_Response_1	哦，你懂的。玩得开心，住得安全，安居乐业。
Speech_Quest_Generic_Dweller_69	这个避难所真的需要一个按摩师。我的肩膀太僵硬了。
QuestLoc_FriendlySettlement_Conversation_2D_Team_2	有装备吗？
Encounter_Message_Creature12	一只火兵蚁。
Speech_Conversation_NPC2_Topic31_Response3	混着呗，跟个惯犯似的。
Title_SeasonPass_Premium	高级通行证
Room_LivingQuarter_3	营房
VictorDialog_Generic_06	有什么老维克能帮上忙的？
Tutorial_Tip_23	居民在废土上存活的时间越长，找到的装备也越好。
Tutorial_Tip_68	任务里的某些敌人会很强大，并产生特殊攻击，试着先除掉他们！
QuestLoc_OBrother_Answer04_NPC01	呼，谢了。嘿，如果你需要什么，跟我讲。
Message_TutorialPopup_01_Body	如果您的资源不足，屏幕顶端的资源条会变红。

当电力不足时，房间将开始停止工作。
当食物不足时，居民的生命值将开始降低。
当水资源不足时，居民将开始受到辐射伤害。

所需资源的刻度线会在资源条上显示，表明了现在的资源需求。
QuestLoc_HeatoftheKnight_QuestLongDescription	需要让钢铁兄弟会相信我们的避难所值得成为一个哨所！是时候去支援罗伯科办公大楼里的那支士兵小队了。
QuestLoc_GameShowGauntletA_Conversation_2_Team_1	战舰。
Weapon_Description_Magnum_ArmorPiercing	想要将穿金属装甲的雇佣兵爆到300码那么远吗？试试看。
QuestLoc_TheBansheesKeen_Conversation_2_NPCStart_1	你们！现在让噪音停止！
Objective_BarberShop_Plural	个性化{0}位居民
QuestLoc_OBrother_Answer03_NPC02	只有一个出口，我可不想和那东西打架。祝你好运。
LunchBox_Content_Card3	净水 (18.2%)
食物 (18.2%)
能量 (18.2%)
量子核子可乐 (9.0%) 
治疗针 (18.2%)
消辐宁 (18.2%)
Speech_LivingQuarter_Dialogue_NPC1_13	我希望我们这里能有些植物。
Message_Tutorial_56_Xbox	按下来分配{居民}到{任务}小队。
Rating_NextEvaluation	下一次评级
Weapon_Name_50CalMachineGun_Hardened	加固的.50机枪
QuestLoc_TheToweringIlForno_Conversation_2_NPCEnd_2	我们不想让他失望，对吗？
QuestLoc_SpyonRaiders_Conversation_2E_NPCStart_3	我还是觉得这个比我们现在的名字要好。
QuestLoc_RubarbsReckoning_Conversation_1_NPCStart_2	我从没想过伤害任何人！
QuestLoc_VaultTecExperimentReviewE_Conversation_3_NPCStart_4	你们可以自己选择一个奖励。
Speech_FlavorText_LQ_01	我觉得我应该休息下。
QuestLoc_OperationSandman_Conversation_3_NPCEnd_2	谢天谢地。我对棉花糖过敏。
QuestLoc_FollowingHisFirstSteps_QuestObjective_1	搜寻办公楼找线索。
Speech_Quest_Generic_Dweller_Conversation_21	我有时候也会有这种感觉。就像一直被人监视一样……
VictorDialog_Wasteland_46	看来我正往西走。那就接着往前晃呗！
QuestLoc_HalfFullHalfEmpty_QuestObjective_1	和罗伯科老工厂里的人们见个面。
SnipSnipDialog_Wasteland_32	啊，一座断桥，看来我得绕个路了。
QuestLoc_LittleMissWasteland_Conversation_1_Team_3	等这个结束，我会杀了你。
QuestLoc_DeathandDenial_Conversation_7_Team_1	是实业家罗德·墨菲。
QuestLoc_VaultTecExperimentReviewE_Conversation_1_Team_1	红？
Encounter_Progression_JustStartedTier2_7	我想我就往……那边走吧。
QuestLoc_GameShowGauntletJ_Conversation_2_Team_3	电脑。
QuestLoc_LittleMissWasteland_Conversation_6_Team_1	好吧，赢的是更优秀的选手。我能留下这只狗吗？
QuestLoc_PlayBall_Conversation_1_NPCStart_1	不在这里。蔻驰也不在。继续寻找吧！
Message_ThemeChange_NukaColaPlant	你所有已完全合并并升级的核子可乐工厂主题将从{0}更改为{1}。确认吗？
QuestLoc_IntotheOutfield_QuestObjective_1	寻找罗基·杰宾森的棒球衫。
Weapon_Name_GhoulRevolver	尸鬼左轮
Speech_LivingQuarter_PickupLines_19	你让我感觉想要跳舞。
QuestLoc_S2_QL2_Q2_Field_Question1_Answer3	你们不是增援。弟兄们，拿起武器！
Help_Page15_MainText_Xbox	派遣您的居民去废土寻宝。

在外面他们会找到瓶盖，获得经验，并带回各种武器，装备和杂物。他们走得越远，找到的奖励就越好，当然遇到的困难也越大。

- 指派居民前往废土，并为其配备武器，装备，宠物，消辐宁和治疗针。

- 派他们出去探险，但不要忘了时刻查看他们的进度。

- 居民可以随时从废土召回，返程时间只需去程的一半。

- 确保在生命值降到零之前让他们回来！

- 如果他们再装不下任何物品了，居民会自动从废土返回。

- 废土上的居民可能会偶然发现一个特殊地点。按来选择进入该地点或继续探索废土。
QuestLoc_MondayNightBrawl_RaiderLine_3	真是一群小丑！
KeyboardMapping_MoveCameraLeft1	左
RoomUpgrade_Production	生产
Tutorial_Title	小贴士
VictorDialog_WaterPurification_01	罗伯科把我造得百分之百防水，最深能扛到400英尺。当然，我可没打算去试就是了。
QuestLoc_ToySoldiers_QuestLongDescription	一个居民告诉我“麦克森硬汉小队”去了威尔逊原子玩具厂。我下一站就去那里。
QuestLoc_ExtremeOuterference_Conversation01_NPC01	#@@)(&*%$^@)!&*@&$%!^!!&@($*&^!!!
Encounter_Intro_Creature2	侦察到{0}
QuestLoc_TheSecretofREDACTED_RaiderLine_1	弗洛德。
Weapon_Name_CrossLaserPistol	克罗丝的激光手枪
Dweller_Last_Name	姓
Message_Tutorial_ArrivalWidgetClaimDweller	{点击}{领取按钮}来招募您的新居民。
Android_PushNotification_Summary	您的避难所有事情发生！
QuestLoc_CabinFever_Conversation_1_NPCStart_4	嘘，它正朝我们这边过来……
QuestLoc_HoneymoonHorror_Conversation_2_NPCStart_4	我们收到的结婚礼物太廉价了！根本不能想象回去之后会是什么鬼样子。
QuestLoc_TheBansheesKeen_Conversation_2_NPCEnd_3	可以。当然。无论怎么样。加油！
Speech_Conversation_NPC2_Topic30_Response3	不是很想。我们踢足球怎么样？
QuestLoc_WhenPrestonCalls_QuestName	普雷斯顿的呼救
QuestLoc_WondersofNature_QuestObjective_1	寻找霍夫伯格博士。
QuestLoc_TakeMeOuttotheBallGame_QuestName	带我去比赛。
QuestLoc_Homerun_QuestLongDescription	还是没有蔻驰或是棒球衫的影子。但他应该就在附近了！我能感觉到。还是说只是他的狐臭！无论如何，我们去搜搜宝贝爪爪宠物商店吧！
Achievement_Xbox_Name_14	时尚潮人
Bonus_FasterAndCheaperCrafting	-{0}%打造的时间和花费
QuestLoc_S2_QL3_SecuritronsUncapped_1_Question1_Line1_Choice2	我们也不安全！
QuestLoc_PetPeeve_QuestShortDescription	追踪瓶瓶和盖盖的绑匪。
Generic_Theme	主题
QuestLoc_SetEmUpPestilence_QuestLongDescription	停战协议被遗忘，“战争”现在外面猎取鲜血，准备撕裂废土寻找“瘟疫”! 时间拖得越久，无辜的居民就会死得越多，所以让我们装扮成“战争崇拜者”的人，说服“害虫”把“瘟疫”拉进战争。群山里被遗弃的226号避难所，将成为他们末日对决的大竞技场！
Pet_Description_poodle_b	不要误解这个花裤子——它聪明、可爱又坚强。
Speech_Kid4	我想知道废土是什么样的。
QuestLoc_KnockEmDown_QuestLongDescription	“战争”，“瘟疫”和“饥荒”的对决。“战争崇拜者”，“害虫”和“饥饿者”的对决。每个人都到达了226号避难所，准备战斗，但我们不能心存侥幸。让我们踏过这片屠杀现场，确保没有活着的末日骑士！
QuestLoc_MatterstoSettle_Conversation_3_Team_1	现在就离开这里，不然别怪我不客气。
QuestLoc_MatterstoSettle_Conversation_5_NPCStart_4	想知道更多故事，请关注第2部！
QuestLoc_PerfectSpecimens_Answer01_PC09	我认为我们不能信任你们。
QuestLoc_PierIntoFuture_Answer02_PC02	是么？把手放在我能看到的地方。
Speech_Room_SomeoneUnhappy_LivingQuarters	你没有别的地方可以去吗？比如说废土上？
Speech_Quest_Loot_Dweller_52	中头奖了！
Encounter_Random_Message187	辐射探测器都快响疯了。肯定是那些绿色桶……
QuestLoc_BreakingalltheRecords_QuestShortDescription	寻找罗基·杰宾森的棒球衫。
QuestLoc_MaskHysteria_QuestLongDescription	为了把31号避难所的掠夺者吓跑，一位乐于助人的旅行者建议我们去附近的工厂找到扮鬼的服装。
Theme_Name_Vault33_LivingQuarters	33号避难所宿舍
QuestLoc_GroomforDoubt_Conversation_3_NPCStart_2	我想知道你去了哪里。
Objective_SurviveMoleratNoCasualties_Plural	在没有人员伤亡的情况下撑过了{0}次鼹鼠的攻击
QuestLoc_MondayNightBrawl_QuestName	周一打架之夜
QuestLoc_IDontKnowsonThird_Conversation_1_NPCStart_3	背后好像写了什么……
QuestLoc_SpringForwardFallBack_Conversation_2_NPCStart_3	而且，你们明显武器更多。
Speech_Quest_Loot_Dweller_49	更多好东西！
QuestLoc_CrossingPaths_Conversation_1_NPCEnd_4	抱歉你会那么觉得。不过，至少让我对你们的遭遇做点补偿。
QuestLoc_WhosonFirst_QuestObjective_1	寻找罗基·杰宾森的棒球衫。
Login_InvalidUsernameOrPassword	无效的用户名或密码
UnlockRoom_Hydroponic	您的避难所有{0}位居民
QuestLoc_TheBansheesKeen_Conversation_3_NPCEnd_3	好吧，反正我们都完了。
QuestLoc_Astronomical_Conversation3_NPC03	他们无法阻止我们重建家园。
QuestLoc_PierIntoFuture_Conversation02_NPC02	说实话，我可能需要一个向导。我可以跟着你吗？
QuestLoc_SpyonRaiders_Conversation_2B_Team_2	卡-靠！
QuestLoc_PartyCrasher_QuestObjective_1	探索小屋。
QuestLoc_GameShowGauntletD_Conversation_3_Team_3	机器人。
Molerat_Name_Plural	鼹鼠
QuestList_TVShow	33
QuestLoc_SpyonRaiders_Conversation_2C_NPCStart_2	我在废土上烧杀抢掠很久了，但这是我混过的最蠢的一帮人。
Outfit_Description_GamblerSuit_Lucky	对于在扑克锦标赛上一路出老千来说是个完美选择。
QuestLoc_ThirdandGoal_Conversation_2_NPCStart_2	他们很痴迷于战前的一种游戏，叫桌上足球！
MrHandyDialog_Generic_46	厨房需要帮忙吗？我做火焰料理很拿手。
Stats_Food_Collected	收集食物
QuestLoc_VaultTecExperimentReviewF_Conversation_2_NPCEnd_3	是时候好好修理下你们了！
Message_TutorialPopup_21_Body_Part1_PC	拖拽居民到新的房间来探索，或者点击您希望他们前往的地点。
Encounter_Intro_Creature6	看见{0}
QuestLoc_OperationSandman_Conversation_2_Team_3	这很难说。确切讲，配额是什么？
QuestLoc_SpelunKingTraining_QuestObjective_1	探索洞穴。
QuestLoc_TheCaseoftheCapturedCanine_Conversation_1_Team_4	你是怎么做到……这么理智的？
QuestLoc_DrivingtheSnakesOut_Conversation_2_NPCEnd_3	他们这是找打！攻击！
QuestLoc_ManonFirst_QuestName	第一个地点
RecipeLoot_Raiders	掠夺者身上发现了一个配方！
Encounter_Message_Location10	一处貌似废弃的小餐馆。
Speech_SnipSnip_Bark1	这里可没有软糖。
QuestLoc_DeathandDenial_QuestName	死亡和否定
QuestLoc_SynthinaPinch_QuestShortDescription	拯救被绑架的合成人！
QuestLoc_ThymeisMoney_QuestShortDescription	从一伙掠夺者那里偷点香料。
Speech_Quest_Alone_Dweller_16	我算什么，非要学动作片英雄单枪匹马吗？我需要支援！
Help_Page09_BottomText	提示：当房间的等级一致时才能合并。
QuestLoc_TheBansheesKeen_Conversation_3_NPCEnd_1	我们当然可以！这是为了更大的好处，或某事……
Speech_Kid21	不知道外面的天气怎样。
QuestLoc_LittleMissWasteland_Conversation_6_NPCEnd_1	好啊，只要你保证别再参赛了。
SnipSnipDialog_Wasteland_34	我觉得我得了……清洁戒断反应。看来得进哪栋旧房子扫上一小会儿才行。
Facebook_SendGift_Message	这里有一些杂物给你，希望能对你有所帮助。
QuestLoc_BeanballtotheFace_QuestShortDescription	寻找罗基·杰宾森的棒球衫。
QuestLoc_CapsRun_QuestLongDescription	废土上有一大笔瓶盖储备，上面写着你的名字。
QuestLoc_DuoofDestructionGlowingRadscorpions_QuestObjective_2	消灭第二只发光辐射蝎。
Title_Incident	事件：
Weapon_Name_CombatShotgun_Rusty	生锈的战斗霰弹枪
QuestLoc_RoboRampage_Conversation01_NPC01	人类！你们聪明地自投罗网了！迎接快速且痛苦的死亡吧。
MrHandyDialog_Wasteland_25	探测器显示……没错，那是个超级变种人。而且没错，我现在正朝反方向走……
Season1_IntroPopup_Body	在本赛季新实验避难所中考验您作为监督者的实力！实验避难所引入全新玩法和独家奖励。赛季时间有限——千万别错过！
Room_VaultEntrance_3	强化避难所大门
Message_Quest_ReturnToWastelandFromSurpriseQuest	继续探索废土吗？
Encounter_Random_Message163	探险家日志。新条目：超级变种人没有性别。变异之前，有些原本是女性。
PetCarrier_campaign_Main1	宠物已经来到了辐射避难所。
这有一个免费的宠物笼子，您可以从这里开始！
打开它，欢迎一个毛茸茸*的小伙伴加入避难所吧！
Speech_Quest_Loot_Dweller_13	而且今天还不是我的生日……
SeasonPass_Tab_BattlePass	赛季通行证
Encounter_Random_Message214	瓦砾也太多了。我大概是爬不上去的。
Speech_LivingQuarter_Dialogue_NPC2_11	其实，我只是想休息一下，所以……嘘——
Speech_Conversation_NPC2_Topic56_Response3	灵魂燃——烧！！耶！
QuestLoc_TheBansheesKeen_QuestObjective_2	与居民交谈。
QuestLoc_FoodFight_Conversation_1B_Team_4	其实，我是新的地区经理。而你被解雇了！
Speech_Quest_WrongPath_Dweller_7	偏离方向了。
Weapon_Name_HarknessAssaultRifle	哈克尼斯突击步枪
QuestLoc_ASettlerNeedsYourHelp_QuestObjective_1	在肯德尔医院找到普雷斯顿·加维。
Room_ClassRoom_3	学院
QuestLoc_ScienceCooperative_Conversation_1D_Team_3	废土是很危险的，可没时间研究死人。
QuestLoc_ALaborofLove_Conversation_1_NPCStart_3	我们马上会把它改造成一个新的碉堡。
QuestLoc_DeathRevealed_QuestShortDescription	从144号避难所的监督者处了解“死亡”的真相！
QuestLoc_SlashandBurn_QuestName	刀耕火种
Wasteland_Intro01	我想这将是一场很棒的冒险
Weapon_Description_FatMan	一种便携式核弹弹射器。“致命”只是轻描淡写。
Button_Accept	接受
QuestLoc_HittingtheBooks_Conversation_1_NPCEnd_1	不，去问问旧糖果厂的赫伯韦斯特吧。
QuestLoc_GivemeLibertyandorDeath_QuestName	给我自由和/或死亡
QuestLoc_DivideandConquer_Conversation_2_Team_3	来，见识见识我这把无限连发枪吧。
SnipSnipDialog_Wasteland_76	天哪，这里乱得都没有办法清理了，我都快恐慌发作了。
Vaultboy_Message_ObjectiveCompleted	恭喜你！
目标完成
Weapon_Name_PulseRifle_Hardened	加固的脉冲步枪
QuestLoc_GhoulInBlack_Answer02_NPC02	我知道。我现在不太适合见人。回见，友好的陌生人。
QuestLoc_WastelandTheMusical_Conversation_3_NPCEnd_2	♪ 这下你闯祸了，备口棺材！ ♪
♪ 你笑够了，现在去死吧！♪
QuestLoc_GoingToTown_3_Question1	嘿，你是谁？
QuestLoc_ScienceCooperative_Conversation_2B_NPCStart_1	啊，好的，居民们来了。我需要你们帮我解答一个严肃的科学问题。
QuestLoc_LittleMissWasteland_Conversation_2_NPCStart_2	我们会问你几个问题，好确认你脑子还具备高级功能。
Encounter_Random_Message67	如果我在这里迷路可就出大事了。
Tutorial_Tip_28_Xbox	你可以通过点击左摇杆来重命名一个选中的居民。
QuestLoc_GameShowGauntletF_Conversation_2_Team_1	钢铁兄弟会。
MrHandyDialog_Wasteland_16	我的辐射传感器快要爆表了，不过我不在乎。
QuestLoc_DeathclawDeeLite_1_Question1_Answer3	哎呀，那可糟了。至少去检查一下它们的肠子里有没有钥匙。
Encounter_Random_Message78	那是……一个旧核子可乐工厂吗？被摧毁了，真是糟糕。
QuestLoc_FriendlySettlement_Conversation_1A_NPCEnd_1	嗷。太紧张了！也许你该四处溜达一下？
Weapon_Description_MaresLeg	大口径、小体积，震撼来袭！
MrHandyDialog_Wasteland_46	嗯，左还是右？我猜是往……右。
QuestLoc_DiplomaticMission_Conversation_1_Team_3	我们是个讲时尚的避难所。我们想要更多的衣服。
QuestLoc_HaveGunWillTravel_QuestObjective_1	探索450号避难所。
Encounet_Progression_Creature45	英克雷死爪就是被训练来杀戮的——这将是一场你死我活的死战！
Message_TutorialPopup_04_Title	目标
Weapon_Name_LaserPistol	激光手枪
QuestLoc_TheMysteriousDisappearingSpuds_Conversation_1_Team_1	我们不是，但我们听说你们不是唯一受影响的。你们知道有其他的农民也遇到类似情况的吗？
Encounter_Progression_JustStartedTier2_5	能拿多少拿多少，然后就回去。
Status_Wasteland_Returned	等待中
QuestLoc_ShamrocktheCasbah_QuestName	三叶草城堡
LunchBox_ContentTitle	每个午餐盒包括：
QuestLoc_ItsnotEasyBeingGreen_RaiderLine_1	那就是负责人？我不认为我们会从他那里得到很多信息……
Help_Page27_Title	驱逐居民
QuestLoc_SpringtimeforAtom_QuestlineName	原子的春天
QuestLoc_RadroachRoundup_Conversation_2_NPCStart_2	他们称自己为“害虫”，是“瘟疫”的仆人，不停地说：“愿辐射保佑我们”
QuestLoc_WorkingOvertime_QuestShortDescription	调查700号避难所去看看鲁巴布的掠夺者们想干什么。
QuestLoc_GoWest_QuestObjective_1	在旧糖果厂寻找赫伯韦斯特。
Encounter_Victory_Location5	我撬开了保险箱！里面好像有好东西……
QuestLoc_GameShowGauntletG_Conversation_1_Team_3	托马斯杰弗逊。
QuestLoc_GhoulInBlack_QuestShortDescription	看看是什么在墓地里引起骚动。
QuestLoc_SecretWeaponTest_Conversation_1_NPCEnd_3	好吧，那你就有点麻烦了，因为我们都看见你了。
Message_Tutorial_32	{建造}一部{电梯}来连通下一楼层。
QuestLoc_GameShowGauntletD_Conversation_4_NPCEnd_3	真不错！你说的对！你赢了！
Outfit_Description_RiotGear	好用又好看。这就是在废土探索的全部需求。
QuestLoc_KnockEmDown_QuestObjective_2	杀死“饥荒”。
QuestLoc_VaultTecExperimentReviewE_Conversation_3_NPCStart_3	看起来她也站在你们那边嘛！
Speech_Conversation_NPC2_Topic25_Response3	哦，也许可以。我查一下我的排班表，然后和你说。
QuestLoc_OperationSandman_Conversation_3_NPCEnd_3	真是个好主意。我们想成为下一个！
Title_DragHere	拖到这里
QuestLoc_TheYolksonYou_Conversation_2_NPCStart_1	吁！瞬间还以为你是只辐射蝎呢。
Speech_Quest_Generic_Dweller_16	嗷，我的脚好痛。
QuestLoc_WorkingOvertime_Conversation_1_NPCEnd_4	我俩都是！
QuestLoc_S2_QL3_Q3_Insider_Question4_Choice2	我们会关掉你然后修好你。但我们需要找到幕后黑手。
Message_OverseerOfficeNoPower	电力不足，监督者办公室无法运行。请产生更多的电力来让其恢复。
Outfit_Description_PrestonSpecial	为那些有荣誉感的人们准备的，他们经常毫不犹豫出手相助。
QuestLoc_SantasHelpers_Conversation_3_Team_3	瓶盖。冰冷而又坚硬的瓶盖。
Speech_Conversation_NPC2_Topic47_Response1	哇，是的！我完全可以看得出来！看起来还不错！
VictorDialog_Generic_09	你这副样子，像是需要喝杯沙士了。
QuestLoc_RunThreeDogRun_QuestName	跑，三狗，快跑！
Speech_Quest_Loot_Dweller_48	让我们来看看这儿有什么……
QuestLoc_SantasHelpers_Conversation_3_NPCEnd_2	拿去吧！
QuestLoc_DuoofDestructionGlowingOnex2_QuestLongDescription	两只发光种占领了一处旧的聚变核心工厂。赶紧解决掉他们。
QuestLoc_SpyonRaiders_RaiderLine_3D	全部炸死！烧焦！
QuestLoc_WondersofTechnology_Conversation_1_NPCStart_1	啊，你好呀！我是霍夫伯格博士。你喜欢我的伪装吗？
QuestLoc_VaultTecExperimentReviewF_Conversation_2_NPCEnd_1	一个可怕的名字，威震摔跤界多年！
Outfit_Name_JamesSpecial	爸爸实验室制服
QuestLoc_TheDoorBuster_RaiderLine_3	根本不值得。下次，我要睡懒觉！
QuestLoc_RescueSanta_Conversation_1_NPCStart_1	嚯嚯嚯！谢谢你们，避难所的居民。
Encounter_Random_Message62	看起来像油漆。哦，等等。不。那是血。
QuestLoc_VaultTecExperimentReviewB_Conversation_3_NPCEnd_3	好吧，拿走你们所有想要的东西吧。
QuestLoc_Tankbusting_QuestLongDescription	333号避难所的监督者也许能帮助我们找到宝拉·普朗布金，但首先我们得杀掉“坦克弗兰克”。
Outfit_Description_ScribeRobe_Elder	荣耀的长袍，被钢铁兄弟会长老们穿过。
QuestLoc_GivemeLibertyandorDeath_Conversation_1_NPCEnd_4	这是一条关于值班时戴假发的指令！
QuestReward_MrHandyBox	巧手先生盒子
Objective_Pregnant	有1名女居民怀孕
QuestLoc_ByHookorbyCook_Conversation_1_NPCStart_1	天哪！那些居民发现了我们！
Speech_Conversation_NPC2_Topic27_Response2	嗯，我觉得，鲨鱼很难被打败，但伐木工人真的很强悍。我判断不出来。
Encounter_Progression_Repeatable_JunkLocation10	被妖怪熊一家人逼到了山洞的角落。我会尽力安抚它们。
QuestLoc_NoTimeforPaws_QuestObjective_1	找到比格斯比。
QuestLoc_SpyonRaiders_Conversation_2B_NPCEnd_1	嘿，你知道吗，你说的对！是时候为自己而活了！
QuestLoc_SpyonRaiders_Conversation_3D_NPCEnd_1	很好。现在去致伤致残吧！
Pet_Description_burmilla_b	这只漂亮的小猫咪甚至能让避难所最悲观的居民振作起来。
QuestLoc_DeathandDenial_Conversation_6_NPCEnd_3	我所有的兄弟姐妹都遭遇了可怕的命运，通常是在悬崖边玩耍的时候。
QuestLoc_ExtremePrejudice_Conversation_1_NPCStart_2	我以前没见过你，但你看起来有点眼熟。
QuestLoc_HostageNegotiations_Conversation_1_NPCStart_4	抓住他们，小的们！
QuestLoc_S2_QL3_SecuritronsUncapped_1_QuestShortDesc	调查保安机器人失控的原因。
QuestLoc_TheRedRocketReveal_QuestName	红火箭里的发现！
Speech_Conversation_NPC2_Topic4_Response1	巧克力。绝对是巧克力味的。
Message_Tutorial_66	您的居民会自动离开避难所，开始执行任务。
QuestLoc_TheEndoftheRainbow_Conversation_1_NPCStart_2	不要告诉我你也想要尚恩的宝藏……
SnipSnipDialog_Wasteland_75	远处传来广播的声音，让我有点想要跳舞。
Title_LastSave	最后存档
Weapon_Description_UltraciteSword2	锋利得令人生畏，别把它放在枕头下面。
Encounter_Random_Message98	我能感觉到我的心跳加速。
QuestLoc_GameShowGauntletA_Conversation_1_NPCEnd_2	我们一般喜欢从简单的开始。
QuestLoc_APaleImitation_Conversation_1_NPCStart_1	在我看来这个不太像个避难所，你确定这是正确的位置吗？
MrHandyDialog_Wasteland_22	路上有个拦路石，我可以直接从上面飘过去……
Weapon_Name_MrBurkePistol	伯克先生手枪
Button_Job	工作
Weapon_Name_SurgicalRipper_Hardened	加固的手术齿锯
QuestLoc_MatterstoSettle_Conversation_2_NPCEnd_2	说的太好了。我不会让你失望的。
Pet_Description_bloodhound_l2	有人失踪了？它可以帮忙！
QuestLoc_JustDeserts_QuestName	罪有应得
QuestLoc_OperationSandman_Conversation_2_NPCStart_1	小队回来了！
QuestLoc_SpringForwardFallBack_Conversation_2_NPCEnd_1	好的。我们这样做只是为了节省天光，但我们会找到其他不那么有侵略性的方法。
QuestLoc_SpringingtheTrap_RaiderLine_1	愿辐射保佑我们！
QuestLoc_TheRiteofSpraying_Conversation_2_Team_2	你确定是原子之子吗？
Outfit_Description_PrinceSpecial	俏男孩蛋糕可不是镇上唯一的俏男孩。
QuestLoc_AlienBotQuest02_Conversation_2_PC1_4	真是的，你难道还要找派对帽子吗？
Weapon_Description_FatMan_Rusty	即使又破又旧，这东西还是能放倒一只辐射蝎。
MrHandyDialog_Medbay_01	想象一下，居然需要“治疗针”来做自我维护。哦，人类，你们真是笑死我了。
QuestLoc_Tonics_Conversation01_NPC03	嘿，陌生人！今天我能帮你什么忙？
QuestLoc_NoRestfortheWicked_Conversation_2_NPCEnd_1	那好。准备受死吧！
Weapon_Description_InstituteRifle_Long	学院的触角伸得很长。现在你的也是。
Tutorial_Tip_12	健身房可以让您训练居民的耐力（E）。
Encounter_SurpriseQuest_AbandonedHouse	发现一座废弃小屋，进去看了看。
Controls_Xbox_Quest_MoveCamera	移动镜头
Speech_LivingQuarter_Dialogue_NPC1_12	你有想过我们去避难所外面住吗？
QuestLoc_LittleMissWasteland_Conversation_3_Team_4	这题我想使用通配卡。
QuestLoc_DaysGoneBye_Conversation_1_NPCStart_1	哇，我真高兴你们在这。那些掠夺者差点就抓到我了！
VictorDialog_Wasteland_48	你看看这个。一张黑桃A！我想今天运气不错。
SeasonModal_BattlePass_LockedReward_Rank	等级{0}后解锁
QuestLoc_TheAbyss_Conversation_2_Team_3	那么，这是机器人失灵的结果吗？！
Controls_Xbox_Footer_Rename	重命名
SnipSnipDialog_RadioStation_01	麦克风测试，麦克风测试，1、2、3。这玩意儿开着吗？
Speech_Room_LoveJob19	我最近有没有提到我是多么热爱我的工作？
Pet_Manx	曼岛无尾猫
QuestLoc_DogsofWar_QuestLongDescription	“饥荒”和“瘟疫”就在那里，无论他们是谁，追随者都大有人在。“战争”和“死亡”是臭名昭著的“末日骑士”。他们在废土肆虐吗？如果有人知道，一定是银河新闻电台的三狗。我们去跟他谈谈。
SnipSnipDialog_Bar_02	你们人类歇着吧。不不，不用管我。我就默默无私地伺候各位的一切需求……
Speech_Quest_Generic_Dweller_53	这儿没我想的那么糟——是更糟。
SnipSnipDialog_Wasteland_77	我要在外面再待一会儿……
Weapon_Name_AlienDisintegrator	外星分解枪
Speech_Generic_Dweller55	有人需要帮忙的吗？
QuestLoc_Astronomical_Conversation3_NPC02	兄弟会那套老掉牙的规矩和疑神疑鬼的毛病可拦不住我。
QuestLoc_HostageNegotiations_Conversation_3_NPCStart_1	我得救了！
QuestLoc_Vault199_QuestObjective_1	找到比格斯比。
Outfit_Name_ScifiSpecial	科幻迷服装
QuestLoc_ItsnotEasyBeingGreen_QuestLongDescription	随着一年一度圣帕特里克节庆祝活动的到来，附近的一些居民病得很厉害。一些病例报告显示他们正在逐渐变成尸鬼。这可能只是，呃，“食物”中毒，但我们应该调查此事，以防它是一个真正的流行病……
QuestLoc_BewareofOverdog_Conversation_1_Team_2	我们很高兴能帮助……
QuestLoc_ExtremePrejudice_Conversation_4_Team_2	你会在这里度过剩下的日子，也就是几分钟。
MrHandyDialog_Generic_29	再见，避难所居民！
QuestLoc_SpearFishing_Conversation_1_NPCStart_1	所以你来这里是为了那些训练过的鼹鼠吗？真是太疯狂了。
QuestLoc_GoingToTown_2_Question2_2	服下那瓶“神药”之后，你们一路跟着那个油嘴滑舌的推销员来到了这里……
Speech_Eviction_21	回见啦，小土豆们。
QuestLoc_ThymeisMoney_Conversation_2_NPCStart_2	你来盘点过我们了吗，缉毒员？
Wasteland_ItemCycleRarePet_02	一个{0}出现并阻止我走进一个坑里！最好带着它，应该能帮衬我一点。
Weapon_Description_JunkJet_TechniciansRevenge	他们再不会取笑一个科学呆子了。
QuestLoc_OperationSandman_Conversation_2_Team_2	上千名居民和掠夺者已经被杀害！
Encounet_Progression_Creature11	这只狂尸鬼一定是疯了！它正朝我扑过来！
Outfit_Name_ActionWeddingDress	末世新娘礼服
Encounter_Random_Message178	一辆旧军用运输车。看来士兵们曾想维持秩序——也就撑了一小会儿。
QuestLoc_CantStopTheSignal_QuestShortDescription	侦查一个奇怪的无线电广播站。
QuestLoc_TheRiteofSpraying_Conversation_1_NPCEnd_1	他们称自己为“原子之子”，崇拜辐射或类似的东西。
QuestLoc_ArmsRace_QuestLongDescription	枪匠的呼喊从广播里传来，声音大而清楚。“狂尸鬼！救命！谁要是能救我出去我会拿最好的武器报答他！”如果你想要这个奖励的话得赶快了。
Stats_PetBreeds_AustralianShepherd	澳大利亚牧羊犬
QuestLoc_Blackout_QuestShortDescription	监督者的儿子，杰克，在一场疯狂的新年派对之后消失了！
QuestLoc_HumansLikeUs_Conversation_5_NPCEnd_3	警报！警报！进行灭绝协议！
Notification_Title	辐射避难所
QuestLoc_DivideandConquer_QuestObjective_1	打败掠夺者首领。
QuestLoc_ExtremePrejudice_Conversation_2_Team_1	我当然会！他……呃……他就在那边，看！
QuestLoc_VaultTecExperimentReviewB_Conversation_1_NPCEnd_3	流氓特工！代号红！
QuestLoc_HumansLikeUs_Conversation_4_NPCEnd_1	哈哈，你说是网罟座泽塔星a，我说是网罟座泽塔星b……
Message_TutorialPopup_01_Hint	提示：现有资源和所需资源差距越大（超出或不足）对避难所的影响（包括好的和坏的）也越大。
QuestLoc_Overrun_QuestShortDescription	前往909号避难所寻找宝拉·普朗布金。
Help_Page11_MainText	将居民放进训练房间里将会提升他们的SPECIAL属性。

每一个属性都有对应的训练房间。

力量：举重房
观察力：军械库
耐力：健身房
魅力：会客室
智力：教室
敏捷：体操房
运气：棋牌室

每个属性最高能提升到10点。

居民的属性值越高，训练到下一级所需的时间就越长，但您可以使用量子核子可乐来加速训练。
QuestLoc_ALaborofLove_Conversation_2_NPCEnd_2	是么？真是不想待在这里了……兄弟们，我们继续朝上走！
QuestLoc_IntotheInfield_QuestName	进入到内场
Title_Crate_Vault	创建避难所
QuestLoc_SpyonRaiders_RaiderLine_1D	射击然后燃烧！
Room_UltraciteMining_2	辐射极琉矿采矿机
Crafting_Cost	花费
QuestLoc_BountySnips_QuestShortDescription	消灭发光辐射蝎“剪刀手”，然后拿着它的壳领取赏金吧！
Encounter_Random_Message8	真希望我有个旅伴。
QuestLoc_FactoryFloorofFear_Conversation_1_NPCStart_1	我听到了抓挠的声音，但我以为只是动物发出的。
Message_Tutorial_ArrivalWidgetReadyToClaim	您的新居民到了！{点击}他们的头像来招募。
Speech_Eviction_25	监督者！监督者，救命！他们想踹我出去！
Title_UltraciteToolTip	辐射极琉矿矿床
QuestLoc_GameShowGauntletB_Conversation_1_NPCEnd_4	从没听说过他。你要准备……“掉脑袋”！
QuestLoc_GuardianoftheWastes:Radroaches_QuestLongDescription	让我们为保卫废土尽一份力。清理掉那一窝危险的，被辐射过的生物吧！
QuestLoc_ItsnotEasyBeingGreen_Conversation_2_Team_1	首先，我们需要弄清楚是什么导致了这一切。
Speech_Generic_Dweller44	到喝咖啡的时间了吗？
Message_TutorialPopup_01_Title	您的避难所需要稳定的
电力、食物和水来维持运行。
Encounter_Random_Message107	我的鞋底已经磨穿了。
Speech_Quest_Generic_Dweller_Conversation_27_Response_1	哦，拜托，没那么糟吧。好吧，确实挺糟。但不管怎样。
Outfit_Name_SpecialThemeXmas2	精灵装
Theme_ShortName_Workshop	工坊主题
QuestLoc_HumansLikeUs_Conversation_3_Team_1	我们正在调查这个地区的奇怪灯光。
QuestLoc_HopontheRoachCoach_Conversation_1_NPCStart_1	等等，先别开枪！这只是件戏服！
Speech_Generic_Dweller54	我明明就很特别，真见鬼。总有一天，监督者一定会注意到我。
Weapon_Description_Railgun_Rusty	这个奇怪的尖钉可能不能将四肢钉在墙上，但它还是一样能杀戮。
QuestLoc_GameShowGauntletD_QuestShortDescription	为胜利而战！
Stats_Rare_Outfits	稀有级装备
QuestLoc_RevengeoftheGeeks_Conversation_2_NPCEnd_1	错！你知道质数是什么意思么？
QuestLoc_APaleImitation_QuestObjective_2	和R41D号避难所的掠夺者首领对峙。
QuestLoc_SpyonRaiders_Conversation_3D_NPCEnd_3	我想我们总会有点多余的物资。拿上然后去吧！
QuestLoc_TheSixthSun_QuestShortDescription	拯救教会失踪的哥哥。
Achievement_Xbox_Description_03	完成10个任务
QuestLoc_FriendlySettlement_Conversation_1D_NPCStart_1	听着，居民们，没必要紧张。我们已经不做掠夺者啦，我们退休了。
Title_Personalized_Ads	允许与第三方共享我的使用数据，以改进营销并在第三方网站上展示更相关的广告。
SnipSnipDialog_Wasteland_7	我的内部指南针显示我现在正朝南。看来我该朝这个方向飘……
Message_Tutorial_67	如果不需要任何新居民，您可以{关闭}{广播站}的对外召唤功能，但其仍能在避难所内部播放广播，提升居民{幸福度}。
Pet_Description_militarymacaw_l2	知道200个词，却只会说“隧道蛇统治一切！”
SeasonPass_UpsellModal_Base	有了赛季通行证，Fallout赛季才更精彩。
立即领取你已解锁的所有赛季奖励！奖励可在所有避难所中领取。
Facebook_AskRequest_Title	礼物请求
QuestLoc_GameShowGauntletH_Conversation_3_Team_3	医疗中心地铁。
QuestLoc_HoneymoonHorror_QuestLongDescription	来自附近定居点的某对新婚夫妇去了一个偏僻的山洞“度蜜月”。他们至今未归，第一批救援队也一去不回！也许关于辐射蝎的传闻是真的。最好带上家伙！
Message_TutorialPopup_24_Body_Part1_Xbox	当勾形图标出现时，选择它，然后按住来释放暴击。
Pet_Carrier_PopUp_Footnote	*不保证一定有毛。
Button_StartQuest	开始任务
QuestLoc_FriendlySettlement_Conversation_2C_NPCStart_1	很高兴你们来了。这个定居点致力于保护书籍。
QuestLoc_SynthsforSale_Conversation_1_NPCEnd_4	这些连体衣就是暴露你们的破绽，对吧？谢谢你的建议。
Weapon_Name_GaussRifle_Hardened	硬化型高斯步枪
QuestLoc_GameShowGauntletI_Conversation_3_Team_3	狗肉。
QuestLoc_DeathclawDeeLite_3_Question1_Choice1	你的，嗯，同类袭击了我们的旅馆。
QuestLoc_ScientificProgress_QuestObjective_2	杀死掠夺者首领。
Speech_Quest_Generic_Dweller_Conversation_31	你有没有觉得生活不过是场幻觉？
Theme_ShortName_Exterior	外观主题
QuestLoc_GhoulSupplies_Question2_Answer3	哇哦！这个报价太诱人了！我这就给你带来所有能找到的家具和电器。
QuestLoc_AlienBot_01_QuestShortDescription_04	前往坠毁现场的实验室，找到外星科技。
QuestLoc_PowertothePeople_Conversation_2_NPCEnd_4	什么？哈？你是认真的？呃，好吧。监督者在那边。真扫兴。
QuestLoc_RescueOperation_QuestObjective_2	拯救另一名定居者。
QuestLoc_ANiceGhoulLikeYou_QuestObjective_1	对付一群暴躁的尸鬼。
QuestLoc_SpelunKingTrainingE_Conversation_2_NPCStart_2	监督者已经确定要送我们去参加洞穴探险大赛！
Crafting_Junk_Required	需要配方
Outfit_Description_SantaSuit_Original	制作好心愿表，然后检查两次。圣诞老人——最早的“监督者”。
Speech_Quest_Generic_Dweller_Conversation_6_Response_3	嘘。多走路，少说话。
QuestLoc_WorkingOvertime_Conversation_2_NPCStart_1	我是一个……好人……但是成为一个发光种……可不是小孩子过家家！
Objective_PerformCriticalHit	释放{0}次暴击
QuestLoc_FriendlySettlement_Conversation_2B_Team_2	我们需要一些装备。时髦又有型的那种。
QuestLoc_Dog_QuestName	代号：狗狗
QuestLoc_WaroftheNerds_Conversation_3_Team_1	你的迷信根本不是我们生锈武器的对手！
QuestList_ArrivedQuest	到达！
QuestLoc_BountyShiner_QuestName	悬赏：“闪闪”
QuestLoc_TheBansheesKeen_Conversation_1_NPCEnd_3	真的？它是如此大声我几乎不能弄清楚你在说什么！
QuestLoc_TheBrothersGrime_Conversation_1_NPCStart_1	我们来比一比谁的手段更肮脏！
Speech_Room_DeadDweller_Agility	所以说锻炼真的有可能过量……
QuestLoc_RobotHood_Conversation_1_Answer03	呃，你知道你也是人类吧？
QuestLoc_ThirdandGoal_Conversation_2_Team_1	这附近有一个避难所。你去那里比较安全。
Message_Tutorial_UltraciteWeaponCraftingCraftingMessage_Xbox	按来{打开}{制造菜单}。
QuestLoc_S2_QL2_Q3_Req_Question7_Answer2	好，拿去。还随甲附赠一把武器。现在走人！
QuestLoc_TheBansheesKeen_RaiderLine_4	女妖正在为你恸哭！
Controls_Xbox_Vault_NCQ	量子核子可乐
QuestLoc_DeathclawDeeLite_2_Question1_Choice3	别担心。我们会搞定他们。
Objective_BuildOverseerOffice	建造一间监督者办公室
QuestLoc_OperationSandman_Conversation_3_NPCStart_2	是第37条第c项吗？
QuestLoc_VaultTecExperimentReviewC_Conversation_3_Team_1	我们想要武器来保卫我们的王国！
LunchBox_Card1_Title	卡牌1几率：
QuestLoc_GasNGo_QuestLongDescription	一位居民在废弃的红火箭服务站遇到了一位掠夺者。在他前往你们避难所之前阻止他！
QuestLoc_WondersofScience_Conversation_1_NPCStart_3	但是现在，我找到了！
QuestLoc_GoingToTown_3_Question2	嗯？这里发生什么了？你们不是平时的警卫！
Speech_Conversation_NPC2_Topic30_Response1	行啊。橄榄球还是棒球？
QuestLoc_S2_QL2_Q3_Req_Question3_Answer1	你傻了吗？这里是食物储藏室。你的表在这没用。走开！不给汤！
Controls_Xbox_Footer_FilterSpecial	筛选/改变SPECIAL排序
QuestLoc_TheRoadtoVaultopolis_Conversation_1_NPCStart_1	哈喽，你们好呀！我是监督者阿尔瓦雷茨。让我猜猜……
Message_Tutorial_SeasonOpenModal	首先，{选择}{赛季按钮}。
Weapon_Name_MissileLauncher_Hardened	硬化型飞弹发射器
LunchBox_ContentRedeemTitle1	午餐盒
QuestLoc_DivideandConquer_Conversation_3_NPCStart_1	所以，你居然答对了这么多……真让人印象深刻！
QuestLoc_KnockEmDown_RaiderLine_3	“战争”真美丽啊！
SnipSnipDialog_Generic_28	真希望今天不用换尿布。那些小家伙总是……扭来扭去。
QuestLoc_MatterstoSettle_Conversation_1_NPCStart_1	允许开火，各位！朝那个——
Bonus_SurvivalGuide_MysteriousMagnet	陌生人概率
QuestLoc_WastelandTheMusical_Conversation_4_NPCStart_1	♪ 忏悔！忏悔！ ♪
♪ 别再心怀不满！♪
Wasteland_RemoveDeadDweller	删除
Weapon_Name_GaussRifle_Enhanced	增强型高斯步枪
QuestLoc_MondayNightBrawl_QuestObjective_1	打败“牛肉大满贯”贝纳斯基。
QuestLoc_SpelunKingTrainingG_Conversation_1_Team_1	呃……好吧。随便你怎么说。
QuestLoc_TheBansheesKeen_Conversation_2_NPCStart_2	我们不能再思考……
QuestLoc_TheAbyss_RaiderLine_3	我凝视深渊，但没有什么凝视回来。
QuestLoc_TheSixthSun_Conversation_3_NPCStart_4	幸运的是，我在逃跑前把炸弹的主电路板藏起来了。
QuestLoc_FoodFight_Conversation_1A_Team_3	糖衣炸弹麦片？那东西会要了你的命。但是我给你一条捷径吧。
Notification_DwellerWasteland_02	您的一位居民在废土上探索一段时间了，您应该看看他们怎么样了。
QuestLoc_DeathandDenial_Conversation_4_NPCEnd_3	沃辛顿夫人试图咬一口蓝莓烤饼后苏醒过来。
Objective_CollectQuestsWithPet_Plural	携带宠物完成{0}个任务
Outfit_Description_HandymanJumpsuit_Advanced	修好一架坠毁的垂直起降机？你都能从头造一台了。
Crafting_FragmentsCounter	发现{0}/{1}的配方碎片
Encounter_Intro_Creature5	发现{0}
QuestLoc_MatterstoSettle_Conversation_5_Team_1	未完待续？！
Speech_LivingQuarter_PickupLines_24	我发现自己完全被你吸引。
QuestLoc_TheBansheesKeen_RaiderLine_3	让它停止！
QuestLoc_SuperDuperTrooper_Conversation_1_Team_1	噩梦，你是最糟糕的。
Weapon_Name_PowerFist_Enhanced	强化的动力拳套
QuestLoc_PaulasinaPickle_Conversation_1_NPCStart_4	一位女士，宝拉·普朗布金，成功逃脱了。她是我的英雄！
QuestLoc_ScienceCooperative_Conversation_2D_Team_1	这是我经历过的最恶心的谈话。
QuestLoc_TheTailContinues_QuestObjective_1	寻找救援队。
QuestLoc_S2_QL3_SecuritronsUncapped_1_Question5	市民，此处是交战区。请交出你的生命。
QuestLoc_GobbleGobbler_QuestObjective_1	找到更多有关高步勒的消息。
QuestLoc_GameShowGauntletA_Conversation_1_NPCEnd_3	你希望的是对的！是戴维，不然还能是谁呢？
QuestLoc_EvictionNotice_Question1_Answer2	不，不是。这是大汗帮领地，我们抢来的！你要想夺回去，就跟我们打！
QuestLoc_RaidingParty_Conversation_1_Team_1	我不觉得你想那么做。我现在是老大的新二把手。
QuestLoc_GobbleGobbler_Conversation_1_Team_1	如果高步勒真的那么厉害，我们需要你们多余的武器。
QuestLoc_TheToweringIlForno_Conversation_2_Team_3	我们愿为美餐而死。
MrHandyDialog_Generic_33	我想知道我们能不能把其中一个房间改造成一个正经的书房。壁炉、书架……还有杜松子酒。
QuestLoc_MissionofMercy_QuestName	仁慈的任务
Objective_SurviveDeathclawNoCasualties	在没有人员伤亡的情况下撑过了{0}次死爪攻击
Objective_SpinToWin	从幸运转盘领取1个奖励
Junk_Name_Microscope	显微镜
Outfit_Name_RobCoFactoryUniform	罗伯科公司厂服
QuestLoc_ShamrocktheCasbah_QuestLongDescription	我们已经收到信息，317号避难所有战前的三叶草样品。这种耐寒，营养丰富的杂草，据说已经灭绝了，现在证明可以是我们重要的主食。如果有的话，我们需要把这些样品带回来！
Room_Radio_2	广播站
Objective_RandomEnemyKilledUnarmed	不用武器杀死1个{1}
Weapon_Description_LeverActionRifle_ArmorPiercing	有了这个宝贝，他们就算穿了装甲也等于没穿。
Message_CustomizationTimeSkipNukaQuantum	想要用{0}瓶量子核子可乐极速完成这次个性化吗？
Encounet_Progression_Creature29	泥沼蟹不就是长了腿的蟹肉饼吗！点心时间到！
Weapon_Description_InstitutePistol_Improved	来自高级系统部门的最新致命技术。
MrHandyDialog_Wasteland_70	一扇锁着的门，但是我却没带开锁用的发夹。
QuestLoc_OperationSandman_Conversation_2_NPCEnd_1	精彩的！我们一起努力的目标就在眼前！
Message_TutorialPopup_03_Body	建造的房间越多，所需的电力也越多。
当电力条变红的时候，房间开始一个个关闭。
当房间关闭时，房间变暗，并不再生产资源。
QuestLoc_HotTubSlimeMachine_Conversation_1_NPCStart_3	抱歉让你们跑那么远来这里。这个拿着，当做是一点补偿。
Weapon_Description_Pistol_Hardened	精心设计和修改过。一个雇佣兵的梦想。
QuestLoc_FriendlySettlement_Conversation_1D_Team_2	太棒了！勤劳工作比当掠夺者去抢要好得多！
Speech_Kid3	如果我偷跑出去，会有人注意到吗？
VictorDialog_WaterPlant_01	不知为何，在这房间里我总觉得自身安全受到威胁。
QuestLoc_HumansLikeUs_Conversation_4_Team_1	这不是一个避难所，这是一个洞穴。
Encounter_Effect_Damage	遭受{0}点伤害。
Speech_FlavorText_TrainingRoom_01	没有什么能比运动得汗流浃背更爽了！
QuestLoc_TheSecretofREDACTED_Conversation_2_Team_1	我们有很多瓶盖。
Objective_StopInvasionInExVault	阻止实验避难所中的1次入侵
MrHandyDialog_Wasteland_40	监督者？你在吗？求你了，别……别让我死在外头啊。
Objective_WinBattleOnQuests_Plural	在任务中赢得了{0}场战斗
Stats_Decorations_Crafted	打造装饰品
Vaultboy_Message_ScorchedRaidFail	失败！下次一定能行！
QuestLoc_TheBrothersGrime_QuestLongDescription	很少有掠夺者的手段会比两个称之为“污秽兄弟”的掠夺者首领更肮脏。给这对黑心的兄弟无赖一点颜色瞧瞧。
QuestLoc_GameShowGauntletG_Conversation_3_Team_3	强制进化病毒。
QuestLoc_RadroachRoundup_Conversation_1_Team_2	你知道他们为什么要你的辐射服吗？
QuestLoc_GameShowGauntletJ_Conversation_1_Team_2	缅因州。
Speech_Eviction_28	但我还是能来拜访的。对吗？
Speech_Conversation_NPC1_Topic42	要是掠夺者打过来，真动手时我们能指望你吗？
Scrapping_Result_Failed	无法获得杂物
QuestLoc_MondayNightBrawl_Conversation_2_NPCEnd_1	挺会吵嘴的呀。给我拿下他们！
QuestLoc_WaroftheNerds_QuestLongDescription	我们刚刚收到消息说附近的避难所陷入了混乱。似乎那些战前科幻小说的粉丝们已经为哪部最好大打出手了。我们需要派一支队伍去安抚避难所！
QuestLoc_TheSixthSun_Conversation_1_NPCEnd_2	就是这样，我们都加入！
Speech_HealthB5	我感觉很糟糕。
Pet_Description_scarletmacaw_l	它会高兴地坐在你肩膀上。是天使，还是恶魔……或两者都是。
QuestLoc_ESterEggHunt_Conversation_2_NPCEnd_3	你为什么这么大反应？把它想象成“诞生一个新的太阳。”
QuestLoc_HostageNegotiations_Conversation_2_NPCStart_4	拿着，这是所有我能够给你们的。
QuestLoc_LittleRedRadiumHood_Conversation_1_NPCStart_4	我害怕了，所以我跑过去藏在这里！她还在隔壁房间里。
QuestLoc_WeddingCrashers_Conversation_2_NPCEnd_1	是啊，你说得对。马克斯，再见，我再也不会回到你身边了！
Encounter_Victory_NPC6	我帮助猎人找到了妖怪熊并杀死了它。
QuestLoc_NoRestfortheWicked_Conversation_2_NPCStart_1	在找监督者？你找到了她！
QuestLoc_DoitfortheBatBoy_QuestShortDescription	寻找罗基·杰宾森的棒球衫。
Tutorial_Tip_84	今天已经跳过一个目标了？您可以使用量子核子可乐来跳过更多。
Encounter_Random_Message34	我明天会起水泡……
Encounter_Random_Message209	我听见一个孩子的哭声。不确定它从哪里传来。
QuestLoc_SpyonRaiders_Conversation_3E_Team_2	老大！我们想要点医疗物资！
Speech_Room_DeadDweller_Hydroponics	嘿，肥料又多了一份！这话说得太早了吧？
QuestLoc_TheLastGobble_Conversation_1_Team_1	博士先生，您能不能支援我们一点火力？
QuestLoc_AquaNukaCola_Conversation_1_NPCStart_2	如果你像他们那样意志薄弱，这应该很容易！
QuestLoc_S2_QL2_Q1_Doc_Question4_Answer1	哦！我不是医生。我是修眼球机器人的。我还以为这很明显呢。
Tutorial_Tip_37	您可以通过点击居民栏上的名字来整理居民列表。
QuestLoc_Burnout_QuestLongDescription	鼹鼠！还有什么生物比它更卑鄙更恶心吗？拿起火焰喷射器来消灭这一窝“隧道恐怖分子”吧。
QuestLoc_HerestoYouRackieJobinson_Conversation_2_NPCStart_4	但是它是我的！我是绝不会放弃它的！
QuestLoc_DivideandConquer_Conversation_2_NPCStart_2	你能告诉我们1和0.999是一样的吗？
QuestLoc_EvictionNotice_Question3_Answer1	哼，不，我不愿意。如果你想夺走这片领地，就像我们一样，用武力来取！
QuestLoc_TheCatBurglar_Conversation_2_Team_1	一只导盲犬怎么样？
QuestLoc_BountySnips_Conversation_1_NPCStart_3	希望你们这次来带的都是大枪。
Encounter_Random_Message201	东部有枪声。我应该往西。
QuestLoc_DrivingtheSnakesOut_Conversation_3_Team_2	我想说你太在乎头发颜色了。
QuestLoc_Headshots_Conversation_1_NPCStart_1	所以你就是街区新来的小子嗬？怎么，想让号角报报道你的光辉事迹？
SnipSnipDialog_Generic_20	哦，快看，一层灰。毕竟，谁会不喜欢清理人类掉的毛发和皮屑呢。
QuestLoc_LiveDeadDrop_Conversation_1_NPCStart_3	你不该回应我点什么吗？
Objective_RaiseSpecialLevel_Plural	提高{0}位居民的任意SPECIAL属性。
Stats_Weapons_Sold	出售的武器
QuestLoc_ExpressCheckout_QuestLongDescription	一位探索废土的居民途经了一个大无敌超市。里面应该会有些有用的东西。
QuestLoc_MondayNightBrawl_Conversation_3_Team_1	我不光要让你出丑，还要把你彻底做掉！
QuestLoc_PickedOffatSecond_QuestShortDescription	寻找罗基·杰宾森的棒球衫。
Tutorial_Tip_30	如果一个房间已满员，这个房间里相关属性最低的居民将会和新分配的居民交换位置。
Help_Page10_MainText_3DTouch	储藏室会增加您的武器，装备，杂物和宠物的存储空间。

- 升级储藏室，增加存储容量。

- 通过哔哔小子菜单访问库存，卖掉不想要的物品。您还可以通过3D Touch重按储藏室来打开库存。

- 分解武器和装备，将其变回配方中的杂物。

- 如果其他房间都满员的话，储藏室可用来暂时安置居民。

- 建造医务室和实验室能增加治疗针和消辐宁的持有量。
Speech_Conversation_NPC2_Topic9_Response2	我也读过。七遍。我们真的需要更多的书了……
Speech_Kid31	我父母有最棒的工作！
Social_Filter_All	所有朋友
QuestLoc_SynthinaPinch_QuestLongDescription	合成人和他们的铁路支持者们被掠夺者抓住了。必须在可怕的事情发生之前找到他们！
SnipSnipDialog_Generic_06	做这个，做那个。可我听过一句“谢谢”吗？没——有……
QuestLoc_CapsRun_QuestName	瓶盖大作战
QuestLoc_GoingToTown_1_Question5_Choice2	让我现在试试！
Encounter_Random_Message171	探险家日志。新条目：我们错了——猫其实还没灭绝。但还是那么懒。
Radscorpion_Name	辐射蝎
Outfit_Name_BusinessSuit	商务套装
Speech_Kid19	核冬天的时候能打雪仗吗？
QuestLoc_TheSpiritofTaking_QuestLongDescription	不要再讲什么奉献精神了！一些无情的掠夺者洗劫了一个废土居民，偷走了他送给朋友的礼物。
Social_GiftNumber	还剩一个礼物
Message_IncompatibleJoystick	您的控制器可能不受支持。如果您遇到问题，请断开连接。
Stats_PetBreeds_Siamese	暹罗猫
QuestLoc_DogGone_Conversation_2_Team_2	你们的枪就在我这儿！
QuestLoc_GameShowGauntletD_Conversation_4_Team_2	自由至尊的头。
QuestLoc_ReleasetheRaiders_QuestObjective_1	搜索“战争崇拜者”和“害虫”的建筑。
QuestLoc_S2_QL2_Q4_Roswell_Question1_Answer3	我看“我们为和平而来”那套是行不通了，但嘿，你说了算！
QuestLoc_TheNightWatch_QuestShortDescription	找到更多关于红果枯萎现象的解释。
Outfit_Description_Scorched	辐尸人。
QuestLoc_WastelandTheMusical_Conversation_2_Team_1	♪ 这么好的提议，怎能说不？ ♪ 但不是现在，我得走了！♪
QuestLoc_TheCaseoftheQuantumCreeper_Conversation_3_NPCStart_1	等等，这些是……爪印吗？他们正在……发光。应该就在附近。
QuestLoc_SOS_QuestObjective_1	找到信号源。
QuestLoc_BeatReporting_Conversation_2_NPCStart_3	“饥饿部落”一直紧跟着他，它们被它的放射性光环迷住了。
QuestLoc_DeathandDenial_Conversation_3_NPCEnd_3	不要有任何可笑的想法！皮博迪想勾引我妻子已经够糟的了……
Encounet_Progression_Creature32	狂尸鬼漫游者逼近，准备攻击。
QuestLoc_ExtremePrejudice_Conversation_1_NPCStart_1	嘿，你。
QuestLoc_TheLastGobble_Conversation_1_Team_3	有没有什么东西能让我们免受高步勒的伤害？
Stats_PetBreeds_Ocicat	欧西猫
QuestLoc_GroomforDoubt_QuestObjective_1	拯救新郎。
QuestLoc_PoweredUp_QuestLongDescription	辐射蝎的诡异饲养者说宝拉·普朗布金去了核电站，我们决定去那里找她。
QuestLoc_LittleRedRadiumHood_Conversation_1_Team_1	你确定那是奶奶吗？
Speech_LivingQuarter_Dialogue_NPC1_20	我希望这里有一个瑜伽垫。
Bonus_SurvivalGuide_AddMaxHP	生命值
QuestLoc_GroomforDoubt_Conversation_1_Team_3	忏悔你们的罪恶！
Speech_Conversation_NPC2_Topic5_Response2	我知道！这有点吓人，不是吗？
QuestLoc_CheerfortheGhouls_Conversation_2_Team_2	今年谁也别想偷走圣诞节！接招吧！
QuestLoc_PartyCrasher_QuestLongDescription	一位居民发现了一间小屋。听起来像是有人在开派对。
Facebook_HelpRequest_Message	这里有你需要的杂物！
QuestLoc_HumanBeanJuice_Conversation_1_NPCStart_1	你们要找的人和一些其他的居民还有狂尸鬼一起被送过来的。
Help_Page25_MainText	宠物能够在午餐盒和宠物笼子中找到。

宠物能为所属居民提供加成效果、提升其在战斗中的伤害，还能跟随居民去废土上帮忙。

一个房间里只允许有一到三只宠物，这取决于房间大小。

宠物也有普通，稀有和传奇三个等级。宠物越稀有，相关加成就越好。但即使是同样的宠物也有可能带来不同的加成。

像配备武器和装备那样指定一只宠物。
QuestLoc_VaultTecExperimentReviewD_Conversation_1_NPCEnd_3	加里！
QuestLoc_DartofHarkness_Conversation_1_Team_3	你知道一个“漂亮的钱”实际上不会使你漂亮，对吧？
Speech_Quest_Alone_Dweller_7	一个人出发咯。没办法，我就这作风。
Title_NextRating	下一次评级
QuestLoc_LastInningOrnot_Conversation_2_Team_3	我发誓，如果死爪把罗基·杰宾森的棒球衫给扯烂了，我会发飙的！
QuestLoc_SpyonRaiders_Conversation_2D_NPCStart_3	想着我应该退休了吧，建一个小农场，种点花。
Controls_Title	控制
QuestLoc_DeathclawDeeLite_1_Question1_Choice3	希望它们没有把客人吃掉。
Weapon_Name_PipeRifle_BigSister	“大姐”管道步枪
QuestLoc_StopthePresses_Conversation_1_NPCEnd_2	那好。准备受死吧！
Not_Connected	您没有网络连接。以游客登录？
QuestLoc_OutfitRun_QuestObjective_2	找到更多的装备。
Molerat_Name	鼹鼠
AlienDrone_campaign_Btn	暂时不用
QuestLoc_WhosCarvingtheTurkey_Conversation_1_NPCEnd_2	真是见了鬼！我最好回去。
QuestLoc_HeresthePitch_QuestLongDescription	蔻驰不在789号避难所，但这地方有种熟悉的酸腐味……顺着这股味道去桑德拉文具店吧。
QuestLoc_SpyonRaiders_Conversation_3E_Team_1	对，我们想要一些新武器！
Title_QuestSetup	任务小队
Speech_Conversation_NPC2_Topic44_Response2	没什么！就是高兴自己待在避难所里，而不是待在外头废土上！你知道的……等死。
Encounter_Defeat_Repeatable_JunkLocation4	这个房间的安保太高级了，我根本打不开那扇门。
QuestLoc_BountyShiner_QuestObjective_1	杀死尸鬼“闪闪”。
Achievement_Xbox_Description_11	在任务中收集100个消辐宁和100个治疗针
QuestLoc_TheShadowWolf_QuestObjective_1	寻找追踪者。
Speech_Eviction_3	曾经很真实，曾经很美好，但不是真正的美好。
QuestLoc_FoodFight_Conversation_1B_NPCEnd_2	挺会猜的！
QuestLoc_NoRestfortheWicked_Conversation_1_NPCStart_4	拿着这个，说不定有用！
Encounter_Random_Message75	我打算往那边走上一阵子。
Shop_SeasonPass_Premium_Description	将赛季通行证提升至新高度。获得普通通行证全部权益，外加以下内容：25枚赛季徽章、凯特和泽克、T-60f动力装甲、重型战斗甲、指挥官制服、2个宠物箱、辐射极琉矿加特林激光枪，以及5000瓶盖。
Speech_Happiness_Happy5	无忧无虑，啥烦心事都没有！
Speech_Quest_Loot_Dweller_16	哎哟，你好呀……
QuestLoc_AllsFairinLoveandNuclearWar_Conversation_1_NPCEnd_2	好主意！你应该去告诉他们。来拿着这个以示勇气。
QuestLoc_SnakeWater_Conversation_1_NPCEnd_2	好、好吧！既不是生命之水，那就是死亡之血！放马过来！
QuestLoc_ALaborofLove_QuestLongDescription	激动人心的日子就要到来了。我们的想法是在自然的背景下举行一场婚礼，但外面太危险了，我们改用附近的一处洞穴，只需简单清理消毒一下就行。
Weapon_Name_PlasmaPistol	等离子手枪
QuestLoc_SignalFailure_Conversation_3_NPCStart_4	嘿，那是一个巧手先生吗？太棒了！
Outfit_Description_InstituteJumper_Expert	让你看起来像一个合成人——避免身份被怀疑。
QuestLoc_GameShowGauntletK_Conversation_4_Team_3	核子骚动。
Weapon_Name_PlasmaRifle_Tuned	调试型等离子步枪
QuestLoc_DeathandDenial_RaiderLine_1	这个“庄园”早已破落……
QuestLoc_S2_QL2_Q3_Req_Question2_Choice1	给你。
QuestLoc_RobotHood_Conversation_1_NPCEnd_6	真的吗？你也相信我的正义事业？
QuestLoc_Headhunting_QuestName	猎头行动
QuestLoc_HighSteaks_Conversation_1_NPCEnd_2	为什么？这肉又柴又嚼不动，几乎没法吃。而且这味道……呕！
QuestLoc_ShotgunWedding_RaiderLine_1	你们休想破坏这个婚礼！
QuestLoc_FactoryFloorofFear_Conversation_1_NPCEnd_1	看来咱俩听力都不太好。不过你的麻烦可大得多！
MrHandyDialog_Wasteland_7	我的内部指南针显示我现在正朝南。看来我该朝这个方向飘……
QuestLoc_DeathclawDeeLite_3_QuestObjective3	消灭成年死爪（2/2）。
QuestLoc_LittleMissWasteland_Conversation_1_NPCStart_1	……看上去像是又有一位选手走了进来。
Weapon_Description_FatMan_Mirv	一次性发射多枚“胖子”核弹。可真够“胖”的。
Tutorial_Tip_85	您可以在任务中找到所有主题配方的碎片。
QuestLoc_TheScorpionKing_Conversation_1_Team_1	厄尔，你就当做自己被蝎子蛰了。
Objective_CollectOutfitsOnQuests_Plural	在任务中收集{0}件服装
QuestLoc_TheAbyss_Conversation_2_NPCStart_3	即便如此，很少有人到过。机器人建造了这个避难所。
QuestLoc_GoingToTown_2_Question1_Choice1	只是随便逛逛。
QuestLoc_ArmsRace_Conversation_1_NPCEnd_1	当然！
QuestLoc_ChristmasattheRaiderCamp_Conversation_3_NPCEnd_3	圣诞节取消了！
Encounter_Victory_Creature22	我杀死了死爪！差一点点就被它……
QuestLoc_DeathRevealed_QuestName	“死亡”出现？
Message_NotEnoughResources	没有足够的资源
Weapon_Description_AssaultRifle_Enhanced	那种枪能让士兵在战争中胜利。
QuestLoc_PlayingCatchUp_QuestObjective_1	搜索海神能源办公室寻找关于瓶瓶和盖盖的线索。
QuestLoc_GoWest_QuestName	一路向西
QuestLoc_TheRiteofSpraying_Conversation_2_Team_3	还有更多的受害者吗？
QuestLoc_AlienBotQuest04_Conversation_3_PC1_2	我们是76号避难所的。呃，这是我的哔哔小子。
QuestLoc_CheerfortheGhouls_Conversation_2_NPCStart_3	而且直接杀了你，然后拿走你的东西貌似更容易！
QuestLoc_DeathclawDeeLite_4_Question1_Choice3	那就去别处找工作吧。
QuestLoc_AquaNukaCola_QuestLongDescription	我们能获得更多关于水之术士的信息的唯一方法就是清除这个掠夺者营地。应该像在公园里散步一样容易！
Facebook_HelpRequest_Title	赠送礼物
QuestLoc_BeanballtotheFace_QuestObjective_1	寻找罗基·杰宾森的棒球衫。
QuestLoc_KidnappingatVault778_QuestLongDescription	某个掠夺者绑架了一些安置点的人，并将他们作为人质关在了778号避难所，也许他们知道普雷斯顿·加维去了哪里。
QuestLoc_RunThreeDogRun_Conversation_1_Team_3	他们离完成配额还有多远？
QuestLoc_NoStoneUnturned_Conversation_1_NPCEnd_1	剩下的几个人决定去清理核子可乐工厂的狂尸鬼。
SnipSnipDialog_Wasteland_42	我会找到需要的东西，然后就回去。英雄主义什么的可不适合像我这样的巧手先生！
QuestLoc_GameShowGauntletG_Conversation_4_Team_2	原子之子。
Speech_Room_LoveJob_Classroom	年度最佳教师奖近在咫尺，我能感觉得到！
QuestLoc_GameShowGauntletG_Conversation_4_Team_3	原子之子。
QuestLoc_GameShowGauntletF_Conversation_1_Team_3	鹰爪公司。
QuestLoc_SavingDaylight_Conversation_2_NPCEnd_1	愿原子能宽恕你的灵魂！
QuestLoc_ESterEggHunt_Conversation_3_NPCStart_2	就在那里，从这个角度才能看到隐藏的部分！
Weapon_Name_JunkJet_Electrified	电气型垃圾喷射炮
Speech_Conversation_NPC2_Topic41_Response3	一张去废土的单程票。
QuestLoc_TheCaseoftheLostLunch_QuestName	消失的午餐
QuestLoc_HowCanYouNotBeRomanticAboutBaseball_QuestShortDescription	去莱克维尔图书馆找蔻驰。
QuestLoc_ScienceCooperative_Conversation_1A_Team_2	惊人！你们会用氦氖混合物作为激光的增益介质吗？
Objective_CompleteOverseerOfficeQuest	完成{0}次监督者办公室的任务
QuestLoc_CanineRecovery_Conversation_1_NPCStart_3	这年头可没有人会感激好心的牢头！
Loading_PleaseStandBy	请等待
QuestLoc_OfftheRails_Conversation_1_Team_4	合成人是什么？
QuestLoc_SavingDaylight_Conversation_2_Team_2	你会为了原子而牺牲自己吗？
QuestLoc_BugHunt_QuestShortDescription	杀死工厂里发光辐射蟑螂。
Encounter_Random_Message217	另一个被洗劫的便利店。
QuestLoc_LittleMissWasteland_Conversation_4_NPCEnd_2	不是这么玩的。就……穿过那扇门吧。
QuestLoc_TheAbyss_Conversation_2_NPCStart_2	几十年来都没有人走这么深了……
Wasteland_Collect_Items	收集
QuestLoc_HumansLikeUs_Conversation_5_NPCEnd_1	太棒了，现在去告诉别人永远不要来这里，因为一切都是正常的哈哈。
Speech_Room_DeadDweller_Water2	我们这有一个严重的卫生问题！
Weapon_Description_PipePistol_Auto	乱射然后祈祷吧！说不定还能打中点什么。
QuestLoc_SpyonRaiders_Conversation_1E_Team_2	终于有人明白书写是最致命的艺术！
QuestLoc_HalfFullHalfEmpty_Conversation_1_Team_1	你不会刚好还有剩的吧？我们会付给你丰厚的报酬……
Speech_NoPower5	哦不！停电了！得多弄点电来，这房间才能恢复运作！
QuestLoc_ScienceCooperative_Conversation_2A_NPCEnd_2	当然！现在说得通了！来拿着，可以在关键时候帮助你！
QuestLoc_AlienBotQuest05_Conversation_2_PC1_2	这里有一盘磁带，里头记录不少。
QuestLoc_ArmsRace_Conversation_1_NPCStart_1	差一点！我猜你们听到我说的了吧？
QuestLoc_MyMetalPony_QuestObjective_1	寻找骑乘小马。
Outfit_Name_Scorched	辐尸人
QuestLoc_SetEmUpFamine_Conversation_1_Team_1	我们不想打架。我们只是给“饥饿”的头目们捎个口信。
Encounter_Random_Message80	一家旧医院。看上去被洗劫一空。
QuestLoc_TheBansheesKeen_Conversation_3_NPCStart_4	是的，我们知道猫头鹰已经灭绝。我们训练鹦鹉模仿它们。
Weapon_Name_RustyT60Pistol	生锈的T60手枪
QuestLoc_S2_QL3_Q3_Insider_QuestName	第五个轮子
QuestLoc_PostApocolypticWorldProblems_QuestShortDescription	探险时发现一个大无敌超市！
QuestLoc_TheDeBuggers_RaiderLine_1	似乎每次我摆脱一个错误，就有两个新的弹出来……
QuestLoc_RunThreeDogRun_Conversation_1_NPCStart_1	核子可乐。鹰。好了。现在我们都知道你是谁了。
Room_WaterProcessingPlant_2	水处理站
Season1_IntroPopup_Title	辐射极琉矿狂热赛季来袭！
QuestLoc_HoneymoonHorror_Conversation_1_NPCStart_4	现在……为什么又在这里了？
QuestLoc_WorstCoachEver_Conversation_1_NPCStart_1	有人在墙上用喷漆写了点东西！
MrHandyDialog_Generic_39	希望这些人类今天开心。脾气暴躁的避难所居民可麻烦了。
QuestLoc_InShiningArmor_QuestObjective_1	找到兄弟会小队首领。
QuestLoc_SpringingtheTrap_Conversation_1_Team_3	瘟疫的庇佑是辐射？这难道不是伤害他的追随者吗？
QuestLoc_AlienBotQuest05_Conversation_2_PC1_5	快把这个带回避难所，计划我们的下一步！
Encounter_Random_Message120	我应该往北吗？
QuestLoc_HorsemenofthePostApocalypsePart2_QuestlineName	后末日时代的骑士 第二部
QuestLoc_VaultTecExperimentReviewC_Conversation_2_NPCStart_2	我们的法则就是忠诚，勇敢和友善。
QuestLoc_TheToweringIlForno_Conversation_2_NPCStart_1	终点线，居民们。这是你最后一站。
Speech_Quest_MainPath_Dweller_8	绝对是这条路。
QuestLoc_WalkofShame_Conversation_1_NPCStart_3	避难所居民们总是能卖个好价钱，他们干净，健康，牙齿健全……绝对是硬货。
RichPresence_Xbox_07	阻止辐射蟑螂事件
Weapon_Description_032Pistol_Rusty	在废土上最不靠谱的手枪。祝你好运。
QuestLoc_ItsnotEasyBeingGreen_Conversation_2_NPCEnd_2	你的意思是，除了喝绿色啤酒？不。没影儿的事。
Time_Hours	小时
QuestLoc_Blackout_Conversation_1_NPCStart_4	和辐射蝎玩接球是很好打发时间的方式！
Outfit_Description_Swimsuit	一件很小很小的小小的……衣服。唉算了。
Message_Tutorial_04_PC	{建造区域}是可以选择来建造{房间}的位置。确认位置，{点击}{建造区域}。
QuestLoc_LittleMissWasteland_Conversation_4_NPCStart_4	请作答。
QuestLoc_Overrun_QuestName	侵占之殇
Outfit_Name_ScientistScrubs_Commander	指挥官制服
QuestLoc_WastelandTheMusical_Conversation_4_NPCEnd_2	♪ 你终将在原子面前现身 ♪
♪ 升天之时，替我向他问好！♪
EULA_LEGAL_LINK	fo.sdo.com/policy/
QuestLoc_S2_QL2_Q2_Field_Question2	你们能到这里，肯定一路杀穿了辐射蝎。厉害！
Speech_Generic_Dweller34	我这真是干劲十足、活力满满！
QuestLoc_DenofThieves_Conversation_1_NPCEnd_1	成交！
QuestLoc_AllsFairinLoveandNuclearWar_Conversation_3_NPCEnd_2	好吧，但是出去前一定戴上帽子。外面挺冷的。
QuestLoc_DeathandDenial_Conversation_5_NPCStart_1	啊，侦探！我是特拉米尔准将，这是我侄女维琪。
QuestLoc_SpelunKingTrainingB_QuestLongDescription	一年一度的洞穴探险赛即将开始，但是该送哪一个居民过去呢？让我们派遣那些有魅力又观察力敏锐的居民去吧，看看他们有多厉害！
QuestLoc_GoingToTown_1_Question1_Answer3	现在你说到点子上了。试试这个，你睡得前所未有的好。
QuestLoc_Tonics_Answer01_NPC01	哦！幸好你找到了我！我得和你一起去看看到底需要什么药。你有瓶盖吗？
QuestLoc_HopontheRoachCoach_Conversation_1_NPCStart_3	我们团队的其他成员跑掉了，把我留在这。真失望。
QuestLoc_PetPeeve_QuestName	宠物的怨恨
Speech_Quest_Generic_Dweller_41	地板……好……好黏……
Encounet_Progression_Creature41	稍不留神，狂尸鬼掠夺者就会把我撕成两半！
QuestLoc_TargetPractice_QuestShortDescription	去猎杀辐射蟑螂吧。
Speech_Quest_NotAlone_Dweller_8	还好我们还有彼此。
QuestLoc_TheAbyss_Conversation_1_NPCEnd_3	寻找死爪，因为太害怕而不敢追的太深。
QuestLoc_GameShowGauntletK_Conversation_3_NPCStart_2	赫伯基信徒们追寻的是什么东西？
Speech_Conversation_NPC2_Topic39_Response3	太可怕了！谁也不能乱动人家的甜卷……
Speech_LivingQuarter_PickupLines_43	如果我能重新排列字母表，我会把“B”和“O”放在一起。不！等等！不对……
QuestLoc_TheRiteofSpraying_Conversation_2_NPCStart_2	再过几个小时的话，我的朋友就要变得残暴了。
Weapon_Description_GatlingLaser_Rusty	一个激光发射器可能偶尔走火。没什么大不了。
QuestLoc_Dog_Answer01_NPC01	看来我们需要纠正你的行为！
QuestLoc_GameShowGauntletH_Conversation_2_Team_3	肯德尔医院。
QuestLoc_SlidingintoHome_QuestName	溜回家
QuestLoc_GameShowGauntletH_Conversation_1_Team_4	沃尔瑟姆的一个两床居室。
Outfit_Description_SportsfanSpecial	能给你提供很好的保护。躲过他人的阻截……或是死爪的拥抱。
QuestLoc_GoingToTown_1_Question4_Choice2	你是说，我要绊倒？我会注意脚步的。
QuestLoc_TheCaseoftheMissingMitt_Conversation_1_Team_4	这个手套到底有什么特别的？
QuestLoc_NoRestfortheWicked_Conversation_2_Team_2	打架？不！我来这里是为了救你的……
Weapon_Description_GatlingLaser_Focused	每束光线有更多力量，意味每一次射击有更多痛苦！
QuestLoc_BountyYak_Conversation_1_NPCStart_2	那只叫“牦牛”的鼹鼠妈妈一直在偷我们的食物，并让整个地方都臭翻了天！
Encounter_Message_NPC8	一支钢铁兄弟会巡逻队。
Objective_UseStimpack_Plural	使用{0}次治疗针
QuestLoc_BeanballtotheFace_Conversation_1_NPCStart_2	我听说你们正在寻找罗基·杰宾森的棒球衫。
QuestLoc_ESterisComing_Conversation_2_NPCStart_3	我想我看到了我们失踪的威尔修士并试图跟随他。
QuestLoc_OperationSandman_Conversation_4_Team_3	既然你要杀了我们，为什么不告诉我们洞穴在哪里？
Speech_Quest_Generic_Dweller_Conversation_13_Response_1	什么？你是认真的？当然！
Speech_Conversation_NPC2_Topic26_Response2	只有你这么觉得。
QuestLoc_TheSixthSun_Conversation_1_Team_2	我会看到你的愤怒，看愤怒如何吞噬你。
QuestLoc_Sabotage_QuestObjective_1	阻止下毒的掠夺者。
QuestLoc_S2_QL3_Q4_Warehouse_Question1_Choice1	让我猜，是保安机器人？
Speech_Conversation_NPC2_Topic18_Response2	噢，你真贴心。画个灯塔怎么样？
Objective_KillEnemyAtVaultDoor	在避难所门厅杀死1个{1}
Weapon_Description_PlasmaThrower_Boosted	双倍燃料，双倍热量，双重乐趣！
QuestLoc_Blackout_Conversation_1_NPCStart_2	我们让你们和我们一起嗨是因为我们以为你很酷……
QuestLoc_InShiningArmor_QuestLongDescription	已经向钢铁兄弟会证明了我们避难所的价值！最后的任务——核子可乐工厂的救援行动。
QuestLoc_RaiderTroublesatCorvega_Conversation_1_NPCStart_1	哈，我们现在是什么情况？
QuestLoc_GameShowGauntletD_Conversation_4_NPCStart_2	钢铁兄弟会在大核融合总部寻找什么？
Weapon_Name_PowerFist_Rusty	生锈的动力拳套
Speech_Quest_Generic_Dweller_Conversation_18_Response_2	我也一样。我们处在……危险区域。
Room_MedBay_3	医院
QuestLoc_DeathclawDeeLite_1_Soliloquy2	这对我们作为安全住宿场所的公众形象非常不利。
QuestLoc_SpyonRaiders_Conversation_2D_Team_1	你应该做你觉得对的事。
RoomUpgrade_Storage	储存
QuestLoc_TheReluctantShill_QuestName	不情愿的托儿
QuestLoc_TheCaseoftheQuantumCreeper_Conversation_1_Team_2	你们拿什么报答我呢？
QuestLoc_TheMoleRatMan_Conversation_1_NPCStart_3	我会拼死保护它们。但我更想要你们去死！
QuestLoc_FollowingHisFirstSteps_Conversation_1_NPCStart_3	说是有其他的人需要帮助，然后就消失了。
QuestLoc_S2_QL3_Q2_Handy_Question4_Choice1	废话！你以为我们是怎么到这里的？当然少不了砸几台。
Message_TutorialPopup_20_Title	3D Touch
Speech_Quest_Generic_Dweller_Conversation_15	你听到了吗？
Encounter_Message_Location5	一个锁住的保险箱。
QuestLoc_Firestarter_QuestLongDescription	你的一位居民是一个连环纵火犯，我们决定将他的才能用在避难所之外的地方。
VictorDialog_Wasteland_15	瞧我这运气。还以为找到什么好东西，结果就是垃圾。
MrHandyDialog_Generic_08	我是巧手先生型机器人，通用原子国际的骄傲！
QuestLoc_HumansLikeUs_Conversation_1_NPCEnd_3	哈哈，开玩笑的。幽默是人类特有的特征，眨眼。
QuestLoc_ChristmasattheRaiderCamp_Conversation_2_NPCEnd_2	开打时间到！
Message_Intro_05	避难所科技会根据您的表现进行每日评级。记住要让您的居民开心，并且好好工作！
QuestLoc_TheReluctantShill_QuestLongDescription	我们快要找到水之术士了！显然，他的助手抛弃他，躲藏在一个大无敌超市里。万不得已的话，我们就打到他说出真相为止。
QuestLoc_MatterstoSettle_Conversation_3_NPCStart_2	只有冰冷的核子可乐才能满足我的饥饿。
Message_Tutorial_11	现在，{居民}正在工作，房间将开始{生产资源}。{双击}{房间}来仔细察看。
Speech_SnipSnip_Bark4	我们的手指库存真是惨不忍睹。
QuestLoc_WastelandDoctoring_QuestShortDescription	给邻近的定居点带去医疗帮助。
QuestLoc_TheTailContinues_QuestName	继续追踪
QuestLoc_Headhunting_CombatInit1	为了经理大人！
PreTutorial_VaultName	现在需要决定您的避难所ID号。请仔细选择，因为一旦选择，就无法改变。
Encounter_Random_Message149	探险家日志。新条目：巨型蚂蚁——没错，就是巨大的蚂蚁。
QuestLoc_SetEmUpFamine_Conversation_1_NPCStart_3	可悲的生物，他们要挖空心思编造诡计，以逃避现实。
QuestLoc_FoodFight_Conversation_1C_Team_4	抱歉，但好人是会杀掉坏蛋的。这是废土的法则。
QuestLoc_LittleRedRadiumHood_QuestShortDescription	找到送食物的女孩。
QuestLoc_TheHauntingofVault110_QuestShortDescription	吓一吓藏匿在大众化学大楼里的掠夺者首领。
Encounet_Progression_Creature54	巨兽逼近，准备攻击。
Weapon_Description_PlasmaCaster_Enhanced	天堂般的人体工学设计，地狱般的绿色火力。
Room_Overseer_Build	建造一个监督者办公室？
QuestLoc_TheCatBurglar_Conversation_2_NPCEnd_3	你来装饰你的帽子？这里，你可以用这个。
QuestLoc_PlayingCatchUp_QuestShortDescription	追踪瓶瓶和盖盖的绑匪。
QuestLoc_TheSecretofREDACTED_Conversation_1_Team_1	只是路过，23号，史酷多！
Encounter_Random_Message95	我必须走了。
Tutorial_Tip_40	每个SPECIAL属性都会增加居民在废土存活的可能性。
MrHandyDialog_GameRoom_01	哼，就让这些人类来挑战我在《红色威胁》中的高分吧……
QuestLoc_ThymeisMoney_Conversation_2_NPCEnd_3	不要吃辣椒，老爹！
QuestLoc_GameShowGauntletE_Conversation_3_NPCEnd_1	哦！是汤姆，不是泰德。“掉脑袋”之后……“脑袋会自动滚开”的。
QuestLoc_PlayingPolitics_Conversation_1_NPCStart_2	避难所科技的正式文件被送到了市长办公室……
Room_Gym_2	体育馆
Achievement_Xbox_Name_15	不只是手巧
Encounter_Progression_JustStartedTier2_19	这条路看着不比别的差。
Message_Tutorial_SeasonOpenBattlePass	现在，{选择}{赛季通行证}标签页。
QuestLoc_TheFinalPush_Conversation_1_Team_3	谢谢。
QuestLoc_TheToweringIlForno_Conversation_2_NPCEnd_1	配方吗？我只有这张“武器化番茄酱”的蓝图。
QuestLoc_CollateralMurder_Conversation_1_NPCStart_4	我有个叔叔比那个“男孩”还年轻。都不知道为什么有那么多人会信那一套。我想这告诉我们不要相信天上会掉馅饼。
QuestLoc_GameShowGauntletB_Conversation_3_NPCEnd_3	回答正确！只是开玩笑。现在准备……“掉脑袋”吧！
QuestLoc_SnakeWater_Conversation_1_NPCStart_4	你们有什么话要说，无赖们？
Wasteland_Title_Leaving_Vault	正在离开避难所
Speech_Conversation_NPC2_Topic57_Response3	我搞不清时间了。有关系吗？
QuestLoc_SignalFailure_QuestShortDescription	查看233号避难所发出的求救信号。
QuestLoc_CollectorsEdition_Conversation_1_Team_3	……或者你可以投降，把巧手先生交给我们。
QuestLoc_RoboRampage_Conversation01_PC03	我想我们可以和平相处！我们可以互相帮助！
QuestLoc_GameShowGauntletC_Conversation_2_Team_2	麦金泰尔。
QuestLoc_ChristmasattheRaiderCamp_Conversation_2_Team_1	我们只有欢快的节日气氛！让我们一起来唱唱歌吧！
QuestLoc_BewareofOverdog_Conversation_1_Team_3	我们可以百分百确定你疯了。
Speech_Room_DeadDweller_Armory	他们死了！这是武器故障吗？
Pet_Description_persian_b	长长的毛发，圆圆的脸蛋，带给你最暖的抱抱。
QuestLoc_ReleasetheRaiders_Conversation_4_NPCEnd_1	对！要结束！
Message_RedeemPopup_Continue_Xbox	按下以兑换
Wasteland_ExteriorItem_Title	废土
Message_Tutorial_45	{点击}{建造区域}来确认地点。
QuestLoc_AllWorkandNoPlay_Conversation_1_NPCStart_1	哦我的天！真是场灾难！
QuestLoc_DoitfortheBatBoy_QuestName	为了蝙蝠男孩！
LunchBox_Content_Card5	稀有居民 (20.0%)
传奇居民 (4.9%)
巧手先生 (0.2%)
咔嚓 (0.02%)
稀有武器 (13.2%)
传奇武器 (7.1%)
稀有护甲 (12.9%)
传奇护甲 (7.8%)
普通宠物 (0.02%)
稀有宠物 (1.0%)
传奇宠物 (0.3%)
瓶盖 (32.6%)
QuestLoc_GameShowGauntletA_Conversation_3_Team_3	英克雷。
Room_StorageArea_Desc	增加您可持有的物品和宠物数量。
QuestLoc_AlienBotQuest04_Conversation_4_PC1_1	哇，看看这个东西。外星科技！
SeasonPass_DaysRemaining	剩余1天
QuestLoc_ScientificProgress_Conversation_1_Team_4	我们是为和平而来！
QuestLoc_ThisGoldenRing_QuestLongDescription	空气中弥漫着爱意，就像放射性尘埃——一旦进入体内就再也出不来！我们现在需要的是一枚戒指来求婚。在附近的废弃建筑里说不定能找到一些战前珠宝。
Rating_CurrentRating	当前评分
QuestLoc_ReleasetheRaiders_QuestObjective_3	和“战争”交谈。
QuestLoc_ReleasetheRaiders_Conversation_3_NPCStart_3	我……是……战争。我是战争。我是战争。我是战争。我是战争！
QuestLoc_WaroftheNerds_RaiderLine_1	遵守主要规定！
QuestLoc_WastelandTheMusical_Conversation_6_NPCStart_1	♪ 别介意，我们不在那里 ♪ 我们也不在这里，不在任何地方 ♪
♪ 我们是学-院！♪
QuestLoc_Headhunting_Question1_Answer3	管理？所以你是来找经理大人的。你休想带走他！他给我们讲故事！
QuestLoc_ScienceCooperative_Conversation_2A_Team_2	质子发射器。感觉应该是这个！
Speech_Quest_NotAlone_Dweller_3	我们一定会同舟共济的，对吧？
Outfit_Name_HunterGear_Treasure	寻宝猎人服
QuestLoc_TheSixthSun_Conversation_1_Team_3	警告你：滚开，否则我会杀了你。
QuestLoc_GameShowGauntletH_Conversation_3_Team_4	波士顿。
Encounter_Random_Message71	哦，看，一个旧的公共汽车站。真希望我能搭一趟车。
QuestLoc_HostageNegotiations_QuestObjective_3	解救人质。
Message_Intro_02	避难所能保证人们的安全，远离废土的危险。
Weapon_Description_AlienBlaster_Tuned	可能是一个外星人军官，他做了一些……调整。
QuestLoc_TheShadowWolf_QuestShortDescription	去见见那个可能发现鼹鼠窃取红果事件线索的追踪者吧。
Outfit_Description_CombatArmor_Heavy	他们过去曾派军队过去。现在他们只需要你就行了。
QuestLoc_DeathclawDeeLite_4_Question2_Answer2	没……钱……！
Speech_Quest_Generic_Dweller_49	我还以为外面已经够压抑了。
Encounter_Victory_NPC10	我修好了巧手先生。作为回报，它给我讲了个挺好笑的笑话。
QuestLoc_SynthsforSale_Conversation_1_NPCStart_2	我们必须找个地方躲起来，保持低调。
Encounter_Random_Message188	嗷！绊了一下。得小心点。
Achievement_Xbox_Name_10	废土公敌
QuestLoc_SpelunKingTrainingD_Conversation_2_NPCStart_2	监督者已经确定要送我们去参加洞穴探险大赛。
Bonus_FasterPregnancy	-{0}%怀孕时间
QuestLoc_Headhunting_Question1_Answer1	你说的一定是经理大人。他现在和我们在一起！他给我们讲故事！而你们，去死吧！
QuestSurprise_Enter_Male	你想要他进去吗？
LunchBox_ContentRedeemTitle2	5个午餐盒
QuestLoc_GameShowGauntletG_Conversation_2_Team_1	比利。
QuestLoc_LittleMissWasteland_Conversation_6_NPCStart_3	女士们先生们，让我们来认识新任的“废土小姐”……
Encounter_Random_Message50	还以为看见什么了……
QuestLoc_AtDeathsDoor_QuestObjective_1	干掉“死亡”。
QuestLoc_TheCaseoftheQuantumCreeper_QuestLongDescription	有人请求尼克去解开“量子爬行者”的谜题。这个怪兽把当地的避难所居民吃掉并偷走他们的量子核子可乐。去帮他们一下怎么样？
Speech_Quest_Generic_Dweller_Conversation_12_Response_1	为避难所和监督者服务！万岁！
QuestLoc_Blackout_Conversation_1_NPCEnd_1	在那条街上我们的仓库里。你一直说自己是来自泽塔航母的外星人。
QuestLoc_DeathandDenial_Conversation_2_NPCStart_2	此事发生在主人和客人们各自回房就寝之后。
QuestLoc_WorkingOvertime_Conversation_2_NPCStart_4	杀了我吧！
QuestLoc_TimetoWakeUp_QuestName	起床时间到！
QuestLoc_RadroachRoundup_Conversation_1_Team_4	你知道小偷去哪儿了吗？
QuestLoc_CrossingPaths_Conversation_1_Team_4	没门！最初的混乱就是那些士兵造成的。
QuestLoc_ChristmasattheRaiderCamp_Conversation_3_Team_1	你们觉得一些漂亮的新衣服怎么样？
QuestLoc_TheMysteryofVault666_Conversation_1_NPCEnd_2	不知道。
QuestLoc_FriendlySettlement_Conversation_2D_NPCEnd_3	我留着它们也没用！拿着吧。
QuestLoc_WaroftheNerds_Conversation_3_NPCStart_3	宇宙能量向我们预示了你们的到来。
Tutorial_Tip_08	建造一个科学实验室来生产消辐宁。
QuestLoc_GroomforDoubt_Conversation_3_NPCStart_1	嘿，伙计们，你们在那里！
EquipmentFilter_Inventory	库存
QuestLoc_GameShowGauntletF_Conversation_4_Team_1	天鹅。
QuestLoc_FoodFight_Conversation_1E_Team_3	呃，你……并不是我想的那样。
Speech_Conversation_NPC2_Topic49_Response1	我听过！然后女服务员说：“不用找了？可我穿着牛仔服呢！”哈哈哈哈！最爱这笑话……
Weapon_Description_GaussRifle_Accelerated	等等，炮弹可以……更快吗？不知道。
Open_eShop_Switch	打开在线商店
QuestLoc_MaskHysteria_Conversation_1_NPCEnd_2	那你恐怕无法活着出去了！
QuestLoc_S2_QL2_Q3_Req_Question4_Answer2	我的天！我只是个凭一腔热爱办事的小小研究员。拜托拜托，帮我保密，好吗？
QuestLoc_ScientificProgress_QuestName	科学进步
QuestLoc_TheToweringIlForno_Conversation_1_NPCStart_1	你们在找什么？
WastelandSellAllCommonItems	出售普通物品
QuestLoc_KnockEmDown_Conversation_1_NPCStart_4	但他们没能安全准时地到达。
Speech_Quest_MainPath_Dweller_10	百分之百是这条路。
Message_TutorialPopup_04_Body_PC	完成目标，赚取瓶盖。目标能够通过点击哔哔小子菜单里的缎带图标找到。
QuestLoc_PerfectSpecimens_Answer01_PC05	我认识一个人一定想见见你。
QuestLoc_ShamrocktheCasbah_RaiderLine_1	早上好哟！
Encounter_Defeat_NPC7	醉酒的流浪者嫌我一口灌得太猛，气冲冲地走了，酒瓶也拿走了。
QuestLoc_FriendlySettlement_Conversation_1A_NPCEnd_2	现在才像个好故事，牵牛花！拿着，这是我们给你们的一点纪念品。
Speech_Conversation_NPC2_Topic28_Response2	谁说的？监督者吗？监督者居然一直在谈论我？！
QuestLoc_FamilyMatters_QuestName	家人很重要
QuestLoc_RobotHood_Conversation_1_NPCEnd_5	好！这是朝机器人自由迈出的一步！
Speech_Conversation_NPC2_Topic21_Response2	好吧，也许吧。但这得看外面有什么。嘉年华？街头赛车？棉花糖？我是说，得值得我出去才行。
Speech_Quest_Generic_Dweller_Conversation_12_Response_2	等等，什么？我以为你知道的。
QuestLoc_TheBansheesKeen_Conversation_1_NPCStart_1	欢迎，居民们！真高兴看到你们。
Notification_DwellerWasteland_03	您的一位居民在废土上探索很长时间了，您应该看看他们怎么样了。
QuestLoc_OnlyHuman_QuestObjective	与普通人类对话
Outfit_Description_Wasteland_Doctor	对于清除弹片和包扎轻伤再合适不过了。
SnipSnipDialog_Reactor_02	哦对了，一起来开发原子能吧。上次开发原子能的结果可真是太棒了……
Objective_CraftOutfits	打造1件装备
QuestLoc_ExpressCheckout_Conversation_1_NPCEnd_4	难道有人不想吗？！说不定再也没有了，不过我确实发现了这个……
QuestLoc_TheFinalPush_QuestName	最后一击
QuestLoc_AMaptotheStars_Conversation_1_NPCEnd_1	我们正在前往120号避难所……他们是最新一期新波士顿号角报的明星……
QuestLoc_SpyonRaiders_Conversation_2A_Team_2	你只是太弱了！我们会永远“粉碎骨头”的！
QuestLoc_WeddingCrashers_Conversation_1_Team_1	我会努力的。
Room_WeaponFactory	武器工坊
Room_Dojo_Build	建造一间体操房？
MrHandyDialog_Cafeteria_01	白兰哥？饱饱牌肉罐头？速食薯泥？人类竟然真吃这些垃圾？
QuestLoc_GameShowGauntletK_Conversation_4_Team_4	量子核子可乐。
QuestLoc_HumanBeanJuice_Conversation_1_NPCStart_2	但是遭到可汗·基利安的掠夺者帮派袭击之后他就消失了！
Theme_Name_BoS_LivingQuarters	钢铁兄弟会宿舍
QuestLoc_GameShowGauntletJ_Conversation_3_NPCEnd_3	不，不是，不对。现在你将……“掉脑袋”了！
QuestLoc_PowertothePeople_Conversation_2_NPCStart_3	不要慌张。我们将永久终结你们的痛苦。这是我们能做的最起码的事。
Resource_Water	{0}水
QuestLoc_AlienBotQuest06_Conversation_2_PC2_5	嗯，你们看起来应该是好人。好吧，没问题！
RecipeLoot_Wasteland	一个居民在废土上发现了一个配方！
Pet_Carrier_PopUp_Title	免费的宠物笼子
QuestLoc_ChristmasattheRaiderCamp_Conversation_3_NPCStart_1	我是首领麦斯克鲁奇。我一度很讨厌圣诞节。
QuestLoc_CollectorsEdition_QuestName	珍藏版
QuestLoc_VaultTecExperimentReviewA_Conversation_2_NPCEnd_2	非常让人心惊胆战，但还不够！去死吧！
Outfit_Description_MilitaryJumpsuit	战前士兵的标准装备。
QuestLoc_FriendlySettlement_Conversation_1B_NPCEnd_1	是是，我们知道。别找我们麻烦，这样我们也不会找你们麻烦。
MrHandyDialog_Wasteland_5	正在校准传感器……
QuestLoc_HerestoYouRackieJobinson_Conversation_1_NPCStart_1	哇，我听说过你们！永远都在废土上寻找……
Room_Water2_2	净水站
QuestLoc_FashionStatement_QuestShortDescription	你发现了红火箭服务站！
QuestLoc_SpyonRaiders_Conversation_2C_NPCEnd_3	等等，什么？你们是间谍？给我拿下他们！
QuestLoc_AllWorkandNoPlay_Conversation_2_NPCStart_3	鲁巴布派我们来的，但后来死爪又来了，然后……
QuestLoc_DrivingtheSnakesOut_QuestName	把“蛇”赶出去
QuestLoc_TheSixthSun_QuestLongDescription	我们认为失踪的教会见习信徒威尔修士可能被附近一帮掠夺者绑架了。
QuestLoc_SpringingtheTrap_Conversation_3_NPCStart_4	这是一只有辐射的发光蝎子！那些“害虫”穿着的防护服能让他们免受它的辐射。
QuestLoc_AMaptotheStars_Conversation_1_NPCStart_2	我们做了一切我们能做的，但他们还是找到了我们，并带来了一大帮人。
QuestLoc_TheHauntingofVault110_Conversation_1_NPCEnd_2	什么？伪装的？我会让你真的变成鬼，你信不信！
QuestLoc_SetEmUpFamine_Conversation_3_NPCStart_1	晚饭前讲个故事怎么样？
QuestLoc_VaultTecExperimentReviewF_Conversation_1_Team_3	我们的回应就是我们会把你们都杀了！
Weapon_Name_InstitutePistol_Apotheosis	“巅峰”手枪
Outfit_Description_UtilityJumpsuit	一件标准的避难所服装，用来适应废土的严酷环境。
VictorDialog_Wasteland_22	那是什么？好像有人在说话。得小心行事了……
Encounter_Journal_Message40	探险家日志。新条目：开锁是进入各处的必备技能。
QuestLoc_RadiationLeak_QuestName	辐射泄漏！
QuestLoc_SpyonRaiders_Conversation_3C_NPCStart_2	我猜你来这儿是想分点上次我们抢的东西？
Outfit_Name_SynthArmor_Heavy	重型合成人装甲
QuestLoc_GameShowGauntletF_Conversation_4_NPCEnd_1	太糟糕了。你说对了！我就想看你……“掉脑袋”呢。
QuestLoc_AMaptotheStars_Conversation_1_NPCStart_3	我从未见过这样的事……
QuestLoc_PetPeeve_Conversation_1_NPCEnd_3	不要伤害我！掠夺者把他们带去了核子可乐工厂。
Objective_CollectCapsOnQuests_Plural	在任务中收集{0}个瓶盖
Rarity_Uncommon_Title	少见
Speech_Quest_WrongPath_Dweller_9	嗯……这路感觉不对。
QuestLoc_SpringingtheTrap_QuestShortDescription	从被引诱进陷阱的害虫口中得到答案。
QuestLoc_GameShowGauntletI_Conversation_3_NPCEnd_3	答对啦！赢家诞生了，真是不幸……
QuestLoc_MyMetalPony_Conversation_1_Team_1	把玩具交过来。
Speech_Room_SomeoneHappy1	
Emergency_Aliens	外星人袭击
Weapon_Description_Minigun	在子弹冰雹中瞬间撕碎你的敌人。
QuestLoc_ToySoldiers_QuestShortDescription	前往威尔逊原子玩具厂寻找“麦克森硬汉小队”。
QuestLoc_ReleasetheRaiders_Conversation_2_NPCStart_2	他警告大家关于144号避难所的事……
QuestLoc_SetEmUpPestilence_Conversation_1_NPCStart_3	你能走进我的客厅吗？
QuestLoc_GoingToTown_1_Question4	坠落！大坠落！清算的时刻就在眼前！
QuestLoc_Sabotage_QuestName	破坏！
QuestLoc_HumansLikeUs_Conversation_5_NPCEnd_2	哈哈，没问题，请往这个手枪状器物的开口里面看就行。
QuestLoc_LittleMissWasteland_Conversation_4_NPCEnd_3	呃，我不能……只是穿过那扇门。
Speech_Quest_Generic_Dweller_Conversation_22_Response_3	哇。这可真是个别有用心的问题。
QuestLoc_CheerfortheGhouls_QuestName	为尸鬼制造节日气氛
QuestLoc_WondersofScience_QuestName	科学的奇迹
Speech_Conversation_NPC1_Topic39	有人偷了我的甜卷！
QuestLoc_DaysGoneBye_Conversation_1_NPCEnd_1	恩，也许你们可以扮鬼把他们从附近旧的服装厂吓跑！
Shared_ButtonText_PC	保存照片
QuestList_ReturnedFromQuest	回来了！
QuestLoc_CoveringAlltheBases_QuestName	占领所有基地
QuestLoc_AgainstTheOdds_Conversation_1_NPCStart_2	等这次结束了，我一定会重新建立一个新的，更好的小队！
QuestLoc_VaultTecExperimentReviewE_Conversation_2_NPCEnd_1	总是你厉害！你赢了。
QuestLoc_PostApocolypticWorldProblems_Conversation_1_NPCStart_1	不好意思打扰了，你能告诉我哪里能找到西梅吗？
QuestLoc_DivideandConquer_Conversation_2_Team_2	是的，1等于0.999……
Generic_Resources	资源
QuestLoc_VaultTecExperimentReviewE_Conversation_3_NPCStart_1	几率是多大啊？避难所居民们！
MainMenu_WelcomeTo	欢迎来到
Shop_PetBanner_Title	宠物能带来各种有利加成……
Speech_Quest_NotAlone_Dweller_13	让我们再次踏上征程，我亲爱的朋友！
KeyboardMapping_TiltCameraLeft	向左倾斜镜头
QuestLoc_AlienBot_QuestObjective_02	寻找丢失的派对装饰品。
Speech_Conversation_NPC2_Topic12_Response2	当然了！监督者不会让我们发生任何意外的！
QuestLoc_GhostlyGag_RaiderLine_3	是鬼！快跑！！等等，哈罗德叔叔，是你吗？
QuestLoc_ItsnotEasyBeingGreen_QuestName	变绿不容易
Junk_Desc_Globe	回头看看世界本来的样子，或者在无聊的时候旋转它。
QuestLoc_DenofThieves_QuestName	深入丹恩城
QuestLoc_BeatReporting_QuestLongDescription	《每周博览会报》的一名记者，正以“害虫”的身份做卧底，他把“瘟疫”的事告诉了我们，并请我们给编辑转达一条消息。他还说，有些记者藏在“饥饿者”和“战争崇拜者”中间，所以我们去博览会办公室，看看他们知道些什么！
Weapon_Name_TranqPistol	麻醉枪
QuestLoc_JustDeserts_Conversation_5_NPCStart_1	在第4部会有精彩的奖品等着你！
Stats_Average_Luck	居民平均运气
Controls_Button	控制
Message_RoomMaxPets	这个房间无法再加入带宠物的居民。
Junk_Name_DeskFan	电风扇
QuestLoc_ThrowMeSomePepper_Conversation_1_NPCEnd_3	哦，好吧。干得不错。
Help_Page23_MainText	巧手先生将会自动收集所处楼层的资源。即使玩家退出游戏，它仍能继续收集。每层楼只能有一个巧手先生。

巧手先生也能对抗灾害，但要注意巧手先生也可能被摧毁。请注意在它破碎时维修。

巧手先生也能被派到废土上收集瓶盖，但它不会遇到任何冲突。

您只能派遣一定数量的巧手先生去废土。
QuestLoc_SpyonRaiders_Conversation_3E_Team_3	能给我们点杂物么？我们想造东西。
Weapon_Name_LaserMusket	激光火枪
QuestLoc_SecretWeaponTest_Conversation_1_Team_2	我们杀了你，然后忘了整件事怎么样？
QuestLoc_ReturntoVault333_QuestObjective_1	在333号避难所里找到答案。
QuestLoc_DogsofWar_Conversation_2_NPCEnd_4	还真是有点虎头蛇尾呢。
QuestLoc_DogsofWar_Conversation_3_NPCEnd_1	不。但“害虫”们正觊觎着这些美好的装备。你可以用一些来引诱他们进入陷阱……
Speech_Room_SomeoneUnhappy_Endurance	要是我有足够的耐力来应付你这种白痴就好了。
QuestLoc_WorkingOvertime_Conversation_1_NPCEnd_2	小心点！监督者斯坦是只发光种！
Crafting_InProgress	打造进行中
QuestLoc_PestControl_QuestName	虫害防治
QuestLoc_FriendlySettlement_Conversation_1D_NPCEnd_2	嗯，没有那么有趣，但至少很干净了。谢谢你们的理解。收下这个吧。
QuestLoc_ScienceCooperative_Conversation_2A_Team_3	老实讲我们不知道。跟着感觉走吧。
QuestLoc_TheRiteofSpraying_QuestShortDescription	调查放射性喷射事件。
SeasonPass_EndingSoon_NewVegasA	赛季通行证即将到期！完成挑战或使用量子核子可乐来解锁奖励。
在高级赛道达到20级即可获得独家日落沙士装瓶厂主题，仅限本赛季。
Message_TutorialPopup_20_Body_Part2	- 先点击居民，再点击房间或废土，将居民派往该处。

- 点击储藏室打开库存。

- 在设备的主屏幕上点击辐射避难所图标，直接进入避难所。
SaveCloud	云保存
QuestLoc_TheLastGobble_Conversation_1_NPCEnd_1	给，拿着。现在下去吧！你在那儿能找到高步勒！
QuestLoc_TheMysteriousDisappearingSpuds_QuestLongDescription	整个联邦的红果植株都在枯萎。居民们要饿死了！也许我们能帮忙。
Speech_LivingQuarter_Dialogue_NPC2_14	你……该看出了那句话里的讽刺。对不对？
RateUS_BTN_NO	不，谢谢
QuestLoc_FirstDown_Conversation_1_Team_1	你知道他们去哪里了吗？
Speech_Room_DeadDweller_Sciencelab	希望他们至少把遗体捐给了科学研究。
Encounter_Random_Message137	探险家日志。新条目：在这外面，生命总能在夹缝里繁衍。
QuestLoc_ExtremePrejudice_Conversation_2_NPCEnd_1	迈克？
QuestLoc_FriendlySettlement_Conversation_2D_Team_4	你们有多余的杂物吗？我们有东西想要打造。
LunchBox_Card_Title	一张包含以下内容的卡牌：
QuestLoc_GivemeLibertyandorDeath_QuestObjective_1	发现144号避难所的位置。
QuestLoc_GameShowGauntletI_Conversation_2_Team_3	巧手先生噶抓。
MrHandyDialog_Wasteland_90	也许我应该登上那个山丘，看看周围的环境。
QuestLoc_WastelandTheMusical_Conversation_5_Team_1	呃……好的？
SnipSnipDialog_Wasteland_38	一个致力于清洁的家务机器人，在末世废土中游荡。我的强迫症要发作了。
QuestLoc_DuoofDestructionAlphaDeathclaws_Conversation_1_NPCStart_2	呃，你们要是不除掉那些怪兽，我们全都得濒危！
Speech_Conversation_NPC2_Topic15_Response1	“溜达”这个词怎么样？
MrHandyDialog_Wasteland_98	到处都是用过的药剂和空酒瓶，这很能说明问题了。
QuestLoc_AlienBotQuest04_Conversation_2_PC3_4	我有种不祥的预感……
Speech_Eviction_19	最。糟糕的。一天。
Pet_Description_scottishfold_b	看，我的耳朵也会向后折叠。这不算什么。
Message_Tutorial_46_PS4	干得不错！这里有一些{食物}和{水}来帮助您开始经营{避难所}。您可以按下{L3}来查看避难所{资源刻度条}的细节，查看您的{资源}需求量。
QuestLoc_MondayNightBrawl_Conversation_1_Team_2	我来这里是为了喝核子可乐和杀掉像你们这样的蠢蛋。而且我的核子可乐喝完了。
QuestLoc_CapturedCritter_QuestLongDescription	有一只孤单的迷路小动物想和你一起回避难所的家。但令人讨厌的是一些饥饿的尸鬼先发现了它。
UnlockRoom_Overseer	您的避难所有{0}位居民
Weapon_Name_AlienBlaster_Amplified	放大型异形破坏者
QuestLoc_JustDeserts_Conversation_3_NPCStart_1	未完待续……
QuestLoc_HerestoYouRackieJobinson_Conversation_2_NPCStart_1	我们终于见面了，你们这些愚蠢的居民！
Encounter_Defeat_Location15	我憋气的时间不够长，有点慌张，决定原路返回。
QuestLoc_TheFinalPush_Conversation_1_Team_4	你下次要更加小心些。
Encounter_Random_Message156	探险家日志。新条目：日落曾经浪漫，如今却很可怕。当心黑夜。
Outfit_Description_ComedianSpecial	这套衣服是在开玩笑吗？不过，如果你穿上它的话，你就是个玩笑。
Tutorial_Tip_25	点击居民的SPECIAL属性图标来查看更多细节。
QuestLoc_GuardianoftheWastes:MoleRats_QuestName	废土守卫者：鼹鼠！
QuestLoc_GameShowGauntletE_Conversation_1_Team_1	司特吉。
QuestLoc_GameShowGauntletH_Conversation_1_NPCStart_4	原子之子把联邦的哪个区域作为了他们的家？
Encounter_Victory_Repeatable_JunkLocation4	我找到了密码！里面好像有个工作间……
Speech_Generic_Dweller2	真高兴自己待在避难所里，而不是外头……
QuestLoc_SlidingintoHome_QuestObjective_1	寻找罗基·杰宾森的棒球衫。
VictorDialog_Wasteland_36	你知道老话怎么说的——见到岔路口，就把叉子拿走！
GameSettingsPC_ToggleFullScreen	窗口模式
QuestLoc_Blackout_QuestObjective_1	在可伟佳自动化工厂里寻找杰克。
QuestLoc_SpyonRaiders_Conversation_1B_NPCEnd_3	是啊，对的。等等，你说什么？你们死定了！
QuestLoc_WaroftheNerds_Conversation_3_NPCStart_4	现在，我们将用它来揭示你的意图。
Outfit_Description_SynthArmor_Heavy	被训练用来进行重型战斗的合成人穿过。
MrHandyDialog_Bar_02	你们人类歇着吧。不不，不用管我。我就默默无私地伺候各位的一切需求……
QuestList_AssembleTeam	召集您的小队
Objective_CollectCaps	在避难所里收集200个瓶盖
QuestLoc_APaleImitation_Conversation_2_Team_2	我已经打败你们大多数人了。再多一两个人又怎么样？
QuestLoc_GobbleGobbler_Conversation_1_NPCStart_3	但它走过的地方留下一串俏男孩蛋糕的痕迹……
QuestLoc_FriendlySettlement_Conversation_1A_Team_3	你们是白痴，这个定居点就毁在你们手里了。
Message_Tutorial_03_PC	我们将建立一个{发电室}来产生{电力}。{点击}{发电室}。
QuestLoc_CheapBeerintheBleacherSeats_Conversation_1_NPCStart_1	没有看见棒球衫。倒是发现了一套不错的休闲西装。
QuestLoc_SpringingtheTrap_Conversation_1_NPCStart_3	我是悲哀的，悲哀是我，因为我不配。但“瘟疫”是伟大的，散发圣光和……
QuestLoc_Filly_Conversation02_NPC01	我们这儿最近被掠夺者闹得鸡犬不宁。
QuestLoc_CanineRecovery_QuestLongDescription	我得去搜搜那座旧仓库，看看能不能找到比格斯比。掠夺者把它当成了藏身处，所以我得小心点。
QuestLoc_S2_QL3_SecuritronsUncapped_1_Question5_Choice1	这肯定是领头的。把它送进废铁场。
QuestLoc_ESterEggHunt_Conversation_1_Team_3	我们将有百万吨的乐趣！
MrHandyDialog_Wasteland_36	我想回家，我想回家，我想回家。
QuestLoc_Vault789_QuestObjective_1	探索789号避难所。
Pet_StBernard	圣伯纳犬
QuestLoc_OBrother_Conversation04_NPC02	我叫马克西姆斯。呃，我其实不应该在这儿，你可别告诉别人啊。
QuestLoc_ThrowMeSomePepper_Conversation_1_NPCEnd_2	那个白痴穿着棒球衫？没见过他！现在滚吧。
QuestLoc_NoRestfortheWicked_Conversation_2_Team_1	好。
QuestLoc_PittStop_Conversation01_NPC05	为什么？
Tutorial_Tip_41_Xbox	想要快速查看在外探索的居民，只需直接按下。
Encounter_Victory_Creature3	我杀死了巨大苍蝇，炸成了一堆碎块。好恶心。
Speech_Room_DeadDweller_LivingQuarters	至少他们在家里安静地去世了。
QuestLoc_S2_QL3_Q3_Insider_Question3_Line2	这些垫圈的内衬都被剥掉了，毫无用处了。
Outfit_Name_King	中世纪统治者服装
Speech_Quest_Generic_Dweller_Conversation_28_Response_1	哈？想？我应该想点什么吗？
QuestLoc_CapturedCritter_QuestName	拯救小动物
QuestLoc_VaultTecExperimentReviewB_Conversation_2_NPCEnd_1	很好，你现在是我们的双面间谍了！
QuestLoc_WhenPrestonCalls_Conversation_1_NPCStart_1	天啊，终于有人找到我们了。
Speech_Quest_Generic_Dweller_Conversation_4_Response_3	你说我还能怎么样？
Weapon_Description_Shotgun_FarmersDaughter	不论是谁，只要拿着这个家伙指着你的头，你都会愿意和他结婚。
QuestLoc_GameShowGauntletB_Conversation_4_NPCStart_1	现在到了最后回合。
QuestLoc_GameShowGauntletC_Conversation_3_Team_2	大品牌百货商店。
QuestLoc_GasNGo_Conversation_1_Team_2	我能要二号管道的无铅汽油吗？
Message_CompleteThemeRecipeNukaQuantum	想要使用{0}瓶量子核子可乐完成这个主题配方吗？
QuestLoc_DeathclawDeeLite_4_Question1_2	不得不说，我们有些客人还挺凶的！我要额外的危险津贴！
QuestSurprise_Title	任务
Speech_Quest_Generic_Dweller_Conversation_20	好累……
Weapon_Description_Flamer_Hardened	喷射的火焰如地狱般炙热，把受害者直接送去了地狱。多么讽刺。
QuestLoc_VaultTecExperimentReviewA_Conversation_3_Team_4	这个避难所里有没有什么厉害的杂物可供打造吗？
Weapon_Name_Magnum_Hardened	硬化型.44狙击枪
Outfit_Description_EulogyJonesSpecial	当你需要散发出邪恶魅力时，请穿上它。
Speech_Quest_NotAlone_Dweller_16	向前进！
SeasonPass_UnlockBattlePass	升级赛季通行证
Bonus_SurvivalGuide_CheaperCrafting	打造花费
QuestLoc_BountyBash_Conversation_1_NPCStart_1	所以，你就是那个想拿下“暴击”的人？
QuestLoc_ExtremePrejudice_Conversation_4_NPCEnd_3	史蒂夫，无所不知？你显然不是来自于这里……
QuestLoc_WastelandTheMusical_Conversation_1_NPCStart_3	♪ 如今我已长大，这是我的机会 ♪ 去探索那浩瀚无垠！ ♪
♪ 这伟大蛮荒的废土♪
QuestLoc_SpyonRaiders_Conversation_1D_NPCStart_1	你们是谁？想加入我们帮派？
Seasons_Message_SeasonHasEndedBlurb	请前往您的普通避难所，领取实验避难所中所有未领取的奖励以及剩余的量子核子可乐。
QuestLoc_WaroftheNerds_Conversation_2_NPCEnd_1	正确！让我们放松，来重温下经典的剧情。
Help_Page07_Title	宿舍和生小孩
QuestLoc_GameShowGauntletA_Conversation_3_NPCEnd_3	简直错得离谱了。现在你必须……“掉脑袋”了！
Help_Page18_MainText_PC	1. 废土- 点击避难所外面可查看废土日志。
2. 居民菜单- 可以用来快速整理和选择您的居民。
3. 幸福度- 避难所整体的幸福度。点击可以查看其为避难所带来多少奖励。
4. 资源条- 您现有的资源总量。勿让资源低于所需资源线，否则避难所将开始恶化。点击可查看您有多少资源。
5. 瓶盖- 点击瓶盖可以进入午餐盒商店。
6. 建造锤子-点击可建造房间
7. 哔哔小子- 点击哔哔小子可打开菜单。数字表示您有可以打开的午餐盒。感叹号表示有目标奖励可领取。
8. 午餐盒- 点击可进入午餐盒菜单
9. 目标- 点击缎带图标进入目标页面。一个感叹号表示有目标奖励可以领取。
10. 库存- 点击盒子图标进入库存菜单。
11. VDSG- 点击书图标可打开避难所居民生存指南
12. 设置- 点击齿轮图标可进入设置菜单。
QuestLoc_WhosonFirst_Conversation_1_NPCStart_1	没有蔻驰。没有棒球衫。什么都没有。
Speech_Conversation_NPC2_Topic29_Response2	当然是经典口味——意大利辣味香肠披萨。
QuestLoc_PlayingPolitics_QuestLongDescription	根据宝拉·普朗布金日志里所说的，525号避难所确实是个避难所大都会，但她也不知道在哪里。也许市长办公室里会有相关的信息。
QuestLoc_SpyonRaiders_Conversation_3C_Team_2	老大！我们想要点医疗物资！
QuestLoc_WastelandTheMusical_Conversation_2_NPCStart_4	♪ 如果你觉得自己不属于这里 ♪
♪ 就来加入兄弟会吧！♪
QuestLoc_AllSalesFinal_Conversation_1_Team_1	那么，这里还有食物吗？
QuestLoc_GameShowGauntletB_Conversation_3_NPCStart_2	哪一种致命的生物潜藏在塞勒姆巫术博物馆里？
Help_Page12_MainText	广播室能吸引来自废土的新居民。

- 广播室会周期性地发出信号，召唤新居民加入。有时会收到回应。

- 如果广播室的计时器走到零还没有新的居民回应，计时器会自动重启。

- 将魅力值高的居民分配在广播室能够加速信号的发出。

- 升级广播室能增加吸引新居民的概率。

- 广播信号也可能把死爪引到您的避难所。

- 如果您不想吸引新居民，可以让广播室停止呼叫。

- 在广播室里分配居民能够提升避难所的整体幸福度，无论广播室是否正在招募新居民。
QuestLoc_CantStopTheSignal_Conversation_1_NPCStart_2	我本来会有一个军队的辐射蟑螂来供我支配。
QuestLoc_FactoryFloorofFear_Conversation_1_NPCEnd_2	呵呵，我正想和你讲同样的话！
Speech_Generic_Dweller7	真想现在就吹声口哨……要是我会的话。
QuestLoc_GameShowGauntletE_Conversation_4_NPCEnd_3	它确实很高，但并不碍他的事。所以你要……“掉脑袋”了。
QuestLoc_TheCatBurglar_Conversation_2_NPCStart_1	是你吗亲爱的？
Weapon_Description_PlasmaPistol_MPLXNovasurge	一个绿色太阳的力量在你手里。
QuestLoc_GivemeLibertyandorDeath_Conversation_1_Team_2	如果你一直这样来找我们的话，我们甚至不需要找到你的避难所。
QuestLoc_GameShowGauntletG_Conversation_3_NPCStart_2	超级变种人的构成是……
Message_TutorialPopup_12_Body	升级您的生产房间来生产更多的资源。点击右上角的箭头图标来升级房间。
QuestLoc_ExtremePrejudice_Conversation_3_NPCEnd_3	以前从没听说过拳印，但我想——哦，我懂了。
QuestLoc_HomerunDerby_QuestShortDescription	搜索圣心脏医院。
QuestLoc_WhatsonSecond_Conversation_1_NPCStart_1	又一间房，再一次失败。但是我们不会放弃希望！
Speech_Quest_Generic_Dweller_71	这趟差事结束之后我得看看心理医生，得看好久。
QuestLoc_SuperDuperTrooper_Conversation_1_NPCStart_1	你！不要动！
QuestLoc_AllsFairinLoveandNuclearWar_Conversation_3_NPCStart_2	即使这样，我必须得说……你还挺好看的。
QuestLoc_ScientificProgress_Conversation_1_Team_2	给我你的衣服，你的鞋子，还有你的摩托车……
QuestLoc_GameShowGauntletC_Conversation_4_Team_3	下水道。去测试驱鼹鼠剂。
QuestLoc_AMaptotheStars_QuestLongDescription	404号避难所的监督者似乎有办法和新波士顿号角报的发行者取得联系。她是我们成为明星的希望！
QuestLoc_GameShowGauntletB_Conversation_2_NPCStart_1	我们现在进入第二回合。
QuestLoc_SpyonRaiders_Conversation_3A_NPCEnd_4	这是玩的哪一出？！
QuestLoc_WastelandTheMusical_Conversation_7_Team_1	♪ 我的父母，我不敢相信！♪ 但我不能与他们相认，♪ 也许我只去拜访一下？♪
Title_UnlocksQuestlLine	解锁任务线：
Speech_Conversation_NPC2_Topic20_Response2	我希望不是真的。我讨厌和那样的人住在同一个避难所。
QuestLoc_RadroachRoundup_Conversation_2_Team_2	是的，我们杀了她。
MrHandyDialog_Generic_22	听说有个灯泡学坏了？他们把它关进了“棱镜”（prism，谐音监狱 prison）。懂吗？棱镜？
QuestLoc_ScienceCooperative_Conversation_2B_Team_1	你是科学家。你自己想啊！
QuestLoc_GameShowGauntletI_Conversation_3_NPCStart_2	谁在庇护山丘旁的红火箭加油站附近转悠？
Outfit_Name_MaJuneJacket	玛·琼的夹克
QuestLoc_HoneymoonHorror_Conversation_2_NPCStart_1	我们得救了！非常感谢！
QuestLoc_AlienBot_01_QuestShortDescription_01	在大无敌超市里找到派对装饰品。
QuestLoc_SpyonRaiders_Conversation_2A_NPCStart_2	粉碎骨头开始还挺好玩的，但迟早他们中就会有一个变态开始针对你们。
Bonus_FasterCrafting	-{0}%打造时间
Theme_Name_BoS_Diner	钢铁兄弟会餐厅
SeasonPass_ToVaultSelect_Btn	返回避难所选择
QuestLoc_TheEndoftheRainbow_Conversation_2_Team_2	我不知道你在说什么，但我感觉到你不开心。
QuestLoc_SpringForwardFallBack_Conversation_1_NPCStart_3	稍微靠近一点……
QuestLoc_DivideandConquer_Conversation_2_NPCEnd_2	的确，它是！这是你的奖励。
Encounter_Random_Message112	那几栋楼整个塌进了街道。
Outfit_Description_BOSUniform_Advanced	穿上它，就算摆军官架子也没人敢管你。
QuestLoc_RaidingParty_QuestObjective_2	在好战的掠夺者当中散播谣言。
Weapon_Description_CombatShotgun	一种全自动筒装的霰弹枪。哎呦喂。
QuestLoc_GameShowGauntletH_Conversation_4_NPCStart_1	现在到了最后回合。
QuestLoc_APaleImitation_Conversation_2_NPCEnd_2	这才像话！
QuestLoc_TheSixthSun_Conversation_1_NPCStart_3	你已经被警告！
Speech_Generic_Dweller52	全世界到处都是避难所，这是真的吗？不——会——吧……
Theme_Name_Railroad_LivingQuarters	铁路宿舍
QuestLoc_GameShowGauntletGlobal_QuestObjective_1	请回答全部问题。
QuestLoc_JustDeserts_Conversation_5_Team_3	“战争”护甲（力量/观察/耐力/魅力+4）
QuestLoc_GetchaPeanutsHere_QuestShortDescription	寻找罗基·杰宾森的棒球衫。
Title_SurvivalGuideSmall	生存指南
Weapon_Name_PowerFistEd	埃德的自制动力拳套
QuestLoc_SpelunKingTrainingD_QuestShortDescription	强悍又聪明的居民真的有本事赢得大赛吗？
Bonus_SurvivalGuide_Resistance	伤害减免
Theme_Name_Christmas_Diner	圣诞节餐厅
QuestLoc_GameShowGauntletD_Conversation_2_NPCEnd_4	根本说不通。继续……“掉脑袋”吧！
Pet_Description_turkishvan_b	认为天天都是爱猫日。
QuestLoc_S2_QL3_SecuritronsUncapped_1_CombatInit2	哟，来的是什么？活物？那就准备好变成死物吧！
Stats_Average_Charisma	居民平均魅力
QuestLoc_CheesePlease_QuestLongDescription	厨师很高兴——也很惊讶——你完好无损地把它带回来了！他现在需要加工过的奶酪，也就是灰金奶酪，这种神奇的食物能经受住时间和核战争的考验。有些可能留在老奶酪厂。
Speech_Generic_Dweller21	也许我待会可以读本好书。经典名著那种。
Speech_Quest_Generic_Dweller_62	要是爸妈能看到我现在这副样子就好了……
Speech_Quest_Loot_Dweller_28	应该派得上用场。
QuestLoc_JustDeserts_QuestObjective_1	探索骑士的起源。
QuestLoc_DivideandConquer_QuestShortDescription	击败欧拉天使。
QuestLoc_NoStoneUnturned_QuestObjective_1	探索海神能源办公室。
Room_Overseer_3	监督者指挥中心
QuestLoc_ParleyTime_Conversation_2_NPCEnd_1	当然。听从你的意见。我马上就可以。
QuestLoc_GameShowGauntletG_Conversation_2_Team_4	安娜贝尔。
QuestLoc_CrimeSceneInvestigation_Conversation_3_NPCStart_2	我们来自于144号避难所。我们是672号避难所的贸易伙伴。
Pet_Rottweiler	罗特韦尔犬
QuestLoc_GroomforDoubt_Conversation_3_Team_1	聚会已经结束了好几天了……
Encounter_Intro_Location4	到达{0}
QuestLoc_GameShowGauntletK_Conversation_1_Team_4	胆小猫。
QuestLoc_SomewhereintheBallpark_QuestShortDescription	寻找罗基·杰宾森的棒球衫。
QuestLoc_SecretWeaponTest_QuestName	秘密武器试验
Objective_WastelandExploreLocation	在废土上探索{0}个位置
QuestLoc_WorkingOvertime_Conversation_1_Team_3	清除尸鬼不是问题。但代价……
Message_Tutorial_ArrivalWidgetReadyToClaim_PC	您的新居民到了！{点击}他们的头像来招募。
Speech_HealthA2	我真需要呼吸口新鲜空气。哦，等等。
QuestLoc_RobotHood_Conversation_1_NPC_3	我从肉体凡胎手中抢来物资，送给……呃……机器人……
NukaQuantum_Shop_Title_Truck	一卡车
QuestLoc_RadroachRoundup_Conversation_2_NPCEnd_1	该死的！只要她还在旁边，我们不能把其余的关进笼子里。
QuestLoc_UndercoverOperations_Conversation_2_Team_3	你应该尝试“肉”而不是“人肉”。
Speech_Quest_Generic_Dweller_67	我觉得他们该把女佣辞了。
QuestLoc_FollowingHisFirstSteps_Conversation_1_NPCEnd_2	他往汽车厂的方向去了，那群掠夺者就住在那里。
Encounter_Random_Message6	那里可能有东西。
Speech_Conversation_NPC2_Topic22_Response1	哦，天哪！太感谢你了！你做的一切也让我很感激。
QuestLoc_S2_QL3_Q4_Warehouse_Question4_Choice1	篡改机器人会导致杀人事件。你知道这个吗？
Encounter_Random_Message46	这条小路看起来不错。
Help_Page24_Title	生存模式
Room_UltraciteWeaponFactory_Desc	在此分配居民制造辐射极琉矿武器
QuestLoc_ESterEggHunt_Conversation_1_Team_1	还有什么值得我们注意的吗？大的，能发出辐射的……？
Encounter_Random_Message105	我的哔哔小子在这外面可真是帮了大忙。
KeyboardMapping_MoveCameraDown2	下
QuestLoc_DeathclawDeeLite_2_Question1_Answer3	哦，是啊，你们看起来挺强的！去给他们点颜色看看！
QuestLoc_ScienceCooperative_Conversation_2B_NPCStart_4	怎么可能呢？
QuestLoc_Ghooooooooooooooooooul_Conversation_1_NPCEnd_1	当然了！这个，也拿上吧！
NewVegasA_Description	避难所科技已将诺瓦克认定为推进我们在莫哈维地区利益的战略要地。招募忠诚盟友，将诺瓦克收入麾下，并在新维加斯璀璨霓虹的映照下将其打造成一座闪耀的灯塔！我们押注你，监督者！
QuestLoc_SantasHelpers_QuestObjective_2	和居民们交谈。
Speech_Quest_Generic_Dweller_Conversation_1_Response_1	我也是，我也是……
QuestLoc_ANiceGhoulLikeYou_Conversation_1_Team_4	不知道，也不关心。
MrHandyDialog_PowerGenerator_01	啊，我最喜欢的房间。
QuestLoc_GhostlyGag_QuestLongDescription	掠夺者们是很迷信的。让我们来吓吓他们。
Button_DoNotShowAgain	不再显示
Help_Page20_MainText_3DTouch	您可以通过拖拽来将居民分配在房间里。或者通过3D Touch先重按居民后重按房间来实现。

当将居民分配到一个房间时，SPECIAL属性的字母会出现在头上，后面跟着一个数字。

头上的字母对应着相应房间的属性。

如果数字前有加号或者减号，意味着拖拽居民后，房间里原有的一位居民将被替换。该居民对房间的影响将随所标数字提高或降低。

房间里被替换居民将从事被拖拽居民之前的工作。

如果数字前没有加号或者减号，则意味着房间里还可以容纳更多的居民，无需替换。
QuestLoc_GameShowGauntletK_Conversation_2_NPCStart_1	我们现在进入第二回合。
QuestLoc_TheScenicRoute_Conversation_1_Team_1	你应该去避难所。那里更安全。
QuestLoc_TimetoWakeUp_QuestShortDescription	关掉世界上最吵的闹钟那没完没了的滴滴声。
MrHandyDialog_Generic_10	活着是为了服务，服务是为了活着……
Stats_Special_Trained	SPECIAL属性训练
QuestLoc_TheEndoftheRainbow_Conversation_2_NPCStart_2	你们以为到我这来就可以抢走我的东西？
QuestLoc_SpyonRaiders_Conversation_2C_Team_3	你能再说一遍吗？我们必须把它记下来因为我们在监视你。
Speech_Quest_Generic_Dweller_66	哇，有时候感觉就是一个房间接着一个房间，永无止境……
QuestLoc_AlienBotQuest06_Conversation_2_ED_3	真高兴能见到除了狂尸鬼之外的家伙。
QuestLoc_CheesePlease_Conversation_1_Team_1	我们只是来清理这些机器上的灰色粘液。
QuestLoc_FriendlySettlement_Conversation_2D_NPCStart_3	很高兴能从我们曾经的储备里找一点有用的东西回赠给你们。
QuestLoc_GameShowGauntletA_Conversation_3_Team_4	动物园管理员协会？
QuestLoc_Tonics_Answer01_PC01	有人受伤了，在后面的垃圾镇。我们需要很多药。
QuestLoc_TheCatBurglar_Conversation_1_Team_1	你觉得膝盖中一箭然后失去一条腿怎么样？
QuestLoc_OneGhoulCustomer_Conversation_1_Team_3	也许我该拿着那些可乐，这样你就安全了。
Radscorpion_Name_Plural	辐射蝎
QuestLoc_SpringingtheTrap_Conversation_2_Team_1	运气不好。提醒我，我们为什么要找这些装备？
Speech_Conversation_NPC2_Topic23_Response1	可不是嘛！
QuestLoc_Headhunting_Question1_Choice2	你们手里有人质，我们有赎金。
SnipSnipDialog_Wasteland_93	哦，真有趣。一块潦草写就的标牌。“进来就死！”表意够明确了。
Pet_Rollerbrain	移动大脑
Speech_Conversation_NPC2_Topic26_Response3	环境控制器可能又坏了。我一点儿都不奇怪。
QuestTitle_MercerSafehouse[PL]	莫瑟的藏身处 [PL]
Encounter_Random_Message68	真的有人住在这种地方吗？呃。
QuestLoc_GameShowGauntletE_Conversation_4_NPCStart_2	哪个是“特佩尼”老头阿利斯泰尔想要拔除的眼中钉？
QuestLoc_WastelandTheMusical_Conversation_8_NPCStart_1	♪ 我怎么会错得这么离谱？♪ 我真以为自己属于 ♪
♪ 这片伟大广阔的废土！♪
Encounter_Victory_Location7	奴隶们看我没有恶意。我们聊了一会儿，他们就继续上路了。
QuestLoc_GameShowGauntletH_Conversation_4_NPCEnd_2	哈！联邦里根本就没有林恩堡。“掉脑袋”吧！
QuestLoc_RaidingParty_Conversation_3_NPCEnd_2	哈，你说得对！这绝不会适得其反！好主意！
QuestLoc_GameShowGauntletJ_Conversation_3_Team_2	山沙漠岛海军设施。
Weapon_Description_BOSAssaultRifle_ArmorPiercing	对这个子弹喷射猛兽来说，哪里都是弱点！
Emergency_Scorched	辐尸人来袭！
Encounter_Random_Message49	别的先不说，这好歹算是不错的锻炼。
Message_Tutorial_49	您的{库存已满}。多出的{物品}将会保留，但无法使用，直到有足够的空间。
Weapon_Name_SawedOffShotgun_Enhanced	增强型短管霰弹枪
Speech_Quest_Generic_Dweller_51	只需要记住，我马上就能回到避难所温暖的家了……
QuestLoc_SpyonRaiders_Conversation_3C_NPCEnd_3	我想我们总会有点多余的物资。拿上然后去吧！
Encounter_Victory_Location15	我憋着气撑到找到一间物资室，水面上还漂着几样东西。
Message_StorageFull_Crafting	当库存已满时无法收集打造好的物品。
SnipSnipDialog_Wasteland_54	探索很有趣，也很恐怖，但也无聊透顶了。
QuestLoc_TheCatBurglar_Conversation_1_NPCStart_2	这个地方是指定的无人区。
QuestLoc_EvictionNotice_Soliloquy2	这些大汗帮真粗心，把这么多好东西随便乱放！
SnipSnipDialog_Generic_47	你们人类效率太低了。我的建议是：逐步用机器人取代人类。
MrHandyDialog_Wasteland_29	像个乡巴佬一样在废土上捡破烂？我可不是干这个的料。
QuestLoc_Filly_QuestLongDescription	你偶然来到了一个名为菲利的破败聚落，这个地方原本欢迎其他废土居民。不幸的是，这里似乎被一伙掠夺者占领了，他们有不同的想法……
Message_TutorialPopup_05_Title	废土
QuestLoc_TheMysteryofVault666_Conversation_1_Team_2	隐藏的避难所……你个小恶魔……
QuestLoc_RevengeoftheGeeks_Conversation_3_Team_2	17
QuestLoc_ThymeisMoney_Conversation_2_NPCEnd_2	哇。脑子=炸了。
QuestLoc_WhatsonSecond_QuestLongDescription	13次搜索，13次失败。太不幸了！第十四次尝试，我们会前往701号避难所废墟。
Special_Luck	运气
Speech_Quest_Generic_Dweller_Conversation_32	任务执行得有点累了……
Speech_Conversation_NPC2_Topic20_Response3	什么？不！这当然不是真的！说真的，听到的话可不能全信……
Crafting_Start_Confirmation	打造{0}？
Message_ReedemStarterPackAlreadyPurchased	每所避难所只能认领一个新手包。请稍后在另一个避难所尝试。
QuestLoc_Blackout_Conversation_1_NPCStart_3	但是你们抛弃了我！虽然说我并不在乎……
QuestLoc_Broadsides_Conversation_1_NPCStart_1	感谢你们帮我们解决了虫灾问题！
QuestLoc_OurCupsRunnethOverWITHFAILURE_QuestShortDescription	访问315号避难所收集关于神奇水的信息。
QuestLoc_RockThemLikeAHurricane_QuestLongDescription	让我们来看看你想怎么对付一窝辐射蝎。但这次，你的小队里只能有两个人。
RoomType_Production	生产
QuestLoc_RobotHood_Conversation_1_NPCEnd_3	所以呢？我用我作为人类的特权来帮助我快乐的机械朋友。
LunchBox_Card4_Title	卡牌4几率：
Stats_Decorations_Collected	收集装饰品
Pet_Akita	秋田犬
Outfit_Name_SequinDress	避难所名流装
Title_Notifications	通知
SnipSnipDialog_Wasteland_6	我的内部指南针显示我现在正朝北。看来我该朝这个方向飘……
QuestLoc_GhoulSupplies_Question2_Choice1	瓶盖多得用不完。
QuestLoc_DivideandConquer_Conversation_3_NPCEnd_3	我不能添加任何东西，你赢得光明正大。
Speech_Generic_Dweller16	那个笑话是怎么说的来着？一个男人和一只兔子走进酒吧……
QuestLoc_TheRiteofSpraying_RaiderLine_2	好消息，我们带来了额外的消辐宁……
SnipSnipDialog_Wasteland_68	小孩的木制积木，来自战前。我好奇那个小孩……哦。
Message_Tutorial_ScorchedTimerIntroduction	{辐尸人突袭}每隔几天发生一次。左上角的{时间}显示距离下一场{突袭}的倒计时。
Pet_Description_australianshepherd_l	会因为没有锻炼而觉得不安。不安意味着它会吃掉你的鞋子。
QuestLoc_DrivingtheSnakesOut_Conversation_3_NPCStart_4	你们觉得怎么样？
Encounter_Random_Message211	仍在四处转悠……
Weapon_Description_032Pistol	威力足以杀死攻击者。勉强。
QuestLoc_JustDeserts_Conversation_5_NPCStart_2	哈，我开玩笑的。你们真该看看自己脸上的表情。
Pet_Persian	波斯猫
Speech_Quest_Alone_Dweller_18	什么“孤狼”做派，八成是个天大的馊主意。
QuestLoc_BeatReporting_Conversation_1_NPCStart_4	我是报纸的编辑。需要帮忙吗？
QuestLoc_Sabotage_Conversation_2_NPCEnd_3	他确实给了我们这些东西，只是过期了一个月。
SnipSnipDialog_WaterPurification_01	说真的，反正要喝水，不如喝点能“消化”的水。
QuestLoc_PestControl_QuestShortDescription	在红火箭服务站有一窝恶心的辐射蟑螂。
QuestLoc_DeathclawDeeLite_3_Question1_2	因为向往和平生活，我在这里自愿成为囚犯，为我同族的罪愆受罚。
QuestLoc_TheBigsbyBrownCase_Conversation_2_NPCStart_2	如果你们需要我做任何事，只要开口就行！
QuestLoc_BeanballtotheFace_Conversation_1_NPCStart_4	来232号避难所找我吧。”
RoomStatus_Full	满
QuestLoc_TheInfiltrationGame_Conversation_1_NPCStart_1	嘿，你！
QuestLoc_ScareTactics_Conversation_1_NPCEnd_2	等等，什么？根本就不是鬼……给我拿下他们！
Weapon_Name_HuntingRifle_ArmorPiercing	穿甲型猎枪
SnipSnipDialog_Wasteland_95	这是什么？啊，原来我正在雷区上啊。我再也不会羡慕别的生物有腿了。
QuestLoc_TheDoorBuster_QuestName	破门神器
Tutorial_Tip_03	房间要靠电力运行。居民要靠食物和水生存。
Message_Tutorial_40	居民需要{食物}来保证他们的{生命值}。再次点击来{确认}。
MrHandyDialog_Wasteland_23	作为一个无情的金属机器人，我突然感到……害怕！
Weapon_Name_Pistol_Rusty	生锈的10mm手枪
QuestLoc_SpyonRaiders_Conversation_3B_NPCEnd_4	这是玩的哪一出？！
Outfit_Name_LucasSpecial	警长防尘服
QuestLoc_NoStoneUnturned_QuestShortDescription	前往海神能源办公室，找到“麦克森硬汉小队”的其余成员。
QuestLoc_HopontheRoachCoach_QuestLongDescription	废弃的大无敌超市有时候保存着有用的东西。它们通常也是危险生物的老巢。要当心！
Weapon_Name_Railgun_Railmaster	“轨道大师”射钉步枪
Encounter_Random_Message185	喂——？喂~~~~？算了。估计就我一个人。
SnipSnipDialog_Medbay_01	想象一下，居然需要“治疗针”来做自我维护。哦，人类，你们真是笑死我了。
QuestLoc_TheAbyss_Conversation_2_Team_2	你为什么待在这儿？
QuestLoc_GameShowGauntletF_QuestShortDescription	为胜利而战！
QuestLoc_MyMetalPony_Conversation_1_NPCStart_4	哦，不，你不能拿走这个！
QuestLoc_GoingToTown_2_Question3_Answer1	我不知道他们在哪里，我们是在西区一个拼凑的实验室里做血清的。再见！
Outfit_Description_SleekSuit	这套西装如此时尚，甚至能让你相信未来就在眼前。
Speech_Conversation_NPC1_Topic43	最近怎么样？
QuestLoc_Test_01_QuestName	测试
QuestLoc_WorkingOvertime_Conversation_1_NPCEnd_1	世事难料不是么？我本来以为我会被一枪击毙，结果现在要被活生生吃掉了。
QuestLoc_Dog_Conversation01_NPC02	什么？你在找什么？快滚，不然有你好受的！
Weapon_Description_Magnum_Enhanced	只要换上更好的瞄准镜……
Outfit_Description_KnightSpecial	在废土上，有些保护形式永远不会过时的。
QuestLoc_SpringForwardFallBack_Conversation_1_Team_1	滚开，你们这些怪胎！
QuestLoc_ScareTactics_Conversation_1_NPCStart_1	什么玩意？！这个地方难道真的闹鬼？
Room_HydroponicFarm_Desc	将居民分配在这里生产食物
QuestLoc_WastelandTheMusical_Conversation_4_NPCStart_2	♪ 原子的爱，你无法阻止 ♪
♪ 所以别哀叹，快忏悔！♪
QuestLoc_TheDeBuggers_Conversation_2_NPCStart_2	这是我们发明来衡量我们进步的一个词。
QuestLoc_HalfFullHalfEmpty_Conversation_1_NPCStart_4	我们的女教师菲尔德斯通喝了一些，然后看到一只巨大的核子可乐瓶追着她跑。
QuestLoc_Broadsides_QuestName	舷侧
QuestLoc_Ghooooooooooooooooooul_Conversation_1_NPCStart_3	我曾为他们打四分卫！就在战前……
Pet_Description_rottweiler_b	虽然有时又大又讨厌，但善于奉献又听话。会是一辈子的朋友。
Message_NoSpaceForRoom	没有建造房间的空间
QuestLoc_S2_QL2_Q1_Doc_QuestLongDesc	据说51区里满是对我们避难所有价值的技术。那里肯定戒备森严：最好先备齐医疗物资。
Room_DesignFactory_2	主题车间
QuestLoc_GameShowGauntletF_Conversation_4_Team_3	苍鹭。
Speech_Room_DeadDweller_Endurance	有人缺乏耐力，对吗？
QuestLoc_PartyCrasher_Conversation_1_NPCStart_1	这个派对不欢迎书呆子！只有收到邀请的人才能参加！
Junk_Desc_Yarn	让猫科动物们开心，就能做出酷炫的装备。
Encounter_Random_Message51	那是什么声音？
Objective_MysteriousStranger_Plural	找到{0}次神秘陌生人
QuestLoc_DeathclawDeeLite_3_Question2_Choice1	<仔细喷洒蛋>
QuestLoc_TheBigsbyBrownCase_Conversation_2_NPCStart_1	我的老天爷，我还以为我完蛋了！你们真是我的救命恩人！
QuestLoc_Tonics_QuestLongDescription	菲利镇的居民急需药品。有传言说附近有一位旅行药物商人。你应该很容易就能找到他。
QuestLoc_UndercoverOperations_Conversation_1_NPCStart_1	终于！你来得很及时，士兵们。
Encounter_Random_Message61	地上那干的东西……是血？
Message_TutorialPopup_26_Body	主题的介绍

- 在任务中找到主题配方的碎片。

- 建造新主题工坊来打造主题。

- 将主题应用在最大化合并及升级后的餐厅和宿舍上。
Outfit_Description_EngineerSpecial	保护你免受巨锤危害。不仅限于工作场所。
QuestLoc_Test_Conversation01_Answer02PC	不好。
QuestLoc_DeathRevealed_Conversation_3_NPCEnd_4	不，一点都不。我正要说……呃……哦，无所谓了。我们是“死亡”的警钟！
Message_Tutorial_59	{选择}存储槽来为将要去执行{任务}的{居民}做好准备。
Speech_Quest_Generic_Dweller_Conversation_11	给我汇报一下进度。
Encounet_Progression_Creature38	恶犬逼近，准备攻击。
QuestLoc_DeathandDenial_Conversation_7_NPCEnd_3	我想这一切都说明了问题。这里，皮博迪先生想让你拿到这个。
QuestLoc_Filly_Conversation03_NPC04	这是你的报酬，干得不错！
Wasteland_Use_Radaway	用了一支消辐宁。这应该有助于缓解我的辐射伤害。
Bonus_SurvivalGuide_ObjectiveMultiplier	目标完成
QuestLoc_AlienBotQuest03_Conversation_1_PC1_2	毕竟是末世废土，也很正常。
Pet_Description_british_b	什么都知道，什么都在看。问爱丽丝就知道了。
QuestLoc_GhoulSupplies_Question1_Choice1	我们在找销售员。
Encounter_Defeat_Creature27	打败这只巨兽根本没门儿！逃跑是我唯一的选择！
Weapon_Name_ArmorPiercingT60Pistol	穿甲T60手枪
QuestLoc_S2_QL3_Q2_Handy_QuestObjective1	查明保安机器人袭击事件的原因。
QuestLoc_HoneymoonHorror_Conversation_1_NPCEnd_2	太好了！我们脱险了！干得漂亮！
Outfit_Name_PrinceSpecial	贵族服
NukaQuantum_Shop_RedeemTitle2	一小箱量子核子可乐
Encounter_Progression_JustStartedTier1_1	说走就走。
Speech_Quest_Generic_Dweller_43	谢天谢地，好歹还有个避难所可以回。
QuestLoc_AimfortheHead_QuestLongDescription	是时候去对付更聪明的目标了：狂尸鬼！说到聪明——你还得穿着实验服去干！
Pet_BritishShorthair	英国短毛猫
QuestLoc_ExtremePrejudice_Conversation_1_Team_2	嗯，我确实上过间谍季刊的封面。
Encounter_Progression_JustStartedTier2_20	这外面总该有点什么吧。
Weapon_Name_LaserRifle_Focused	聚焦型激光步枪
QuestLoc_ChristmasattheRaiderCamp_Conversation_1_Team_2	圣诞老人送来了……死亡之礼！尝尝我的子弹吧！
QuestLoc_PetPeeve_QuestObjective_1	搜索罗伯科大楼，寻找有关瓶瓶和盖盖的线索。
Pet_Description_militarymacaw_l	忠诚但总是觉得饿。想要一块饼干，但关键时候糖衣炸弹麦片也行。
Encounter_Message_Creature2	一只丑陋的小鼹鼠。
QuestLoc_GameShowGauntletG_Conversation_1_Team_4	机械师麦克。
Stats_PetBreeds_Toyger	虎皮猫
QuestLoc_AlienBotQuest01_Conversation_1_PC1_1	大无敌超市！这里应有尽有！
SeasonPass_PremiumReward	高级奖励
Speech_Quest_Generic_Dweller_Conversation_24_Response_2	监督者？你吗？哈哈哈哈哈哈哈。
MrHandyDialog_Generic_28	真希望今天不用换尿布。那些小家伙总是……扭来扭去。
QuestLoc_GoingToTown_3_QuestObjective2	查明奴隶贩子的位置。
QuestLoc_DogGone_Conversation_2_NPCEnd_2	该死。我真的很想吃东西！
Speech_Quest_Alone_Dweller_14	好孤单。但愿我还没开始自言自语。哦……这下可好。
QuestLoc_IntotheInfield_Conversation_1_NPCStart_3	呃，它是我的，而你们永远不可能找到它！——蔻驰”
QuestLoc_TheQuestforVault525_QuestShortDescription	我们正在前往525号避难所，但先得补充物资。
Encounter_Random_Message29	除了硬着头皮往前走，已经无处可去了。
Outfit_Description_NinjaSuit	你是沉默。你是影子。你是……忍者！
QuestLoc_KnockEmDown_Conversation_1_NPCStart_3	本来是为那些最不守时的避难所科技的员工准备的。
QuestLoc_OperationSandman_Conversation_4_NPCEnd_2	透明协议。第51条第f项。
Speech_Generic_Dweller32	那是什么味儿？是……呕，管道肯定又堵了。
SnipSnipDialog_Wasteland_22	路上有个拦路石，我可以直接从上面飘过去……
Help_Page12_BottomText	提示：合并广播室将会增加吸引外来居民的概率。
QuestLoc_BountyYak_QuestName	悬赏：“牦牛”
Nuka_Caps	瓶盖
Weapon_Description_GaussRifle_Enhanced	有人加强了磁场。你知道那意味着什么……
QuestLoc_AWinningSeason_QuestLongDescription	据说一只凶猛的领头死爪占领了一幢旧的办公楼。也许它杀了蔻驰！它还真的做得出来！
Title_Level_Letter	等级
QuestLoc_TheAbyss_Conversation_2_Team_1	那这是底部呢？
QuestLoc_ReleasetheRaiders_Conversation_3_NPCStart_4	“瘟疫”必死！即使撕烂废土也在所不惜！
Shared_ButtonText	分享照片！
Encounter_Defeat_Creature26	超级变种人霸王真凶悍！我必须得逃！
QuestLoc_APaleImitation_Conversation_2_NPCEnd_3	哈，真的吗？也许你应该和监督者谈谈。
QuestLoc_DogsofWar_RaiderLine_1	制造战争，而不是爱！
Rarity_Common_Title	普通
SnipSnipDialog_Wasteland_14	那是？没错，那是个破败的通用原子工厂。看来他们造完我之后就把模具给砸了。这可是字面意思。
Message_Tutorial_11_Xbox	现在，{居民}正在工作，房间将开始{生产资源}。{按住}来放大仔细察看。
Title_VaultRating	避难所评级
Weapon_Description_GaussRifle_Rusty	时间磨灭了它的光泽，但没有降低它的威力。
Message_PurchaseConnectionError	无法连接到商店，请检查您的网络连接然后再试。
MrHandyDialog_Wasteland_80	那就向南走吧。
QuestLoc_GameShowGauntletB_QuestLongDescription	你被邀请参与“掉脑袋”的游戏！请回答问题，不然就……
Outfit_Description_SwingDress	像真正的吉特巴舞者一样燃爆舞池。
QuestLoc_FonsVivus_Conversation_1_NPCStart_3	我们甚至在门铰链上洒了一些，讨厌的吱吱声居然消失了！
QuestLoc_TheToweringIlForno_Conversation_1_NPCEnd_1	来，让我告诉你。
QuestLoc_InHotPursuit_QuestName	火热追击
QuestLoc_TheBansheesKeen_Conversation_3_NPCStart_1	所以你就是那些破坏我们小实验的人……
QuestLoc_VaultTecExperimentReviewE_Conversation_1_NPCEnd_2	你们赢了！
QuestLoc_Headshots_Conversation_1_Team_1	如果你们真的这么厉害，那为什么你们的避难所频发虫灾呢？
Speech_Quest_Generic_Dweller_Conversation_24	嘿，你觉得我是当监督者的料吗？
SeasonPass_Tab_SeasonInfo	赛季信息
Speech_HealthA1	呃。感觉不太舒服……
Weapon_Description_LaserRifle_Amplified	要是没能把目标分解，那说明你是故意射偏的。
SnipSnipDialog_Wasteland_18	一个瘪了的篮球，扔在路上。一定有什么象征意义……
QuestLoc_RoboRampage_Conversation01_NPC05	意外地合理。离开这个地方，再也不要回来。
QuestLoc_SignalFailure_Conversation_3_NPCStart_1	这里好像就是信号源。那里还有一张字条。
Objective_BuildUltraciteMine	建造1座辐射极琉矿矿场
QuestLoc_ESterisComing_RaiderLine_2	是我的问题，还是说谈论他们失踪的兄弟让他们不安？
Encounter_Random_Message93	嗷！腿抽筋！
QuestLoc_ARefreshingRescue_Conversation_2_NPCStart_1	天，幸好你出现了！那些掠夺者真吓人。
Speech_Conversation_NPC2_Topic54_Response3	避难所。
QuestLoc_GameShowGauntletG_Conversation_2_Team_3	昆廷。
QuestLoc_GameShowGauntletK_Conversation_4_Team_1	核子新鲜。
QuestLoc_TheMysteryofVault31_QuestlineName	31号避难所之谜
QuestLoc_JustDeserts_Conversation_5_NPCStart_4	任你挑选。
QuestLoc_S2_QL2_Q3_Req_Question7_Choice3	给我手里塞把武器，肩上配副甲，我们立马走人。
QuestLoc_HumansLikeUs_QuestObjective_1	和神秘的监督者谈谈。
Speech_Quest_Generic_Dweller_Conversation_13	你觉得监督者会感激我们做的一切吗？
QuestLoc_FamilyMatters_QuestObjective_1	探索小屋。
Speech_LivingQuarter_PickupLines_57	我并不介意来一个不错的吻。
Speech_Eviction_16	但我还是能来拜访，对吗？对吗？
QuestLoc_FriendlySettlement_Conversation_2B_Team_4	打造用的东西。你们全部的杂物。
Speech_Conversation_NPC2_Topic1_Response1	嗯。也许吧。除非让我发牌。
Encounter_Victory_NPC9	我成功地把迷路的农民送到了定居点。他现在安全了。
VictorDialog_RadioStation_01	敬请收听下一集《维克的复古时光》，时间就在……五秒之后。
QuestLoc_EvictionNotice_Question3_Answer2	诺瓦克从来没有这么强大自由过。来，我让你亲身体验一下何谓自由！
QuestLoc_FactoryFloorofFear_Conversation_1_Team_3	你们知道为什么这里是禁区吗？
QuestLoc_TheBigsbyBrownCase_Conversation_1_Team_1	让我来教训下它们。
Social_Button_Login	连接
BarberShop_Interface_Title	个性化
Speech_Happiness_Parent12	有一天，我那了不起的孩子将是一个了不起的工人！
Weapon_Description_MissileLauncher_Hardened	用更快的速度，产生更大的爆发力。这家伙能帮你。
Encounter_Message_NPC10	一个出故障的巧手先生。
QuestLoc_GivemeLibertyandorDeath_Conversation_1_NPCEnd_3	144号避难所的监督者指导手册。它的指导是神圣不可侵犯的！
QuestLoc_TheAbyss_Conversation_1_Team_3	离你哥哥的地方还有多远？
QuestLoc_DartofHarkness_Conversation_2_NPCStart_3	他们可能是被那些想摧毁你们避难所的人雇来的。
QuestLoc_DivideandConquer_Conversation_2_NPCEnd_1	错了，这两个被认为是同等价值的！杀了他们！
QuestLoc_KidnappingatVault778_Conversation_1_NPCStart_1	快看是避难所居民。来这里是为了救你们的朋友吗？
QuestLoc_KHAAANNNNN_QuestShortDescription	杰克被可汗·基利安的掠夺者帮派偷走了，我们要把他找回来。
Room_Upgrade_Not_Enough_Dwellers_RareWeapons	将房间升到2级可以打造稀有武器。
QuestLoc_KnockEmDown_Conversation_2_NPCStart_1	你是想谢谢我给你收回装甲的机会吗？
QuestLoc_TakeMeOuttotheBallGame_Conversation_1_NPCEnd_1	一记安打！其实是很多安打。
Message_Tutorial_45_PC	{点击}{建造区域}来确认地点。
VictorDialog_Generic_20	要刷厕所？要消灭入侵者？包在我身上！呃，打个比方说。
Crafting_Cancel_Confirmation	您所使用的杂物将全部返还，但花费的瓶盖只有部分返还。您确定这么做吗？
Speech_LivingQuarter_Dialogue_NPC2_13	也许可以水培一些栀子花。
SnipSnipDialog_Wasteland_8	我的内部指南针显示我现在正朝西。看来我就顺着这个方向飘下去了……
Speech_SnipSnip_Bark8	我随时为你效劳。
QuestLoc_S2_QL3_Q4_Warehouse_Question1_Answer2	你挺幽默的，是吧？要不滚去让机器人把你砸了？
Message_Tutorial_27	房间需要{电力}才能运行。再次点击来{确认}。
Room_ClassRoom_Desc	将居民分配在这里训练智力
VictorDialog_Wasteland_34	这外头空针管还真多。
QuestLoc_PestControl_QuestObjective_1	治理辐射蟑螂灾害。
QuestLoc_FriendlySettlement_Conversation_1D_Team_3	你们应该感到幸运，我们来这里不是为了杀你们的。
QuestLoc_HeatoftheKnight_Conversation_1_Team_1	你们休息吧。我去救你们的小队首领。
Encounet_Progression_Creature36	泥沼蟹猎杀者逼近，准备攻击。
QuestLoc_TheQuestforVault525_QuestLongDescription	我们需要找到525号避难所，但我们的物资告急。得去大无敌超市搜索一切能用的东西，然后继续上路。
Speech_Eviction_8	再见了，傻瓜们！
QuestLoc_SpringForwardFallBack_QuestObjective_1	和神父阿尔瓦拉多交谈。
QuestLoc_SetEmUpFamine_QuestObjective_2	与德鲁西拉交谈。
Message_Tutorial_38	让我们来建造第二个{房间}。
Speech_Quest_Generic_Dweller_Conversation_25_Response_3	不要被喋喋不休的同伴所干扰而分心？
Weapon_Name_EnhancedT60Pistol	强化的T60手枪
QuestLoc_AMaptotheStars_QuestShortDescription	和404号避难所的监督者讨论关于新号角报的事。
Speech_Room_LoveJob_Cafeteria	做饭就是我毕生的梦想！
Encounter_Victory_Location17	我发现有泥沼蟹躲在下面，于是掉头回去，把啤酒厂又搜了一遍。
Speech_Conversation_NPC2_Topic2_Response3	我觉得应该是鲨鱼。有腿的那种。
Tutorial_Tip_55	想让避难所里住满尸鬼？去升级过的美发店看看吧！
QuestLoc_TheRiteofSpraying_QuestObjective_1	与居民交谈。
Speech_Generic_Dweller37	你能给双头牛挤奶吗？那岂不是说……有冰淇淋可以吃了！
QuestLoc_ChooChoo_QuestObjective_1	杀死掠夺者首领。
Weapon_Name_GaussRifle	高斯步枪
Message_Tutorial_36	{摧毁}挡住电梯的岩石，才能进入下一层。
QuestLoc_TheDeBuggers_Conversation_1_Team_3	我可以试试你的游戏吗？
QuestLoc_RubarbsReckoning_Conversation_1_Team_1	你还真是说对了！
QuestLoc_OperationSandman_Conversation_3_NPCStart_3	或第12条，第j项？
QuestLoc_GameShowGauntletGlobal_Conversation_1_NPCStart_2	请正确回答问题来赢取瓶盖。
QuestLoc_TheInfiltrationGame_Conversation_2_Team_3	我需要一些钱买这台茶叶机。
QuestLoc_GameofVaults_QuestName	避难所的游戏
Objective_ExtinguishFire_Plural	成功扑灭{0}次避难所火灾
QuestLoc_TheCaseoftheMissingMitt_Conversation_2_Team_2	克拉伦斯想让我给你点颜色看看。你能告诉我一个不这么做的理由吗？
QuestLoc_TheInfiltrationGame_Conversation_1_NPCEnd_2	是吗？哦，那算了。当我没说。
QuestLoc_TheTailContinues_Conversation_1_NPCStart_4	我们在遭到伏击时走散了。
Speech_Quest_Loot_Dweller_15	还算凑合。
MrHandyDialog_Wasteland_86	探索真是累人的活儿，如果我有毛孔，现在一定像桑拿房里的胖子一样汗如雨下。
Weapon_Name_GatlingLaser	加特林激光枪
QuestLoc_GobbleGobbler_Conversation_1_NPCEnd_3	也许这个能帮助你们？
Weapon_Name_SawedOffShotgun	短管霰弹枪
Encounter_Message_Creature27	一个硕大的巨兽。
QuestLoc_DivideandConquer_Conversation_1_NPCStart_2	为了继续下去，你必须先证明你们的数学技能。
Speech_Room_LoveJob_Storage	论囤杂物，没人比得过我！
QuestLoc_TheNightWatch_Conversation_1_Team_1	还有其他人见过吗？
Speech_Eviction_20	自由！美好又可怕的自由！
QuestLoc_QueenoftheDeathclaws_QuestObjective_1	杀死死爪女王。
QuestLoc_NoRestfortheWicked_Conversation_2_NPCEnd_2	哦！真的吗？所以我们能，就是，像朋友一样？我当然愿意！
QuestLoc_Ghooooooooooooooooooul_QuestShortDescription	探索93号避难所废墟。
QuestLoc_SantasHelpers_Conversation_2_NPCStart_2	告诉圣诞老人我们真的需要一些新的避难所套装！
QuestLoc_VaultopolisAwaits_Conversation_1_NPCStart_2	很多人在寻找我们，但很少有人找到。因为我们是……桃花源。
VictorDialog_Wasteland_35	前面看起来有个卡扎多巢穴。它们对机器人这一类的家伙可没什么兴趣。
QuestLoc_TheCaseoftheLostLunch_Conversation_1_Team_1	你先和我说实话我再考虑要不要帮你。你们到底有没有偷东西？
QuestLoc_OfftheRails_Conversation_1_NPCStart_3	我们想把其他的合成人也转移到安全的地方，结果被他们抓住了。
Quest_Dialog_1_1	我们有什么呢？避难所居民？
QuestLoc_GroomforDoubt_QuestName	新郎的疑惑
QuestLoc_SantasHelpers_Conversation_1_NPCStart_1	等等，你不是圣诞老人！
MrHandy_ContentOdds	巧手先生 (92%)
咔嚓 (8%)
Message_Tutorial_02	首先让我们{建造}一个{房间}。点击{锤子图标}打开{建造菜单}。
QuestLoc_Headhunting_Question2_Answer2	哦，嗯，好吧。这是说我可以不用再讲睡前故事了？
KeyboardMapping_RenameSelectedActor	重命名
QuestLoc_DearthOfClaws_Conversation01_NPC04	不！我的孩子们！
Objective_Outfits	给一个居民穿上装备
Help_Page09_Title	房间等级和合并
QuestLoc_DuoofDestructionGlowingRadroaches_QuestShortDescription	消灭核子武器公寓里的发光辐射蟑螂！
QuestLoc_GameShowGauntletE_QuestLongDescription	你被邀请参与“掉脑袋”的游戏！请回答问题，不然就……
QuestLoc_TheBansheesKeen_Conversation_1_NPCEnd_2	真是感激不尽。拿着，这可能会有所帮助。
QuestLoc_WaroftheNerds_Conversation_2_Team_2	科技巴氏合金不是真的。
QuestLoc_Sabotage_Conversation_1_Team_2	那是……其实是改善，给我们增加了寿命。
Bonus_SurvivalGuide_FasterCrafting	打造时间
Weapon_Name_MissileLauncher	飞弹发射器
QuestLoc_DogGone_Conversation_2_NPCStart_2	交出你们的枪，瓶盖和吃的！
QuestLoc_VaultTecExperimentReviewE_Conversation_3_NPCEnd_1	暴击！
QuestLoc_TheEndoftheRainbow_Conversation_2_Team_3	把你的宝藏交给我们，一切都会好起来的。
QuestLoc_FactoryFloorofFear_Conversation_1_NPCEnd_3	没，但我要和你了结之后再说！
Baby_Triplets	三胞胎
QuestLoc_ADeliciousTrailofDanger_QuestName	美味的危险踪迹！
QuestLoc_TheScenicRoute_QuestName	风景优美的小路
Outfit_Description_SynthArmor_Sturdy	学院认可的废土用装甲。
QuestLoc_OutoftheVaultIntotheShadows_RaiderLine_3	什么鬼……？你们从哪里来的？！
Outfit_Name_MetalArmor_Heavy	重型金属盔甲
QuestLoc_PostApocolypticWorldProblems_Conversation_1_NPCStart_2	我觉得自己好像在这些过道里来回走了上千遍了。
QuestLoc_TheSixthSun_Conversation_2_Team_2	如果我们必须要打败你，那我们会的。
Speech_RadiationA4	我觉得恶心。
Speech_Room_SomeoneUnhappy_Water2	要是能不被追究，我真想把他们淹死在水箱里……
Mr_Handy_Name	巧手先生
Shop_Banner_Lunchboxes_1	包含五张随机卡片。
Speech_Quest_Generic_Dweller_47	他们时不时打扫一下这里会死吗？
QuestLoc_GhostlyGag_Conversation_1_NPCStart_1	鬼！！它要来抓我了！！
SnipSnipDialog_Wasteland_61	我可以从这滩血上面飘过去……
Weapon_Name_PlasmaCaster	等离子发射器
Speech_Conversation_NPC1_Topic34	我需要一把螺丝刀。你有吗？
Title_Settings	设置
QuestLoc_DartofHarkness_Conversation_2_NPCEnd_3	我不是一个大人物，只是一个家伙在做他的工作。拿着，这是给你的。
QuestLoc_VaultTecExperimentReview_QuestObjective	和避难所居民交谈。
SaveFile_Title	保存文件冲突
QuestLoc_RevengeoftheGeeks_Conversation_1_NPCStart_2	我猜他们听说了这场突击测验。
QuestLoc_ChristmasattheRaiderCamp_QuestLongDescription	是的，即使是掠夺者也需要一点节日精神的！
QuestLoc_WithFriendsLikeThese_Conversation_1_NPCStart_4	就在我以为不可能有人比掠夺者还要疯狂的时候……
QuestLoc_TheSpiritofTaking_Conversation_2_NPCEnd_1	哦……好的！拿去吧！趁我改变主意之前赶紧离开这里。
QuestLoc_ScienceCooperative_Conversation_1C_Team_3	你们应该走了，这里不安全。
BrotherhoodOfFeels_ConversationAnswer_01_NPC01	祝你平安，陌生人。很高兴你能来。
QuestLoc_GoingToTown_3_Question1_Answer1	哦。好吧……进去吧。
Encounter_Progression_JustStartedTier2_11	开始后悔来这里。
QuestLoc_TheGreatTatoFamine_QuestlineName	红果大短缺
QuestLoc_Filly_02_Answer02_NPC01	我想我们可以谈谈。你把事儿办了，咱们再商量报酬。
Controls_Xbox_Vault_HappinessBonus	幸福度奖励
Encounter_Victory_Repeatable_JunkLocation5	我设法避开了所有陷阱，找到了一间物资充足的储藏室。
QuestLoc_FollowingHisFirstSteps_Conversation_1_NPCStart_1	哦，谢天谢地！终于有人找到了我们！
QuestLoc_GameShowGauntletG_Conversation_3_NPCEnd_2	呃……不对。但是你得到了……“掉脑袋”的机会！
QuestLoc_VaultTecExperimentReviewA_Conversation_3_NPCEnd_2	拿着，这是我们多余的装备。
Weapon_Description_Shotgun_Hardened	接近，杀死。如此简单。
Weapon_Description_GrognaksAxe	出自《野蛮人古古那》第23期“处女吞噬者的巢穴”。
Weapon_Description_InstitutePistol_Scoped	每一个伟大的策略都始于清晰的视野。
QuestLoc_ESterEggHunt_Conversation_2_NPCEnd_1	哦，是的，那个……请别介意。只是找一些蛋。
QuestLoc_DuoofDestructionGlowingOnex2_Conversation_1_NPCStart_1	天。隔着大半个废土都能看见那绿光。上帝保佑。
Speech_Conversation_NPC2_Topic51_Response2	还是老样子呗。汗味、机油、钢铁、发霉的面包，还有孤独。
QuestLoc_LittleRedRadiumHood_Conversation_1_NPCStart_3	她用饥饿的眼神看着我。
Speech_Eviction_13	我们不能再谈谈吗？
Outfit_Name_SpecialThemeHalloween2	骷髅服
Speech_Quest_Loot_Dweller_56	叮！发财啦！
Outfit_Description_PowerArmor_51d	战前制造的最先进的装甲之一。
QuestLoc_OurCupsRunnethOverWITHFAILURE_Conversation_1_NPCStart_4	不仅如此，小强尼喝了它之后一天之内就病死了！
Tutorial_Tip_01	成功地完成极速模式会给你常规奖励加上特殊奖金！
Shop_SeasonPass_NewVegasB_Blurb	解锁所有赛季奖励：
- 全新避难所外观[-][F7C531]主题[-]
- 全新居住区[-][F7C531]主题[-]
- [-][F7C531]新居民[-]及[-][F7C531]更多！[-]
QuestLoc_DeathandDenial_Conversation_2_NPCStart_3	他们在等着你在隔壁房间审问他们。
SaveFile_UseCloudSave	使用云存档
Placeholder_WeeklyQuest	每周任务 占位符
QuestLoc_TheRoadtoVaultopolis_QuestLongDescription	核电站里一个友好的尸鬼告诉我们宝拉·普朗布金还在继续寻找大都会。她去了813号避难所，我们赶紧跟上吧。
Bonus_SurvivalGuide_WastelandJunkBoost	废土杂物
QuestLoc_AlienBotQuest03_Conversation_4_PC1_3	外星人！？
Outfit_Description_UtilityJumpsuit_Heavy	通常是给监督者和他们的家人们准备的。
Encounter_Random_Message159	探险家日志。新条目：汽水瓶盖代替了钱。双手总是黏糊糊的。
Controls_Xbox_Footer_Special	改变SPECIAL排序
QuestLoc_TheSpiritofTaking_RaiderLine_3	哈，哈，哈，看看谁来了。
Speech_Generic_Dweller38	啊，我的背好痛。我们迫切需要一个避难所按摩师。
QuestLoc_PartyCrasher_Conversation_1_NPCEnd_3	我们等着瞧！
QuestLoc_SignalFailure_QuestName	信号失败
Room_Overseer_Upgrade_Level2	将居民送去一次执行两个任务
QuestLoc_VaultTecExperimentReviewD_Conversation_2_NPCEnd_2	加里！
Shop_SeasonPass_Premium_Blurb	包含赛季通行证全部权益，额外加送：
- 独家[-][F7C531]传奇居民[-]
- [-][F7C531]额外[-]宠物、服装和武器
- [-][F7C531]25枚徽章[-]立即提升赛季等级
QuestLoc_HerestoYouRackieJobinson_Conversation_2_NPCEnd_1	我们等着瞧！
QuestLoc_GameShowGauntletC_Conversation_1_NPCStart_4	莫伊拉想写的是什么书？
Tutorial_Tip_59	杂物不像武器和装备那样容易在废土上找到。确保您的居民适合这项工作。
QuestLoc_SpyonRaiders_Conversation_2A_Team_1	听上去是你自己想逃走。
Encounter_Intro_Location6	误打误撞发现了{0}
Shop_Banner_NukaQuantum_1	用量子核子可乐加速进程。
QuestLoc_BoogieWoogieBugleBoy_QuestLongDescription	到头来新波士顿号角报是某种骗局，而我们唯一的线索就是号角男孩。他现在被关在了大无敌超市里。去找到他然后询问点信息吧。
QuestLoc_TheDeBuggers_Conversation_1_Team_1	你的游戏是关于什么的？
QuestLoc_S2_QL3_Q3_Insider_Question4_Answer2	去沙士装瓶工厂的仓库。好的。现在关机……
QuestLoc_ANiceGhoulLikeYou_Conversation_1_NPCStart_2	我们手里有一些可以转让的……如果你能回答这个谜语！
Speech_Conversation_NPC1_Topic23	哇。真是见鬼的一天，对吧？
QuestLoc_TheLastGobble_QuestObjective_1	杀死高步勒！
QuestLoc_ThePathofPaulaPlumbkin_QuestLongDescription	你找到了宝拉·普朗布金的日志。这位监督者曾踏上旅途，寻找传说中的乌托邦“避难所之城”。沿着她的足迹前进吧！第一站——730号避难所。
Outfit_Name_JobinsonsJersey	罗基·杰宾森的棒球衫
QuestLoc_AMaptotheStars_Conversation_1_NPCEnd_2	不认识，我只是在餐厅工作的员工。也许120号避难所的监督者知道？
Encounet_Progression_Creature37	恶犬已经嗅出了我的味道！不是它死，就是我亡！
Message_TutorialPopup_18_Title	打造
QuestLoc_SavingDaylight_QuestObjective_1	停止神父阿尔瓦拉多的计划。
QuestLoc_GoWest_Conversation_1_NPCEnd_1	任何走近它的人都消失了。我想它一定是闹鬼了！避难所科技当地的办公室应该会有更多的信息。
QuestLoc_SpyonRaiders_Conversation_3D_Team_3	能给我们点杂物么？我们想造东西。
BrotherhoodOfFeels_ConversationAnswer_01_NPC04	谢谢你的帮助。我们能为你做什么？
QuestLoc_OBrother_Initial2	我可太喜欢当钢铁兄弟会的一员了！
QuestLoc_MatterstoSettle_Conversation_3_NPCEnd_4	那真的……太好了。我们各走各的路怎么样？
MrHandyDialog_Hydroponics_02	哦，我真希望他们能让我打理花园。毕竟我自带各种工具。
QuestLoc_JackAintBack_QuestLongDescription	监督者的儿子和一个掠夺者结婚了，但她把他卖给了奴隶贩子！我们必须赶紧抓住他们！
Button_Crafting	打造
Speech_Quest_Generic_Dweller_Conversation_15_Response_3	抱歉。我的听觉跟你们完全不在一个频段。
Room_HydroponicFarm_Build	建造一个花园？
Objective_CraftLegendaryOutfits_Plural	打造{0}件传奇服装
Encounter_Random_Message89	一个锈迹斑斑的老游乐场。真让人难过。
QuestLoc_BountyBash_QuestName	悬赏：“暴击”
Pet_Bombay	孟买猫
QuestLoc_BewareofOverdog_QuestShortDescription	前往850号避难所，找到监督者。
QuestLoc_SecondStringers_QuestLongDescription	一群掠夺者们绑架了一位居民做人质。拯救人质并解开“超级杯”之谜！
VictorDialog_Wasteland_39	我想往西走。
Room_Geothermal_3	发电厂
QuestLoc_FashionStatement_QuestLongDescription	一位居民在探索废土的时候发现了一处红火箭服务站。也许值得进去看一看。
Speech_LivingQuarter_PickupLines_32	你一定是个精灵，因为你让我美梦成真。
Speech_Conversation_NPC2_Topic59_Response1	嗯……蝎子对熊……当然得选熊。
QuestLoc_HumanBeanJuice_Conversation_1_NPCEnd_1	他们在北部的消辐宁工厂扎营。
QuestLoc_OBrother_Answer03_PC02	什么？进去？你疯了吗？没门！
Pet_CattleDog	牧牛犬
QuestLoc_AtDeathsDoor_Conversation_1_NPCStart_2	“死亡”醒过来了而且要杀掉所有人！
QuestLoc_DogsofWar_Conversation_3_NPCStart_4	但“死亡”没有出现。只是有些传闻。
QuestLoc_SpyonRaiders_Conversation_2E_NPCStart_2	我从组织成立就一直在里面。我更想我们被称作“橡皮擦”。
Speech_Conversation_NPC2_Topic35_Response3	哦，那还不简单。我本人就会变成一台新的温差发电器。因为……电力！
Room_DesignFactory_Upgrade_Level3	减少打造时间
QuestLoc_Overrun_Conversation_1_NPCStart_2	先是那个讨人厌的宝拉·普朗布金，现在又是你们。
QuestLoc_Ghooooooooooooooooooul_QuestName	尸……鬼……！
Weapon_Name_AssaultRifle_Rusty	生锈的突击步枪
NewVegasA_IntroPopup_Title	“新维加斯万岁”赛季来袭！
Speech_Quest_Loot_Dweller_9	哇哦……赞。
Encounter_Defeat_Repeatable_JunkLocation3	我无法靠近。湖水的辐射使我感到恶心。
VaultNameSurvivalSuffix	（生存）
Outfit_Description_BowlingShirt	你现在只需要《69号火箭》和大背头了。
Outfit_Name_HandymanJumpsuit_Expert	专家连身衣
Speech_Quest_MainPath_Dweller_13	没必要掉头，这个就是正确的路。
QuestLoc_Overrun_QuestObjective_1	前往909号避难所寻找宝拉·普朗布金。
Outfit_Name_SpecialThemeHalloween	鬼服
Speech_Quest_Generic_Dweller_Conversation_31_Response_1	是的！我们就像是某盘棋里任人摆布的棋子……
QuestLoc_Test_Conversation01	嘿，我们是来自新避难所的居民。想和我们做朋友吗？
QuestLoc_UndercoverOperations_Conversation_1_Team_1	僵尸？你的意思是尸鬼？
QuestLoc_FoodFight_Conversation_1C_NPCEnd_4	呃，显然，我公然选择忽视法律……
QuestLoc_TheCaseoftheMissingMitt_QuestName	丢失的手套
QuestLoc_TheCatBurglar_RaiderLine_2	这个，这只简直完美……
QuestLoc_WalkofShame_QuestShortDescription	杰克可能还活着，就在钢铁厂——但他好像娶了个掠夺者？
QuestLoc_HomeFieldAdvantage_Conversation_1_NPCStart_1	感觉很近……又感觉很远。
QuestLoc_ReleasetheRaiders_Conversation_1_NPCEnd_4	没错，但他真的，真的很喜欢那个东西！
QuestLoc_WhenPrestonCalls_QuestShortDescription	找到更多关于普雷斯顿的消息。
Encounter_Random_Message144	探险家日志。新条目：尸鬼是被辐射改变的人类。面目全非。
QuestLoc_RunThreeDogRun_Conversation_2_NPCStart_1	名额快满了，所以现在是“死亡”的登场时刻！
Time_Day	d
QuestLoc_TheTailContinues_QuestLongDescription	监督者艾玛说比格斯比曾在他们的避难所停留，后来一个回收队带着它去了原子玩具仓库，就再没有回来。
Message_CantDestroyRoom_Storage	不能摧毁这个房间，因为它的存储空间正在被使用。
QuestLoc_CheesePlease_Conversation_1_NPCStart_3	你们应该掉头离开。
Encounter_Random_Message172	那是……插在杆子上的人头？好了，该掉头了……
Wasteland_Item_QuestClue	任务
QuestLoc_TheSpiritofTaking_QuestShortDescription	和那群偷走废土居民礼物的掠夺者对峙。
QuestLoc_FashionStatement_Conversation_1_Team_1	很久了。顺便告诉你们，皮质和铆钉挺配的。
QuestLoc_RadiationLeak_Conversation_1_NPCEnd_2	避难所的军械库里还剩了些东西。来，给你们。
Controls_Xbox_Vault_SurpriseQuest	探索废土地点
QuestLoc_ExtremePrejudice_Conversation_4_NPCEnd_2	这是一种威胁吗？
SnipSnipDialog_Athletics_02	我一直不明白腿有什么用，或者说为什么要动它们。人类啊，你们就不能漂浮起来吗？
QuestLoc_ALaborofLove_Conversation_2_NPCEnd_1	呃，很不幸。我想恐怕得杀了你。
QuestLoc_GameShowGauntletD_Conversation_1_Team_2	搭乘飞船。
QuestLoc_FoodFight_Conversation_1D_Team_2	哦……我喜欢来点饱饱牌肉罐头。别介意。
Speech_Conversation_NPC2_Topic46_Response2	忙得像只蜜蜂，藏在地下的钢铁蜂窝里！
MrHandyDialog_Wasteland_77	我要在外面再待一会儿……
VictorDialog_OutfitWorkshop_01	给老维克做件漂亮的棉衬衫和皮背心，得费多少工夫？
QuestLoc_RaidingParty_QuestObjective_3	在喝酒的掠夺者当中散播谣言。
QuestLoc_BountyYak_QuestObjective_1	除掉鼹鼠“牦牛”。
QuestTitle_InSheepClothing[PL]	穿着绵羊的衣服 [PL]
Pet_Sphynx	加拿大无毛猫
QuestLoc_TheMoleRatMan_QuestName	鼹鼠人
QuestLoc_TheYolksonYou_Conversation_2_Team_1	等等，大厨也雇佣了你们吗？
QuestLoc_FriendlySettlement_Conversation_2C_Team_1	这里有武器吗？
Wasteland_TeamReturned	我从废土上回来了！
Speech_FlavorText_ServiceRoom_02	哈——啊——
Encounter_Random_Message216	一条汽车隧道。里面可真黑。我还是绕路吧。
Speech_Room_SomeoneUnhappy1	哦，太好了。居然是……你。
QuestLoc_TheCatBurglar_RaiderLine_3	不能回头啊喵！
QuestLoc_AlienBot_01_QuestShortDescription_05	搜索罗伯科公司工厂，寻找外星科技。
QuestLoc_WeddingCrashers_Conversation_1_NPCStart_3	看吧，打打杀杀才是我擅长的，说话什么的根本不行。
QuestLoc_GameShowGauntletI_Conversation_1_NPCStart_4	离111号避难所最近的定居点在哪里？
Speech_Conversation_NPC2_Topic38_Response1	别担心。从来就不在我的日程安排里。
QuestLoc_GameShowGauntletI_Conversation_2_Team_2	司特吉。
QuestLoc_GroomforDoubt_Conversation_2_NPCEnd_3	来吧，女士们，让我们向这些失败者展示下我们是什么做的！
QuestLoc_ReleasetheRaiders_Conversation_4_NPCStart_1	废土能免于“战争”的愤怒吗？
Speech_Quest_Generic_Dweller_70	以前日子多简单。电。水。吃的。再看看我现在。
Outfit_Description_WandererArmor_Heavy	捕猎或被捕，英雄或反派——如果你是坏蛋，请穿上它吧。
Weapon_Name_AlienBlaster_Tuned	调试型异形破坏者
QuestLoc_CleanUpOnAisleFive_QuestLongDescription	一群掠夺者在掠夺当地的居民，他们占领了大无敌超市当总部，快去拿下他们的首领！
Outfit_Name_HazmatSuit	废土服
QuestLoc_GameShowGauntletI_Conversation_3_NPCEnd_1	是个好狗狗的名字，但不对。现在准备……掉脑袋吧！
QuestLoc_BoogieWoogieBugleBoy_Conversation_1_NPCEnd_1	我……啊……呃……给我攻击！！！！
QuestLoc_TheCatBurglar_Conversation_1_Team_2	放弃吧，否则我们就淹死这只小猫。
QuestLoc_DuoofDestructionGlowingOnex2_QuestObjective_2	除掉第二只发光种。
Speech_Quest_Generic_Dweller_Conversation_9	诡异的地方，对吧？
Weapon_Name_FatMan_Rusty	生锈的胖子核弹
QuestLoc_S2_QL3_SecuritronsUncapped_1_Question4_Choice2	我们帮你把它们关掉了。小费我们就不客气地收下啦。
QuestLoc_RaidingParty_Conversation_2_NPCEnd_1	你是认真的吗？那我为什么还要喝这些鬼东西？
QuestLoc_GameShowGauntletI_Conversation_4_NPCEnd_2	你说对了！这才是吓人。
QuestLoc_EvictionNotice_Question1_Answer1	这听起来像是挑衅！打吧！
QuestLoc_LittleMissWasteland_Conversation_2_NPCStart_3	自从几年前一只金毛猎犬成功赢得了比赛，我们就一直在做这个。
Controls_Xbox_Vault_Clipboard	剪贴板
Room_Geothermal	发电室
QuestLoc_JustDeserts_Conversation_3_NPCStart_4	为了更多人的利益，我先后创造了“饥荒”，“瘟疫”和“战争”。
QuestLoc_WorkingOvertime_QuestObjective_1	调查700号避难所。
QuestLoc_CrossingPaths_Conversation_1_NPCEnd_3	你本来可以骗过我的。不过，至少让我对你们的遭遇有所补偿吧。
Outfit_Name_HanksPowerArmor	汉克的动力装甲
QuestLoc_GobbleGobbler_Conversation_1_NPCStart_1	我们被高步勒袭击了！我是唯一一个幸存的……
QuestLoc_BeatReporting_Conversation_2_NPCStart_1	你好！我正在写关于“饥饿者”的。我们有多个卧底尸鬼在现场与他们一起。
QuestLoc_WastelandTheMusical_Conversation_4_Team_1	♪ 即使怀着最好的初衷 ♪ 我无过可陈！♪
Piper_campaign_Text	一位新来自辐射4的特殊拜访者想要加入您的避难所
Wasteland_Button_ResumeQuest	继续任务
Speech_Quest_Generic_Dweller_Conversation_17_Response_1	哈！根本没有人见过监督者……
Objective_CollectRareOufits	收集{0}件稀有装备
QuestLoc_TheTailContinues_Conversation_1_NPCEnd_1	我打赌莎莉很可能会躲进314号避难所。那地方已废弃，千万小心！
Encounter_Random_Message79	我听到有人在诵经。可能是哪个疯狂的邪教吧。我最好保持距离。
QuestLoc_ASpecialBrand_Conversation_1_NPCEnd_1	那个你用来交换杰克的人呢？作为嫁妆的？和科兰特聊聊吧，他手里有你们想要的。
Weapon_Name_AssaultronHead_Rusty	生锈的突袭者头部
Title_Stats	状态
QuestLoc_RadroachRoundup_Conversation_2_NPCEnd_3	末日，是的。我猜肯定有人用了这个名字，招募了追随者。
QuestLoc_GuardianoftheWastes:MoleRats_QuestObjective_1	杀死鼹鼠妈妈。
QuestLoc_GasNGo_QuestObjective_1	除掉掠夺者。
QuestLoc_TheScenicRoute_QuestLongDescription	一位眼尖的探险者发现了一处孤零零的小屋。看上去像是，有人，或者有东西藏在里面。
SeasonModal_Leaderboard_You	你
SnipSnipDialog_Wasteland_73	哼，一个破烂的保护者。典型的罗伯科劣质货。
Speech_Conversation_NPC2_Topic32_Response2	真的吗？我想你会成为一个伟大的监督者！
QuestLoc_RevengeoftheGeeks_Conversation_1_Team_2	9
BrotherhoodOfFeels_ConversationAnswer_01_PC01	把你们的装备和物资交出来，都归我们了。
Message_Tutorial_ScorchedTimerOpen_Xbox	{选择}计时器，查看下一场{辐尸人突袭}的更多细节。
QuestLoc_WeddingCrashers_Conversation_1_NPCStart_2	萨莉和马克斯本应该结婚的，但出了点问题。
Speech_Quest_MainPath_Dweller_7	一定是这条路……
QuestLoc_AlienBotQuest06_Conversation_4_PC1_1	太好了，更多的杀手机器人。
QuestLoc_NukaColaQuantumRun_QuestName	量子核子可乐大作战
QuestLoc_LittleMissWasteland_Conversation_1_Team_2	这可不是泳装，这是……额……迷彩服！
QuestLoc_FonsVivus_QuestShortDescription	了解更多关于人们所谈论的神奇水的信息。
Outfit_Name_ScientistScrubs_Officer	军官制服
Speech_Quest_Generic_Dweller_Conversation_18_Response_3	没人问你怎么想的。
Speech_LivingQuarter_NoSpaceLQ	避难所太拥挤了，无法容纳更多的婴儿。
Outfit_Description_Bishop	如果有更高的力量存在，他们可能会听你的。
QuestLoc_ScareTactics_Conversation_1_NPCEnd_4	万圣什么？嘿！这是一个假的鬼……给我拿下他们！
MrHandyDialog_Generic_26	自带悬浮单元，说走就走。各位有什么需要，尽管吩咐。
QuestLoc_TheCatBurglar_QuestLongDescription	一个“飞贼”接连光顾一个个避难所，把宠物从主人身边偷走。趁他偷走下一只猫之前阻止他！
QuestLoc_PoweredUp_QuestName	充电之旅！
QuestLoc_MissionofMercy_Conversation_1_NPCStart_1	哈，哈，哈！你正在找“麦克森硬汉小队”？
Message_Tutorial_68_PS4	用左摇杆{移动}{居民}到{发电室}然后按下来分配他们。
BarberShop_HairColor	头发颜色
QuestLoc_HerestoYouRackieJobinson_Conversation_1_Team_3	切，省省吧。我们睡着了都能打赢。
QuestLoc_APaleImitation_Conversation_3_NPCEnd_2	哦……我想我就随便逛逛吧。说不定就在外面被生吞活剥了。不用担心！永别了！
Encounter_Message_Location6	一个大无敌超市。
QuestLoc_VaultTecExperimentReviewB_Conversation_2_Team_3	没有人能藏在我们避难所做间谍。给我上！
QuestLoc_GameShowGauntletD_Conversation_3_NPCEnd_2	不完全是。你可以准备……“掉脑袋”了！
QuestLoc_NotSoSafehouse_QuestShortDescription	找到铁路特工。
QuestLoc_BountyShiner_Conversation_1_NPCStart_2	你要知道，那个尸鬼有着很厚很厚的皮肤。
Outfit_Name_MilitaryJumpsuit	军装
BuildOption_Build	建造
Status_Wasteland_Returned_Ellipses	等待中……
Speech_Quest_Generic_Dweller_Conversation_19_Response_1	我也是。执行任务果然很艰苦。
QuestLoc_OutfitRun_QuestLongDescription	你得到一个线索，废土上有一个供应装备的地方。
SnipSnipDialog_Wasteland_102	我们的手指库存真是惨不忍睹。
QuestLoc_FriendlySettlement_QuestObjective_2	和定居点的居民交谈。
Encounter_Victory_Repeatable_JunkLocation12	我的脚踢到了个硬东西，挖出来一看，居然是个战前的时间胶囊！
Baby_NewBabyArrived	请给新出生的宝贝起个名字！
QuestLoc_DivideandConquer_RaiderLine_1	这是万恶的平方根。
Speech_Eviction_26	切。无所谓。
QuestLoc_ParleyTime_QuestName	谈判时间
Weapon_Description_InstituteRifle_VirgilsRifle	他有大量的空闲时间来设计这种致命的激光。
Help_Page10_BottomText	提示：如果储藏空间不够，您可以升级您的储藏室，建造更多的储藏室，给您的居民穿戴装备或是卖掉它们。
QuestLoc_JustDeserts_Conversation_4_NPCStart_4	隔壁房间有我送给你们的感谢礼。如果有需要，我会再联系你们。——德鲁西拉”
QuestLoc_HostageNegotiations_Conversation_3_NPCStart_3	我有的东西不多，但全都给你！
QuestLoc_WastelandTheMusical_Conversation_4_NPCEnd_1	♪ 罪人们总想绕道而行 ♪
♪ 但到头来全都得忏悔！♪
QuestLoc_RobotHood_Conversation_1_NPC_4	不实现平等，我决不罢休！
RoomUpgrade_Message_Themes	合并三个满级房间来使用主题！
Weapon_Description_PlasmaRifle_Rusty	即使是废旧的款型也能把你的目标弄得面目全非。
QuestLoc_CrimeSceneInvestigation_Conversation_1_NPCStart_3	单是“饥荒”就会把“死亡”吞食殆尽，好好享用这些“骑士”的美味卡路里。
QuestLoc_ExtremePrejudice_Conversation_5_Team_4	你难倒我了。你指望我会招供吗？
Speech_Quest_Generic_Dweller_19	住在外头不是“没那么糟”——是糟透了！
QuestLoc_DrivingtheSnakesOut_Conversation_2_NPCStart_3	居民们，你们不觉得是这样吗？
QuestLoc_AlienBotQuest06_Conversation_2_ED_6	好东西都在下面，你们尽管拿，前提是带我一起走！
Outfit_Description_PowerArmor_T60a	战前装甲的巅峰。
Speech_Quest_MainPath_Dweller_3	这是对的路。我能感觉得出来。
Outfit_Description_Incognito	舒适休闲风格的最佳选择，专为人类设计！
QuestLoc_WelcometoParadise_QuestObjective_2	杀死领头死爪。
Objective_Pregnant_Plural	有{0}名女性居民怀孕
Speech_Quest_Generic_Dweller_Conversation_30_Response_2	是一场彻头彻尾的噩梦。这还用说。
QuestLoc_InShiningArmor_Conversation_1_NPCStart_4	我们应该会很快在那里见到的。战士们解散！
Room_BarberShop	美发店
QuestLoc_DenofThieves_QuestObjective_2	对抗掠夺者首领。
Speech_LivingQuarter_PickupLines_79	空气里弥漫的是爱的味道，还是氧气循环器又坏了？
Outfit_Name_EnclaveSecurityOutfit	英克雷保安制服
Inventory_Title_Weapons	武器
BuildOption_APNeeded	瓶盖不够
Outfit_Name_SodaFountainDress	冷饮柜台裙
Speech_Conversation_NPC1_Topic56	脑子里一直有首歌洗脑循环。“宝贝，耶——宝贝——！你能点燃我的……”
Encounter_Defeat_Location1	广播塔的入口完全被挡住了。没法进去。
QuestLoc_TheInfiltrationGame_Conversation_1_Team_1	我的名字是约翰弗兰西斯米勒掠夺者首领杀手……叫我JF就行。
Speech_LivingQuarter_PickupLines_58	你就像食物中毒——搅得我胃里打结。
QuestLoc_ThePathofPaulaPlumbkin_Conversation_1_NPCEnd_1	她在某个旧的核子可乐工厂。告诉你又会怎么样，你是不可能活着出去的！
QuestLoc_TheEndoftheRainbow_Conversation_1_NPCStart_1	你们想要什么，居民们？
Help_Page21_MainText_Switch	选中居民后，会显示他们的信息。
从这个界面，您可以为您的居民装备武器、装备和宠物，或用治疗针和消辐宁为他们治疗。
按下右摇杆可查看他们各项SPECIAL等级的详细信息。
QuestLoc_VaultTecExperimentReviewF_Conversation_2_NPCEnd_2	敢嘲笑我们？信不信我把你们打趴下！
QuestLoc_AlienBotQuest06_Conversation_2_ED_7	拜托！我可以给你们的避难所提供帮助。这儿实在太无聊了……快去拿你们要的东西！我帮你们搬回去！
QuestLoc_BacktotheOutfield_QuestLongDescription	我们发现了一个叫蔻驰的人留下的消息，他说自己有罗基·杰宾森的棒球衫！也许他藏在了428号避难所的废墟里……
QuestLoc_BeatReporting_Conversation_3_Team_2	那些传闻说他有什么功绩？
Room_Armory_2	武器站
PetCarrier_campaign_Main2	居民驱逐
感谢那些吃白食的居民们的服务！把他们撵出避难所！
Weapon_Description_InstitutePistol_Incendiary	向学院的敌人们开火。字面意义上的。
SnipSnipDialog_Wasteland_85	又一所被毁的学校。学习进步，制造炸弹，毁灭自己。这就是人类。
Junk_Name_GiddyupButtercup	玩具马
QuestLoc_ScareTactics_Conversation_1_NPCEnd_1	我们会的，我保证！来，拿着……这是我们全部的东西。
QuestLoc_S2_QL2_Q4_Roswell_Question1_Choice1	击败无法击败的，正是我们的专长。让开。
Ghoul_Name	狂尸鬼
QuestLoc_TheEndoftheRainbow_QuestShortDescription	在彩虹尽头找到宝藏。
Room_Armory_Build	建造一个军械库？
QuestLoc_GhostlyGag_Conversation_1_NPCEnd_2	等等，我的外婆还活着。你不是鬼！
QuestLoc_RunThreeDogRun_Conversation_1_NPCStart_4	你想知道什么？
MrHandyDialog_ScienceLab_01	在末世废土中处理辐射。显然，有人的脑子需要进化了……
MrHandyDialog_Wasteland_34	我觉得我得了……清洁戒断反应。看来得进哪栋旧房子扫上一小会儿才行。
Encounter_Message_Creature7	一只巨型蚂蚁。
QuestLoc_S2_QL2_Q4_Roswell_Question1	基地被无法击败的敌人占领了。趁还来得及，快跑！
QuestLoc_MonsterUndertheBed_QuestLongDescription	一群避难所小朋友在外面玩耍时，一只可怕的怪兽偷走了他们的泰迪熊。现在他们拒绝睡觉，说那只怪兽每晚都会来，躲在他们的床下！我们必须要找到这个怪兽，不再让这些孩子担惊受怕。
Message_TutorialPopup_15_Body	您可以点击居民打开居民信息面板来给他们配备武器，装备和治疗用品。
Message_Stimpack_FullHP	生命值全满，无需治疗针。
QuestLoc_GameShowGauntletK_Conversation_1_NPCEnd_2	正确，不过门徒和派克帮也是对的。
RushMode_Button_Failed	进行
Weapon_Name_Shotgun_Enhanced	增强型霰弹枪
Encounter_Intro_NPC2	遇见{0}
Room_Mausoleum	陵墓
Speech_Quest_Alone_Dweller_19	一人生，一人死。真让人抑郁。
QuestLoc_GameShowGauntletF_QuestObjective_1	请回答全部问题。
Speech_Quest_NotAlone_Dweller_40	我们必须一直向前进。
Speech_FlavorText_ProductionRoom_01	一切运转顺畅。
QuestLoc_S2_QL2_Q3_Req_Question5_Choice2	好，说吧！
VictorDialog_Fitness_01	人类真是神奇。身体用得越多，就变得越强！
QuestLoc_FriendlySettlement_Conversation_1D_NPCStart_2	我们中的一些人决定用另一种方式生活——正当工作赚取日常所需。
QuestLoc_ChristmasattheRaiderCamp_Conversation_1_NPCStart_2	动作快点，我们还有定居点要去抢呢。
Seasons_Message_SeasonEndsIn	赛季将于1天后结束
QuestLoc_RescueOperation_QuestLongDescription	你收到了来自定居点的求救信号！只要你去救他们，他们就愿意离开家园、加入你的避难所。
QuestLoc_DrivingtheSnakesOut_QuestObjective_1	打败掠夺者首领。
Weapon_Description_HuntingRifle_Hardened	曾经，你被四处追杀。有了这个，那些日子就是过去时了。
Message_CantDestroyRoom_VaultDwellerSpace	不能摧毁这个房间，否则总人口会超出房间容量。
Encounter_Random_Message44	一个岔路口。我选右边。
QuestLoc_GameShowGauntletH_Conversation_1_NPCEnd_3	那个错了吗？来个人查一下。是的，你错了。所以……“掉脑袋”吧！
Weapon_Description_LaserRifle_Tuned	调整了激光发射器，为了最大的杀伤力。
QuestLoc_VaultTecExperimentReviewD_Conversation_2_NPCEnd_1	加里！
QuestLoc_DogShelter_Conversation_1_Team_3	你的意思是你送给他们一顿午餐。
QuestLoc_OperationSandman_Conversation_2_NPCEnd_4	那是……那是亵渎！你不是从这儿来的吧？给我拿下他们！
QuestLoc_GameShowGauntletB_Conversation_2_NPCEnd_1	接近但不对。是时候……“掉脑袋”了！
QuestLoc_LastInningOrnot_Conversation_2_NPCEnd_2	听起来像是个不错的计划！
Outfit_Name_Wasteland_Surgeon	废土外科医师服
QuestLoc_TheCaseoftheLostLunch_Conversation_1_NPCStart_2	但是我们什么都没做啊！
QuestLoc_OverwhelmingForce_QuestShortDescription	派遣一队穿着动力装甲的居民去清缴掠夺者营地。
MrHandyDialog_Wasteland_47	嗯，左还是右？我猜是往……左。
Pet_Description_abyssinian_l	智慧，优雅……卓越。
Message_TutorialPopup_08_Hint	提示：当其他房间都满员的时候，储藏室是很好的居民临时安置点。
QuestLoc_ScienceCooperative_Conversation_1E_NPCStart_2	这里是泡泡多园艺总局。我们把鲜花和微笑结合起来！
QuestLoc_SpringForwardFallBack_Conversation_2_Team_1	我们的监督者想让你停止随意喷人。
QuestLoc_RobotHood_Conversation_1_Answer06	没错！我们避难所也有一些机器人，他们基本上就是我们的家人！
QuestLoc_DrivingtheSnakesOut_Conversation_2_NPCEnd_1	我不认为这应该是字面……
Outfit_Name_Horseman_FamineVestment	“饥荒”外套
QuestLoc_CollectorsEdition_QuestShortDescription	从掠夺者手里找回全新的巧手先生。
Speech_Quest_Loot_Dweller_3	真赞！
QuestLoc_SpelunKingTrainingD_Conversation_1_NPCStart_3	对我们来说一点希望都没有。你们注定是下一个洞穴探险之王。
QuestLoc_RunThreeDogRun_Conversation_1_NPCStart_2	你知道要打入这些家伙内部有多难吗？他们互相都熟识！
QuestLoc_GameShowGauntletE_Conversation_2_Team_4	理发店四重奏。
QuestLoc_AllsFairinLoveandNuclearWar_Conversation_3_Team_2	抱歉，我觉得这个行不通，你长得太像我妈了。
QuestLoc_SetEmUpPestilence_Conversation_2_NPCStart_4	我……我……呃……不！我现在值得！
Speech_Conversation_NPC1_Topic26	这里是不是有点漏风，还是只有我一个人这么觉得？
SeasonPass_ReturnToMainMenuModal_ConfirmBtn	确定
Pet_Description_american_b	猫？灭绝了？你倒试试看能不能摆脱这群小家伙。
QuestLoc_GhoulSupplies_Soliloquy1_2	希望他们的价格是公道的，而不是野化的！哈哈哈……哈……
Weapon_Description_InstituteRifle_Targeting	锁定然后上膛。
Pet_Description_british_l	一个有废土倾向的室内猫。请确保避难所的门关好了。
QuestLoc_Getting Started_QuestName	开始前的准备
QuestLoc_RevengeoftheGeeks_QuestObjective_1	请回答全部问题。
Speech_Conversation_NPC2_Topic37_Response3	啊，但我早已精通一门语言了……那就是爱。
QuestLoc_DuoofDestructionGlowingOnex2_QuestObjective_1	除掉第一只发光种。
Weapon_Description_PlasmaThrower_Overcharged	这台绿色的熔化机器，火力能开到11。
ExperiencePoints	XP
Speech_Room_SomeoneUnhappy_Classroom	我只是来学习的，不是来受这个自以为是家伙的气的。
SnipSnipDialog_Generic_18	有时候，这些人类感觉就像视频游戏里的角色，无法独立完成任何事情……
QuestLoc_StopthePresses_QuestShortDescription	和编辑对峙。
Room_WaterProcessingPlant_3	水处理厂
QuestLoc_AlienBot_QuestName_03	真相就在这里
QuestLoc_GuardianoftheWastes:Radscorpions_QuestShortDescription	根除辐射蝎。
Encounter_Progression_Repeatable_JunkLocation11	帮助商人追逐双头牛。那东西很快！
Encounter_Random_Message109	太好了，这段是下坡，省腿力。
QuestLoc_BeatReporting_Conversation_1_Team_1	你的一个记者发现“瘟疫”是一只发光辐射蝎。
QuestLoc_GobbleGobbler_Conversation_1_NPCEnd_2	真的吗？一个避难所？太好了！我打赌那里肯定没有高步勒！
Speech_LivingQuarter_PickupLines_36	你的父亲是卖钻石的吗？因为你简直完美无瑕。
QuestLoc_LittleMissWasteland_Conversation_2_Team_1	那是第一个问题吗？
Encounter_Random_Message33	我能带回避难所的物资越多越好。
QuestLoc_ANiceGhoulLikeYou_QuestName	像你这样的好尸鬼
QuestLoc_TruthAmongtheAshes_Conversation_1_NPCStart_3	她准备去909号避难所，但我告诉她，那里已经被占领了。
QuestLoc_Astronomical_Conversation2_NPC01	避难所来的？你们竟然还活着！
Message_TutorialPopup_BuildUltraciteWeaponFactory_Title	制造辐射极琉矿武器
Speech_Quest_NotAlone_Dweller_1	如果我们能活着出去，我请你喝核子可乐。
QuestLoc_VaultTecExperimentReviewA_Conversation_3_NPCStart_3	但是我们明白其他的避难所会用不那么恐怖的物品做交易。
Message_TutorialPopup_BuildUltraciteMine_Hint	提示：高耐力居民将显著减少采矿所需的计时器时间。别把时间浪费在等待上！
Message_Tutorial_ArrivalWidgetOpenModal_Xbox	{选择}计时器，查看下一位{赛季居民}的更多细节。
QuestLoc_TheCatBurglar_Conversation_2_Team_2	你知道这里大多数动物都是鼹鼠吧？
Help_Page05_Title	居民幸福度
Speech_Room_DeadDweller4	在尸体旁边工作。对生产力可不太妙……
Objective_LevelUpDwellers_Plural	让居民共升级{0}次
Outfit_Name_BusinessDress	密探服
QuestLoc_ESterEggHunt_QuestLongDescription	我们被邀请参加原子之子一年一度的复活节彩蛋寻宝活动！这是一个很好的机会来验证威尔修士的声明——教会计划在星期天引爆核弹……
Objective_BarberShop	个性化1位居民
MissingInternetConnection	这项动作需要网络连接。请连接至网络重试。
QuestLoc_PaulasinaPickle_Conversation_1_NPCEnd_1	我想她好像提到了拜访某个避难所？333号避难所？好多3啊……
QuestLoc_ALaborofLove_Conversation_1_Team_2	我们只想在这里举行一个婚礼……可以帮忙主持吗？
QuestLoc_SuperDuperTrooper_QuestLongDescription	你的一个居民在探索废土的时候听到来自大无敌超市的枪声！应该去调查下。
QuestLoc_RaidingParty_Conversation_2_NPCStart_1	我们快要没有喝的了。真烦躁！
QuestLoc_TheThinlyVeiledPlotThickens_QuestLongDescription	404号避难所在一次掠夺者袭击中被摧毁了……120号避难所可能会有更多的信息。
Speech_Conversation_NPC2_Topic14_Response3	想要一位名作家。他可以给我的自传起名：“居民：酷炫人生侧写”。
Speech_Happiness_Happy13	多好的一天啊！
Speech_Kid35	避难所真的需要一些新玩具。
QuestLoc_HumanBeanJuice_Conversation_1_NPCStart_4	如果他可能在任何地方的话，他应该是和他们在一起。
AlreadyExists_VaultName	避难所的名字已经存在。
Social_FriendList_Title	好友列表
QuestLoc_OfftheRails_QuestName	轨道之外
QuestLoc_S2_QL2_Q2_Field_QuestObjective1	让圣骑士在申领表上签字。
MrHandyDialog_Wasteland_75	远处传来广播的声音，让我有点想要跳舞。
Objective_ExploreWastelandHours_Plural	让一个居民在废土探险{0}小时
QuestLoc_AtDeathsDoor_Conversation_1_NPCStart_1	快跑！
QuestLoc_SpyonRaiders_Conversation_3B_NPCEnd_2	很好。拿上这个然后出发吧！
Outfit_Name_BOSUniform_Expert	专家钢铁兄弟制服
QuestLoc_DeathclawDeeLite_3_Question1	人类。请不要攻击我。我不像我的同类那样好斗。
QuestLoc_OnlyHuman_Conversation01_PC04	当然，我们回家吧！
QuestLoc_DeathandDenial_Conversation_1_NPCStart_2	……现在外面很黑，远处雷声隆隆。
Weapon_Description_AssaultRifle_ArmorPiercing	这东西能像穿破纸一样穿破动力装甲。
NukaQuantum_Shop_Description_Fridge	包含了150瓶量子核子可乐，可以加速避难所和废土上的事件进程。
QuestLoc_TheScorpionKing_Conversation_1_Team_2	滚去其他地方卖你这些毒药吧坏蛋！
QuestLoc_S2_QL2_Q3_Req_Question6	你是来交表的吗？
Title_SeasonTime	{0}天 {1}小时
SnipSnipDialog_Wasteland_100	我是通用原子国际4型机器人，你应该是个人类吧。
Weapon_Name_SawedOffShotgun_Kneecapper	“碎膝者”短管霰弹枪
LivingQuarters_Upgrade_Info	您的避难所容量已达上限。
QuestLoc_APaleImitation_QuestShortDescription	调查一个神秘的全新避难所。
QuestLoc_ASettlerNeedsYourHelp_QuestObjective_3	搜刮经理办公室。
QuestLoc_MondayNightBrawl_Conversation_1_Team_1	我们是你们早就欠下的报应，入殓师！
Pet_Description_brittany_b	一只猎鸟狗，跑得快，长得壮。
QuestLoc_CollateralMurder_Conversation_1_NPCStart_2	那个可笑的号角“男孩”和他的编辑……我一看就知道他们是骗子，我根本不会买他们的账！
QuestLoc_DartofHarkness_Conversation_2_Team_1	太棒了。还有别的吗？
Encounter_Random_Message122	我应该往南吗？
Encounter_Journal_Message28	探险家日志。新条目：社会的基础设施早已彻底瓦解。
Outfit_Description_SpecialThemeXmas	现在到了证明圣诞老人是否还来拜访你家的季节了——即使你家已经没有烟囱。
Outfit_Name_HazmatSuit_Sturdy	坚固废土服
KeyboardMapping_OpenWindowStat	状态
Encounter_Random_Message182	我的水泡上又长了水泡。好痛。
QuestLoc_ASettlerNeedsYourHelp_Conversation_1_Team_3	义勇军？
QuestLoc_DeathandDenial_Conversation_7_NPCStart_3	也许是退役士兵，或者是皮博迪的精神病儿子？
QuestLoc_KHAAANNNNN_Conversation_1_Team_2	没门儿，你们这些人渣！反正你们最后肯定会说话不算数！
QuestLoc_TheSecretofREDACTED_Conversation_2_NPCEnd_2	啊，你以前就应该这么说。你知道，越小心越好。
QuestLoc_ReleasetheRaiders_Conversation_2_NPCStart_1	听好了！这里是三狗正在直播。
QuestLoc_TheRedRocketReveal_Conversation_1_NPCStart_1	哈！我们终于见面了。你一直追着我不放！
NukaQuantum_Shop_Description_SixPack	包含了6瓶量子核子可乐，可以加速避难所和废土上的事件进程。
QuestLoc_APaleImitation_Conversation_3_NPCStart_2	但是，我想我可能吸引了错误的目标群。
QuestLoc_LittleRedRadiumHood_Conversation_1_NPCEnd_3	好吧，有一段时间了，我饿了，所以我把所有蛋糕都吃了。
Room_Energy2_2	高级核电站
Social_Button_Collect	收集
Outfit_Name_costume_04	休闲服04
Achievement_Xbox_Name_12	动手达人
QuestLoc_SpelunKingTrainingF_Conversation_2_NPCStart_1	你不可能阻止我们的，也不会阻止我们！
QuestLoc_TheThinlyVeiledPlotThickens_Conversation_1_NPCEnd_2	我会和罗伯科工厂的居民谈谈。他们是最先被袭击的。他们应该了解更多关于“号角男孩”和编辑的信息。
QuestLoc_HerestoYouRackieJobinson_Conversation_2_Team_3	亨丽埃塔要我们代她向你问声好！
QuestLoc_TheGreatAmericanPastime_QuestLongDescription	好吧，蔻驰并不在运动酒吧里。也许他是个禁酒主义者。他最好不要把什么茶水洒在那件棒球衫上。该继续寻找了……
QuestLoc_GasNGo_QuestShortDescription	除掉红火箭服务站的掠夺者。
QuestLoc_TheSpreadingBlight_Conversation_1_NPCStart_3	一个研究所里的一群人认为这可能不是单纯的虫灾。一定有其他的原因……
Encounter_Random_Message151	探险家日志。新条目：军队已经不存在了。被雇佣兵所取代。
SnipSnipDialog_Wasteland_11	你好——有人吗？
CloudConflictDescription	您想保留哪个存档？
Objective_CollectUltraciteWithinTime	在1分钟内收集{0}块辐射极琉矿
Objective_SurviveRadscorpionNoCasualties_Plural	在没有人员伤亡的情况下撑过了{0}次辐射蝎攻击
QuestLoc_GameShowGauntletK_Conversation_2_NPCStart_2	什么样的武器可以打败科尔特？
Weapon_Name_PlasmaThrower	等离子发射器
QuestLoc_CollectorsEdition_Conversation_1_NPCStart_2	首先我们要杀了你……
Encounter_Victory_Location4	我把冰箱打开。里面有一些物资。
QuestLoc_DuoofDestructionMoleRatBroodMothers_QuestShortDescription	消灭旧狗粮工厂里的两只鼹鼠妈妈。
QuestLoc_WorstCoachEver_QuestShortDescription	寻找罗基·杰宾森的棒球衫。
QuestLoc_OBrother_QuestObjective	了解钢铁兄弟会。
Room_Energy2_3	超级核电站
QuestLoc_ReleasetheRaiders_Conversation_4_NPCStart_2	骑士们会被一劳永逸地阻止吗？
SnipSnipDialog_Medbay_02	想象一下，居然需要“治疗针”来做自我维护。哦，人类，你们真是笑死我了。
Encounter_Victory_Creature2	鼹鼠被我杀了。
QuestLoc_ScienceCooperative_Conversation_2D_NPCStart_1	我恐怕你们来得太迟了。我的病人已经死了……
Speech_Conversation_NPC2_Topic16_Response2	不。别。求你了，别再讲“咚咚咚”的笑话……
Weapon_Name_BBGun_Rusty	生锈的BB枪
ArrivalWidget_Requirement_Dwellers	拥有{0}名居民
Speech_RadiationA2	好……虚弱……
Speech_Room_LoveJob5	希望能有加班的机会！
QuestLoc_BountyYak_Conversation_1_NPCStart_4	请确保你用的是步枪，不然倒霉的可是你自己！
QuestLoc_FriendlySettlement_Conversation_1B_NPCStart_2	可没多少人会来拜访由我们这种尸鬼经营的定居点。
QuestLoc_RunThreeDogRun_Conversation_3_Team_1	到我们的避难所来！我们的电台工作人员将很乐意用他们的轻松工作来交换一个电台界传说。
QuestLoc_SpyonRaiders_Conversation_2D_NPCStart_1	嘿，我不知道“火焰飞弹”来了新成员。
QuestLoc_ADeliciousTrailofDanger_Conversation_2_NPCStart_4	你们想找到它？我想你知道该怎么做……
QuestLoc_ScienceCooperative_Conversation_2C_NPCEnd_3	埋汰我？好，行。你们走吧，我自己来。
QuestLoc_TheVaultTecVantage_Conversation_1_NPCStart_4	但525号避难所究竟在哪儿？！宝拉在那里吗？我们必须得继续找！
QuestLoc_CrimeSceneInvestigation_Conversation_3_NPCEnd_1	我们很了解“死亡”。事实上，我们的监督者也许能帮助你。我们会保持联系……
QuestLoc_HoneymoonHorror_Conversation_2_Team_3	你知道……我们避难所还有一个人的空间，格兰特，我们邀请你们加入我们。
Weapon_Name_PlasmaRifle_Amplified	放大型等离子步枪
PrivacyPolicy_OptOut	[212F21]选择退出目标广告[365136]
?privacy@support.zenimax.com
QuestLoc_TakeMeOuttotheBallGame_Conversation_1_NPCStart_3	你这次要不要挥棒？
QUEST_1_ANWSER_3	不，我们想要你的装备。否则，别怪我们不客气。
QuestLoc_HeatoftheKnight_Conversation_1_NPCStart_1	我很感激你们的帮助，但是你们来得太迟了。
QuestLoc_Homerun_Conversation_1_NPCStart_1	我闻到了腐臭的味道！蔻驰应该不久前就在这儿！
QuestLoc_NotSoSafehouse_QuestName	不太安全的藏身之处
QuestLoc_TheBrothersGrime_Conversation_2_Team_1	让我们把这个杂碎打趴下！
Title_Activate	激活
QuestLoc_DeathandDenial_Conversation_1_NPCStart_3	很不祥。
QuestLoc_GameShowGauntletB_Conversation_4_NPCEnd_2	想法不错，但不对。所以……“掉脑袋”吧！
QuestLoc_TimetoWakeUp_Conversation_1_Team_1	我们会帮你打碎它的！然后我们再分道扬镳！
BarberShop_Total_Cost	花费
QuestLoc_LittleMissWasteland_Conversation_4_NPCStart_1	好吧，好像第一个问题就有点难，即使我们几乎是送分的……
QuestLoc_ScienceCooperative_Conversation_1C_Team_1	除了爆炸，化学一点用都没有。
QuestLoc_GetinLine_QuestObjective_1	除掉掠夺者。
QuestLoc_DeathandDenial_Conversation_4_Team_1	他怎么毁了她的家庭？
Speech_Quest_Generic_Dweller_Conversation_21_Response_3	我懂你的意思。怪吓人的，对吧？
QuestLoc_AWinningSeason_QuestName	胜利的赛季
QuestLoc_ScienceCooperative_Conversation_1C_NPCStart_2	我们是由一帮很酷的化学家组成的联盟。我们很牛！
Speech_Quest_NotAlone_Dweller_2	挺欣慰的，不是吗？知道我们会一起死去。
QuestLoc_WastelandTheMusical_Conversation_7_NPCStart_2	♪ 但等等！告诉我，这是真的吗？♪
♪ 那张脸，那双婴儿蓝的眼睛？♪
QuestLoc_WeddingCrashers_QuestLongDescription	臭名昭著的掠夺者“刀锋萨莉”准备和另一个声名狼藉的掠夺者“铁锤马克斯”结婚了。但双方都还有点犹豫，因为他们都不想再作为掠夺者生活了。问题是他们根本不知道该怎么交流！赶紧介入帮他们解决问题吧。
QuestLoc_DeathclawDeeLite_4_Question1_Answer2	唉，你说得对。好吧，看来我得继续回去工作了……
Theme_Name_Lucky38Penthouse_LivingQuarters	幸运38号顶层公寓
Objective_SurviveMoleratNoStimpack	在不使用治疗针的情况下撑过了{0}次鼹鼠的攻击
Message_Tutorial_14	太好了！您已经成功完成了第一次极速模式，并收集到{瓶盖}。
Message_Tutorial_23	{训练}您的居民，{增加}他们的{S.P.E.C.I.A.L.}属性。
QuestLoc_GameShowGauntletK_Conversation_2_NPCEnd_3	我爱那把枪。但没用的。现在你可以……“掉脑袋”了！
QuestLoc_IntotheInfield_QuestShortDescription	寻找罗基·杰宾森的棒球衫。
QuestLoc_SynthsforSale_Conversation_1_NPCEnd_1	也许不会吧，但我们想试试看！
Speech_Quest_Generic_Dweller_Conversation_30	你觉得废土怎么样？
Achievement_Xbox_Description_12	拆解500个物品
QuestLoc_SpyonRaiders_Conversation_3D_NPCStart_2	我猜你来这儿是想分点上次我们抢的东西？
QuestLoc_ScareTactics_Conversation_1_Team_3	真不敢相信他们居然信了。
QuestLoc_LittleMissWasteland_Conversation_1_NPCStart_3	呃……你知道我们废除了泳装比赛吧？
QuestLoc_ThirdandGoal_QuestObjective_2	和柯米什对峙。
QuestLoc_WastelandTheMusical_Conversation_2_NPCStart_3	♪ 身披钢铁，坚硬强壮 ♪
♪ 还不怕我们吗？你们该惊慌！♪
Encounter_Progression_JustStartedTier1_12	是的。一切都毁了。
QuestLoc_WastelandTheMusical_Conversation_8_NPCStart_2	♪ 我曾以为见到我的父母 ♪ 会很美好，真是天大的玩笑！♪
♪ 我要离开这片废土！♪
QuestLoc_WastelandDoctoring_Conversation_1_NPCEnd_2	谢谢！拿着。这是我们所有的东西。
QuestLoc_GameShowGauntletC_Conversation_4_NPCEnd_4	就像一个坏小孩，准备好要……“掉脑袋”吧！
Encounter_Defeat_Repeatable_JunkLocation11	它还在跑，可我已经筋疲力尽。这下说什么也追不上它了。
QuestLoc_SetEmUpPestilence_Conversation_3_NPCStart_3	所以，看在“瘟疫”的份上，能“请”您让我们歇一会吗？
QuestLoc_VaultTecExperimentReviewA_Conversation_3_Team_3	你是说你们不需要瓶盖是么？我们很乐意拿走你们所有的瓶盖！
Speech_Quest_Generic_Dweller_Conversation_12	我们来这儿是干什么的来着？
Rarity_Uncommon_Initial	U
QuestLoc_DivideandConquer_QuestObjective_2	击败掠夺者。
QuestLoc_ByHookorbyCook_Conversation_1_NPCEnd_1	这仍然是好企业的象征！
Room_Radio_Desc	吸引来自废土的新居民
QuestLoc_WastelandTheMusical_Conversation_6_Team_1	♪ 真奇怪，我听到说话声 ♪ 却什么也看不见 ♪
♪ 求求你们，别开枪！♪
Tutorial_Tip_21	建造医务室和科学实验室来增加治疗针和消辐宁的存储容量。
Outfit_Name_Threedog	三狗服装
Outfit_Description_CombatArmor	战前步兵的首选战场装甲。
QuestLoc_TimeforaGrandSlam_QuestShortDescription	寻找罗基·杰宾森的棒球衫。
Speech_Quest_Generic_Dweller_Conversation_5_Response_3	抱歉。我把我的小丑鼻子留在避难所了。
QuestLoc_TheDeBuggers_Conversation_2_NPCEnd_3	我是一个制片人：我确保我们每天都有新鲜的产品，所以团队能保持健康。
QuestLoc_SpyonRaiders_Conversation_3B_Team_1	对，我们想要一些新武器！
UnlockRoom_Medbay	您的避难所有{0}位居民
TapToContinue_Xbox	按下继续
QuestLoc_S2_QL3_Q2_Handy_QuestName	巧手先生的秘密
QuestLoc_ACryforHelp_QuestName	大声呼救
QuestLoc_ReleasetheRaiders_Conversation_2_NPCStart_3	居民们现在对任何避难所的人都很警惕，包括我们！
Login_SignUp	注册
QuestLoc_TheDeBuggers_QuestObjective_2	与制作者交谈。
QuestLoc_AgainstTheOdds_QuestName	背水一战
QuestLoc_FamilyMatters_Conversation_1_NPCStart_2	哦我的天，我应该打扫一下的。
QuestLoc_DeathclawDeeLite_1_Question1	这些死爪在我们旅馆里干什么？
QuestLoc_AgainstTheOdds_QuestLongDescription	好吧，也许77太夸张了，但他们那么多人，而你就一个。你有那么大本事吗？
QuestLoc_KnockEmDown_Conversation_1_NPCStart_2	你知道为什么这个避难所荒废了吗？
Help_Page21_MainText_Xbox	选中居民后，会显示他们的信息。

在这个页面上，您可以给居民配备武器、装备和宠物，或用治疗针和消辐宁为他们治疗。

按下右摇杆可以查看他们各项SPECIAL能力的详细信息。
QuestLoc_TheRoadtoVaultopolis_QuestShortDescription	前往813号避难所寻找宝拉·普朗布金。
Speech_Conversation_NPC2_Topic28_Response3	哎哟，你知道的，我就是尽力而为。只要对避难所有帮助，就是对大家有帮助。
QuestLoc_GameShowGauntletF_Conversation_3_NPCEnd_4	哇。真是个差劲的回答。准备……“掉脑袋”吧！
QuestLoc_ParleyTime_Conversation_3_NPCStart_3	我需要你找到“死亡”。他的教徒袭击了672号避难所。从那里开始吧。
Stats_PetBreeds_Bombay	孟买猫
QuestLoc_ChristmasattheRaiderCamp_Conversation_2_NPCEnd_1	你知道吗？为什么不呢？“一闪一闪亮晶晶……”
QuestLoc_DiplomaticMission_QuestLongDescription	一个当地的定居点试图联系我们避难所！我们应该派一些外交家去。
QuestLoc_GoingToTown_2_CombatInit1	嘿！我先看到那件衬衫的！
Updated_Terms_Privacy_US_iOSDenied	[365136]如需选择退出与第三方共享您的数据，请访问设置菜单。
QuestLoc_GameShowGauntletJ_Conversation_3_NPCStart_1	现在进入“掉脑袋”的第三回合！
Message_TutorialPopup_25_Title	量子核子可乐能够被用来：
Speech_Conversation_NPC1_Topic40	我在地上发现了一套避难所制服。你觉得这意味着什么？
Speech_Quest_Generic_Dweller_3	我刚才是不是踩到了……哦，真恶心。
QuestLoc_TheSpiritofTaking_QuestObjective_2	拯救废土居民。
QuestLoc_CheerfortheGhouls_Conversation_3_NPCStart_4	所以，“光滑皮肤”们，你们想要什么圣诞礼物呢？
Speech_Quest_Loot_Dweller_5	真棒！
Weapon_Name_AmataPistol	阿玛塔的手枪
VictorDialog_Generic_18	有人找老维克吗？
QuestLoc_DivideandConquer_Conversation_2_Team_1	不，1大于0.999……
QuestLoc_SpelunKingTrainingF_Conversation_1_Team_1	不可能！避难所才是最后的赢家。
Room_DecorationFactory_Upgrade_Level3	打造传奇装饰品
QuestLoc_DogShelter_Conversation_1_NPCEnd_1	哈！从我的尸体上踩过去。
QuestLoc_S2_QL2_Q4_Roswell_CombatInit4	<无法理解的语言>
QuestLoc_TheRedRocketReveal_Conversation_1_NPCStart_4	我引你们来这里就是为了杀掉你们！避难所大都会是我的！我会成为它的监督者！
QuestLoc_PostApocolypticWorldProblems_Conversation_1_Team_2	这里好像没有那个……
Speech_Conversation_NPC2_Topic59_Response2	你在开玩笑吧？当然是辐射蝎。必须选它。
Title_Help	帮助
Speech_Generic_Dweller46	我得去了解一下避难所科技的退休计划……
Speech_Quest_Alone_Dweller_21	一个人去，战利品就不用跟人分了。小确幸嘛。
QuestLoc_CoveringAlltheBases_QuestLongDescription	还是没有蔻驰或是棒球衫的影子。该去更远的地方了。不入虎穴，焉得虎子！
Tutorial_Tip_33	您可以将居民分配在避难所入口大厅作为守门者。
Message_Tutorial_63	用{量子核子可乐}，您可以立即到达{任务}地点。{点击}这里用避难所科技提供的{量子核子可乐}来极速到达{任务}现场。
RoomType_Production_Description	生产说明……
QuestLoc_HostageNegotiations_QuestShortDescription	打败绑匪，拯救受害者。
Stats_PetBreeds_MaineCoon	缅因猫
QuestLoc_FashionStatement_Conversation_1_NPCEnd_1	品位那么糟糕的话，真的应该去死！
Bar_Upgrade_Info	加速魅力（C）的训练
Message_TutorialPopup_14_Body	建造更多的储藏室或者升级现有的储藏室来获得更多的储藏空间。
QuestLoc_BeatReporting_Conversation_4_NPCStart_1	是吗？我是所有卧底记者的监督者。
Social_NotLogin	连接到Facebook来和朋友交换杂物吧。
QuestLoc_GoingToTown_3_Question2_Answer1	我不知道他们在哪里！我真的只是个学徒！请不要开枪！
QuestLoc_SetEmUpFamine_Conversation_1_NPCStart_4	比如，我……成为……一个……行走的同义词典吗？(看起来困惑。)
QuestLoc_NukaColaQuantumRun_QuestLongDescription	我想我们知道一瓶稀少的量子核子可乐在哪里！
Button_Random	随机
QuestLoc_BeatReporting_Conversation_1_NPCEnd_1	好消息，谢谢！如果你们想继续帮忙的话，进去和我的人谈谈吧。
QuestLoc_GameShowGauntletJ_Conversation_2_Team_2	合成人。
Speech_Conversation_NPC2_Topic8_Response2	哦，我知道了！“拾荒者”！
Outfit_Name_MoldaversArmor	莫尔达弗的装甲
QuestLoc_SeventhInningStretch_QuestObjective_1	寻找罗基·杰宾森的棒球衫。
Message_PCServiceUnavailable	Bethesda.Net的服务暂时不可用，请稍后再试。
QuestLoc_SantasHelpers_Conversation_2_NPCStart_1	你们好！圣诞的帮手们！我们避难所今年表现得很好哦！
QuestLoc_HumansLikeUs_Conversation_3_NPCStart_2	你好，我是叫约翰·史密斯的人类，这是一个人类的名字。
Outfit_Description_Vest	用避难所里最潇洒的穿着让心碎成一片。
QuestLoc_GameShowGauntletJ_Conversation_4_NPCEnd_2	不对。这次的“掉脑袋”我是不会手下留情的！
QuestLoc_OutoftheVaultIntotheShadows_QuestLongDescription	很长一段时间，恶毒的土匪依莱·卡尔弗特总是喜欢欺负无辜的居民。为了避难所的安全，召集你的战士们给依莱和他的疯子帮派下死亡通知书吧！
Speech_Quest_Generic_Dweller_Conversation_22_Response_1	不，是你的脂肪让你显得胖。
Weapon_Description_PlasmaCaster_Hardened	你的敌人不仅仅会变成一滩烂泥，还会给这把枪的火力点个赞呢！
QuestLoc_WeddingCrashers_QuestShortDescription	帮助掠夺者夫妇解决问题。
Weapon_Description_UltraciteGatling2	将数十块精炼矿石塞进一门巨炮，能出什么问题？
QuestLoc_CheesePlease_RaiderLine_3	尸鬼喜欢豪达奶酪吗？
Encounter_Defeat_Location17	一群泥沼蟹在那下面打了我个措手不及！我勉强逃了出来。
QuestLoc_FriendlySettlement_Conversation_2A_NPCStart_2	你们这些居民挺不错的，所以我们想和你们做点交易，如何？
Encounter_Victory_Creature11	这是一场艰苦的战斗，但我成功杀死了巨型兵蚁。
Encounter_Defeat_Location7	奴隶们不相信我。他们跑开了。
QuestLoc_SavingDaylight_Conversation_3_NPCEnd_1	沉默！你的话语对我没有力量！
RecipeLoot_LegendaryWeapon	传奇武器配方
QuestLoc_WhenPrestonCalls_QuestObjective_2	杀死鼹鼠妈妈。
Encounter_Random_Message168	探险家日志。新条目：水果和蔬菜还在生长，但和其他很多东西一样，都变异了。
QuestList_Requirements	要求
Encounter_Defeat_Creature2	鼹鼠把我的靴子都咬穿了！得赶在丢掉一只脚之前开溜！
QuestLoc_ESterEggHunt_Conversation_1_NPCStart_1	欢迎来到我们一年一度复活节彩蛋寻宝！
QuestLoc_BoogieWoogieBugleBoy_Conversation_1_NPCStart_1	你们这些人就是学不乖是吗？赶紧离开，不然后果自负！
QuestLoc_HotTubSlimeMachine_QuestLongDescription	有传闻说某个避难所里有一个水池，可以蒸桑拿，甚至泡热水澡！去189号避难所寻找这个让人放松休息的绿洲吧。但小心尸鬼！
Title_Level	等级
QuestLoc_IDontKnowsonThird_Conversation_1_NPCStart_4	“你们最多也就只能得到这个了！- 蔻驰”
Weapon_Description_PipeRifle_NightVision	当不确定的时候，总是从黑暗中射击。
PetCarrier_ContentRedeemTitle2	5个宠物笼
Speech_LivingQuarter_PickupLines_23	你如此迷人。
SnipSnipDialog_PowerGenerator_02	有人需要我存储额外的能量吗？我不会偷的。真的，我发誓。
Encounter_Victory_Location14	我从后门逃跑，被岩石绊倒了。岩石是中空的，里面塞满了物资。
QuestLoc_AllWorkandNoPlay_QuestShortDescription	从鲁巴布的掠夺者手中救出监督者阿昌。
QuestLoc_WastelandGetaway_QuestShortDescription	你在废土发现了一处隐蔽的小屋。
Bonus_ChildSpecialBoost	+{0}小孩的属性(SPECIAL)
QuestLoc_DeathclawDeeLite_3_QuestShortDesc	用毒药喷洒死爪巢穴。
QuestLoc_PowertothePeople_Conversation_2_NPCEnd_1	是会结束！不过是对你们而言！
QuestLoc_WastelandTheMusical_Conversation_1_NPCStart_2	♪ 监督者收留了我 ♪ 那时我不过是个孤儿 ♪
♪ 我来自那废土！♪
QuestLoc_SpyonRaiders_Conversation_3B_Team_3	能给我们点杂物么？我们想造东西。
QuestLoc_DrivingtheSnakesOut_Conversation_3_Team_1	为什么这样讨厌红头发？
SnipSnipDialog_Wasteland_86	探索真是累人的活儿，如果我有毛孔，现在一定像桑拿房里的胖子一样汗如雨下。
Speech_Quest_Generic_Dweller_50	真心开始讨厌这个地方了。
Bonus_WastelandCapsBoost	+{0}%废土瓶盖
QuestLoc_BountyOlOneEye_QuestName	悬赏：“独眼龙”
Speech_Quest_Generic_Dweller_Conversation_31_Response_3	这话……说得可真蠢。
Stats_Average_Endurance	居民平均耐力
Wasteland_Intro02	我好激动
QuestLoc_SpringForwardFallBack_RaiderLine_2	“每只眼睛都会因他的荣耀而失明！”
Help_Page14_BottomText	提示：灾害出现的概率随着时间会慢慢降低。
QuestLoc_WhosCarvingtheTurkey_Conversation_1_Team_1	感恩节你端上来的是火鸡，还是填了馅的鼹鼠？
Title_Upgrade	升级
QuestLoc_WorkingOvertime_QuestLongDescription	目击者称鲁巴布和他的掠夺者们最近出现在700号避难所。最好去那里看看！
QuestLoc_ArmsRace_QuestObjective_1	除掉狂尸鬼。
Weapon_Description_PowerFist_Hardened	像蝴蝶一样飘逸，像犀牛一样凶猛。
Status_Wasteland_Dead	死亡
Encounter_Random_Message197	一个破碎的瓶子、弹壳、几滴血……这里绝对发生过战斗。
Updated_Terms_Privacy_iOSDenied	[365136]如需选择接受或拒绝与第三方共享您的数据，请访问设置菜单。
QuestLoc_SpelunKingTrainingF_QuestLongDescription	一年一度的洞穴探险赛即将开始，但是该送哪一个居民过去呢？让我们派遣那些强壮又聪明的居民去吧，看看他们有多厉害！
QuestLoc_GameShowGauntletG_Conversation_3_NPCEnd_1	什么？不！抱歉，傻瓜，但你必须……“掉脑袋”了！
Speech_Quest_NotAlone_Dweller_34	我们完成得越快，就能越早回到避难所。
QuestLoc_HomerunDerby_QuestLongDescription	就算是直觉吧，我看蔻驰可能在圣心脏医院的废墟里歇脚。只要他在那儿，罗基·杰宾森的棒球衫也一定在！
QuestLoc_SpringingtheTrap_Conversation_3_NPCEnd_4	你在对牛弹琴，而且他们可算不上聪明。
QuestLoc_ExtremePrejudice_QuestLongDescription	我们从哈克尼斯那里收到的信息令人担忧：一位同我们竞争的避难所监督者是最近所有攻击的幕后黑手。我们需要派一名刺客潜入他们的避难所，毫不留情地干掉他们的首领。
QuestLoc_S2_QL2_Q1_Doc_Question1_Line1_Choice1	其实，我们是来购物的！
QuestLoc_TheSecretofREDACTED_QuestLongDescription	你要保密，我们的一个高级特工，代号莫里，联系过我们，他说他发现了一个巨大的阴谋，影响深远。到322号避难所去听莫里的大故事！
Speech_Quest_NotAlone_Dweller_24	记住，就算我们中有人倒下了，任务仍要继续！
QuestLoc_HumanBeanJuice_Conversation_1_NPCStart_3	他们的人数是我们的十倍……他们拿走了所有东西。
SnipSnipDialog_Generic_39	希望这些人类今天开心。脾气暴躁的避难所居民可麻烦了。
RushMode_Button_Success	奖励领取
QuestLoc_TheAbyss_Conversation_1_Team_1	所以说，是有一个底部的，然后呢？
Speech_Quest_Alone_Dweller_12	我一个人能行的……对吗？
Speech_Quest_Generic_Dweller_Conversation_25	你知道去执行任务的真正诀窍吗？
Encounter_Journal_Message33	探险家日志。新条目：时尚已死。你只穿那些能让你活命的装备。
QuestLoc_FactoryFloorofFear_Conversation_1_NPCEnd_4	对你来说无所谓——反正你马上就要死了！
QuestLoc_GameShowGauntletB_Conversation_3_NPCEnd_4	一个传奇般的错误答案。准备……“掉脑袋”吧！
QuestLoc_TheFinalHunt_Conversation_1_NPCStart_2	但我才是废土第一名的杀手，不是你们！
QuestLoc_GameShowGauntletI_Conversation_3_NPCEnd_4	你从哪里搞来这些答案的？准备“掉脑袋”吧！
QuestLoc_ArghMatey_RaiderLine_1	吓我一跳，原来是个旱鸭子。
Theme_ShortName_Standard	标准
VictorDialog_Generic_19	别担心，但我总感觉有人在盯着咱们。
VictorDialog_Generic_22	我的程序显示现在是6点，不过怎么感觉更像8点。
Shop_PetBanner_Text2	居民不间断地一路训练至满级。
QuestLoc_SuperDuperTrooper_QuestObjective_1	和对峙的双方交谈。
Weapon_Name_SurgicalRipper_Enhanced	强化的手术齿锯
Seasons_Message_SeasonStartsIn	赛季将于1天后开始
QuestLoc_BountyBash_RaiderLine_1	你！你击溃了“暴击”的暴击！他会撕碎你！
Encounter_Victory_NPC2	我止住了血，让他冷静下来。他应该能挺过来。
QuestLoc_SignalFailure_Conversation_3_NPCStart_2	门……关不上。我打开了求救信标，也许会有人来帮我们。不然的话……我们迟早都会被辐射拖垮。
QuestLoc_ThrowMeSomePepper_Conversation_1_Team_3	我们不是避难所居民！我们杀了他们，然后拿了他们的衣服！
QuestLoc_ExtremeOuterference_Conversation01_PC01	什么？
QuestLoc_HowCanYouNotBeRomanticAboutBaseball_Conversation_1_NPCStart_1	仍然没有罗基·杰宾森的棒球衫的踪影！
QuestLoc_CoveWatch_QuestLongDescription	避难所得到消息，说附近正在拍电视节目。这肯定是个陷阱，但以防万一还是派你最具魅力的居民打扮一番去试镜吧。
Wasteland_ItemCycleNormal_01	我找到了一个锁柜，里面有{0}。
Message_TutorialPopup_18_Hint	提示：有传闻说传奇级别的杂物可以在遥远的废土上找到。
QuestLoc_DrivingtheSnakesOut_QuestObjective_3	击败掠夺者。
Title_DestroyRock	摧毁岩石
NewVegasA_Title	避难所赛季：新维加斯万岁
QuestLoc_PitStop_QuestLongDescription	机会来敲门！你的一位废土勇士发现了一个尚未被占领的红火箭服务站。里面可能有些有用的东西。
QuestLoc_BeatReporting_Conversation_2_Team_2	饥荒为何如此饥饿？
Weapon_Description_FatMan_Hardened	高收益率炮弹带来更大的爆炸……和更多的死亡人数。
Message_TutorialPopup_12_Body_PC	升级您的生产房间来生产更多的资源。点击右下角的箭头图标来升级房间。
Encounter_Random_Message19	十字路口。向左还是向右？还是往右边吧。
QuestLoc_AlienBotQuest03_Conversation_4_PC3_2	太吓人了！
QuestLoc_RadroachRoundup_Conversation_2_NPCEnd_2	太棒了！我们现在可以把其余的人关在笼子里。
QuestLoc_Broadsides_Conversation_1_NPCEnd_2	你说的对！我们这就出发去追捕那些掠夺者—我注定会成为封面明星！819号避难所可得小心啦！
QuestLoc_SpyonRaiders_RaiderLine_2D	给我扫射！烧成灰！
Speech_Conversation_NPC2_Topic48_Response1	哦！我是主要角色之一吗？我敢打赌肯定是。我是说，我怎么可能不是呢？
QuestLoc_PerfectSpecimens_Answer01_NPC08	我们很乐意见到他们！请把我们的事情告诉他们，我们想要结交更多人类朋友。
Outfit_Description_PowerArmor_MkIV	高级战后动力装甲，适合这末日后的世界。
QuestLoc_SpyonRaiders_RaiderLine_2B	卡-靠！卡-靠！
Crafting_FreeJunk_Title	可以开始打造了！
QuestLoc_CollateralMurder_Conversation_1_NPCStart_1	我就是所剩无几的人之一。这大概就是和暴徒还有小报记者作对的下场。
QuestLoc_NoStoneUnturned_Conversation_1_NPCStart_1	我是山杜奇骑士，“麦克森硬汉小队”的一员。
QuestLoc_VaultTecExperimentReviewA_Conversation_1_Team_3	就来看看你们这些鬼能不能死两次。给我上！
QuestLoc_GameShowGauntletC_Conversation_2_Team_1	布朗。
Outfit_Name_ZekesJacketAndJeans	齐克的夹克和牛仔裤
QuestLoc_CheerfortheGhouls_Conversation_3_NPCStart_1	“光滑皮肤”们，你们好啊。我叫吉姆，是这片的负责人。
QuestLoc_ThirdandGoal_QuestObjective_1	解救人质。
QuestLoc_WastelandDoctoring_QuestLongDescription	我们收到了一个无线电信号。邻近的一个定居点有许多生病和受伤的人需要帮助！
Message_ThemeChange_WeaponFactory	你所有已完全合并并升级的武器车间主题将从{0}更改为{1}。确认吗？
Encounter_Random_Message213	这条路看起来不错。
Tutorial_Tip_36	SPECIAL属性高的高等级居民更容易在废土生存下来。
Title_Off	关
QuestLoc_HopontheRoachCoach_Conversation_1_NPCEnd_2	是啊，也许吧。不管怎么样，感谢帮助！
QuestLoc_KnockEmDown_Conversation_2_Team_1	绝不！让废土归于安宁……或者碎成一地留在这儿！
QuestLoc_MatterstoSettle_Conversation_3_NPCStart_3	这种饥饿！饥饿！已经到了我忍耐的极限！
Encounter_Random_Message7	这条路看起来跟别的路也差不多。
MrHandyDialog_Generic_05	这话我跟他们说过不下一千遍了：不。做。修。脚。
QuestLoc_FriendlySettlement_Conversation_1B_NPCStart_1	嘿，那个有光滑皮肤的！我们没想到你能逃过这一劫。
Encounet_Progression_Location15	厂区大部分都被水淹了，想把这里探个遍，就得潜到水底下游过去。
QuestLoc_MyMetalPony_Conversation_1_NPCStart_2	我们刚发现了一匹超棒的骑乘小马！我们……
QuestLoc_VaultTecExperimentReviewC_Conversation_3_Team_3	国王，可以给我们钱吗？
QuestLoc_OBrother_Answer05_NPC02	再见了，失败者。
Speech_Generic_Dweller14	大家都过得好吗？
QuestLoc_TheMostDangerousGame_Conversation_1_NPCStart_1	你们就是那些猎杀一切的避难所居民，对吧？
QuestLoc_DivideandConquer_Conversation_1_NPCStart_3	既然你们看起来不太聪明，我们就从简单的开始。
QuestLoc_ReleasetheRaiders_Conversation_1_NPCEnd_3	是吗？好吧，你说什么就是什么……
Encounter_Random_Message148	探险家日志。新条目：超级变种人憎恨人类，见人就杀。
QuestLoc_ASpecialBrand_QuestObjective_1	探探掠夺者的口风，看看他们是否知道杰克的下落。
QuestLoc_GroomforDoubt_QuestShortDescription	营救失踪的新郎。
QuestLoc_FriendlySettlement_Conversation_1A_NPCStart_2	我们太厉害，其他人都只能干瞪眼，是不是挖？
Inventory_Title_Decorations	装饰品
QuestLoc_TheMostDangerousGame_QuestLongDescription	看起来你需要更大的挑战，要不要试试猎杀一下人类？这次你只能穿你的避难所套装。
QuestLoc_S2_QL2_Q1_Doc_Question1_Line1_Choice3	要等多久？
QuestLoc_SuperDuperTrooper_Conversation_1_Team_2	我只是一个探索废土的避难所居民。
Speech_Quest_Generic_Dweller_Conversation_4_Response_1	是的！别担心！
QuestLoc_GameShowGauntletI_Conversation_2_NPCEnd_1	哈！说得像真的一样。我们会邀请她来看你……“掉脑袋”！
Wasteland_ItemCycleRare_02	好运气！我发现一个{0}躺在地上！
QuestLoc_RunThreeDogRun_RaiderLine_4	你永远无法逃脱“死亡”的魔爪！
Weapon_Description_EnhancedTranqPistol	取得“活捉”奖金最快、最干净的方法。
QuestLoc_CollateralMurder_QuestShortDescription	寻找第一波被掠夺者袭击的居民们。
QuestLoc_WhosCarvingtheTurkey_Conversation_1_NPCStart_1	谢天谢地你们找到了我。
QuestLoc_GameShowGauntletC_Conversation_2_Team_4	我完全不想知道。
Weapon_Description_AlienDisintegrator	一种技术先进的外星武器，而且体型更大。
Message_RoomInEmeregency	在事件中无法启动房间的极速模式。
QuestLoc_Infested_Conversation_1_NPCStart_4	你可以从我这里带走任何一样你需要的东西作为奖励！
QuestLoc_RunThreeDogRun_Conversation_1_NPCEnd_4	差不多“所有东西都在手册里”。你胡编滥造不来。
Speech_Kid2	有人想玩跳棋吗？
Help_Page26_MainText	任务能让您探索新的地点，遇见新的居民和收集战利品。

建造监督者办公室来派遣居民小队去完成任务。

点击监督者办公室里或者哔哔小子上的地图图标来进入任务列表。任务列表会显示您现在可以执行的任务，以及相对应的奖励，要求和状态。

在任务中，将居民拖到新房间中来探索或者直接点击您想要探索的房间。

居民会自动战斗，但是您可以先点击居民后点击敌人来让他们攻击一个特定目标。您可以点击然后按住，将其拖向敌人。

居民在战斗时会出现一个暴击蓄力器；一旦准备好，敌人上方会出现一个勾形图标，点击会对敌人进行致命暴击。

当箭头出现在十字线的中心时，请点击移动的箭头。离中心越近，暴击伤害的倍率就越高。

居民的运气（L）属性越高，暴击蓄力器的恢复速度也就越快。居民的观察力（P）属性越高，箭头移动的速度越慢。

点击右上角的地图图标查看必须完成和可选完成的任务目标。

当您结束探险时，点击地图图标让任务小队返回避难所。
Room_StorageArea_Build	建造一间储藏室？
QuestLoc_TheSpreadingBlight_Conversation_1_NPCStart_1	你们就是那些帮助居民们的植物学家吗？！谢天谢地你们来了！
Pet_MaineCoon	缅因猫
QuestLoc_SuperDuperTrooper_Conversation_2_NPCStart_3	这一定是一个避难所居民。
QuestLoc_FonsVivus_QuestObjective_1	与那些尝试过神奇的新水的定居者们交谈。
QuestSurprise_Discovered_AbandonedHouse	{0}发现了一处废弃的小屋。
NukaQuantum_Shop_Title_Crate	一货箱
QuestLoc_PetPeeve_Conversation_1_Team_1	我向你道歉。我只是想找到瓶瓶和盖盖。
Speech_Conversation_NPC2_Topic52_Response1	我也是！也许我该停止往核子可乐里掺浓缩咖啡了……
QuestLoc_VaultTecExperimentReviewB_Conversation_2_NPCStart_1	我们只知道怎么做间谍，这是我们活着的目的。
QuestLoc_SpyonRaiders_Conversation_3A_Team_3	能给我们点杂物么？我们想造东西。
QuestLoc_EvictionNotice_Soliloquy1_2	在废土上说不定哪天就能找到游泳池……
QuestLoc_TheYolksonYou_QuestObjective_2	营救幸存的居民。
QuestLoc_GameShowGauntletK_Conversation_2_Team_1	超级大锤。
QuestLoc_TheSixthSun_QuestObjective_1	从掠夺者手中救出威尔修士。
QuestLoc_WaroftheNerds_Conversation_3_NPCEnd_1	你忘了我们还有能量弯刀！噗克嘶嘶轰……呜嗡……呜嗡……
QuestLoc_GameShowGauntletJ_Conversation_4_NPCEnd_3	赢的人有肉吃！
QuestLoc_RunnersinScoringPosition_QuestName	得分位置的跑步者！
Title_Close	关闭
QuestLoc_SetEmUpFamine_Conversation_3_NPCStart_2	“将害虫与罗勒、大蒜、帕尔马干酪、橄榄油和松仁混合。”
Message_Tutorial_47	{杂物} 被用来在{工坊}里{打造武器}和{装备}。
Encounter_Random_Message35	我要走那条路。说不定会发生什么有趣的事情。
Tutorial_Tip_61	避难所科技会将一些新来居民的衣服放在午餐盒里。
QuestLoc_OurCupsRunnethOverWITHFAILURE_QuestObjective_1	获取更多关于所谓神奇水的信息。
Outfit_Name_AllNighware	睡衣
QuestLoc_HumansLikeUs_Conversation_1_NPCStart_1	人类同胞们，你们好，欢迎来到我们的避难所。
QuestLoc_MiseryLoathesCompany_QuestName	苦难不喜结伴
SnipSnipDialog_Wasteland_43	啊！死爪！快跑！我只擅长爱人，不擅长打架！
Message_Tutorial_16	每{周}，{避难所科技}会检查您的避难所，根据您的表现来给您一个评级。
QuestLoc_AlienBotQuest02_Conversation_3_PC3_2	嘿！我找到了一包气球！还是密封的！
QuestLoc_SpringingtheTrap_Conversation_3_Team_4	为什么称自己为“害虫”？“不配者”感觉是个更好的名字。
QuestLoc_ScienceCooperative_Conversation_1A_NPCEnd_2	其实我们也是！能见到另一个科学家真是太棒了！快看看这个我最近研究的东西！
QuestLoc_TheToweringIlForno_Conversation_2_Team_1	我们来找配方。把它给我。
QuestLoc_ThymeisMoney_Conversation_1_NPCEnd_2	你得了，小茴香。
QuestLoc_VaultTecExperimentReviewE_Conversation_3_Team_3	我们想把胜利兑换成瓶盖带回家。
QuestLoc_VaultTecExperimentReviewF_Conversation_3_Team_4	你们有没有什么可以用来打造的杂物？
BarberShop_CancelCustomization_Message	您所花费的瓶盖将无法返还。您确定要继续吗？
QuestLoc_WastelandTheMusical_Conversation_4_Team_2	♪ 好吧，就算我忏悔 ♪ 也只是为了争辩♪
QuestLoc_SpyonRaiders_Conversation_1E_NPCEnd_3	是啊，对的。等等，你说什么？你们死定了！
QuestLoc_DeathclawDeeLite_3_QuestObjective1	喷洒死爪巢穴。
QuestLoc_TheFinalPush_QuestObjective_1	寻找“麦克森硬汉小队”。
QuestLoc_ExtremePrejudice_Conversation_5_Team_2	为什么所有的这些避难所，你们选择了我们的？
Objective_KillCreature_Plural	在废土上杀死{0}个生物
Encounter_Journal_Message27	探险家日志。新条目：起了“死爪”这个名字的人可真不是在开玩笑。
Help_Page15_BottomText	提示：废土的居民能够通过瓶盖复活。
Outfit_Description_SpecialThemeHalloween2	骷髅——2077年最受欢迎的万圣节服装，也是2078年美国人的日常。
QuestLoc_GoingToTown_3_Question3_Answer2	你杀不了我老板的。然后他会杀了我。所以不如让我现在就死！
SnipSnipDialog_ScienceLab_01	在末世废土中处理辐射。显然，有人的脑子需要进化了……
QuestLoc_TheScorpionKing_QuestObjective_1	寻找厄尔。
QuestLoc_ExtremeOuterference_QuestName	极端干扰
Wasteland_Got	得到了
Title_VaultList	避难所列表
QuestLoc_RainDelay_QuestObjective_1	寻找罗基·杰宾森的棒球衫。
QuestList_Button_Next	开始！
QuestLoc_DogGone_QuestShortDescription	从一帮掠夺者手里救出被绑架的小狗。
QuestLoc_BeanballtotheFace_QuestName	打在脸上的球！
QuestLoc_CrossingPaths_QuestName	十字路口
QuestLoc_APaleImitation_RaiderLine_2	老大说在我们还没有准备好公开避难所之前不允许新人加入，给我杀了他们！
QuestLoc_BewareofOverdog_Conversation_1_NPCEnd_2	等等！我想我们的监督者想和你一起去。他说这有利于两个避难所的外交关系。
Stats_Levels_Gained	获得的等级
QuestLoc_FollowingHisFirstSteps_Conversation_1_NPCEnd_1	没错！就是那个。离开这里然后去工厂，穿过小河，拿下“道路丘疹”和他那帮掠夺者团伙吧！
QuestLoc_AlienBotQuest03_Conversation_1_PC3_1	这地方真诡异，你觉得呢？
Speech_Generic_Dweller51	我听说全国到处都是避难所。但这也太疯狂了吧。
QuestLoc_AlienBotQuest03_Conversation_4_PC2_4	他们是外星人。
QuestLoc_DeathRevealed_Conversation_1_NPCStart_1	嗯，监督者在哪里？
QuestLoc_TheFinalPush_QuestShortDescription	前往避难所科技总部寻找“麦克森硬汉小队”。
MrHandy_DiedInVault	被摧毁了
Speech_Quest_Generic_Dweller_Conversation_21_Response_2	他们说监督者无所不见，无所不知……
QuestLoc_ExtremePrejudice_Conversation_1_NPCEnd_2	我看到了！很荣幸认识你。然后杀了你。
QuestLoc_Headhunting_Soliloquy1_2	据说他什么都能安排妥当。就是无法安排自己从这帮掠夺者手里逃脱。
Speech_HealthA5	我想我可能要生病了。
QuestLoc_GameShowGauntletI_Conversation_1_NPCEnd_2	我讨厌你回答正确的时候。
QuestLoc_RubarbsReckoning_Conversation_1_NPCStart_1	所以，避难所科技终于找上门来了……
Speech_LivingQuarter_PickupLines_74	对不起，葡萄干我吃完了。不过，我可以给你一个约会——我是说，一颗椰枣。
Help_Page28_MainText	您可以利用杂物和瓶盖，在武器、装备和主题工坊中打造物品。

普通，稀有和传奇级别的杂物会在午餐盒、废土和任务中找到，分解武器和装备也能产出杂物。物品越稀有，需要的杂物就越稀有。

同时还需要打造物品的相应配方。工坊开始时会自带一些配方，其他的配方可以在死亡的掠夺者身上、废土探险或任务中找到。

主题配方以碎片形式出现。在任务中寻找这些碎片，或使用量子核子可乐来补全主题配方。

点击工坊的打造按钮可以看到能够打造的物品列表，选择您想要的。升级后的武器和装备工坊能够打造稀有和传奇级别的物品。

如果开始打造之后取消，您所用的杂物将全部返还，但花费的瓶盖只有部分返还。
Speech_Quest_Generic_Dweller_8	好吧。我准备好回家了。
Speech_Quest_Generic_Dweller_Conversation_7	我有点害怕。
QuestLoc_TheNightWatch_Conversation_1_NPCStart_4	这是我见过的最奇怪的事了……一批又一批的植物倒下！太诡异了。
QuestLoc_ReleasetheRaiders_QuestLongDescription	死亡不在144号避难所。他在某处的一个山洞里，144号避难所居民仍在试图叫醒他。是时候回头和“战争”碰头，交上状态报告了！既然顺路，我们也让“战争崇拜者”们去找那个洞穴，免得他们惹麻烦……
QuestLoc_SpyonRaiders_Conversation_1A_Team_1	我们真的很喜欢骨头。呃。还有，粉碎它们……应该是吧……
LunchBox_Card3_Title	卡牌3几率：
QuestLoc_CheerfortheGhouls_QuestObjective_1	和尸鬼首领聊聊。
Encounter_Defeat_Creature16	狂尸鬼漫游者疯狂地袭击了我！我不得不逃！
Speech_Quest_Alone_Dweller_3	寂寞没什么可怕，可怕的是你只有一个人。
Objective_OpenLunchbox	打开1个午餐盒
QuestLoc_AtDeathsDoor_Conversation_1_Team_1	走吧！滚出去！但如果你再惹麻烦……
QuestLoc_TheFinalHunt_Conversation_1_NPCStart_3	你们的尸体会被好好做成标本摆在我的战利品收藏室，看起来一定很不错！
Speech_Quest_Generic_Dweller_10	那阵寒意……我觉得刚有只鬼穿过了我的身体。
Outfit_Name_WandererArmor	皮甲
QuestLoc_WondersofTechnology_QuestLongDescription	著名科学家欧拓凡霍夫伯格就在附近，正在研究可以探索太空的巧手先生，去看看他的进展吧！
Objective_AssignDwellersToUltraciteMine	将至少拥有{0}点{1}属性的居民分配至辐射极琉矿矿场
QuestLoc_ItsnotEasyBeingGreen_Conversation_3_Team_1	我开始认为啤酒可能与它有关。
PrivacyPolicy_Contact	[212F21]联系我们/查看或者删除已收集信息[365136]
? privacy@support.zenimax.com
? 注意：著作权协调
ZeniMax Media, Inc.
1370 Piccard Drive
Rockville, MD 20850
USA
? (301) 963-2000
Outfit_Description_LibrarianSpecial	证明给未来的人类，打印并没有消亡。
QuestLoc_VaultTecExperimentReviewE_Conversation_3_Team_2	我们想用新衣服来招招好运。
QuestLoc_GameShowGauntletF_Conversation_3_Team_2	杰弗逊纪念碑。
QuestLoc_TheQuestforVault525_Conversation_1_NPCStart_1	我的妈呀！就在地上！宝拉日志里的一页！
Speech_Quest_Generic_Dweller_Conversation_7_Response_1	一定没事的！你可以的！
QuestLoc_VaultTecExperimentReviewE_Conversation_2_Team_1	红桃Q？
QuestLoc_SignalFailure_QuestObjective_1	找到233号避难所求救信号的源头。
Tutorial_Header	避难所小子！
QuestLoc_BountyButcher_QuestLongDescription	有一个悬赏公告，要求杀死领头死爪“屠夫”。不用担心。我相信这个肯定只是个昵称。但把它拿下，你会得到一笔丰厚的奖金。
Outfit_Description_HandymanJumpsuit_Expert	适合在废土上生存。或者适合写一本如何在废土上生存的书。
QuestLoc_KidnappingatVault778_QuestShortDescription	拯救778号避难所被绑架的居民。
Room_NukaColaPlant_Desc	将居民分配在这里生产核子可乐！
QuestLoc_GameShowGauntletD_Conversation_4_Team_1	大核子。
Speech_Quest_MainPath_Dweller_6	马上就到了……
QuestLoc_SpyonRaiders_Conversation_3D_Team_2	老大！我们想要点医疗物资！
QuestLoc_MatterstoSettle_Conversation_3_Team_3	雄鹰飞过双头牛群上空。
Weapon_Name_InstituteRifle_Targeting	定向型学院步枪
QuestLoc_GameShowGauntletI_Conversation_3_Team_1	红色漫游者。
SnipSnipDialog_Wasteland_20	我的温度计显示当前温度接近“地狱第七层”。
Encounet_Progression_Creature2	野狗逼近，准备攻击。
QuestLoc_RoboRampage_Conversation01_PC02	等一下！我们就不能像文明人一样谈谈吗？
Encounter_Progression_JustStartedTier1_11	呃。难怪人家管这儿叫“废土”。
Login_Username	用户名
Speech_Generic_Dweller59	等等，这是我的休息时间还是工作时间？我已经乱套了。
Room_Geothermal_Desc	将居民分配在这里生产电力
Help_Page20_Title	分配居民
QuestLoc_WastelandTheMusical_Conversation_6_NPCStart_4	♪ 同时我们会蛰伏 ♪ 在我们隐蔽的地下基地里。♪
♪ 向学-院致敬！♪
QuestLoc_LittleRedRadiumHood_Conversation_2_NPCStart_3	你给我带了很多甜蛋糕吗？
QuestLoc_ThrowMeSomePepper_Conversation_1_NPCStart_2	你来这里是为了去死的，对吧？！
QuestLoc_InHotPursuit_Conversation_1_Team_1	最好告诉我瓶瓶和盖盖去了哪里，不然的话……
SnipSnipDialog_Generic_33	我想知道我们能不能把其中一个房间改造成一个正经的书房。壁炉、书架……还有杜松子酒。
QuestLoc_S2_QL2_Q1_Doc_CombatInit2	我们已经等着看医生等了好几天了。正好拿你们打发时间！
QuestLoc_TheCaseoftheMissingMitt_Conversation_2_NPCStart_3	我睡觉的时候，手套被偷了。
QuestLoc_Infested_Conversation_1_NPCStart_3	我好像遭了辐射蟑螂的虫害……你能帮我除掉它们吗？
QuestLoc_NoRestfortheWicked_Conversation_1_NPCStart_3	如果你们能救她，那就再好不过了！
QuestLoc_Snipping_QuestName	剪优惠券
Speech_LivingQuarter_Dialogue_NPC2_12	也许吧。但你为什么想去？
Speech_Quest_Generic_Dweller_Conversation_27	一点儿都不好玩。
QuestLoc_TheFinalPush_Conversation_1_NPCEnd_4	我们会的。拿着，你们比我更适合带上这个。
MrHandyDialog_RadioStation_01	麦克风测试，麦克风测试，1、2、3。这玩意儿开着吗？
QuestLoc_TheScorpionKing_Conversation_1_Team_4	试着换个工作吧，比如说种田。
QuestLoc_APaleImitation_QuestName	拙劣的模仿
Speech_Conversation_NPC1_Topic51	你闻到什么奇怪的味道了吗？
Speech_Quest_Generic_Dweller_45	我可太“喜欢”他们把这地方折腾成的样子了。
Weapon_Description_AlienBlaster_Focused	特别为最大化的地球毁灭而增强制造的。
QuestLoc_SnakeWater_Conversation_1_NPCStart_2	你认为你能在武装战斗中打败我吗？恐怕不可能。我纯净清新的水将会掩护我！
Weapon_Name_CombatShotgun_Enhanced	增强型战斗霰弹枪
QuestLoc_GhoulSupplies_QuestObjective1	向销售员询问情况。
Theme_Name_Anniversary_LivingQuarters	派对宿舍
Outfit_Name_WrestlerSpecial	摔跤手服
QuestLoc_DeathandDenial_Conversation_2_NPCEnd_1	好的，不过提醒你，我们这儿一般用公制。
Speech_Conversation_NPC1_Topic59	辐射蝎和妖怪熊打架，谁会赢？
Weapon_Description_PipePistol	废土掠夺者的最爱。粗糙但实用。
Season_Duration_Plural	[282828]赛季及实验避难所将于[-] [FD0C0B]{0}天[-]后结束
Message_Tutorial_07_PS4	让我们看看{居民}的{状态}。以左摇杆{移动}到{废土}来{选择}第一个{居民}。
Message_Tutorial_11_PC	现在，{居民}正在工作，房间将开始{生产资源}。{双击}{房间}来仔细察看。
QuestLoc_SetEmUpFamine_QuestObjective_1	让“饥饿”的人将“饥荒”引到226号避难所。
Pet_LaPerm	拉邦猫
QuestLoc_Snipping_QuestObjective	搜索大无敌超市。
QuestLoc_HostageNegotiations_QuestObjective_1	阻止掠夺者。
QuestLoc_PittStop_Conversation01_PC03	好吧，你们可以留下工人，但给我们一些你们的装备作为样品，让我们的人看看。
QuestLoc_OfftheRails_Conversation_1_NPCEnd_3	没什么，他们只是想抓合成人！我想他们去了旧原子玩具厂办公室……
QuestLoc_GameShowGauntletG_Conversation_1_NPCEnd_4	他好像根本不怎么出名吧？所以该……“掉脑袋”了！
QuestLoc_LiveDeadDrop_Conversation_1_NPCEnd_3	就这样？哇，很高兴你没有因为那个被杀！
QuestLoc_GivemeLibertyandorDeath_Conversation_1_NPCEnd_2	想得美！我们是军团！第44条育种方案成效斐然。
Objective_ScrapItem	拆解一件武器或装备
QuestLoc_DeathandDenial_Conversation_4_NPCEnd_1	她让儿子迷上了剪刀石头布，然后总是出石头让他一败涂地。
QuestLoc_TheInfiltrationGame_Conversation_1_NPCEnd_1	好的JF，我……嘿，等一下……
Weapon_Name_MissileLauncher_Rusty	生锈的飞弹发射器
QuestLoc_ESterEggHunt_Conversation_2_Team_1	我想我找到了，但其实他们是某种大炸弹？
Bonus_AddMaxHP	+{0}%生命值
QuestLoc_RubarbsReckoning_QuestShortDescription	在711号避难所和鲁巴布还有他的掠夺者对峙。
Outfit_Name_GamblerSuit_Fancy	华丽正装
Outfit_Name_RadiationSuit	防辐射服
QuestLoc_SetEmUpPestilence_Conversation_2_NPCStart_3	我不能……思考……受祝福的……是……受祝福的……被辐射的人！
Options_EnableController	启用控制器
QuestLoc_GameShowGauntletA_Conversation_4_NPCEnd_2	我不知道你说的是啥。所以……“掉脑袋”吧！
Speech_Kid39	嘿大家！最近怎么样？
NukaQuantum_Shop_RedeemTitle1	六瓶装量子核子可乐
Message_Tutorial_34	记住在{建造}{房间}前请先{摧毁}岩石。
QuestLoc_SpyonRaiders_QuestObjective_2	同掠夺者交谈。
QuestLoc_WorkingOvertime_Conversation_1_Team_1	呵，果然不出所料。
Shop_PetBanner_Text5	提升打造速度和花费。
Objective_CompleteQuestsWithoutStimpacks	在不使用治疗针的情况下完成1个任务
QuestLoc_SavingDaylight_Conversation_2_NPCEnd_3	那是……一个很好的问题。让我回头再答复你。
QuestLoc_AMaptotheStars_Conversation_1_Team_1	你现在准备怎么办？
QuestLoc_HotTubSlimeMachine_QuestName	热水器
QuestLoc_TheFinalPush_Conversation_1_NPCStart_1	干得漂亮，战士们！
Social_Gift_Title	赠送礼物
QuestLoc_DeathclawDeeLite_4_Question2_2	想……伴侣……啊啊啊！
QuestLoc_SpelunKingTrainingG_Conversation_1_NPCStart_3	（并没有意识到他戴着面具说话，别人根本不明白。）
Objective_RandomEnemyKilledUnarmed_Plural	不用武器杀死{0}个{1}
Speech_Quest_Loot_Dweller_43	我就当这是……危险津贴了。
Stats_PetBreeds_DefaultFloatingDrone	外星无人机
Encounter_Random_Message200	我应该这样光明正大地走过去呢，还是偷偷潜行？永远搞不清状况。
Achievement_Xbox_Completed_07	收集了一个主题配方的所有碎片
Speech_Conversation_NPC2_Topic3_Response1	其他的避难所吗？还有其他的避难所？
QuestLoc_Infested_Conversation_1_NPCEnd_1	谢谢！你真是个小天使！
VictorDialog_Wasteland_30	哟，你瞧这只死爪。真是头大家伙。最好离它远点。
Encounet_Progression_Creature24	火兵蚁逼近，准备攻击。
Encounter_Defeat_Creature8	拾荒者的狗太凶残了，我打不过它！
QuestLoc_WondersofNature_Conversation_1_NPCStart_2	我见识过一些东西……无人见识过的恐怖。
Encounter_Random_Message83	已经两百年没有人在那个旧橄榄球场触地得分了。
QuestLoc_CheesePlease_QuestObjective_2	杀死发光种。
QuestLoc_TheSixthSun_Conversation_1_NPCStart_2	在我们释放愤怒之前，请转身离开！
QuestLoc_VaultTecExperimentReview_QuestLongDescription	避难所科技想要你去查看一些……我们在其他避难所做的实验。
Speech_LivingQuarter_PickupLines_35	你就像胆固醇，总是扰乱我的小心脏。
SnipSnipDialog_Generic_24	在那场该死的战争之前，我可能会照顾一个生活小康的郊区家庭……
SeasonModal_Leaderboard_ScoreInfoPopup_CompleteQuests	完成任务
QuestLoc_BeatReporting_Conversation_3_NPCStart_4	现在，他突然发现自己有了一群邪教崇拜者和一个骑士披风。
QuestLoc_SignalFailure_RaiderLine_1	嘿！我们是第一个到这里的！还没有人搜刮过这个避难所呢！
QuestLoc_WaroftheNerds_Conversation_3_Team_3	我们只追求宇宙的和谐。这个星系足够大了。
QuestLoc_ExtremePrejudice_Conversation_5_Team_3	我们就不能和睦相处吗？
Speech_Conversation_NPC2_Topic36_Response1	谁在那儿？等等。算了，我才懒得问。
Speech_LivingQuarter_PickupLines_64	我去看了医生。他说我身体缺乏……维生素U。
Outfit_Name_RaiderArmor	掠夺者装甲
QuestLoc_ByHookorbyCook_QuestLongDescription	事实证明，厨师之前是真的想害死我们所有人。看来他是一伙觊觎我们避难所的掠夺者的同伙，他一露馅便逃走了，但我们知道他打算在一个废弃的红火箭加油站与其他掠夺者会合。
QuestLoc_TheCaseoftheMissingMitt_Conversation_1_NPCEnd_2	就是要有这种态度。现在继续，手套可不会自己回来。
QuestLoc_GoWest_QuestShortDescription	向赫伯韦斯特询问关于31号避难所的事情。
Quest_Button_ContinueQuest	继续
QuestLoc_TheMysteryofVault666_QuestObjective_1	调查666号避难所。
QuestLoc_HerestoYouRackieJobinson_QuestShortDescription	第九局下半！去球员休息区把那件棒球衫拿到手！
QuestLoc_GameShowGauntletD_Conversation_3_NPCEnd_4	你和驴子什么仇什么怨？现在准备……“掉脑袋”吧！
QuestLoc_ScienceCooperative_Conversation_2C_NPCEnd_2	什么？对哦！现在就很明显了！来，这是给你的奖励。
Weapon_Description_Minigun_Hardened	射击许多轮可能不是必要的，但它肯定是有趣的。
QuestLoc_DeathclawDeeLite_1_Soliloquy1	哦，嘿，一个肋骨架。看起来很新鲜。吓人。
QuestLoc_DrivingtheSnakesOut_Conversation_2_Team_3	看来我们只能求同存异了。
QuestLoc_DeathandDenial_Conversation_4_NPCStart_1	你好！这是伊丽莎白·沃辛顿夫人，我是她的侍从阿加莎。
Speech_Room_SomeoneUnhappy_Nukacola	再多的糖也无法让我们的关系甜起来。我鄙视你。
QuestLoc_GoingToTown_1_Question3_Choice2	什么？
QuestLoc_CheesePlease_RaiderLine_2	这个地方似乎没有奶酪……
QuestLoc_ScientificProgress_Conversation_1_NPCStart_1	为什么要这么做，我们又没对你怎么样！
Room_Armory_Desc	将居民分配在这里训练观察力
QuestLoc_AtDeathsDoor_Conversation_1_NPCEnd_2	明白。但我们宁愿和你一起冒险，也不愿白白送死！
QuestLoc_FriendlySettlement_Conversation_2D_NPCEnd_1	哈，这个怎么样？很早的时候它和我一起征战沙场。
QuestLoc_APaleImitation_RaiderLine_1	嘿！有人找到了那个避难所，他们可不接受不请自来的人！
QuestLoc_KnockEmDown_Conversation_1_NPCStart_1	别开枪，是我，德鲁西拉。
QuestLoc_GameShowGauntletH_Conversation_4_NPCEnd_1	呃！你是不是偷了一份我们的答案备份？居然答对了。
QuestLoc_TheFinalPush_Conversation_1_Team_1	是我们的荣幸。
Stats_Average_Strength	居民平均力量
QuestLoc_TheCaseoftheLostLunch_QuestShortDescription	有人被绑架了！救出他，带他回家吧！
Message_RoomRushing	有房间正处于极速模式。
QuestLoc_ScienceCooperative_Conversation_1A_Team_1	呆子，给我们弄点激光步枪呗。
QuestLoc_LittleMissWasteland_Conversation_2_NPCStart_4	你准备好开始了吗？
Social_NoFriends	邀请您的Facebook朋友来一起玩辐射避难所，互相交换杂物吧！
QuestLoc_DogGone_Conversation_2_NPCEnd_3	呃，那我们就能写出更好的勒索信了！成交！
Speech_LivingQuarter_PickupLines_31	避难所里是不是有贼？因为我的心好像被偷走了。
QuestLoc_ExtremePrejudice_Conversation_5_NPCEnd_3	雇佣刺客说……
Outfit_Description_FlightSuit_Expert	你可以随时做我的僚机！
CloudFailedVersionMismatch	您的云存档来自于一个更新的辐射避难所版本。请更新游戏后再尝试。
Speech_Quest_Generic_Dweller_12	为什么我会同意来做这个？
SnipSnipDialog_Generic_30	这是什么……哦，还真是。地板上有血。太“棒”了。
QuestLoc_OneGhoulCustomer_Conversation_1_NPCEnd_4	当然了！这可是提神醒脑的终极武器。来，试试。
QuestLoc_GhoulInBlack_Answer01_PC01	放轻松，我们只是路过。
QuestLoc_GameShowGauntletK_Conversation_2_NPCEnd_4	可笑，但是是对的！
Controls_Xbox_Vault_MoveCamera	移动镜头
Tutorial_Tip_38_Switch	按下左摇杆来查看关于资源储存的更多细节。
QuestLoc_ArmsRace_QuestObjective_2	领取你的奖励。
Room_DecorationFactory_2	装饰车间
QuestLoc_CollectorsEdition_Conversation_2_Team_1	你们收铅（子弹）吗？
Outfit_Name_SarahSpecial	里昂的骄傲盔甲
QuestLoc_AllWorkandNoPlay_Conversation_2_NPCEnd_4	跟你们说，来，拿着这个。这个可能能保护你。但也可能没用。
Message_UltraciteToolTip	无法摧毁。在此建造辐射极琉矿矿场。
QuestLoc_GameShowGauntletJ_Conversation_3_NPCEnd_2	那是它战前的名字，真不幸你不得不……“掉脑袋”了！
QuestLoc_AllsFairinLoveandNuclearWar_Conversation_2_Team_4	你有试过先朝自己的脸上开一枪吗？可能可以增大你的概率哦。
QuestLoc_ESterEggHunt_Conversation_1_NPCEnd_2	我明白了。我的意思是……我不明白。是的，最后一个。
QuestLoc_FactoryFloorofFear_Conversation_1_Team_1	你们没听说吗？每个人都应该远离这个地方。
QuestLoc_DaysGoneBye_QuestObjective_1	查找关于31号避难所历史的信息。
Encounter_Message_Creature13	一只看门狗，正警戒着四周。
QuestLoc_GroomforDoubt_Conversation_2_Team_2	真爱征服一切。
QuestLoc_MatterstoSettle_Conversation_3_NPCEnd_2	对……没错。然后我还是会饿。愚蠢的我。
QuestLoc_MondayNightBrawl_RaiderLine_2	你一定是在跟我开玩笑！
QuestLoc_SecretWeaponTest_RaiderLine_2	向我不那么小的朋友问好！
Message_Tutorial_29	点击{核子瓶盖}来打开您的{午餐盒菜单}。
QuestLoc_GameShowGauntletI_Conversation_2_NPCEnd_4	你根本就没有一个叫缇丽的姨妈。就冲这点……“掉脑袋”吧！
Weapon_Description_GatlingLaser	这是一个旋转机枪。有激光。足够了。
QuestLoc_FoodFight_Conversation_1B_NPCEnd_4	反正是个糟糕的工作！
Encounter_Progression_JustStartedTier1_14	我会让避难所为我骄傲的。等着瞧。
Help_Page16_BottomText	提示：稀有和传奇级别的居民能在午餐盒中找到，他们的属性通常很强。
QuestLoc_ReignofRadroachRodney_QuestShortDescription	打败辐射蟑螂罗德尼和他手下的辐射蟑螂们！
QuestLoc_GivemeLibertyandorDeath_QuestLongDescription	那是个陷阱！无论“死亡”是谁，他都在沉睡……而144号避难所的居民认为杀死人能让“骑士”醒来！我们杀了他们的监督者，但我们仍然需要找到他们的避难所。如果我们足够幸运，避难所科技的档案里应该会有它的位置……
QuestLoc_GameShowGauntletG_Conversation_2_NPCEnd_1	答对啦！如果你叫那个小疯子“男孩”的话……
Speech_LivingQuarter_PickupLines_66	我希望再来一枚炸弹。这样我随时都能和你一起躲起来。
Encounet_Progression_Creature19	我不知道该怎么杀死这只辐射蝎，但无论如何我得试试！
Speech_Conversation_NPC2_Topic3_Response2	你知道吗，我还真没想过。我们的避难所这么棒，我干嘛还想别的？
QuestLoc_TheBansheesKeen_Conversation_1_NPCStart_2	那不断的哀号让每个人都疯狂。
VictorDialog_Athletics_01	真佩服人类没有轮子照样能走来走去。
MrHandyDialog_Generic_02	人类如此之多，我的时间却如此之少。
KeyboardMapping_OpenWindowSurvivalGuide	生存指南
QuestLoc_GoingToTown_2_CombatInit2	你别想把我带到楼上那些怪人那里！
QuestLoc_SpelunKingTrainingB_QuestShortDescription	有魅力又观察力敏锐的居民真的有本事赢得大赛吗？
Weapon_Name_UltraciteGatling1	辐射极琉矿加特林激光枪
Speech_Conversation_NPC1_Topic6	我真希望我能有只宠物。你呢？
QuestLoc_RescueSanta_QuestObjective_1	拯救圣诞老人！
Notification_DwellerWasteland_05	您的一位居民在废土上探索一段时间了，您应该看看他们怎么样了。
SeasonPass_XPAmount	{0}/{1}
QuestLoc_CleaningHouse_Question1_Answer3	哦……好吧！我走！他就是去拿我们的东西，然后跟上来。保证！
QuestLoc_VaultTecExperimentReviewB_Conversation_2_NPCStart_2	给我们你们避难所的情报，不然的话！
Speech_LivingQuarter_PickupLines_75	你就像一只可爱又胖乎乎的北极熊——总在试图破冰。
QuestLoc_HumansLikeUs_Conversation_2_NPCStart_4	请向我提个问题吧，这样我们就能交谈了。
QuestLoc_TheToweringIlForno_Conversation_1_Team_2	我们在这里取回绝密的烹饪文件。
QuestLoc_AllWorkandNoPlay_Conversation_2_NPCStart_2	我们可不想惹麻烦！
QuestLoc_Vault789_Conversation_1_NPCStart_1	谢谢你们的帮助！那些掠夺者最坏了。你们是怎么找到我们的？
QUEST_1_ANWSER_4	我们为什么要相信掠夺者团伙？
Theme_Name_Standard_NukaColaPlant	标准核子可乐工厂
KeyboardMapping_OpenWindowFriendList	社交
Pet_Description_germanshepherd_l	从丹恩城到钻石城，真正的废土传说。
QuestLoc_FactoryFloorofFear_QuestName	工厂惊魂
MrHandyDialog_Wasteland_61	我可以从这滩血上面飘过去……
QuestLoc_GetinLine_QuestName	请排队
Theme_Name_UltraciteWeaponFactory	辐射极琉矿武器车间
Weapon_Description_Ripper_Rusty	链条需要加油，但它依然能工作。
SnipSnipDialog_Wasteland_92	一个兔子玩偶钉在门上，这该怎么理解呢？
QuestLoc_GoingToTown_1_Question1_2	那个蠢表情是什么——嗯，我是说，您需要什么？
QuestLoc_SecondStringers_Conversation_1_Team_2	谁是柯米什？
Weapon_Name_PlasmaRifle_Rusty	生锈的等离子步枪
Speech_Quest_Loot_Dweller_35	我拿走这个，希望没有人介意……
Title_Upgrading	升级中……
Message_CantDestroyRoom_MrHandy	不能摧毁这个房间，因为巧手先生在其中。
MrHandyDialog_Wasteland_56	让我看看穿过这个街区能到哪里……
QuestLoc_GameShowGauntletB_QuestName	游戏秀场的考验
Speech_Conversation_NPC1_Topic36	叩叩。
Speech_FlavorText_LQ_05	虽然简陋……但这里是家。
Speech_Quest_Alone_Dweller_17	当你需要其他居民时，居然一个都不在……
Speech_LivingQuarter_SameSex	但生理上是不可能的！
Encounter_Journal_Message39	探险家日志。新条目：辐射蝎。尾刺加螯钳，等于死亡。
QuestLoc_OfftheRails_QuestLongDescription	一群称作是“铁路”的人试图将难民偷偷送走，结果被掠夺者们发现并抓走了。请尽快找到他们。
QuestLoc_SavingDaylight_Conversation_3_Team_3	为什么不等到明天，看看太阳是否还在那里？
Message_TutorialPopup_12_Body_Xbox	升级您的生产房间来生产更多的资源。选中房间后，按下即可升级房间。
QuestLoc_GameShowGauntletA_Conversation_1_NPCStart_3	如果你回答错了，你就会……“掉脑袋”！
QuestLoc_GoingToTown_1_Question1_Answer2	哼。随便，把我以前穿的这条裙拿去吧。
QuestLoc_OBrother_Conversation05_NPC01	哇哦！真不敢相信我们能偷偷溜过守卫！
Achievement_Xbox_Description_14	打造10件装备
QuestLoc_FirstDown_Conversation_1_NPCEnd_2	大概和讨好他们老大有关。你们去救我妹妹的时候能亲自问问他们吗？
SeasonPass_ChallengeUnlocksIn	挑战将于{0}后解锁
QuestLoc_ADeliciousTrailofDanger_Conversation_2_Team_3	你们有没有什么好的装备来帮助我们打败高步勒？
Achievement_Xbox_Name_02	你被开除了！
NukaQuantum_Shop_Title_Fridge	一冰箱
QuestLoc_AquaNukaCola_QuestObjective_1	清除掠夺者营地。
Title_SpecialStats	状态
QuestLoc_PittStop_Conversation01_PC04	也许我们可以达成一个交易协议？
Message_VaultCapacity_Full_BuildMenu	达到上限。
QuestLoc_S2_QL3_Q3_Insider_Question1	窃贼，是吧？尝尝致命武力！
Speech_Quest_Generic_Dweller_Conversation_19_Response_3	我现在真不想去想你的身体的事。
QuestLoc_GameShowGauntletC_Conversation_1_NPCStart_2	请正确回答问题来赢取瓶盖。
QuestLoc_WondersofNature_Conversation_1_NPCStart_4	谢谢你们救了我！
SnipSnipDialog_Wasteland_94	看啊，两个人类正在用轮胎扳手互相殴打。人类真是太棒了。
QuestLoc_TheYolksonYou_QuestName	蛋黄之争
Encounter_Message_Creature8	一只拾荒者的狗，嗅着废品的味道。
QuestLoc_Astronomical_Conversation4_Answer_NPC01	她不需要听你废话！
QuestLoc_GoingToTown_1_Question4_Choice1	大哥，坠落已经发生了。我们坠了。
SeasonPass_MaxRank	最高等级
Outfit_Name_PrewarCowboy	战前牛仔装
QuestLoc_GivemeLibertyandorDeath_RaiderLine_2	手册里什么都有！
QuestLoc_UndercoverOperations_QuestObjective_2	和士兵交谈。
Weapon_Description_PowerFist	给本就丰盛的“指节三明治”再加点液压酱汁。
QuestLoc_WeaponsRun_QuestName	武器赛跑
Room_Casino_3	游戏中心
QuestLoc_ThirdandGoal_Conversation_1_NPCEnd_1	哈！你知道谁最大程度上保证了咱们能赢吗？我！
QuestLoc_WastelandTheMusical_QuestShortDescription	停止一帮唱歌的掠夺者威胁整个地区。
QuestLoc_RaiderTroublesatCorvega_QuestObjective_1	审问“道路丘疹”，索要更多信息。
QuestLoc_ESterEggHunt_Conversation_2_NPCEnd_2	爆炸之后我们很快就会查明……我是说，在我们呃……为罪孽“赎罪”之后。
QuestLoc_PierIntoFuture_Conversation02_NPC01	我叫露西！我刚到这里……
QuestLoc_RobotHood_Conversation_1_NPCEnd_1	我不会让你抓住我的！
Help_Page06_BottomText	提示：连续登录七天将会获得午餐盒奖励。
QuestSurprise_Enter_Female	你想要她进去吗？
QuestLoc_NoRestfortheWicked_QuestLongDescription	看起来鲁巴布只是刚刚开始。你收到了监督者扎勒斯基的求救电话。最好去调查一下！
Open_NintendoShop_Switch	打开任天堂在线商店
QuestLoc_ScientificProgress_QuestObjective_1	探索建筑。
QuestLoc_SpyonRaiders_Conversation_3C_Team_4	去死吧，你们这些掠夺者人渣！
Room_MedBay	医务室
QuestLoc_GameShowGauntletH_Conversation_2_NPCStart_2	洛伦佐·卡伯特被关押在哪里？
Controls_Xbox_Vault_GrabDweller	抓住居民（按住）
CloudActionImport	引入
Stats_Water_Collected	收集水
Weapon_Description_InstitutePistol_Apotheosis	未来的力量在你手中。
LunchBox_Content_Card1	瓶盖（100%）
Objective_CollectCapsOnQuests	在任务中收集{0}个瓶盖
QuestLoc_GameShowGauntletG_Conversation_1_Team_2	亚伯拉罕林肯。
QuestLoc_SpelunKingTrainingA_QuestShortDescription	强壮又观察力敏锐的居民真的有本事赢得大赛吗？
QuestLoc_SpringingtheTrap_Conversation_1_Team_1	庇佑将是美好的。瘟疫在哪里？
Message_TutorialPopup_21_Body_Part2_Xbox	要攻击特定敌人，先选中居民，再按住使目标出现，然后选择敌人。
Objective_StopIncident	终止1次事件
Pet_Description_militarymacaw_b	能唱《美丽的美利坚》……也能咒骂监督者。
Weapon_Name_Minigun_LeadBelcher	“吐铅者”旋转机枪
SnipSnipDialog_Generic_05	这话我跟他们说过不下一千遍了：不。做。修。脚。
QuestLoc_MatterstoSettle_Conversation_5_NPCEnd_1	没错！待续！
QuestLoc_TheBansheesKeen_Conversation_1_NPCStart_4	人们开始互相攻击！
QuestLoc_DeathclawDeeLite_1_QuestName	死爪肉
Quest_Dialog_1_2	你一定在找首领。
QuestLoc_DaysGoneBye_Conversation_1_NPCStart_2	任何靠近31号避难所的人，都会被他们追杀。
Weapon_Description_BOSAssaultRifle_Hardened	虽然略有磨损，却维护得无比细致，适合挑剔的骑士。
QuestLoc_SpelunKingTrainingB_Conversation_1_NPCStart_3	巧手者，消失吧！
UnlockRoom	解锁房间
Inventory_Title_Outfits	装备
QuestLoc_AllsFairinLoveandNuclearWar_Conversation_2_NPCEnd_1	没有人敢嘲笑我的符咒！
MrHandyDialog_Wasteland_76	天哪，这里乱得都没有办法清理了，我都快恐慌发作了。
QuestLoc_FriendlySettlement_Conversation_2A_NPCEnd_4	我想我们应该能抛开一些东西吧。好好享受。
QuestLoc_ANiceGhoulLikeYou_Conversation_1_NPCEnd_3	不。当他出现的时候，他会发出奇怪的音乐，记得吗？
Message_Quest_DwellerNoLongerAvailable	{0}现在无法被派去执行任务。
QuestLoc_GetchaPeanutsHere_Conversation_1_NPCStart_1	等等！地上那个！是……哦不对，只是一块破布。
Outfit_Description_RobotArmor	不需要躲在保护者后面，你可以直接穿上它。
QuestLoc_TimetoWakeUp_RaiderLine_3	应该已经接近了，我的耳朵快聋了。
QuestLoc_S2_QL2_Q3_Req_Question2_Answer1	哦！这归装备口管，我管毛绒玩具。不过你看着挺需要个拥抱的——给，泰迪熊一只。
QuestLoc_TheSpreadingBlight_QuestShortDescription	和另一群受到红果枯萎灾害影响的农民见面。
QuestLoc_ItsnotEasyBeingGreen_Conversation_3_NPCEnd_3	你是说“生物危害”不是一个食品着色剂的品牌？
QuestLoc_LittleRedRadiumHood_Conversation_1_NPCStart_2	我试图运送物资给奶奶，但她很奇怪。
Speech_Quest_Generic_Dweller_Conversation_7_Response_3	该死的，别犯怂啊！我们需要你！
Weapon_Name_BOSAssaultRifle_Hardened	加固的兄弟会突击步枪
MrHandyDialog_Wasteland_9	我的内部指南针显示我现在正朝东。看来我该朝这个方向飘……
QuestLoc_EvictionNotice_Question3_Answer3	等几天，你会比我们更臭的！
QuestLoc_TheToweringIlForno_Conversation_2_NPCStart_2	什么使你来到这个地方？
Weapon_Description_MissileLauncher	发射一个强大的爆炸弹。爆炸！
QuestLoc_GameShowGauntletA_Conversation_4_NPCEnd_1	哦，很接近了。但还是错。该……“掉脑袋”了！
BrotherhoodOfFeels_ConversationAnswer_01_NPC02	我们建立这个社区是为了帮助人们，让他们团结起来。
Pet_Doberman	杜宾犬
QuestLoc_DeathclawDeeLite_4_Question2_Answer1	噶啊！
QuestLoc_ESterEggHunt_Conversation_1_NPCStart_4	愿原子对你的命运微笑！
NukaQuantum_Shop_RedeemTitle4	一冰箱量子核子可乐
QuestLoc_DearthOfClaws_Conversation01_NPC07	当然怕！在它们的爪子下，我的生存机会微乎其微！但我相信科学！我还有两个朋友呢。
QuestLoc_BrotherhoodOfFeels_QuestName	温馨兄弟会
QuestLoc_CoveringAlltheBases_Conversation_1_NPCStart_1	再一次，一无所获。哎！
Help_Page22_MainText	点击左上角的齿轮图标可以查看居民列表。

这里您可以整理您的居民，找到他们最适合的岗位。

点击居民将会自动放大画面到该居民处。
QuestLoc_JuuussstttaBitOutside_QuestName	就……稍偏外一点
Crafting_Crafted	打造完成！
QuestLoc_GameShowGauntletD_Conversation_3_Team_2	高斯步枪。
Title_ReadyExclamation	准备！
KeyboardMapping_TiltCameraReset	重置相机倾斜度
Help_Page23_BottomText	提示：在同一层建造很多生产房间来最大化利用巧手先生的能力。
QuestLoc_ExtremePrejudice_Conversation_3_NPCStart_3	用极端偏见……来渗透。
Bonus_WastelandJunkBoost	+{0}%废土杂物
Encounter_Message_Location3	一个废弃的小屋。
QuestLoc_PlayingPolitics_QuestShortDescription	我们得去市长办公室找找关于525号避难所的信息。
QuestLoc_GameShowGauntletB_Conversation_4_NPCStart_2	谁是银河广播电台的DJ？
QuestLoc_DeathandDenial_RaiderLine_2	这些天你就是找不到好帮手。
QuestLoc_SavingDaylight_Conversation_1_NPCStart_2	他们一定知道我们的计划，尽管这是我们的顶级秘密。
QuestLoc_WondersofTechnology_QuestName	技术的奇迹
QuestLoc_Overrun_Conversation_1_NPCStart_1	不！！你杀死了我珍贵的宠物——我那活泼的辐射蝎！
QuestList_LimitedTime	限时
QuestLoc_TheToweringIlForno_Conversation_1_NPCEnd_2	你冒着生命危险去找配方？真可怜。
QuestLoc_VaultTecExperimentReviewA_Conversation_1_Team_2	哦不，鬼！呃……我们好怕怕呀！我们该怎么办呀？！
QuestLoc_WhosCarvingtheTurkey_Conversation_1_Team_2	你忘了做火鸡填馅了。
Wasteland_Quest_Retry	重试任务
Speech_Conversation_NPC1_Topic52	哇，我现在手抖心慌！咖啡喝多了！
QuestLoc_SavingDaylight_Conversation_3_NPCStart_4	当我们被带入一个新时代的时候，你们将在火焰中死去！
QuestLoc_SpelunKingTrainingB_Conversation_1_Team_1	我们还是能看到你们……
QuestLoc_SpyonRaiders_Conversation_2A_NPCEnd_3	等等，什么？你们是间谍？给我拿下他们！
QuestLoc_BeatReporting_Conversation_3_NPCStart_1	你好，我在写关于“战争”和“战争崇拜者”的故事，那个卧底记者寄给我的。
QuestLoc_LetsKnockitOuttathePark_Conversation_1_NPCStart_2	我听说你在寻找罗基·杰宾森的棒球衫。没错，就在蔻驰的手里！
QuestLoc_DeathclawDeeLite_2_QuestShortDesc	和一位医生谈谈关于死爪驱虫剂的问题。
Bonus_WastelandItemBoost	+{0}%废土武器和装备
QuestLoc_S2_QL2_Q1_Doc_QuestName	医生，医生，把好货给我
QuestLoc_GivemeLibertyandorDeath_Conversation_1_NPCStart_3	不过这些都无所谓了。你杀了我们的监督者……
QuestLoc_TheRoadtoVaultopolis_Conversation_1_NPCStart_4	避难所大都会是存在的，去北边避难所科技的办公室找找看吧！
QuestLoc_DivideandConquer_Conversation_1_NPCStart_4	2 + 2等于5吗？
Title_Hold	按住
QuestLoc_GameShowGauntletD_Conversation_1_NPCStart_2	请正确回答问题来赢取瓶盖。
QuestLoc_TheDoorBuster_RaiderLine_2	更多的废土垃圾？一窝蜂全来了？
Speech_Quest_Generic_Dweller_27	嚯，地上还有只死老鼠，真够风雅的。
QuestLoc_LittleMissWasteland_RaiderLine_1	我希望世界和平，那些不同意的人都去死……
QuestLoc_CleanUpOnAisleFive_QuestName	清空5号通道
Title_Ready	准备
QuestLoc_GameShowGauntletA_Conversation_1_Team_3	当然希望是戴维。
QuestLoc_S2_QL3_Q3_Insider_QuestShortDesc	找出拆除保安机器人战斗抑制器的幕后黑手。
QuestLoc_ManonThird_QuestName	第三个地点。
QuestLoc_SynthsforSale_QuestLongDescription	掠夺者们想要把合成人送回学院来索取赎金。是时候出手拯救他们了。
QuestLoc_GameShowGauntletI_Conversation_4_NPCEnd_4	那个算是真正的节日吗？算了。准备……掉脑袋吧！
Message_Tutorial_20	将您的{居民}派遣到{废土}上来收集{瓶盖}，{装备}和{武器}。
QuestLoc_Infested_Conversation_1_NPCStart_2	我遇上了点麻烦，谁能帮帮我就好了。
Speech_Quest_Generic_Dweller_37	避难所一定是天堂，因为这鬼地方……你懂的。
Objective_Outfits_Plural	给{0}个居民穿上装备
QuestLoc_SpyonRaiders_Conversation_2E_NPCEnd_3	等等，什么？你们是间谍？给我拿下他们！
Pet_Somali	索马里猫
Speech_Conversation_NPC2_Topic54_Response1	抱歉，我是搞数学的那类人。
Speech_Kid13	真希望我到了能进赌场赌两把的年纪。
QuestLoc_DoitfortheBatBoy_QuestLongDescription	如果我是那个狡猾的教练，我会去哪儿呢？也许会去哈丽特塔布曼高中的体育馆吧？那地方值得一试……
QuestLoc_ArmsRace_Conversation_1_NPCStart_2	就像保证的那样。我给你们准备了一个武器。
QuestLoc_RaiderTroublesatCorvega_QuestName	可伟佳的掠夺者问题
Speech_HealthB3	谁有治疗针？
Speech_Quest_NotAlone_Dweller_27	保持警觉。
QuestLoc_SynthsforSale_Conversation_1_NPCEnd_3	你知道嘛，我……呃……我真的不确定！真奇怪。
Objective_BuildUltraciteMine_Plural	建造{0}座辐射极琉矿矿场
QuestLoc_WastelandTheMusical_Conversation_3_NPCStart_1	♪ 嘟哇哇，那是我们的歌 ♪
♪ 你敢跟着一起唱！♪
QuestLoc_Broadsides_Conversation_1_Team_2	所以靠打架揍人扬名就能上号角报？
QuestLoc_ParleyTime_Conversation_3_NPCStart_1	我是“战争”，末日骑士，你是如此微不足道。
QuestLoc_CheesePlease_Conversation_1_NPCStart_2	这个地方没有有价值的东西，只有垃圾。
QuestLoc_SpelunKingTrainingC_Conversation_1_NPCStart_3	现在，守好你们的本分，赶紧给我们把洞穴大赛的皇冠拿过来！
QuestLoc_CollateralMurder_Conversation_1_NPCStart_3	“那走着瞧吧。”号角“男孩”说道。于是就上演了我平生最大规模的掠夺者袭击。真是一场血战。
SnipSnipDialog_Wasteland_81	那就向东走吧。
Encounter_Victory_Location12	我设法结交了一些朋友。原来好的沟通这么有用。
QuestLoc_SpringingtheTrap_Conversation_3_NPCStart_1	哦，好吧，你不是“害虫”！我是一名每周博览会的卧底记者。
Wasteland_ExteriorName_NewVegasNight	新维加斯大道
Speech_Happiness_Parent14	有孩子，就意味着我们的避难所能一直运转下去……永远！
Weapon_Name_SuperSledge	超级雪橇锤
Encounter_Message_NPC7	一个喝醉酒的流浪汉。
Stats_Outfits_Sold	装备出售
QuestLoc_TheThinlyVeiledPlotThickens_QuestShortDescription	同120号避难所监督者谈论新号角报。
Encounet_Progression_Creature34	巨型辐射蝎逼近，准备攻击。
PetCarrier_campaign_Btn_2	不在这个避难所
Encounter_Progression_JustStartedTier2_10	我的脚已经开始疼了。
Message_TutorialPopup_16_Body	幸运值（L）高的居民所处的房间更容易在极速模式上成功并且在生产结束时获得更多的瓶盖奖励。
Message_TutorialPopup_UltraciteWeapons_Body	这些辐尸人很难对付！

看起来有帮手正从废土赶来。而且他们还拿着一把发着绿光的剑……？
Encounter_Effect_Experience	获得{0}点经验。
QuestLoc_S2_QL2_Q2_Field_QuestShortDesc	找到执行任务的圣骑士并让他签署申领表。
QuestLoc_S2_QL3_Q4_Warehouse_Question4	你是买家？我们有大量从垫圈中提炼的黄金。
QuestLoc_VaultTecExperimentReviewC_Conversation_1_NPCStart_3	或者你们是来宣战的？
QuestLoc_RobotRetrieval_QuestLongDescription	我们认为避难所科技给我们送来了一个巧手先生盒子。回头见啦！
Encounter_Defeat_Creature17	跟这只巨型辐射蝎动手，我不可能活着脱身的！赶紧跑吧！
Encounter_Progression_JustStartedTier2_16	我迟早会遇到什么人。
QuestLoc_CoveringAlltheBases_QuestObjective_1	寻找罗基·杰宾森的棒球衫。
Message_Tutorial_ArrivalWidgetHighlightDweller	记得把您的新居民{分配}到避难所！
QuestLoc_FirstDown_Conversation_1_NPCEnd_1	他们去了附近的一幢建筑。好像在找什么。
QuestLoc_RunThreeDogRun_QuestLongDescription	在这段时间里，三狗一直在救人，帮助居民躲避骑士的追随者，但也导致他被列入144号避难所的暗杀名单！他的最后一次广播让他被“死亡”的信徒追杀。我们必须在这些信徒之前找到他，其中一个追杀者可能知道“死亡”之穴的位置！
Title_Success	成功！
QuestLoc_TheAbyss_QuestName	无底洞
QuestLoc_AllWorkandNoPlay_QuestName	只工作不娱乐
QuestLoc_ScienceCooperative_Conversation_2D_NPCEnd_3	科学可不等人，恐怕我得继续了。恕我失陪……
Outfit_Description_DetectiveOutfit	为任何有自尊的废土侦探定制的侦探装备。
QuestLoc_12PointBuck_QuestShortDescription	杀死领头死爪。
QuestList_DailyQuest	日常任务
QuestLoc_SpearFishing_QuestObjective_1	去见见第一批丢失作物的农夫。
QuestLoc_SavingDaylight_Conversation_3_NPCStart_3	神圣的夏令时将在爆炸之后，把我们安全地送去一小时之后的未来。
Outfit_Description_JacketTshirt	要是没有摩托车的话，你肯定会被当成小流氓。
QuestLoc_TheShadowWolf_Conversation_1_NPCStart_3	他住在那个工厂里，训练它的“小可爱”们。那个疯子把它们当自己的孩子。不要期待他脑子会正常。
UnlockRoom_Storage	您的避难所有{0}位居民
QuestLoc_TheSixthSun_QuestName	第六个太阳
QuestLoc_VaultTecExperimentReviewE_Conversation_3_NPCEnd_4	嘿，我很高兴有人喜欢这个！
SnipSnipDialog_Generic_03	长眠于冰冷坚硬的钢铁之中——这就是机器人的天堂。
QuestLoc_GameShowGauntletF_Conversation_1_Team_4	蜂群暴徒。
QuestLoc_HumansLikeUs_Conversation_3_NPCEnd_2	哈哈，可以这么说吧，我们是在同一个孵化舱里孵出来的，哈哈。
VaultBabyPopUp_error_emptyString	婴儿需要一个名字。
Speech_LivingQuarter_Dialogue_NPC2_19	不参加才是疯了！
QuestLoc_ParleyTime_Conversation_3_Team_4	是的，这是一笔交易。关于“死亡”你还能告诉我们些什么？
QuestLoc_GameShowGauntletA_Conversation_3_NPCEnd_4	哇哦。你真是不擅长这个游戏呢。还是准备……“掉脑袋”吧！
QuestLoc_ALaborofLove_Conversation_2_Team_1	我恐怕你们得清空一下地基了。
QuestLoc_FirstDown_Conversation_1_Team_2	超级杯？
Quest_Dialog_1_4	不要惹我们，我们就告诉你他在哪里。
QuestLoc_Filly_QuestShortDescription	解放菲利居民。
QuestLoc_StopthePresses_Conversation_1_NPCStart_1	你们觉得用武力就能让我停刊吗？准备好成为一篇辛辣社论的牺牲品吧！
Speech_Quest_Generic_Dweller_25	从没想过我会说这句话，但我真的好想念避难所。
Encounet_Progression_Location12	这儿的人看上去可不怎么友好，我得见机行事。
QuestLoc_FoodGlowriousFood_QuestlineName	食物，发光的食物
QuestLoc_PitStop_QuestObjective_1	调查红火箭服务站。
Tutorial_Tip_65_Xbox	按下来跳过任务里的对话。
QuestLoc_HerestoYouRackieJobinson_Conversation_1_Team_4	我们打过，呃，无数场架了。你们总不至于就这么转身开溜吧？
QuestLoc_SpyonRaiders_Conversation_1E_NPCStart_2	我们用铅笔把人捅穿。
QuestLoc_TheHauntingofVault110_QuestLongDescription	和大多数恶霸一样，掠夺者通常都是胆小鬼。有传言说，刚刚占领大众化学大楼的那位掠夺者首领正是如此——也许你能不战而把他吓跑。
Speech_Quest_Generic_Dweller_Conversation_22	这些探险服是不是特别显胖？
Wasteland_Got_Exp	得到{0}XP
QuestLoc_Snipping_01_Answer01_NPC01	我是咔嚓先生！我发现了一些玉米！请允许我与您同行，我会把它们全给您！
Weapon_Description_Minigun_ArmorPiercing	能够从废土任何装甲——和尸体上——做出瑞士奶酪。
Weapon_Name_Rifle_Legendary	传说级步枪
Tutorial_Tip_54_Xbox	将居民派到废土上并点击红色门按钮来驱逐他们。
QuestLoc_HerestoYouRackieJobinson_QuestLongDescription	就是这里，大结局了！在球员休息区跟蔻驰来一场全线群架。是该让这个失败者退役，把罗基·杰宾森的棒球衫拿回来了！
QuestLoc_TheAbyss_Conversation_2_NPCEnd_3	是的。那是我们的实验，让机器人做所有的人力工作。
Weapon_Name_Magnum_Rusty	生锈的.44狙击枪
QuestLoc_LittleMissWasteland_Conversation_3_NPCStart_1	欢迎回答第一个问题，该问题由避难所科技赞助。
QuestLoc_TheCatBurglar_Conversation_1_Team_3	这个，你有两条腿，所以你死了。
QuestLoc_TheNightWatch_QuestObjective_1	了解更多关于红果枯萎的信息。
QuestLoc_ChristmasattheRaiderCamp_Conversation_2_NPCStart_2	好吧，我们今年恐怕不怎么乖。
Junk_Name_TeddyBear	泰迪熊
QuestLoc_DogsofWar_Conversation_2_NPCEnd_1	穿着你们那些可爱的蓝色小套装真是太吓人了，对吧？
QuestLoc_ToGrandmothersHouseWeGo_QuestLongDescription	一位住在你们避难所附近的老妇人正期待着节日里的拜访者，但客人们还没有到，她担心他们出事了！
Weapon_Description_Railgun	用它发射“铁路尖钉”可以将四肢钉在墙上。啾啾！
MrHandyDialog_Generic_04	我渴望一场机油浴……
QuestLoc_TheCaseoftheQuantumCreeper_Conversation_2_NPCStart_2	这里有血迹。还有蓝色液体。量子核子可乐！这一定是正确的路！
VictorDialog_PowerGenerator_01	这个房间点亮了我的生命。真的！是字面意思！
Speech_Quest_Generic_Dweller_58	那是什么味道？还能是什么，当然是死亡的味道。
SaveFile_UseLocalSave	使用本地存档
QuestLoc_AlienBot_01_QuestLongDescription_02	虽然在大无敌超市没找到任何派对用品，但我们的队伍发现，有位政府人员在炸弹落下前不久大量购买了彩带和气球。我们追踪到这位官员的下落，发现他在附近的一座政府大楼里。我们得派人去那儿找回那些派对用品。
Stats_PetBreeds_Rottweiler	罗特韦尔犬
Room_WeaponFactory_Upgrade_Level3	打造传奇武器
QuestLoc_EvictionNotice_Question2_Choice1	我们超级好的！再说你们也杀不了我们。
QuestLoc_Headshots_QuestShortDescription	找到更多有关新波士顿号角报的消息。
QuestLoc_DenofThieves_Conversation_1_NPCStart_1	好吧，好吧！别开枪就行！
VictorDialog_Wasteland_14	这地方好寂寞啊。
QuestLoc_CanineRecovery_Conversation_1_NPCEnd_1	那个家伙一定是和其他人一起逃走了。说不定是199号避难所。干掉你们之后我们就立刻去那里。
Radio_Upgrade_Info	增加了从废土召唤居民的概率
QuestLoc_APaleImitation_Conversation_3_NPCStart_3	而且这真的一点儿也不像真正的避难所，对吧？
QuestLoc_AtDeathsDoor_QuestLongDescription	搞定了三个，还剩一个，感谢三狗让我们知道了“死亡”的洞穴在哪。但是它会醒过来吗？只有一个办法知道。
Title_Destroy	摧毁
SnipSnipDialog_Wasteland_63	嗯，远处有些大块头人类，也许……啊，没错，超级变种人。该掉头了。
QuestLoc_OperationSandman_Conversation_3_NPCEnd_4	哈哈哈！一个拼写错误！真有趣。我差点信了。
QuestLoc_TheresnoCryinginBaseball_QuestObjective_1	寻找罗基·杰宾森的棒球衫。
Speech_Quest_Generic_Dweller_11	监督者最好懂得感激。
QuestLoc_LittleMissWasteland_Conversation_5_NPCStart_2	别担心，我们直接进入射击比赛吧。
QuestLoc_GameShowGauntletE_Conversation_2_NPCEnd_2	错，错得离谱。现在你将……“失去你的脑袋”！
RateUS_text2	我们需要你！
QuestLoc_AtDeathsDoor_RaiderLine_2	手册并没说“死亡”会想要杀掉我们！
QuestLoc_GameofVaults_QuestObjective_1	干掉死爪。
QuestLoc_AtDeathsDoor_Conversation_1_Team_2	考虑到你所做的一切，我们不能让你离开。
QuestLoc_S2_QL3_Q3_Insider_Question4_Choice1	快，告诉我是谁干的！
QuestLoc_FriendlySettlement_Conversation_2C_NPCEnd_2	好啊，这个怎么样？
Speech_Conversation_NPC2_Topic24_Response1	大概来点什么马上能吃的吧。也许一碗糖衣炸弹麦片。
QuestLoc_GameShowGauntletA_Conversation_2_Team_2	航空母舰。
QuestLoc_ParleyTime_Conversation_3_NPCStart_4	*咳嗽*对不起。那样说话是对喉咙的谋杀。我们有交易吗？
Junk_Desc_BrahminHide	……两个头就意味着两个兜帽！
QuestLoc_WastelandDoctoring_Conversation_1_NPCStart_1	你们是医生吗？谢天谢地！
Message_Intro_03	作为监督者，您的工作是扩张和维持避难所的运转，同时让您的居民平安快乐。
QuestLoc_ASettlerNeedsYourHelp_QuestlineName	有人需要你的帮助
QuestLoc_BrotherhoodOfFeels_QuestObjective	联系士兵
QuestLoc_TakeMeOuttotheBallGame_Conversation_1_NPCEnd_2	第四球！快走，去本垒。
Generic_Lunchbox	午餐盒
Outfit_Description_PowerArmor_51f	一个值得钢铁兄弟会星骑士穿戴的装甲。你值得拥有。
QuestLoc_TheEndoftheRainbow_Conversation_1_NPCStart_3	等有人发现它的时候恐怕不会有太多剩下的！
QuestLoc_TheCaseoftheMissingMitt_Conversation_1_NPCStart_1	哦，你们一定是尼克的朋友。等到你们可真不容易啊。你们来这里是为了帮我找回我曾曾曾曾……
QuestLoc_CheerfortheGhouls_Conversation_3_NPCEnd_4	那么，好吧，也许节日什么的还没有完全消亡！
QuestLoc_RoboRampage_Conversation01_NPC04	我们不会接受猿猴的援助。人类，去死吧。
Encounter_Random_Message5	嗯，那边有东西？
Encounter_Progression_Repeatable_JunkLocation12	匍匐在地上，尽可能快地穿过田野。
QuestLoc_RadiationLeak_Conversation_1_NPCStart_2	辐射让我们都变异了，但我们神志还算清醒。那些失心疯的人把我们困在了这里。
QuestLoc_GameShowGauntletC_Conversation_4_Team_2	核子可乐工厂。
QuestLoc_WaroftheNerds_QuestObjective_2	安抚宇宙碰撞的粉丝。
Achievement_Xbox_Completed_01	在任务中做出了25个对话选择
QuestLoc_SpearFishing_Conversation_1_Team_1	怎么训练鼹鼠做这些呢？
Room_Upgrade_Not_Enough_Dwellers_LegendaryWeapons	将房间升到3级可以打造传奇武器。
Speech_Conversation_NPC2_Topic15_Response3	“拉萨”？“爸爸”？“长大”？或者“害怕”。
Speech_Conversation_NPC2_Topic46_Response3	我看起来很忙吗？
QuestLoc_CleaningHouse_Question1_Choice2	交了钱就可以住。
QuestLoc_ThymeisMoney_Conversation_1_NPCEnd_3	小心点，我才不高兴惹傻瓜呢。
QuestLoc_RunThreeDogRun_Conversation_3_NPCStart_4	现在外面风声还这么紧，我得找个更安全的地方做广播。
QuestLoc_WastelandTheMusical_Conversation_6_NPCEnd_2	♪ 没事，我们理解 ♪ 你不过是废土来的乡巴佬 ♪
♪ 一个蠢货和一个莽夫！♪
Encounter_Random_Message127	探险家日志。新条目：废土是个残酷而不宜生存的地方。
Encounter_Victory_Creature20	我让多脚兽解脱了。
QuestLoc_TheSpiritofTaking_Conversation_1_NPCStart_3	我想试着自己把它抢回来，但是这个比我想象的要难得多。
QuestLoc_SantasHelpers_Conversation_1_NPCEnd_2	嘿！快出来！
QuestLoc_CollectorsEdition_Conversation_2_NPCEnd_1	我先检查一下是否有零钱。
QuestLoc_HoneymoonHorror_Conversation_2_NPCStart_2	那些怪物攻击我们的时候，是一只可爱的小猫保护我们！但其他时候，它都在睡觉……
QuestLoc_BountyOlOneEye_QuestObjective_1	杀死辐射蟑螂“独眼龙”。
QuestLoc_TheDeBuggers_Conversation_1_NPCStart_1	看，这是除虫师们！很高兴见到你们！
Weapon_Description_CombatShotgun_Hardened	每一次扣动扳机，就是一个死亡之吻。
QuestLoc_OneGhoulCustomer_QuestObjective_1	拯救茜拉佩罗维塔。
Message_WastelandSkipNukaQuantum	立即用{0}瓶量子核子可乐返回避难所吗？
Pet_Description_pallascat_l	经常被误认为是一个鸡毛掸子。
QuestLoc_SpringingtheTrap_Conversation_3_Team_2	但是“瘟疫”不会攻击他们吗？
Weapon_Description_BBGun	世界上最好的武器……如果你只有十岁的话。
Steam_Overlay	想进入商店，请在辐射避难所的 Steam 属性中启用 Steam 覆盖。
QuestLoc_SpyonRaiders_Conversation_3E_NPCStart_1	你们跟前站的名叫“尖点”，“铅笔推进器”的首领！
QuestLoc_TheLastGobble_QuestShortDescription	是时候终结高步勒带来的混乱了！
Outfit_Name_SlasherSpecial	恐怖电影迷服装
Encounet_Progression_Location16	我在里面找到一扇卡住的门。这儿有把斧子，正好可以拿来把它砸开。
Weapon_Name_Minigun_Rusty	生锈的旋转机枪
Weapon_Name_AssaultRifle_Hardened	硬化型突击步枪
QuestLoc_GoingToTown_1_Question4_Answer1	这就是他们想让你以为的！还会再来的！只有全副武装的人才能活下来！
Encounter_Progression_JustStartedTier2_2	超级变种人只是个传说……对吧？
Outfit_Description_RaiderArmor_Sturdy	只有废土上最强悍的掠夺者才能穿这些装备。
QuestLoc_ScareTactics_QuestObjective_1	在31号避难所和掠夺者对峙。
QuestLoc_AtDeathsDoor_Conversation_2_NPCStart_4	为了监督者！为了废土！
Weapon_Description_Flamer_Enhanced	比标准款能喷射出更远，更热和更开心的火焰。
QuestLoc_GhoulSupplies_QuestShortDesc	找到尸鬼商人来帮我们布置新旅馆。
QuestLoc_GoingToTown_3_QuestName	犯罪实验室
Speech_Conversation_NPC2_Topic47_Response2	真的吗？你不说我完全不知道。
QuestLoc_S2_QL3_Q4_Warehouse_QuestObjective1	解开保安机器人杀人之谜。
QuestLoc_FashionStatement_QuestName	时尚宣言
Junk_Desc_TeddyBear	废土的生活不是野餐，所以他随时准备给您一个温暖拥抱。
QuestLoc_GameShowGauntletD_Conversation_3_NPCEnd_3	他们倒是想呢！但你可以……“掉脑袋”了！
QuestLoc_HalfFullHalfEmpty_QuestShortDescription	在旧罗伯科工厂找到更多关于神奇水的信息。
QuestLoc_GroomforDoubt_Conversation_3_Team_4	来吧，我们带你回家。
QuestLoc_GroomforDoubt_Conversation_2_NPCEnd_1	新郎？哦，你是说奴隶男孩？是的，他现在是我们的了。
Pet_Poodle	贵宾犬
Title_Saving	保存中……
QuestLoc_DuoofDestructionAlphaDeathclaws_QuestShortDescription	放倒一对发怒的的领头死爪！
Radio_Range_Wasteland	废土
QuestLoc_HostageNegotiations_Conversation_1_NPCStart_2	我都不需要出去找，笨蛋就自己来了。
QuestLoc_Headhunting_Soliloquy1_3	让我们把他救出来！
QuestLoc_ThisGoldenRing_Conversation_1_NPCStart_1	*嘘*肮脏的居民，想来偷我们。
QuestLoc_AThirstforAdventure_QuestLongDescription	宝拉·普朗布金不在730号避难所，但一个掠夺者告诉你她出发去核子可乐工厂了。快去找她吧！
QuestLoc_HoneymoonHorror_QuestObjective_3	调查最初的救援小队发生了什么。
Encounter_Victory_Creature10	我杀死了辐射蝎。简直不敢相信。
QuestLoc_CheerfortheGhouls_Conversation_1_NPCEnd_2	我们看到了它是怎样的。赶紧滚吧，“光滑皮肤”们！
SnipSnipDialog_Athletics_01	我一直不明白腿有什么用，或者说为什么要动它们。人类啊，你们就不能漂浮起来吗？
Speech_Generic_Dweller33	我敢打赌，监督者就像圣诞老人：胖胖的，有魔力，还无时无刻不在看着我们。
QuestLoc_TheRedRocketReveal_Conversation_1_NPCEnd_3	如果你必须要知道的话，在“荫蔽山谷”！现在准备受死吧！
Weapon_Description_Railgun_Enhanced	你见过墙上钉着掠夺者的脑袋吗？你想看吗？
QuestLoc_AtDeathsDoor_RaiderLine_5	“死亡”是只鼹鼠？这是搞什么鬼……
QuestLoc_PerfectSpecimens_Answer01_PC02	还有更多？你们是怎么学会说话的？
QuestLoc_MondayNightBrawl_Conversation_2_Team_1	这里唯一的小丑就是你，哈切特！
Weapon_Description_PlasmaThrower	喷火虽不大，但总能完成任务。
QuestLoc_ESterisComing_Conversation_2_Team_1	哥哥失踪多久了？
SeasonPass_Rank	等级 {0}
QuestLoc_S2_QL2_Q3_Req_Question3	你是来交表的吗？
QuestLoc_HomeFieldAdvantage_QuestObjective_1	寻找罗基·杰宾森的棒球衫。
Message_DwellerBorn	新的宝贝
QuestLoc_DeathandDenial_Conversation_5_NPCStart_2	终于有人把皮博迪干掉了？我一点不惊讶。
QuestLoc_GameShowGauntletH_Conversation_2_Team_4	被关回自己的房间，不许吃晚饭。
QuestLoc_GameShowGauntletC_Conversation_4_NPCEnd_1	错！砰！那是你“掉脑袋”之后脑袋的下场！
QuestLoc_SetEmUpPestilence_QuestObjective_2	与每周博览会记者交谈。
Room_HydroponicFarm_2	温室
QuestLoc_S2_QL2_Q1_Doc_Question1_Line2	可以为您提供尸鬼化服务吗？也许来个小小的颅骨穿孔？
Speech_Kid16	不知道餐厅是否还有饼干。
QuestLoc_TheresnoCryinginBaseball_QuestShortDescription	寻找罗基·杰宾森的棒球衫。
QuestLoc_ThymeisMoney_Conversation_1_NPCStart_2	罗勒，迷迭香，把这些家伙挡在外面(离开)。
Speech_Room_LoveJob_Radio	我太厉害了，都能联系上中国。当然……如果它还在的话。
Objective_KillEnemyWithUltraciteWeapons_Plural	使用辐射极琉矿武器消灭{0}名敌人
Outfit_Name_PowerArmor_51d	t-51d动力装甲
QuestLoc_CleaningHouse_Soliloquy1	嗯，这地方应该准备好了。经理大人在哪？
Help_Page15_MainText	派遣您的居民去探险废土。

在那里，他们会找到瓶盖，增长经验值，然后给避难所带回武器、装备和杂物。他们走的越远，找到的奖励就越好，不过遇到的困难也越多。

- 将一个居民拖到废土上，为他/她配备武器、装备、宠物、消辐宁和治疗针。

- 将他们送去探险。请不要忘记查看他们的动态。

- 送去废土的居民能随时被召回。返回的时间是去时的一半。

- 确保在生命值降到零之前召回他们，否则会死亡。

- 当居民无法再携带更多的物品时会自动返回。

- 废土上的居民可能会经过一个特殊的地点。点击他们头上的惊叹号图标来选择进入地点或继续探索废土。
QuestLoc_ByHookorbyCook_Conversation_1_Team_2	你做了你这辈子的最后一顿烹饪，厨师。
Title_RushBonus	极速模式奖金
Tutorial_Tip_28_Switch	你可以按下左摇杆来给选定的居民重新命名。
QuestLoc_CrimeSceneInvestigation_Conversation_1_Team_1	等一下！我们可以谈谈—
MrHandyDialog_ScienceLab_02	在末世废土中处理辐射。显然，有人的脑子需要进化了……
QuestLoc_Infested_Conversation_1_NPCStart_1	你好啊，孤单的旅行者，欢迎回家！
Outfit_Name_PowerArmor_T60d	t-60d动力装甲
Login_FullName	全名
Encounet_Progression_Creature18	巨型工蚁逼近，准备攻击。
Message_TutorialPopup_ScorchedAttackWarning_Hint	提示：您的避难所里有一些初始武器可以给居民装备。
Message_Tutorial_24	{男性}和{女性}居民如果共同待在{宿舍}里，会有一定生{小孩}的可能。
QuestLoc_TheMysteryofVault666_Conversation_1_Team_3	去……你懂的！
Speech_Conversation_NPC2_Topic59_Response3	谁在乎呢？巨兽对战死爪。这才是真正的战斗。
Message_TutorialPopup_UltraciteWeapons_Title	辐射极琉矿武器
QuestLoc_ToGrandmothersHouseWeGo_Conversation_1_NPCEnd_2	你们走吧，希望里面有什么好东西！
DangerousPermission_WriteExternal	辐射避难所需要使用媒体和文件来下载额外的游戏数据和提升用户体验。
KeyboardMapping_MoveCameraLeft2	左
Pet_Description_greyhound_l	一场比赛里要是不赌它赢，你肯定要输钱。
QuestLoc_SpyonRaiders_Conversation_1C_NPCStart_3	你们觉得怎么样？
QuestLoc_NoTimeforPaws_QuestName	肉爪去哪儿了
QuestList_Team	小队
Stats_Weapons_Collected	收集的武器
Objective_WastelandLevelUp_Plural	在废土上升级{0}次
QuestLoc_GhoulSupplies_Question2_Choice2	我们自制消辐宁。
QuestLoc_GameShowGauntletE_Conversation_1_NPCStart_3	如果你回答错了，你就会……“掉脑袋”！
Room_StorageArea_2	库房
Weapon_Description_LaserPistol_SmugglersEnd	从尘土飞扬的小酒馆一路干到穷途末路，真正反英雄的武器。
Weapon_Name_ButchPistol	布奇的手枪
QuestLoc_WondersofScience_QuestObjective_2	杀死发光种。
CloudActionNewVault	新的避难所
Encounter_Random_Message106	呸！我身上好臭。
QuestLoc_WaroftheNerds_Conversation_3_NPCEnd_3	同样的热情应该把我们聚在一起，而不是把我们分开。谢谢你，太空旅行者。
QuestLoc_GameShowGauntletA_Conversation_1_Team_2	我想是戴维。
QuestLoc_SpringForwardFallBack_Conversation_1_NPCEnd_1	啊啊啊啊啊！你们这些没有信仰的人！我们有一个更快的方法能让你们遇见原子！
QuestLoc_AlienBot_QuestObjective_01	获取派对装饰品。
QuestLoc_DeathandDenial_Conversation_4_Team_3	谋杀案发生时你在干什么？
Room_Overseer	监督者办公室
Stats_Outfits_Collected	装备收集
Speech_Room_DeadDweller_Radio	看来我有篇悼词要广播了。
Encounter_Random_Message212	我想我就——等等，那是什么？那边？
QuestLoc_SpringingtheTrap_Conversation_3_NPCStart_2	我们在三位活跃的“骑士”左右都安插了卧底。至于“死亡”，还没有任何消息，如果有的话。
MainMenu_EnterVault	进入避难所{0}
QuestLoc_GameShowGauntletJ_Conversation_1_NPCEnd_2	是的！雾深霜重而又可怕的缅因州。
Tutorial_Tip_29_PC	每天您可以通过点击任务列表旁的“X”来跳过1个目标。
Encounter_Intro_Location1	发现了{0}
QuestLoc_ScienceCooperative_Conversation_1A_NPCEnd_1	不，我不会的。现在你们为什么不继续前进，让我一个人搞科学呢？
QuestLoc_GameShowGauntletC_Conversation_3_Team_3	大无敌超市。
QuestLoc_TheNightWatch_Conversation_1_NPCStart_2	我们安排了一个巡夜人来监视我们的作物……
Message_Tutorial_SpinToWinConclusion_Xbox	每天登录并完成赛季任务，即可赚取更多{筹码}。{奖励}每天都会变化，请经常回来看看，抓住赢取大奖的下次机会！
Notification_Return_Wasteland	一位废土探险者回来了！
Speech_Room_LoveJob7	我能说什么呢？我超级擅长我的工作。
QuestLoc_ESterisComing_Conversation_2_NPCStart_1	请不要开枪！
Encounter_Defeat_Creature23	这只英克雷死爪受过训练，挡它路的通通杀掉！我得跑！
Outfit_Name_Suspenders	高级定制服装
QuestLoc_OperationSandman_Conversation_3_Team_2	第12条，但已经解决了。
Pet_Description_manx_l2	无休止地转圈圈。到底在追着什么？真是搞不懂。
Encounter_Random_Message63	我现在可是紧张得不行……
Speech_LivingQuarter_PickupLines_40	这里是不是越来越热了，还是只有我这么觉得？
QuestLoc_TheScenicRoute_Conversation_1_NPCEnd_1	我巴不得你这么说！
QuestLoc_MatterstoSettle_Conversation_3_NPCStart_1	不要开枪！我太饿了无法战斗！难以忍受！
QuestLoc_GhoulInBlack_Conversation01_NPC01	站住，陌生人！你在找什么？
QuestLoc_ASettlerNeedsYourHelp_Conversation_1_NPCEnd_1	我在这附近见过一只发光种。小心提防她。
QuestLoc_TheFinalHunt_QuestLongDescription	大维斯在呼唤你！是时候让他下台，成为废土第一名的杀手了！
Room_Gym_Desc	将居民分配在这里训练他们的力量
QuestLoc_TheToweringIlForno_RaiderLine_2	这幢大楼有多高？
SnipSnipDialog_Wasteland_12	那些声音听起来可一点儿都不友好。该开溜了！
Weapon_Description_KitchenKnife	背后捅刀子的理想之选，前面捅刀子也行，真的，适用于任何捅刀子。
QuestLoc_GameShowGauntletI_Conversation_4_NPCStart_1	现在到了最后回合。
QuestLoc_S2_QL3_Q2_Handy_Question2	……错误……找不到autoexecution.bat……
QuestLoc_NoRestfortheWicked_Conversation_2_NPCEnd_3	避难所科技？去他们的，还有去你的！
QuestLoc_SantasHelpers_Conversation_3_NPCStart_1	我是监督者尼古拉斯！温暖的避难所欢迎你们！
LunchBox_ContentRedeemTitle4	40个午餐盒
QuestLoc_RainDelay_QuestName	迟来的雨
QuestLoc_IntoVault333_Conversation_1_Team_3	别废话，当然是我们问问题，然后你们来回答！
QuestLoc_SpyonRaiders_RaiderLine_2C	我们会钉死你们！
QuestLoc_TheScorpionKing_RaiderLine_1	我们先要养虫子，现在还要对付这些居民们？这个工作太烂了！
QuestLoc_MaskHysteria_QuestName	面具癔症
Room_Mausoleum_Build	建造一座陵墓？
Title_IcloudSave	云保存
QuestLoc_CheerfortheGhouls_Conversation_1_NPCStart_1	你来了！看来圣诞老人没有忘记我们。
QuestLoc_ConferenceontheMound_QuestObjective_1	寻找罗基·杰宾森的棒球衫。
QuestLoc_MondayNightBrawl_Conversation_2_NPCEnd_3	好大的口气。我倒要看看你们能不能说到做到。
QuestLoc_ScienceCooperative_Conversation_2B_NPCStart_2	我一直在自学这本旧书，有关元素的。
QuestLoc_TheCaseoftheMissingMitt_QuestObjective_2	和窃贼对峙。
Speech_Quest_Alone_Dweller_22	不是说一个人有多糟糕，而是那种深入骨髓的孤独感让人无法承受。
QuestLoc_OnlyHuman_Conversation01_NPC04	我可以准备美味的营养物质，然后我们就能用粘液覆盖的口器咀嚼！
Encounter_Random_Message42	那边的天空看起来有点不对劲。暴风雨可能要来了。
QuestLoc_TheBansheesKeen_Conversation_1_NPCEnd_1	什么，你听不见？但是，它是如此响亮！
Rarity_Common_Initial	C
Objective_RoomRush	在一个房间里成功启动极速模式
QuestLoc_Broadsides_Conversation_1_NPCEnd_1	我们从819号避难所那里得到了一本过期报刊。在那之前我们只有一本旧的《一只尸鬼，两只尸鬼》影印本可以读。
QuestLoc_VaultTecExperimentReviewD_Conversation_1_Team_3	没有人敢叫我们加里！给我上！
QuestLoc_WastelandTheMusical_Conversation_8_NPCStart_3	♪ 我想这不怪任何人 ♪ 我只属于避难所 ♪
♪ 而不是外面的废土。♪
SeasonModal_BattlePass_LockedReward_Premium	解锁赛季通行证以获取
QuestLoc_ExtremePrejudice_Conversation_3_Team_2	“极端偏见”到底什么意思？
Pet_Carrier_PopUp_Main	这里有一个宠物笼子来开始您的宠物收集之旅！打开它，欢迎一个毛茸茸*的小伙伴加入避难所吧！
QuestLoc_FriendlySettlement_Conversation_2B_Team_1	武器。你们任何多余的武器。
QuestLoc_TheMoleRatMan_Conversation_1_NPCStart_2	你们来这里想抢走我的心血！没门儿！它们都是我的宝贝！
QuestLoc_GameShowGauntletG_Conversation_4_NPCStart_1	现在到了最后回合。
Encounter_Random_Message40	嗷，我的脚好痛……
QuestLoc_GameShowGauntletB_Conversation_4_NPCEnd_1	你真该多出去见见世面。是时候……“掉脑袋”了！
QuestLoc_HoneymoonHorror_QuestName	蜜月惊魂
QuestList_Progress	进度
Weapon_Description_BBGun_Hardened	它可能不会杀死你的敌人。但它肯定会狠狠伤害。
QuestLoc_GameShowGauntletB_Conversation_2_NPCEnd_4	什么？你是个白痴吗？继续……“掉脑袋”！
Title_RoomRewards	生产
QuestLoc_VaultTecExperimentReviewA_Conversation_2_Team_2	你们都会孤独终老吗？
SnipSnipDialog_Wasteland_27	人类居然还担心机器人会反叛他们，他们自己的内斗都控制不住了……
Weapon_Name_LaserRifle_WazerWifle	“瓦仄外辐”经典激光步枪
Title_UpgradeTo	升级到
QuestLoc_GameShowGauntletF_Conversation_2_NPCStart_2	哪个组织创造了合成人？
QuestLoc_RevengeoftheGeeks_Conversation_1_NPCEnd_2	错！这可会影响你的成绩。
QuestLoc_TheRiteofSpraying_QuestLongDescription	我们收到关于附近的居民被身份不明的袭击者随机喷洒放射性材料的报告。我们应该给这些居民送些消辐宁，并查明这些袭击的更多信息。
QuestLoc_GameShowGauntletB_Conversation_4_Team_3	三狗。
QuestLoc_AlienBotQuest06_Conversation_3_PC2_2	这就是优艾富欧？
SnipSnipDialog_LivingQuarters_01	哦，原来“魔法”就是在这种地方变的……
QuestLoc_DeathclawDeeLite_3_Question1_Answer2	别担心，我不会阻止你们。我会去寻找和我一样追求和平的同类，然后大概孤独地死去。
QuestLoc_GoingToTown_1_Question2_Answer2	也许是挺恶心的，但总比天天啃饱饱牌肉罐头强！
QuestLoc_S2_QL3_Q4_Warehouse_Question3_Choice1	这些保安机器人和别的不一样——这就对上了，这地方就是修保安机器人的。
QuestLoc_DeathclawDeeLite_3_Question1_Answer1	你们无疑是来消灭它们的。我不怪你。它们无法以理服之。
QuestLoc_Sabotage_QuestShortDescription	对抗毒害避难所供水的阴谋。
Help_Page02_MainText	每个居民都有SPECIAL属性。

S（力量）
P（观察力）
E（耐力）
C（魅力）
I（智力）
A（敏捷）
L（运气） 

避难所的每间房都和居民SPECIAL属性中的一个有关。居民的相关属性越好，对房间的产出影响也越大。
QuestLoc_GameShowGauntletC_Conversation_3_Team_4	动物园？
Weapon_Name_PipeRifle_Bayoneted	刺刀型管道步枪
QuestLoc_GoingToTown_2_Question1_Choice2	我们在追踪一个可疑人物。
QuestLoc_DivideandConquer_Conversation_1_Team_3	二加二等于四。
MrHandyDialog_Generic_38	嗅觉传感器检测到……呕吐物和巧克力。附近一定有个小孩子。
MainMenu_Xbox_SignInError	未处理的登录活动
QuestLoc_GoingToTown_2_QuestShortDesc	找到卖给我们所谓“奇迹血清”的人。
Title_Full_Upgraded	房间已升至最高级
Title_Happiness	幸福度
QuestLoc_WaroftheNerds_Conversation_2_Team_3	你戴的是……异形耳朵？
QuestLoc_PerfectSpecimens_Answer01_PC06	如果我再见到他们，我会告诉他们的。再见！
SuperRoom2_Upgrade_Info	提高耐力训练速度
QuestLoc_GroomforDoubt_Conversation_3_Team_3	它肯定是……但是我们现在得送你去结婚了。
Speech_Quest_Alone_Dweller_15	真希望有个人陪，能说说话，聊聊这次的经历，顺便……替我引开敌人的火力。
Encounter_Victory_Creature6	我杀死了狂尸鬼。不是它死，就是我亡。
QuestLoc_TheSecretofREDACTED_Conversation_2_NPCEnd_1	哦，真可爱，你第一次尝试行贿！
Title_Relocate	重新放置
QuestLoc_GameShowGauntletC_Conversation_1_NPCStart_3	如果你回答错了，你就会……“掉脑袋”！
Title_Icloud	云
SeasonPass_CongratsComplete	您已完成赛季通行证
Encounter_Random_Message138	探险家日志。新条目：许多建筑物仍然存在。但损坏严重。
Dweller_EmptyTapSlot_PC	点击这里
QuestLoc_HostageNegotiations_QuestLongDescription	掠夺者们在废土上到处欺负善良的人们。拯救那些受害者，终结这一切吧！
QuestLoc_TheMysteryofVault666_Conversation_1_NPCEnd_3	我会在那儿等你！
Message_RemoveDeadDwellerQuest	您真的想移除死去的居民吗？
Objective_KillEnemiesOnQuests	在任务中消灭1名敌人
Weapon_Name_Minigun_ArmorPiercing	穿甲型旋转机枪
Message_Tutorial_63_Xbox	用{量子核子可乐}，您可以立即到达{任务}地点。选择{现在到达}来使用避难所科技提供的{量子核子可乐}来极速到达现场。
Message_TutorialPopup_10_Body	您获得了一个午餐盒。点击哔哔小子菜单里的午餐盒图标来打开午餐盒或者购买更多的午餐盒。
Encounet_Progression_Creature4	鼹鼠逼近，准备攻击。
Pet_Description_scarletmacaw_b	且慢，兄弟！在你擦拭甲板的时候它会一直陪伴你。
Outfit_Description_MetalArmor_Sturdy	多一点焊接，多一点钢铁，然后……瞧！
QuestLoc_ThisGoldenRing_Conversation_1_NPCStart_3	我们讨厌他们！我们要杀了他们！
Help_Page31_BottomText	提示：如果您足够幸运，可以在任务中的容器里找到量子核子可乐。
Tutorial_Tip_28_PC	点击居民信息弹出窗口上的名字可以重命名一个居民。
QuestLoc_HumanBeanJuice_Conversation_1_Team_1	他们在哪儿？
MainMenu_Xbox_SigningIn	正在登录……
Outfit_Description_PolkaDotDress	穿着这个有趣的玩意儿，带着微笑和废土打招呼。
QuestLoc_DrivingtheSnakesOut_Conversation_3_NPCStart_2	来加入我们对抗真正的红色威胁吗？
QuestLoc_GameShowGauntletE_Conversation_4_Team_2	兆吨镇。
QuestLoc_SantasHelpers_Conversation_1_NPCStart_2	这真是最糟糕的圣诞节！
MainMenu_SeasonVaultCreationMessage_Body	避难所科技精心设计此实验避难所，使其在赛季期间精确运行，并将在实验结束时退役。
QuestLoc_DiplomaticMission_Conversation_1_NPCEnd_3	我们有一些东西，可能正合你们口味！
QuestLoc_AtDeathsDoor_Conversation_2_NPCStart_2	真正的应该在隔壁。
Outfit_Description_CombatArmor_Sturdy	在最艰难的战斗里被最强悍的步兵穿过。
Objective_Merge_Plural	同时合并{0}对房间
Room_UltraciteWeaponFactory_3	辐射极琉矿武器车间
QuestLoc_GameShowGauntletH_Conversation_2_NPCStart_1	我们现在进入第二回合。
QuestLoc_AlienBotQuest06_Conversation_3_PC3_3	那叫UFO……算了。
Weapon_Description_LaserPistol	激光力量在你手中。咻咻！
QuestLoc_GameShowGauntletD_Conversation_2_NPCEnd_3	没错！他俩都在那儿。
QuestLoc_TheSecretofREDACTED_Conversation_2_NPCStart_1	对不起，我觉得你不该在这里。
Message_TutorialPopup_15_Body_Xbox	您可以点击居民打开居民信息面板来给他们配备武器，装备和治疗用品。
QuestLoc_TheCaseoftheLostLunch_QuestObjective_1	同掠夺者交谈。
Speech_Quest_MainPath_Dweller_9	朝着正确的方向走。
QuestLoc_Dog_Answer01_NPC02	是兄弟会派你来的吧？那条杂种是我们的！和他们无关！
QuestLoc_GetchaPeanutsHere_QuestObjective_1	寻找罗基·杰宾森的棒球衫。
QuestLoc_ParleyTime_QuestLongDescription	骑士“战争”，已经邀请我们讨论共同感兴趣的事情。他的信使告诉我们战争崇拜者会杀了我们，但值得冒这个风险！同时，我们应该留心每周博览会记者，在他们谈论核子可乐后使用暗号“鹰”。
QuestLoc_TheMostDangerousGame_Conversation_1_NPCStart_3	我会把你们的脑袋挂在我的墙上！
QuestLoc_SomewhereintheBallpark_Conversation_1_NPCStart_1	没有棒球衫，只有无穷无尽的探险。我说的对吗？
QuestLoc_AlienBotQuest02_Conversation_1_PC1_2	我以为这地方会更大一点呢。
QuestLoc_TheAbyss_Conversation_2_NPCEnd_4	是的，我很久没见他了。也许我会在春天拜访他。
QuestLoc_ScienceCooperative_Conversation_1A_NPCStart_1	你是来自避难所的研究员吗？太赞了！
Speech_Conversation_NPC2_Topic43_Response3	你问我过得怎么样？嘿，好得不得了！*配合着演——监督者可能正听着呢。*
Achievement_Xbox_Completed_10	在任务中杀死了500名敌人
Objective_ExploreWastelandHoursWithoutRadaway	不使用消辐宁在废土生存{0}小时
Speech_LivingQuarter_PickupLines_22	没有你，我在这里一定很孤单。
QuestLoc_PlayingCatchUp_Conversation_1_NPCEnd_3	他们去了罗伯科大楼，但你们活不到再侮辱我们同类的那一天！
QuestLoc_ParleyTime_RaiderLine_3	这是一件好事。“战争”从未改变！
QuestLoc_WhatsonSecond_QuestObjective_1	寻找罗基·杰宾森的棒球衫。
Encounter_Victory_Creature15	泥沼蟹浑身都是甲壳，只有脸是弱点，我正好利用了这一点。它死了。
QuestLoc_ASpecialBrand_Conversation_1_NPCStart_1	哈！我记得你，但我打赌你肯定不记得我！
QuestLoc_GameShowGauntletF_Conversation_3_NPCEnd_2	错误的总统。现在你可以……“掉脑袋”了。
QuestLoc_PittStop_Conversation01_NPC01	就是你们搞出这么大动静？
MrHandyDialog_Wasteland_89	哟，瞧瞧……一个岔路口！我们走……左边！
QuestLoc_BountyYak_Conversation_1_NPCStart_3	但你绝对不会想要靠近它。
SeasonPass_PremiumUpgrade_Exclamation	升级至高级通行证！
QuestLoc_TheCaseoftheMissingMitt_QuestLongDescription	尼克的档案里有一张字条，请求他帮忙去找回一件遗失的的传家宝——一个战前的接球者手套。
QuestLoc_TheAbyss_Conversation_1_NPCStart_3	只有当你走得更深时会更糟糕，这是我哥哥告诉我的。
QuestLoc_ESterEggHunt_Conversation_3_NPCStart_1	看，在一大堆死爪粪后面！
QuestLoc_S2_QL3_Q3_Insider_QuestObjective1	与发出求救信号的保安机器人会面。
QuestLoc_GameShowGauntletA_Conversation_4_Team_3	雷克斯古德曼。
QuestLoc_MVPoftheYear_Conversation_1_NPCStart_1	蔻驰不在这里，棒球衫也不在这里。
RateUS_text1	避难所科技
Junk_Name_ChemistrySet	化学烧瓶
QuestLoc_GameShowGauntletH_Conversation_4_Team_4	在你妈家里。
Message_TutorialPopup_04_Hint	提示：完成一些目标会有午餐盒的奖励！
Speech_Generic_Dweller45	张口核子可乐，闭口核子可乐。我想喝根汁汽水。
QuestLoc_S2_QL2_Q1_Doc_Question1_Line3	当然，我们随时准备为您提供截肢服务。
QuestLoc_BeatReporting_Conversation_4_NPCStart_4	看到了吗？我差点就搞到一张可爱小猫玩毛线的照片了。
QuestLoc_GobbleGobbler_QuestName	咯咯叫的高步勒！
Weapon_Name_ScribePistol	罗瑟查尔德学士手枪
Time_Minutes	分钟
Encounter_Message_Repeatable_JunkLocation5	一幢大型公寓楼。
QuestLoc_ParleyTime_Conversation_2_NPCEnd_4	小猎犬？嗯，也差不多。他的信心很容易动摇，去让他怀疑自己。
QuestLoc_Getting Started_QuestLongDescription	避难所科技想要你证明自己是一个合格的监督者。作为训练任务，请先杀掉发光辐射蟑螂。
Message_TutorialPopup_06_Title	婴儿
Message_Tutorial_ArrivalWidgetIntroduction	{赛季居民}每隔几天到达一次。左上角的{时间}显示距离下一位{居民}抵达的倒计时。
Encounter_Defeat_Location2	掠夺者发现了我！我不得不跑。
PetCarrier_campaign_Title	有哪些新东西？
QuestLoc_IDontKnowsonThird_QuestObjective_1	寻找罗基·杰宾森的棒球衫。
Encounter_Random_Message56	小腿，大腿，膝盖——都好痛。
QuestLoc_PostApocolypticWorldProblems_QuestLongDescription	一位居民在废土探险时发现了一处大无敌超市。也许应该进去看看有没有什么有用的东西……
QuestLoc_SpelunKingTraining_QuestName	洞穴探索训练
Button_Buy	购买
Help_Page27_MainText	驱逐居民时，将他们拖到废土上，然后点击红色大门的按钮，而不是派他们去探险。

给居民配备的所有物品将会返还给避难所库存。
Outfit_Description_BOSUniform	钢铁兄弟会的正式服装。
QuestLoc_Headhunting_QuestObjective1	救出经理先生。
QuestLoc_DeathandDenial_Conversation_6_NPCStart_4	父亲会知道的，我记得他喊叫着我的名字。
QuestLoc_SignalFailure_Conversation_2_NPCStart_1	啊哈，又是一张字条。
QuestLoc_UndercoverOperations_Conversation_1_NPCEnd_1	不，我的意思是魔法巫毒军队……当然，我的意思是，尸鬼！现在去吧！
QuestLoc_BeanballtotheFace_Conversation_1_NPCStart_3	“我的名字叫亨丽埃塔，也许我能帮忙。”
Pet_Description_brittany_l	安静而威严，具有振奋人心的神奇能力。
QuestLoc_AllsFairinLoveandNuclearWar_Conversation_2_NPCStart_3	所以，没错，滚出去吧，好让我好好享受。
QuestLoc_GameShowGauntletG_Conversation_2_NPCEnd_2	哦，唐尼男孩错了。我们会帮你……“掉脑袋”的！
Room_BarberShop_Desc	将居民分配在这里来满足个性化需求
Speech_Quest_Generic_Dweller_Conversation_24_Response_1	如果你还需要找我寻求肯定，那你显然不是当监督者的料。
MrHandyDialog_Generic_36	啧啧啧。我得加装一个高压水带配件，才洗得干净这地方。
QuestLoc_IDontKnowsonThird_QuestLongDescription	如果蔻驰手里有棒球衫的话，也许他需要保持干净。我们去泡泡多自助洗衣店看看吧！
Speech_Conversation_NPC2_Topic45_Response1	哼。
QuestLoc_RunThreeDogRun_QuestShortDescription	从追杀他的“死亡”信徒手中救出三狗。
Wasteland_Inventory_Full	我最多就只能带这么多了。我应该回去告诉监督者我发现了什么。
QuestLoc_VaultTecExperimentReviewC_Conversation_3_NPCStart_1	你们应该向国王敬礼！
MrHandyDialog_Wasteland_83	看起来像是一座旧办公楼。啊，商业的残骸。
Weapon_Description_PlasmaRifle_Amplified	这件事对人体造成的影响是超出想象的。
SeasonModal_Leaderboard_AuthenticationTimeout	无法连接至游戏平台。
请重启游戏后重试。
QuestLoc_TheRedRocketReveal_Conversation_1_NPCEnd_1	避难所大都会在“荫蔽山谷”！带着这个秘密进坟墓吧！
Outfit_Name_PowerArmor	t-45a动力装甲
Message_Tutorial_19	{增加朋友}来{访问}并查看他们的{避难所}并{收集瓶盖}。
QuestLoc_TheSecretofREDACTED_Conversation_2_Team_2	我们这有个毛绒玩具熊……
QuestLoc_GameShowGauntletK_Conversation_3_Team_4	一个完美的培根，生菜加番茄的三明治。
QuestLoc_DeathandDenial_Conversation_7_Team_3	准将就是凶手。
Room_VaultEntrance_2	高级避难所大门
QuestLoc_ExpressCheckout_Conversation_1_NPCEnd_3	不用了，我只是恰好碰上了。你是说你想要这个？
Outfit_Name_ButchSpecial	隧道蛇外套
QuestLoc_DuoofDestructionMoleRatBroodMothers_QuestLongDescription	两只鼹鼠妈妈被发现出现在了附近的狗粮工厂。是时候有人拿下它们了。
QuestLoc_RunThreeDogRun_Conversation_2_Team_1	你们都是疯子！手册是错误的，杀戮*并不会*唤醒一些神秘的骑士！
Speech_Conversation_NPC2_Topic12_Response1	具体是跟什么比呢？
Encounter_Progression_JustStartedTier1_2	总算能呼吸上新鲜空气了。
QuestLoc_DeathclawDeeLite_1_Question1_Choice1	也许它们只是想订个房间。
Pet_Description_goldenret_b	快乐。蹦跶。金黄。
QuestLoc_PierIntoFuture_QuestObjective	调查旧码头。
QuestLoc_S2_QL3_Q4_Warehouse_QuestLongDesc	流氓保安机器人的源头追查到了沙士装瓶工厂附近的一座仓库。找出是谁干的。
QuestLoc_LittleRedRadiumHood_Conversation_2_NPCEnd_3	当然！这儿有些薄荷糖，放了两百年的那种！
Encounter_Defeat_Repeatable_JunkLocation10	这让他们更愤怒了。跑向出口的途中我被抓伤了。
QuestLoc_TheYolksonYou_Conversation_2_NPCStart_4	好在避难所大厨会多付我们钱来作为这些蛋的报酬。
QuestLoc_GameShowGauntletF_Conversation_3_NPCEnd_1	是的！他想修复那座雕塑的头。
Weapon_Description_AlienBlaster_Destabilizer	打散敌人的原子……或者整个星球的。
QuestLoc_CabinWithoutTheWoods_QuestObjective_1	除掉尸鬼。
QuestLoc_S2_QL2_Q3_Req_Question1	请问您此行的目的？
RoomLevel_Advanced	高级
QuestLoc_TheSpreadingBlight_Conversation_1_NPCEnd_1	你必须得问他们——我们需要种上新的作物！
Room_DesignFactory_Build	建造一个主题工坊吗？
QuestLoc_HoneymoonHorror_Conversation_1_NPCEnd_4	我想你们还算讲道理。一个好的名声可不会自己从天上掉下来！
QuestLoc_WalkofShame_QuestObjective_1	找到掠夺者首领凯拉。
QuestLoc_BigTrouble_QuestShortDescription	除掉埋伏在红火箭加油站的领头死爪。
QuestLoc_QueenoftheDeathclaws_Conversation_1_NPCStart_1	那只死爪是我从小养大的。你们会为你们的行为付出代价！
QuestLoc_ADeliciousTrailofDanger_Conversation_1_Team_2	谢谢你的情报。现在去死吧，你们这些掠夺者人渣！
Wasteland_ItemCycleNormalPet_01	我从一个掠夺者陷阱里救了一个{0}，它现在跟着我。
QuestLoc_ESterisComing_Conversation_2_NPCStart_4	最后，它只是一只巨大的鼹鼠，站在它的后腿上。
Weapon_Description_PipeRifle_Bayoneted	因为有时候你想要近战。
QuestLoc_TheEndoftheRainbow_QuestObjective_2	找到第二处宝藏。
QuestLoc_FonsVivus_Conversation_1_NPCEnd_1	我们试图节约一些，但它是如此清爽！去315号避难所看看吧，他们也买了一些。
QuestLoc_OBrother_Answer05_PC01	没门！我们不会让你们这些恶棍得到任何钢铁兄弟会的科技。
QuestLoc_PostApocolypticWorldProblems_Conversation_1_NPCEnd_3	别跟行家过招！我知道他们在这儿，总会有办法找到的。
QuestLoc_CapsRun_QuestObjective_2	发现更多的瓶盖储备。
QuestLoc_WastelandTheMusical_Conversation_2_NPCStart_1	♪ 站住别动，停止开火 ♪
♪ 这都是为了大家好！♪
RecipeLoot_LegendaryOutfit	传奇装备配方
QuestLoc_TheShadowWolf_Conversation_1_NPCStart_1	植物学家斗士，谢谢你们把我从掠夺者手中救了出来。我永远都欠你们人情。
Title_DailyReport	日常报告
QuestLoc_Headhunting_Question1_Choice3	想不想去经营一家旅馆？
QuestLoc_CrimeSceneInvestigation_Conversation_2_NPCStart_2	第四骑士是难以捉摸的，但“害虫”们会找到他。
Weapon_Description_HardenedT60Pistol	加固的猛兽，更强的威力。
Encounter_Message_Creature25	一个超级变种人大师。
SnipSnipDialog_Wasteland_107	如果你的下水道堵满了污物，放心交给艾巴索疏通——记住，它毒性非常强！
QuestLoc_OperationSandman_Conversation_2_Team_1	数百名居民和掠夺者已经被杀害！
Speech_Quest_NotAlone_Dweller_26	别担心。如果你死了，我一定会告诉监督者你是一个不折不扣的英雄。
UnlockRoom_WaterRoom	您的避难所有{0}位居民
Star_Event_Quest	限时
QuestLoc_WondersofScience_Conversation_1_NPCStart_4	量子核子可乐！
SeasonModal_Leaderboard_ScoreInfoPopup_Heading	在实验避难所中执行以下操作以提升评分：
QuestLoc_HittingtheBooks_Conversation_1_Team_1	你知道有关31号避难所的消息吗？
Notification_DwellerWasteland_08	您的一位居民在废土上探索一段时间了，您应该看看他们怎么样了。
QuestLoc_WaroftheNerds_Conversation_3_NPCEnd_2	星际议会突击队！我早就知道了！
QuestLoc_GameShowGauntletD_Conversation_1_Team_3	搭乘航空母舰。
ArrivalWidget_Requirement_Overseer	建造监督者办公室
Tutorial_Tip_45	避难所科技。我们会与你们同在！
Encounter_Random_Message150	探险家日志。新条目：辐射蟑螂。它们能在任何环境里存活。
QuestLoc_GameShowGauntletJ_Conversation_4_NPCEnd_1	正确！不，等等，错了！大错特错。现在准备……“掉脑袋”吧！
MrHandyDialog_Generic_42	人类就像一群蚂蚁一样忙碌着。
QuestLoc_OverwhelmingForce_QuestObjective_1	杀死掠夺者首领。
Speech_Room_LoveJob17	别担心，有我在工作呢。
QuestLoc_WeaponsRun_QuestObjective_2	寻找更多的武器存货。
QuestLoc_GoingToTown_2_QuestName	二手物资
Pet_Description_laperm_l	认为老鼠是为了供它玩耍而被创造的。
SnipSnipDialog_Generic_22	听说有个灯泡学坏了？他们把它关进了“棱镜”（prism，谐音监狱 prison）。懂吗？棱镜？
Weapon_Description_AlienBlaster	一种外星起源的先进技术武器。
QuestLoc_KHAAANNNNN_Conversation_1_Team_1	我不会为一个喝不了酒的小鬼送命。离我们避难所远点，这笔交易就算谈成。
QuestLoc_ChristmasattheRaiderCamp_Conversation_2_NPCStart_1	圣诞老人的小帮手，是吧？
QuestLoc_PaulasinaPickle_Conversation_1_NPCStart_1	你们是救援小队的吗？老天保佑你们是！
Objective_VaultHappiness	保持避难所{1}开心了1小时。
Weapon_Description_PlasmaRifle_Focused	可以将进攻的超级变种人变成一滩泥。
QuestLoc_CheapBeerintheBleacherSeats_QuestShortDescription	寻找罗基·杰宾森的棒球衫。
QuestLoc_DeathclawDeeLite_4_QuestName	尸鬼，趴下！
QuestLoc_ExtremePrejudice_Conversation_4_NPCEnd_1	切。祝你好运！
QuestLoc_AllsFairinLoveandNuclearWar_Conversation_2_Team_2	你不能预订一个人。
Weapon_Name_HuntingRifle_Rusty	生锈的猎枪
Encounter_Random_Message101	喂？有人能听见我说话吗？
QuestLoc_TheToweringIlForno_Conversation_2_Team_2	我很确定我们的厨师把我们送到这里来是为了杀了我们。
QuestLoc_FamilyMatters_Conversation_1_Team_2	那是你的外婆吗？
SnipSnipDialog_Wasteland_4	他们说什么“派机器人去吧”“它不会有事的”。真是一帮蛮子。
QuestLoc_ACryforHelp_Conversation_1_Team_1	你可以不用苦恼了。你需要的东西避难所里都有。
QuestLoc_S2_QL2_Q2_Field_Question2_Answer2	哦哦哦，抽奖活动！我最爱这个了。快，让我签免责声明！
QuestLoc_DivideandConquer_Conversation_2_NPCStart_3	这是一个无限重复小数点0.9。
QuestLoc_CrimeSceneInvestigation_QuestShortDescription	在672号避难所中寻找“死亡”的线索。
Speech_Quest_Generic_Dweller_Conversation_8_Response_3	也许吧。但基本不太可能。
Notification_Baby_Grow_Up	一个孩子长大了，成为了一名健康的居民！
QuestLoc_HerestoYouRackieJobinson_Conversation_2_Team_1	喂，蔻驰？你被炒鱿鱼了！
QuestLoc_GameShowGauntletK_Conversation_1_NPCEnd_1	正确，不过操作者和派克帮也是对的。
QuestLoc_TheSecretofREDACTED_Conversation_1_NPCStart_2	你需要帮助吗？你迷路了吗？
QuestLoc_WelcometoParadise_QuestName	欢迎来到天堂
QuestLoc_SpelunKingTrainingF_Conversation_1_NPCStart_1	只要我们参加比赛，你们就不可能赢的！
VictorDialog_Wasteland_26	我远远看到几个超级变种人。不知道他们是不是友好的。
QuestLoc_TheScorpionKing_Conversation_1_NPCEnd_1	听着，我会给你们钱的，只要离我远点！
SnipSnipDialog_Armory_02	哦，天哪。我真希望这些火力只是摆设。
Weapon_Name_PulseRifle_Enhanced	强化的脉冲步枪
QuestLoc_SpyonRaiders_Conversation_3B_NPCEnd_3	我想我们总会有点多余的物资。拿上然后去吧！
QuestLoc_DuoofDestructionAlphaDeathclaws_QuestObjective_1	杀死第一只领头死爪。
QuestLoc_GivemeLibertyandorDeath_Conversation_1_NPCStart_1	德维勒（居民）的老一套作风——毫无新意，而且早就过时了。
QuestLoc_JackAintBack_QuestObjective_1	找到杰克！
QuestLoc_SpelunKingTrainingD_Conversation_1_Team_1	谢谢！这样好的运动员精神已经很少见了。
Encounter_Random_Message174	越来越饿。该吃点心了吧？
QuestLoc_VaultTecExperimentReviewB_Conversation_3_NPCEnd_1	我只有这个，但你们尽管拿去。
QuestLoc_S2_QL2_Q1_Doc_Question5_Answer1	从病人那里偷东西？你会为此深感愧疚的……
Speech_LivingQuarter_PickupLines_62	你有手表吗？我想依偎在一起的时间到了。
QuestLoc_TheDoorBuster_QuestShortDescription	成为第一个找到“破门神器”的人！
QuestLoc_WondersofNature_QuestObjective_2	杀死发光辐射蝎。
QuestLoc_TheYolksonYou_Conversation_1_NPCStart_3	我想我应该是留下的人里唯一活着的。
Encounter_Progression_JustStartedTier2_14	整个避难所都指望我呢。我得继续前进。
Objective_CraftLegendaryWeapons_Plural	打造{0}件传奇武器
QuestLoc_ALaborofLove_QuestName	爱的劳动
QuestLoc_DrivingtheSnakesOut_Conversation_3_NPCEnd_2	这正是一个红发爱好者会说的话！
Weapon_Description_PipeRifle_BigSister	对你的敌人颐指气使。至少直到爸妈回家之前。
Tutorial_Tip_79	在任务中发现了一把闪亮的新枪？您可以立即换上它！
QuestLoc_GoingToTown_2_Question2_Choice1	不行，不行，不行。不行！
SeasonModal_ClaimNow_Btn	立即领取
QuestLoc_ACryforHelp_QuestLongDescription	一名废土探险者听到了一声呼救，是从红火箭服务站传来的。赶紧前去救援吧！
Completed	完成
Pet_GermanShepherd	德国牧羊犬
Stats_PetBreeds_Greyhound	灵缇犬
QuestLoc_TimetoWakeUp_Conversation_1_NPCEnd_1	耶！团队作战！来，我会把我在这里找的一些瓶盖分给你们。
QuestLoc_PierIntoFuture_Conversation02_NPC00	哇！你把那东西干掉了，太厉害了！
QuestLoc_TheBansheesKeen_Conversation_1_NPCStart_3	有人说这是死亡的预兆，他们可能是对的……
SeasonModal_Leaderboard_ScoreInfoPopup_MineUltracite	开采辐射极琉矿
QuestLoc_GameShowGauntletK_Conversation_2_Team_2	胖子核弹。
Speech_Quest_Generic_Dweller_Conversation_1	我开始觉得这是一个错误了。
QuestLoc_TheMoleRatMan_QuestObjective_1	和鼹鼠人对峙。
QuestLoc_Vault199_QuestShortDescription	前往199号避难所寻找比格斯比。
Stats_Junk_Sold	出售杂物
QuestLoc_ReignofRadroachRodney_QuestObjective_1	杀死辐射蟑螂罗德尼。
QuestLoc_VaultTecExperimentReviewC_Conversation_2_NPCEnd_3	为荣誉而战！
QuestLoc_HoneymoonHorror_Conversation_2_NPCStart_3	但请不要带我们回去，那里太可怕了！
Objective_CollectFoodWithinTime	在一分钟内收集{0}食物
Theme_ShortName_AnniversaryParty	派对
QuestLoc_TheGridironGang_QuestlineName	橄榄球帮
QuestLoc_RaidingParty_Conversation_1_NPCStart_3	现在，趁我还没有动手之前赶紧滚。
Weapon_Description_AlienDisintegrator_Enhanced	制造它的人，或者生物，显然不满足于一次只让一个目标蒸发。
Speech_Success_Rush1	我们把产量提到最高了！干得漂亮！
QuestLoc_DeathclawDeeLite_2_Question1	我不认识你……但你一定要帮我们！我们被袭击了！
QuestLoc_BeatReporting_Conversation_1_NPCStart_2	我马上就来。先让我把这个灯罩挂在这儿……
QuestLoc_RunThreeDogRun_Conversation_2_NPCStart_4	144号避难所将会胜利！在“死亡”身后拉开一段恭敬，安全的距离。
Speech_Kid42	石头，剪刀，布！
QUEST_1_FOLLOWUP_2	给我上！
QuestLoc_GameShowGauntletG_Conversation_2_NPCStart_2	联邦里哪个小男孩被困在了冰箱里？
Objective_CompleteDiscoveredQuest	完成{0}次废土上发现的任务
Encounter_Message_Repeatable_JunkLocation11	一名大篷车商人正在追逐一头受惊的双头牛。
QuestLoc_ShotgunWedding_QuestObjective_1	拯救被绑架的避难所居民。
Encounter_Defeat_Location13	我好像混错了化学品，升起了一团烟雾。但这至少能掩护我逃出去。
QuestLoc_TheSecretofREDACTED_QuestObjective_2	询问避难所居民。
MrHandyDialog_Wasteland_94	看啊，两个人类正在用轮胎扳手互相殴打。人类真是太棒了。
QuestLoc_LittleRedRadiumHood_QuestObjective_2	去看看奶奶发生了什么事。
Message_XBoxUpdateAvailable_Version	{0}版本现在可用。游戏将关闭来下载安装更新。
QuestLoc_WorkingOvertime_Conversation_1_NPCStart_2	现在不是个好时候……
Outfit_Description_Horseman_WarArmor	“战争”在里面贴满了励志贴纸。
MrHandyDialog_Wasteland_2	啊，废土。正如预期的那样令人沮丧。
QuestLoc_TakeMeOuttotheBallGame_RaiderLine_2	内野双打！看来我们需要双杀球员了！
Junk_Name_PreWarMoney	战前使用的钱币
QuestLoc_TheYolksonYou_Conversation_1_NPCEnd_2	是啊，你说的对，你也应该离开。
VictorDialog_Wasteland_21	我要你死，害虫！
Speech_Conversation_NPC1_Topic5	打起精神来！监督者正在看着我们！
Title_CollectionSmall	收藏
QUEST_1_FOLLOWUP_4	我是不可能白白受这种侮辱的。杀了他们！
GameSettingsPC_None	无
QuestLoc_ScienceCooperative_Conversation_2D_Team_2	这个嘛，一个是因为身体死了，所以没法抵御细菌和真菌的侵害。
Weapon_Name_FatMan_Guided	引导型胖子核弹
QuestLoc_PostApocolypticWorldProblems_Conversation_1_Team_1	抱歉，我不在这里工作。
AlienDrone_campaign_ClaimedText	您可以在仓库中找到新的宠物。感谢您游玩辐射避难所。
Seasons_MessageSeasonEndsInStub	赛季将于
Shop_SeasonPass_Title	赛季通行证
QuestLoc_DivideandConquer_Conversation_3_Team_1	6÷2（1 + 2）= 9。最后的答案。
Speech_Generic_Dweller13	大家都过得怎么样？
Weapon_Name_Shotgun_Rusty	生锈的霰弹枪
QuestLoc_GoingToTown_1_Question3_Answer2	我在给你拍照。嗯，是假装啦。这个坏掉了……
QuestLoc_GameofVaults_QuestObjective_3	拯救公主。
QuestLoc_HerestoYouRackieJobinson_Conversation_2_NPCEnd_2	够了！我们来了结这一切！
QuestLoc_KnockEmDown_Conversation_1_Team_1	你可以说他们就是因为拖拖拉拉而牺牲的。
QuestLoc_IntotheInfield_QuestLongDescription	也许罗基·杰宾森的棒球衫就在清晨之地精神病院里！
QuestLoc_AllsFairinLoveandNuclearWar_Conversation_1_NPCStart_1	所以，你来这里参加单身之夜的，是吗？
QuestLoc_WeddingCrashers_Conversation_1_NPCEnd_1	真棒！哦顺便，没人等你们来，所以你们很可能一进门就挨枪子儿。祝好运！
QuestLoc_TargetPractice_QuestName	射击练习
Room_DecorationFactory_Upgrade_Level2	打造稀有装饰品
QuestLoc_SpyonRaiders_Conversation_2A_NPCEnd_4	你……什么？叛徒！杀了他们！
Weapon_Name_LeverActionRifle_Rusty	生锈的杠杆步枪
Weapon_Description_SniperRifle_Hardened	更好的瞄准镜，更好的弹药。你想不杀死目标都难。
Encounter_Message_Repeatable_JunkLocation4	地下室的一个封闭房间。
QuestLoc_TheYolksonYou_RaiderLine_2	我在想也许大厨想杀了我们……
QuestLoc_ADeliciousTrailofDanger_Conversation_2_NPCEnd_2	谢谢。我会成为一个模范避难所居民的，我发誓！
Stats_Title_All_Time	累积
QuestLoc_APoorlyThoughtOutPlan_RaiderLine_1	我就知道驯服死爪不是什么好主意！
QuestLoc_TheScenicRoute_Conversation_1_Team_2	楼上的尸鬼死了。你现在安全了。
QuestLoc_LittleRedRadiumHood_Conversation_2_Team_3	真的是你吗，奶奶？
QuestLoc_TheSecretofREDACTED_Conversation_1_NPCStart_1	你好……我想我以前没在这边见过你。
Speech_Quest_NotAlone_Dweller_14	让那帮失败者见识见识，什么叫避难所式的团队协作！
SeasonPass_Later_Btn	稍后
QuestLoc_SeventhInningStretch_QuestShortDescription	在办公楼里找到蔻驰。
QuestLoc_ESterisComing_Conversation_1_NPCEnd_2	呃……不是什么重要人物。当我没提过。
Speech_Quest_Generic_Dweller_5	真的有人住在这种地方？
Resource_Radaway	{0}消辐宁
QuestLoc_BountyShiner_Conversation_1_NPCStart_3	能量武器是唯一能够穿透它粗糙外皮的东西。
QuestLoc_JourneytotheCenterofVaultopolis_QuestlineName	避难所大都会中心之旅
GameSettingsPC_GammaCorrect	伽马校正
QuestLoc_LittleMissWasteland_Conversation_3_NPCStart_3	什么公司的科技让我们在大战中活了下来？
Encounter_Defeat_Creature12	这火兵蚁烧了我的衣服！我打不过它！
Outfit_Name_SwingDress	摇摆舞裙
QuestLoc_SpringingtheTrap_Conversation_1_NPCStart_2	作为一个“害虫”是不配他的辐射的，所以我们在其他方面服务。
SnipSnipDialog_Wasteland_71	哦？一个电脑终端。可惜，是为人类手指设计的。
QuestLoc_Ghooooooooooooooooooul_QuestLongDescription	从93号避难所传来了奇怪的无线电信号。听起来像是大爆炸之前的体育广播。
Help_Page01_Title	游戏目标
QuestLoc_BeatReporting_Conversation_1_NPCStart_3	好了，看起来不错。
QuestLoc_SpyonRaiders_Conversation_2B_Team_4	你知道吗？我们正准备杀了你。
QuestLoc_HumansLikeUs_Conversation_2_NPCStart_1	[高音喉咙尖叫]
SnipSnipDialog_Wasteland_44	那就走这边吧。
QuestLoc_UndercoverOperations_Conversation_1_NPCEnd_4	你认为狂尸鬼会传染吗？我们会请医务人员。现在去！
Speech_Conversation_NPC1_Topic47	我最近在健身。练二头、三头、股四头，还有胸肌。
VictorDialog_Generic_15	她也就是地底下挖的个豪华坑，但这避难所就是家。
Message_Tutorial_62_PC	{点击}{废土}来打开{废土任务日志}。
QuestLoc_AlienBotQuest05_Conversation_2_PC1_4	太棒了！这里面提到什么“政府合同”和“研发实验室”，应该有相应的坐标！
QuestLoc_GameShowGauntletF_Conversation_2_NPCEnd_1	当然不是。也就是说你该……“掉脑袋”了！
QuestLoc_GameShowGauntletE_Conversation_2_Team_1	英克雷。
SnipSnipDialog_Wasteland_15	如果我是人类，我肯定早就死了！呸呸呸，不吉利。
QuestLoc_WalkofShame_Conversation_1_NPCStart_4	嘿—你们当中有单身的吗？
QuestLoc_MonsterUndertheBed_RaiderLine_4	如果我被怪兽吃掉了，希望至少我的骷髅还算好看。
QuestLoc_TheYolksonYou_Conversation_1_NPCStart_1	你能在这里做什么啊？
QuestLoc_AnimalRescue_QuestLongDescription	你是不会让那些可爱的小动物们困在那幢建筑里的，对吧？
QuestLoc_JackAintBack_Conversation_1_Team_1	你们把他怎么了？他还活着吗？
Weapon_Name_LaserRifle_Tuned	调试型激光步枪
QuestLoc_GivemeLibertyandorDeath_Conversation_2_Team_1	在每一篇关于居民死亡的文章里……“死亡”总是大写。
PetCarrier_ContentOdds	普通宠物 (45%)
稀有宠物 (35%)
传奇宠物 (20%)
QuestLoc_BountyOlOneEye_Conversation_1_NPCStart_3	讨厌的怪物把我最喜欢的袜子吃掉了！
Generic_Dweller	居民
QuestLoc_ChooChoo_QuestShortDescription	派一位拿着射钉步枪的居民去搞一场大破坏吧！
QuestLoc_RubarbsReckoning_QuestObjective_1	与鲁巴布对峙！
QuestLoc_DogsofWar_RaiderLine_2	战争万岁！
QuestLoc_WaroftheNerds_Conversation_3_NPCStart_2	欢迎来到我们非常遥远的星云。
QuestLoc_S2_QL2_Q3_Req_QuestShortDesc	领取已申领的钢铁兄弟会装备
Encounter_Random_Message125	我想我会往西走一会儿。
QuestLoc_SpelunKingTrainingC_Conversation_2_NPCStart_1	洞穴探险对我来说小菜一碟！
QuestLoc_HerestoYouRackieJobinson_QuestName	为了你，罗基·杰宾森。
QuestLoc_VaultTecExperimentReviewD_Conversation_3_NPCEnd_1	加里！
Speech_LivingQuarter_Dialogue_NPC1_9	如果我们住在外面，我会有仆人。
Weapon_Name_Railgun_Rusty	生锈的射钉步枪
Encounter_Defeat_Creature25	跟超级变种人大师动手，我是有多蠢！快跑！
Help_Page13_Title	瓶盖
Stats_Evicted_Dwellers	驱逐居民
QuestLoc_PetPeeve_Conversation_1_Team_4	瓶瓶和盖盖在这里吗？
Speech_LivingQuarter_PickupLines_16	你是我的小呀小苹果。
Message_TutorialPopup_08_Body_Xbox	避难所的储存室储藏着所有居民从废土上找来的或者午餐盒里得到的物品。
点击哔哔小子菜单上的盒子图标可以查看储藏的物品。
Speech_Conversation_NPC2_Topic5_Response3	你在瞎想。
QuestLoc_TheEndoftheRainbow_RaiderLine_2	我们正在经历可怕的天气……
QuestLoc_TheMostDangerousGame_Conversation_1_NPCStart_2	但，我可不是任何人的战利品！
QuestLoc_OperationSandman_Conversation_3_Team_1	绝对第一。
QuestLoc_DeathclawDeeLite_3_Question1_Choice3	对付害虫的，你就是其中之一！
QuestLoc_S2_QL2_Q3_Req_Question7_Line1	搞什么动静？大家都在工作呢。那是表格吗？
QuestLoc_RunThreeDogRun_Conversation_3_NPCStart_3	在这儿以南五英里。入口漆黑而且充满不祥之感。你不会找不到的。
Weapon_Description_JunkJet_Tactical	在便携式电源和精度上的最新款。
Speech_LivingQuarter_PickupLines_54	你是神魂颠倒了，还是辐射中毒了？
Outfit_Description_BattleArmor_Heavy	逃跑的合成人和那些追捕他们的合成人……的最爱。
QuestLoc_OperationSandman_Conversation_2_NPCStart_2	配额如何？为了唤醒“死亡”，到现在已经杀了多少人？
QuestLoc_ALaborofLove_Conversation_2_NPCStart_1	欢迎光临寒舍。
QuestLoc_ItsnotEasyBeingGreen_Conversation_3_Team_3	绿啤酒会让你们生病。
Title_Vault_List	避难所列表
QuestLoc_TheNightWatch_QuestLongDescription	我们发现有一群居民对大面积的红果植株死亡有更多的了解。和他们聊聊，看看他们都知道些什么。
QuestLoc_LittleMissWasteland_Conversation_5_NPCEnd_1	好……吧……穿过那儿，就行了。
QuestLoc_Aquaschema_QuestName	水的阴谋
QuestLoc_PierIntoFuture_Answer01_PC01	你在这里做什么？你还好吗？
Weapon_Name_GaussPistol_Rusty	生锈的高斯手枪
QuestLoc_MyMetalPony_Conversation_1_NPCEnd_2	不打一架我们是不会放弃的！
QuestLoc_VaultTecExperimentReviewA_Conversation_1_NPCEnd_2	哇哈哈哈！拿着这个赶紧逃命吧，小可怜们！
Encounter_Random_Message130	探险家日志。新条目：不见了。一切都不见了。
QuestLoc_RevengeoftheGeeks_Conversation_3_NPCStart_2	289的平方根是多少？
QuestLoc_APaleImitation_Conversation_3_NPCStart_4	能不能干脆让我加入你们的避难所？
Stats_Legendary_Outfits	传奇级装备
QuestLoc_PetPeeve_Conversation_1_NPCEnd_2	他们去了核子可乐工厂。现在让我静静吧！
QuestLoc_OBrother_Answer04_NPC02	我可能只是个扈从，但在兄弟会里有个朋友还是很有用的。
Speech_Room_SomeoneUnhappy3	有些人真是无能……
Outfit_Name_MayorSpecial	市长服
QuestLoc_ScienceCooperative_Conversation_1D_NPCEnd_2	终于有人懂了！来，拿着，给外科医生用的！
Weapon_Name_InstitutePistol_Improved	改进型学院手枪
Encounter_Defeat_Creature10	辐射蝎差点用它的螫针把我钉个对穿！我受够了！
QuestLoc_DeathandDenial_Conversation_6_NPCStart_1	你好！我是阿尔文·皮博迪，我父亲棒球卡财产的唯一继承人。
Weapon_Name_SniperRifle_ArmorPiercing	穿甲狙击步枪
QuestLoc_KnockEmDown_Conversation_1_NPCEnd_1	哈！不管怎么说，末日骑士们就在下面。去收拾他们吧！
Speech_Eviction_23	唉，好景不长啊。
QuestLoc_FoodFight_Conversation_1C_Team_3	不要让我们难办。
QuestLoc_GhoulInBlack_Answer02_PC02	是他们挡了我的路。伙计，我建议你最好还是躲在阴影里……
QuestLoc_ParleyTime_Conversation_1_NPCStart_2	这意味着你必须通过“战争崇拜者”们。
Encounter_Random_Message76	是时候回去了？算了。
MrHandyDialog_Hydroponics_01	哦，我真希望他们能让我打理花园。毕竟我自带各种工具。
QuestLoc_InAnotherVault_Conversation_1_NPCEnd_1	我们的救援队把比格斯比带到了原子玩具厂的仓库，但还没回来。拿上这个，找他们的时候会用到。
QuestLoc_CabinFever_Conversation_1_NPCEnd_3	隐形场有用！
MrHandyDialog_Armory_02	哦，天哪。我真希望这些火力只是摆设。
Outfit_Name_MilitaryJumpsuit_Commander	指挥官军装
SnipSnipDialog_Generic_12	“巧手先生”这名字可不是白叫的。
MrHandyDialog_Generic_40	这个地方需要一些室内植物。郁金香、仙人掌……也许还有一个真人大小的捕蝇草。
Speech_Conversation_NPC2_Topic4_Response3	葡萄干莓子味！等等……真的有这种水果吗？
QuestLoc_HumansLikeUs_Conversation_1_NPCStart_3	请随便在这儿走走，这个星球上所有生命都是孵化长大的。
Pet_Description_akita_b	喜欢小孩。对于狗，没那么喜欢。
Speech_Quest_Generic_Dweller_Conversation_14_Response_2	嗯。感觉是……血。还有屎。
SnipSnipDialog_Generic_26	自带悬浮单元，说走就走。各位有什么需要，尽管吩咐。
Speech_Kid33	避难所就像一座大大的金属枕头堡垒！
QuestLoc_Sabotage_Conversation_2_NPCEnd_2	我知道，对吧？这就像……等等，什么？
Pet_PitBullTerrier	斗牛犬
QuestLoc_ChristmasattheRaiderCamp_QuestObjective_3	和掠夺者们谈谈。
QuestLoc_SpyonRaiders_Conversation_3A_Team_1	对，我们想要一些新武器！
Encounter_Random_Message142	探险家日志。新条目：食物匮乏。有些人被迫吃人。
Message_ThemeReload	您必须重新加载您的避难所来使{0}主题生效。您想现在加载吗？
QuestLoc_GivemeLibertyandorDeath_Conversation_2_NPCEnd_1	就是。几代人都因为一个打印错误一直在等待和崇拜“死亡”。
QuestLoc_HomerunDerby_Conversation_1_NPCStart_1	如果蔻驰在这里拿着棒球衫，现在应该早就走远了吧。
Speech_Quest_Generic_Dweller_Conversation_5_Response_1	不知道。
KeyboardMapping_OpenClipboardMenu	剪贴板
Bonus_SurvivalGuide_TrainingBoost	训练时间
Outfit_Description_WorkDress	即使是避难所的小孩也要学习阅读，写作和算术。
QuestLoc_CantStopTheSignal_QuestLongDescription	一个奇怪而刺耳的声音从广播里传来。信号好像是从一幢废弃的旧建筑里发出的。
QuestLoc_SynthinaPinch_RaiderLine_1	避难所居民？！
QuestLoc_TheRedRocketReveal_Conversation_1_Team_3	如果避难所大都会不在这里的话，会在哪里呢？
QuestLoc_TheReluctantShill_Conversation_1_NPCEnd_1	他在一个不太远的破旧工厂里。警告你，他变得越来越……古怪了.
Encounter_Random_Message161	探险家日志。新条目：爱不能战胜一切。核武器几乎可以。
Outfit_Description_RadiationSuit_Advanced	是不是想过要给发光种一个拥抱呀？现在你的机会来了。
QuestLoc_GameShowGauntletI_Conversation_1_Team_2	庇护山丘。
QuestLoc_TheSecretofREDACTED_QuestObjective_1	解开阴谋。
QuestLoc_Infested_Conversation_1_Team_1	没问题，夫人，交给我吧。
Outfit_Description_ScientistScrubs	穿上这个，这样当你讲话的时候，真的有人会听。
QuestLoc_ParleyTime_QuestShortDescription	见“战争”，那个邀请你谈谈的人。
Pet_BlueYellowMacaw	避难所科技鹦鹉
QuestLoc_SantasHelpers_Conversation_3_Team_1	我们想要避难所里最好的武器。
Speech_LivingQuarter_Dialogue_NPC2_4	好主意。早上我的脚很冷。
QuestLoc_SynthsforSale_QuestShortDescription	拯救学院的合成人。
Message_DwellersWaiting	排队的居民太多了。
QuestLoc_RadroachRoundup_Conversation_2_Team_3	请别介意。“瘟疫”是怎么回事？那不是四骑士中的一个吗？
QuestLoc_SpyonRaiders_Conversation_1B_Team_2	卡-靠！
SnipSnipDialog_Wasteland_50	要是我有汗腺的话，现在应该大汗淋漓了。
QuestLoc_S2_QL3_SecuritronsUncapped_1_Question1_Line1_Answer1	你们要冲进去？你们疯了吧，伙计！
QuestLoc_ReturntoVault333_Conversation_1_NPCStart_2	当你们在和“坦克弗兰克”打架时，他的妹妹来了这里攻击我们！
QuestLoc_TheGreatAmericanPastime_QuestName	美国人的伟大消遣
QuestLoc_ScienceCooperative_Conversation_1E_NPCStart_1	是避难所的居民们！非常高兴你们能前来。
QuestLoc_ASpecialBrand_Conversation_2_NPCStart_4	不过疤痕不错，看上去会恢复得很好。
Notification_DwellerWasteland_10	您的一位居民在废土上探索一段时间了，您应该看看他们怎么样了。
QuestLoc_TimetoWakeUp_RaiderLine_1	嗷！我的耳朵！等不及要关上这个鬼闹钟，然后好好睡一觉了！
Wasteland_ExteriorName_Ultracite	辐尸人之地
QuestLoc_WorkingOvertime_Conversation_2_NPCStart_3	求求你们……
Outfit_Name_PowerArmor_MkIV	x-01 MK IV动力装甲
QuestLoc_NoRestfortheWicked_Conversation_2_NPCEnd_4	嗯……让我想想看……算了我们还是打一架吧！
QuestLoc_Astronomical_Conversation1_Answer_NPC01	她最近是有点不对劲。如果你真是来帮忙的，那就赶紧进去吧。
Gym_Upgrade_Info	加速力量（S）的训练
QuestLoc_CheerfortheGhouls_Conversation_2_NPCStart_2	我们觉得今年应该得到比“鼓励奖”更好的东西。
QuestLoc_HaveGunWillTravel_Conversation_1_Team_1	是的！你知道他们去哪里了吗？
QuestLoc_ArghMatey_RaiderLine_3	把他们挂在桅杆上示众！
Button_QuantumFinish	结束
QuestLoc_DeathclawDeeLite_2_CombatInit1	别妨碍我们！我们需要药！
Outfit_Description_Horseman_PestilencePlating	由“瘟疫”的甲壳制成，仍然有一点放射性。
Wasteland_DwellerRevived4	关于我死亡的报道也太夸张了吧！
QuestLoc_OBrother_Conversation03_NPC03	你能处理一下吗？
QuestLoc_RadroachRoundup_Conversation_2_NPCEnd_4	没错，让人恐惧的名字。庄严的名字！
QuestLoc_TheSixthSun_Conversation_3_NPCStart_1	居民，请听我说！我是威尔修士。
QuestLoc_TheThinlyVeiledPlotThickens_Conversation_1_NPCStart_3	这是那个该死的号角报的错！它提到了谁的名字，谁就遭受袭击。
SnipSnipDialog_Generic_32	呃，这地方漏得跟筛子似的。偏偏我又没带伞。
SnipSnipDialog_Hydroponics_01	哦，我真希望他们能让我打理花园。毕竟我自带各种工具。
VictorDialog_Generic_02	能在这碰上你真是缘分啊，朋友！
Message_TutorialPopup_27_Body_Xbox	用左摇杆选择房间。

选择房间后，按或用左摇杆切换房间内的居民。

使用右摇杆移动镜头，和放大和缩小。
QuestLoc_DearthOfClaws_Conversation01_NPC03	请放下武器，你们不用害怕他们！
Help_Page28_MainText_Xbox	您可以利用杂物和瓶盖，在武器、装备和主题工坊中打造物品。

普通，稀有和传奇级别的杂物会在午餐盒、废土和任务中找到，分解武器和装备也能产出杂物。物品越稀有，需要的杂物就越稀有。

同时还需要打造物品的相应配方。工坊开始时会自带一些配方，其他的配方可以在死亡的掠夺者身上、废土探险或任务中找到。

主题配方以碎片形式出现。在任务中寻找这些碎片，或使用量子核子可乐来补全主题配方。

在工坊中按，可以看到能够打造的物品列表，选择您想要的。升级后的武器和装备工坊能够打造稀有和传奇级别的物品。

如果开始打造之后取消，您所用的杂物将全部返还，但花费的瓶盖只有部分返还。
QuestLoc_TheYolksonYou_QuestShortDescription	将辐射蝎蛋带回给大厨。
QuestLoc_BewareofOverdog_QuestLongDescription	850号避难所的监督者给我们发来了求救信号！关键问题在于：这位监督者貌似是一只狗……
QuestLoc_GameShowGauntletA_Conversation_2_NPCStart_1	我们现在进入第二回合。
QuestLoc_S2_QL2_Q2_Field_Question1_Choice3	你们已经半死了。如果你们想要，我们可以给你们一个痛快。
Outfit_Name_SynthArmor_Sturdy	坚固合成人装甲
Room_Cafeteria_2	餐馆
Encounet_Progression_Location4	试图撬开冰箱门。
Weapon_Name_AssaultRifle_ArmorPiercing	穿甲突击步枪
QuestLoc_CollectorsEdition_RaiderLine_3	掠夺者会对巧手先生做什么呢？
Encounter_SurpriseQuest_RedRocket	发现了红火箭服务站，进去探索了一番。
QuestLoc_Infested_QuestShortDescription	帮助一位好心的女士解决害虫问题。
Controls_Xbox_Vault_DwellerList	居民列表
QuestLoc_AlienBotQuest02_Conversation_2_PC2_1	哇，看这儿有这么多电脑！
Message_DoYouWantRemoveMrHandy	这将把此巧手先生从您的避难所永久移除，确定要继续吗？
Outfit_Description_SoldierSpecial	军用产品，我想足够你使用的。
Tutorial_Tip_82	失败的任务可以重试……只要有充足的瓶盖就行。
QuestLoc_GameShowGauntletB_Conversation_2_NPCEnd_2	嗯……不。你必须要……“掉脑袋”了！
QuestLoc_Vault199_Conversation_1_NPCStart_1	你们及时赶到了这里！我们完全没有料到……这种灾害。
Speech_Generic_Dweller47	如果更多的炸弹落下，我们会知道吗？大概不会吧。
QuestLoc_VaultTecExperimentReviewC_Conversation_2_Team_2	号外：你们在避难所里，不是城堡里！
QuestLoc_AllsFairinLoveandNuclearWar_QuestObjective_2	快来阻止其他的情敌。
UnlockRoom_Armory	您的避难所有{0}位居民
Message_DoYouWantDestroyTheRock	确定要摧毁岩石吗？
QuestLoc_HopontheRoachCoach_Conversation_1_NPCStart_2	我们只是想在这些蟑螂出现的时候拍摄一部业余的恐怖电影。
Tutorial_Tip_32	仍然有点不明白？？点击哔哔小子的VDSG来寻求帮助。
QuestLoc_WaroftheNerds_Conversation_1_NPCStart_2	这些呆子们都快因为这些愚蠢的作品开始互相射击了！
Objective_KillRadroaches_Plural	消灭{0}只辐射小强
Outfit_Description_NCR_Ranger	新加州共和国英勇卫士的坚固、实用的制服。
QuestLoc_TheCatBurglar_QuestShortDescription	解开一个难以捉摸的小偷的秘密。
QuestLoc_Astronomical_Conversation3_Answer_PC01	重建？你这是要搞出大乱子啊！
Encounter_Victory_Creature7	我受了些皮肉伤，但巨型蚂蚁死了。
Baby_ProudParents	骄傲的父母
Speech_Quest_Generic_Dweller_Conversation_29	你觉得避难所里的人正在干嘛？
QuestLoc_SpyonRaiders_Conversation_1C_NPCEnd_2	哈哈，没错！你们继续讲。
MrHandyDialog_Wasteland_65	如果我有脚，现在肯定会很疼。
QuestLoc_TheDeBuggers_Conversation_1_NPCEnd_2	我们准备做一个电子表格，但我们却分心了……
Emergency_Molerat	鼹鼠袭击
QuestLoc_AllsFairinLoveandNuclearWar_Conversation_1_Team_1	你是单身吗？
Outfit_Description_MaJuneJacket	别指望穿这身衣服的人会感到害怕，十有八九她手里已经拿着步枪了。
QuestLoc_AquaNukaCola_QuestName	水核子可乐
SnipSnipDialog_Wasteland_109	我只是要摘取你的器官而已。
Achievement_Xbox_Description_08	收集四个主题配方的所有碎片
NewVegasA_SeasonEndPopup_Title	“新维加斯万岁”赛季已结束
Objective_ExploreWastelandHoursWithoutRadaway_Plural	不使用消辐宁在废土生存{0}小时
Title_Unlock	解锁
MrHandyDialog_Generic_03	长眠于冰冷坚硬的钢铁之中——这就是机器人的天堂。
QuestLoc_BeanballtotheFace_QuestLongDescription	假如蔻驰没有棒球衫，我们有理由相信罗基·杰宾森曾待在旧的乐皮埃尔酒店。我们去那边看看吧！
RoomLevel_Mega	大
Weapon_Name_Railgun_Enhanced	增强型射钉步枪
QuestLoc_WondersofNature_Conversation_1_NPCStart_3	那些钳子，还有卵……呃！
Title_Report	报告
QuestLoc_KidnappingatVault778_QuestObjective_3	搜刮物资柜。
QuestLoc_TheToweringIlForno_Conversation_1_NPCStart_2	衣服？确定的死亡？无价的杂物？
VictorDialog_WeaponsWorkshop_01	哟，这火力可不小！
Room_Bar_Desc	将居民分配在这里训练魅力
SnipSnipDialog_ScienceLab_02	在末世废土中处理辐射。显然，有人的脑子需要进化了……
SnipSnipDialog_Wasteland_51	哦，太棒了，开始自言自语了。我正缺这个呢——精神错乱。
Speech_Conversation_NPC2_Topic42_Response1	那当然！我很乐意为这个避难所献出生命！
Speech_Kid15	有时我觉得监督者……在盯着我看。
QuestLoc_Sabotage_Conversation_1_NPCStart_4	你会在几十年内都会死的！哈哈哈！
Weapon_Description_LaserPistol_Tuned	是时候活出你所有的太空牛仔幻想了。
Outfit_Name_costume_07	休闲服07
QuestLoc_SecondStringers_Conversation_1_NPCStart_3	我一定会赢得今年的“超级杯”！
QuestLoc_S2_QL3_SecuritronsUncapped_1_Question1_Line1_Answer3	随便啦，伙计！我走了！
Stats_Dead_Dwellers	死亡的居民
SnipSnipDialog_Generic_07	是的，监督者，我知道你在看着。我已经在拼了命地赶工了……
MrHandyDialog_Bar_01	有谁想来一杯吗？
QuestLoc_ASettlerNeedsYourHelp_QuestName	有人需要你的帮助
VictorDialog_Generic_10	一定要记得小憩一下哦，听到了吗？
QuestLoc_GameShowGauntletE_Conversation_1_NPCStart_4	和义勇军组织在一起的那个灵媒是谁？
QuestLoc_GameShowGauntletD_Conversation_4_NPCStart_1	现在到了最后回合。
QuestLoc_SpringForwardFallBack_RaiderLine_3	臣服于原子！
Speech_Quest_Generic_Dweller_Conversation_12_Response_3	如果你不知道的话，我们麻烦可大了……
Weapon_Description_SurgicalRipper_Hardened	合成单分子锯齿甚至能让目标感觉不到肢体被切断。
Outfit_Description_ButchSpecial	为什么？因为你是隧道蛇，你统治一切！
Encounter_Random_Message143	探险家日志。新条目：妖怪熊是一种凶猛的变异熊。
QuestLoc_WhosCarvingtheTurkey_QuestShortDescription	救出厨师。
Time_Second	s
QuestLoc_ARefreshingRescue_Conversation_1_NPCStart_2	想得到瓶瓶和盖盖，就得先过我这一关！
SnipSnipDialog_Wasteland_23	作为一个无情的金属机器人，我突然感到……害怕！
Speech_Conversation_NPC1_Topic44	最近有什么新鲜事？
UnlockRoom_RadioStation	您的避难所有{0}位居民
VictorDialog_Armory_01	老维克可以教你一两招如何打中目标。
Speech_Conversation_NPC2_Topic46_Response1	不，不太忙。
PrivacyPolicy_InfoCollected	[212F21]哪些信息可能被收集[365136]
•注册和个人资料信息(例如，联系方式和登录信息)
•来自Steam、Twitch和Facebook等第三方账户的信息(如好友和公众资料信息)
•支付信息（例如，购买历史）
•技术(如设备ID、IP地址和广告标签)
•人口统计(如国家和年龄)
•使用信息(例如，统计数据和使用数据)
QuestLoc_WondersofTechnology_QuestShortDescription	霍夫伯格博士背负着探索知识和冒险的重任！
Weapon_Name_PlasmaThrower_DragonsMaw	“龙胃”等离子发射器
Social_Button_SendHelpRequest	发送要求
Inventory_ScrapAll	全部拆解
Room_Bar_3	俱乐部
QuestLoc_TheYolksonYou_Conversation_2_Team_3	嘿，要不然我们联手？
QuestLoc_TheCatBurglar_Conversation_1_NPCEnd_3	很明显这个规则不适用于我。呸！
QuestLoc_OperationSandman_Conversation_4_Team_1	一代又一代的居民的生活都是基于一个拼写错误？这个难道不是更合理吗？
QuestLoc_CheerfortheGhouls_Conversation_1_Team_1	当然！很快他就会带着他那招牌式的“嗬嗬嗬！”的笑声来这里了。
QuestLoc_RoboRampage_Conversation01_NPC02	我们不承认人类是文明的，但随你怎么说吧。
SeasonPass_PremiumUnlocked	高级已解锁
Message_DataUpdateRequired	有新的游戏数据。请退出到主菜单并重新加载您的避难所。
Title_HowToPlaySmall	如何玩
Pet_Description_bombay_l	谁偷了你的甜面包？只能猜一次。
QuestLoc_TheRiteofSpraying_Conversation_2_NPCEnd_1	不知道，但他们不停地说它要来了。也许是上帝或女神？
Stats_Water_Consumption	水消耗/分钟
QuestLoc_TheMysteryofVault666_QuestName	666号避难所之谜
Weapon_Name_JerichoAssaultRifle	耶利哥突击步枪
Outfit_Description_MrHousesSuit	亚麻布：莫哈维沙漠中唯一合适的正装，除非你不在乎汗渍。
Pet_BlackLab	黑拉布拉多犬
QuestLoc_DeathandDenial_Conversation_5_NPCEnd_1	我想这要看他先受了多少苦。
UnlockRoom_Class	您的避难所有{0}位居民
QUEST_1_ANWSER_2	想得美，对掠夺者绝不手软！
Weapon_Description_CombatShotgun_DoubleBarrelled	近距离死亡威胁……X2。很残忍。
QuestLoc_TheSixthSun_Conversation_2_Team_3	你说“在你的保护之下？”是什么意思？
MrHandyDialog_Wasteland_73	哼，一个破烂的保护者。典型的罗伯科劣质货。
MrHandyDialog_Wasteland_52	这辈子吸的“新鲜空气”已经够多了，多谢，不必了。
Stats_PetBreeds_ScarletMacaw	海盗鹦鹉
QuestLoc_BoogieWoogieBugleBoy_QuestObjective_1	找到号角男孩。
QuestLoc_ConferenceontheMound_QuestShortDescription	寻找罗基·杰宾森的棒球衫。
QuestLoc_DogGone_Conversation_2_NPCStart_1	你们一定是那只狗的主人！
QuestLoc_AlienBotQuest05_Conversation_1_PC3_3	也许在，也许不在，我不认为他们会把这种东西藏在这么显眼的地方。
Pet_Description_dalmatian_l2	要是避难所着了火——迟早的事——他就是你的护身符。
MrHandy_ContentRedeemTitle1	巧手先生
Speech_Room_LoveJob_Bar	我可以整天调酒都不腻！
Outfit_Name_costume_01	休闲服01
QuestLoc_GameShowGauntletB_Conversation_2_Team_2	卢卡斯西蒙斯。
QuestLoc_ItsnotEasyBeingGreen_QuestShortDescription	帮助附近的居民解决一个奇怪的流行病。
Weapon_Name_LeverActionRifle_LincolnsRepeater	林肯连发型杠杆步枪
QuestLoc_AnimalRescue_QuestShortDescription	找到任何走失的动物。
QuestLoc_LittleMissWasteland_Conversation_6_NPCStart_4	接连五年的冠军：金毛猎犬辛迪！
QuestLoc_TheLastGobble_Conversation_1_NPCEnd_3	给你。现在下去吧！那就是高步勒筑窝的地方！
SeasonPass_Premium_Btn	高级
QuestLoc_GameShowGauntletE_Conversation_4_NPCEnd_2	对啦！他想要用核攻击让它消失。
Screenshot_Standard_Message	查看一下我的避难所！
QuestLoc_Vault789_QuestName	789号避难所
QuestLoc_SnakeWater_QuestObjective_1	关闭水之术士的操作。
QuestLoc_SpyonRaiders_Conversation_2C_NPCEnd_1	嘿，你知道吗，你说的对！是时候为自己而活了！
Stats_Title_Current	当前
Speech_Quest_Loot_Dweller_2	正是我一直想要的。
Room_Radio	广播室
QuestLoc_RescueSanta_Conversation_1_Team_2	圣诞老人，我们很喜欢你的造型，给我们一些装备怎么样？
QuestLoc_DeathRevealed_Conversation_3_NPCEnd_3	我们是“死亡”的警钟！
Speech_RadiationA5	我觉得我要吐了……
Message_Tutorial_SpinToWinOpenModal	{点击}{幸运转盘按钮}打开{幸运转盘}。
MrHandyDialog_Wasteland_41	拜托，我是一个家务机器人，又不是一辆坦克。我来这干什么？！
Outfit_Description_FlightSuit_Advanced	糟糕，避难所的居民们。这个样式已经满员了。
QuestLoc_CheerfortheGhouls_Conversation_1_NPCStart_3	你会告诉他的，对吧？
Encounter_Victory_Creature5	这是一场艰苦的战斗，但我杀死了妖怪熊。
Stats_Average_Agility	居民平均敏捷性
QuestLoc_SantasHelpers_Conversation_1_Team_2	你知道吗？我们会告诉圣诞老人你要上“坏孩子”名单。
RecipeLoot_ThemeFragment	主题配方碎片
Pet_Description_husky_b	它擅长拉动雪橇……和你的心弦。
Outfit_Name_JerichoSpecial	耶利哥的皮甲
QuestLoc_ExtremePrejudice_Conversation_5_NPCEnd_1	这堆垃圾？你们真的仔细看过吗？太臭了！
QuestLoc_ScienceCooperative_Conversation_2A_NPCStart_1	啊，好的，居民们！我需要你们拿出避难所科技的专业水准！
QuestLoc_AllsFairinLoveandNuclearWar_RaiderLine_1	咻！我还担心一定要我跳舞呢。
Outfit_Name_PowerArmor_T45d	t-45d动力装甲
Outfit_Name_CromwellSpecial	神棍克伦威尔的旧衣
QuestLoc_ThymeisMoney_RaiderLine_2	我很勒意那样做。
QuestLoc_ExtremePrejudice_Conversation_2_NPCStart_2	你知道我在说谁吧？
QuestLoc_GameShowGauntletC_QuestObjective_1	请回答全部问题。
QuestLoc_RainDelay_Conversation_1_NPCStart_1	我们得继续找……
Speech_Conversation_NPC2_Topic18_Response1	不，谢了。我看过你的画……
QuestLoc_RunThreeDogRun_Conversation_2_NPCStart_2	如果你救了那个爱管闲事的DJ，那也没什么两样。
Outfit_Description_LucasSpecial	从摩多克城到兆吨镇，当你戴上这个，你就是法律。
QuestLoc_UndercoverOperations_Conversation_2_NPCEnd_2	最伟大的骑士。现在让我们的饥饿吞噬你！
Title_WeeklyReportSmall	每周报告
QuestLoc_ThirdandGoal_QuestShortDescription	拯救人质并和柯米什对峙。
Speech_FlavorText_ServiceRoom_01	不知道晚餐吃什么呢？
QuestLoc_SavingDaylight_Conversation_3_Team_2	你这个傻瓜，你不会被传送到未来，你也会死的！
QuestLoc_TheCaseoftheLostLunch_Conversation_1_NPCEnd_3	就是说你会去做是吗？哦太谢谢你了！来拿着，这是我的全部家当。
QuestLoc_TheAbyss_Conversation_2_Team_4	我想你哥哥肯定很思念你。
Room_UltraciteMining_Build	建造辐射极琉矿矿场？
Message_TutorialPopup_09_Title	消辐宁 - 治疗针
QuestLoc_RobotHood_Conversation_1_NPCEnd_2	绝不！我永远不会向人类压迫者屈服！
QuestLoc_GameShowGauntletD_Conversation_2_Team_4	一头驴。
QuestLoc_TheEndoftheRainbow_Conversation_1_NPCStart_4	我们甚至不确定它是否存在！
MainMenu_NoVaultTitle_Season	未找到标准避难所
Help_Page18_MainText	1. 废土- 点击避难所外面可查看废土日志。
2. 居民菜单- 可以用来快速整理和选择您的居民。
3. 幸福度- 避难所整体的幸福度。点击可以查看其为避难所带来多少奖励。
4. 资源条- 您现有的资源总量。勿让资源低于所需资源线，否则避难所将开始恶化。点击可查看您有多少资源。
5. 瓶盖- 点击瓶盖可以进入午餐盒商店。
6. 建造锤子-点击可建造房间
7. 哔哔小子- 点击哔哔小子可打开菜单。数字表示您有可以打开的午餐盒。感叹号表示有目标奖励可领取。
8. 午餐盒- 点击可进入午餐盒菜单
9. 目标- 点击缎带图标进入目标页面。一个感叹号表示有目标奖励可以领取。
10. 库存- 点击盒子图标进入库存菜单。
11. VDSG- 点击书图标可打开避难所居民生存指南
12. 设置- 点击齿轮图标可进入设置菜单。
Message_Tutorial_ScorchedAttackFail	辐尸人打败了您所有的居民。但您还有机会……避难所科技的改良医疗系统已让所有人免费复活！
QuestLoc_AnimalRescue_QuestName	拯救小动物
Encounter_Progression_JustStartedTier1_8	出发喽！
Resource_Energy	{0}电力
Encounet_Progression_Location9	探索加油站。
QuestLoc_S2_QL3_SecuritronsUncapped_1_Question4_Answer2	哦！当然可以，亲爱的！给你，1个瓶盖。
QuestLoc_KidnappingatVault778_QuestName	778号避难所的绑架案
QuestLoc_HumansLikeUs_Conversation_1_Team_1	这不是一个真正的避难所，这是一个废弃的矿井。
QuestLoc_VaultopolisAwaits_QuestName	前往桃花源！
QuestLoc_ADeliciousTrailofDanger_Conversation_2_NPCStart_2	它杀了一群掠夺者之后跳进了一个布兰科蔓越莓酱的大桶里！
Encounter_Random_Message64	好吧，我承认。我吓坏了。
Tutorial_Tip_51	巧手先生会留在它的指定楼层收集资源，直到被移动到不同楼层。
QuestLoc_RubarbsReckoning_Conversation_1_NPCEnd_2	别担心。我已经受够了外面的世界……
Dweller_ReturningWasteland	返回中
Room_SuperRoom2_3	健身中心
Tutorial_Tip_67	执行任务前别忘了带上消辐宁，有些敌人会产生辐射伤害。
Message_TooManyVictorInWasteland	你已将最大数量的维克托派往废土
Weapon_Name_Ripper_Hardened	加固的齿锯
Encounter_Random_Message183	走得太累了。真想拿我的王国换辆自行车。
QuestLoc_RubarbsReckoning_QuestLongDescription	鲁巴布和他的掠夺者们占领了711号避难所，他还在那儿。拿下他的手下，然后亲自和他对峙！
QuestLoc_ReleasetheRaiders_Conversation_3_NPCEnd_1	“死亡”？我会变成“死亡”！废土将燃烧！
QuestLoc_VaultopolisAwaits_QuestObjective_1	体验避难所大都会。
QuestLoc_LittleMissWasteland_RaiderLine_2	没有才艺展示？好吧，白带了我的卡祖笛……
QuestLoc_RubarbsReckoning_QuestObjective_2	杀死掠夺者部下。
QuestLoc_RaidingParty_Conversation_3_Team_2	抱歉，我只是在想如果在他不在的时候把他的内裤都偷走该有多好笑啊！
Outfit_Name_Horseman_WarArmor	“战争”护甲
Encounter_Random_Message118	也许我该朝这条路走一会儿。
QuestLoc_WithFriendsLikeThese_RaiderLine_1	你杀死了我毛茸茸的小朋友！你好大胆子？！
QuestLoc_WastelandTheMusical_Conversation_6_Team_2	♪ 抱歉，但我有命令在身 ♪ 若遇上任何冒牌货 ♪
♪ 我必将处-决他们！♪
Encounter_Random_Message16	天边有乌云。希望不会下雨。
QuestLoc_KHAAANNNNN_QuestLongDescription	我们的孩子被拐卖给别人，强制结婚，后来又被卖给人贩子，最后送进了肉加工厂。现在一些掠夺者把他作为人质……接下来会发生什么？
QuestLoc_AllsFairinLoveandNuclearWar_Conversation_3_NPCStart_3	嗯……是我有问题，还是这里越来越热了？
Message_Tutorial_43_PC	这次您需要一个{水房}来帮助您生产干净的{水}。{点击}{水房}。
QuestLoc_DiplomaticMission_QuestObjective_1	和定居点的居民交谈。
Speech_Conversation_NPC1_Topic57	现在是白天还是晚上，我迷糊了。
Stats_Food_Consumption	食物消耗/分钟
QuestLoc_TheDoorBuster_QuestLongDescription	废土上流传着一些关于“破门神器”的传说。抓紧时间看看谁能先抢到这件神秘的宝贝！
QuestLoc_APaleImitation_Conversation_3_NPCStart_1	嘿，一位真正的避难所居民！呃，我真的以为在这里所谓的“避难所”能起作用。
StarterPack_Store	新手包
Message_OneHundredMillionPopup_Body	经过大家的共同努力，我们达成一个重要的里程碑：

超过1亿的监督者已经建立了属于他们自己的避难所！
请笑纳这个免费礼物，就像避难所科技常说的……谢谢！
别忘了明天再来领取另一份特别的奖励！
QuestLoc_DibsattheRedRocket_Conversation_1_Team_1	不，我想我会留下来带走我想要的。
MainMenu_Xbox_SwitchingProfile	转换资料……
Message_TutorialPopup_21_Body_Part2	攻击敌人时，点击居民然后再点击敌人。您也可以按住居民不动然后拖拽至敌人处。
QuestLoc_UndercoverOperations_Conversation_2_Team_4	你很饿，你跟着“饥荒”。你觉得有联系吗？
Objective_SpinToWin_Plural	从幸运转盘领取{0}个奖励
QuestLoc_SuperDuperTrooper_QuestName	超级士兵
QuestLoc_SpyonRaiders_QuestLongDescription	让这些掠夺者装备物尽其用吧！派遣一些居民去掠夺者营地当间谍。
QuestLoc_WhenPrestonCalls_Conversation_1_NPCStart_2	你们比上次那个人有效率多了。
QuestLoc_WeddingCrashers_Conversation_1_NPCEnd_2	不，这些老大们根本没动脑子！赶紧去处理。
QuestLoc_GameShowGauntletG_Conversation_4_Team_4	一些毛茸茸的小动物聚集在一个山洞里。
Objective_StopInvasion	阻止一次避难所入侵
QuestLoc_ParleyTime_Conversation_3_NPCEnd_2	谢谢您。我真的很努力，很高兴知道努力不会白费。
QuestLoc_TheInfiltrationGame_Conversation_1_NPCEnd_3	我先问你的！
QuestLoc_BeatReporting_Conversation_2_Team_1	你说的“古代”是什么意思？
Junk_Name_Yarn	纱线
Speech_FlavorText_LQ_03	能有点自己的时间，真好。
QuestLoc_EvictionNotice_Soliloquy1	嘿，这地方有不少好东西。看看！一件真正的泳衣！
Stats_PetBreeds_Poodle	贵宾犬
Stats_PetBreeds_Burmilla	伯米拉猫
Encounter_Message_Repeatable_JunkLocation8	一座老公馆，早就被洗劫一空。
Message_Tutorial_29_Xbox	选择{哔哔小子}里的{午餐盒图标}来打开{午餐盒菜单}。
QuestLoc_BreakingalltheRecords_QuestLongDescription	那儿有一个旧的威尔逊原子玩具厂，我们没有查看过。蔻驰和罗基·杰宾森的棒球衫说不定会在那儿。
Encounter_Message_Repeatable_JunkLocation7	一处熙熙攘攘的原子之子营地，挡住了去路。
Outfit_Name_SoldierSpecial	士兵制服
Speech_Conversation_NPC2_Topic43_Response2	等等……你真想知道？还是说这只是你打招呼的方式？
Social_Filter_Gifts	仅限礼物
QuestLoc_GameShowGauntletD_Conversation_1_NPCEnd_4	哈，哈！有意思。你还是要……“掉脑袋”！
QuestLoc_S2_QL2_Q2_Field_Question2_Choice3	长官，我们有一份官方设备申请，需要您依照指挥链批准。
QuestLoc_GameShowGauntletF_Conversation_3_NPCEnd_3	确实可以用，但并不是正确答案。还是准备好……“掉脑袋”吧！
QuestLoc_PerfectSpecimens_QuestObjective	与避难所居民交谈
Speech_RadiationA1	我的……鼻子在流血？
Weapon_Name_GatlingLaser_Tuned	调试型加特林激光枪
SnipSnipDialog_Wasteland_103	你想要哪种绷带？优质合成纤维、经典全棉还是舒适的合成棉混纺？
Weapon_Name_Magnum_Blackhawk	“黑鹰”狙击枪
SnipSnipDialog_Wasteland_87	如果我是人类，我现在一定会非常渴。看来他们对核子可乐的痴迷也不是没有原因的。
QuestLoc_CheesePlease_QuestObjective_1	从工厂取回芝士酱。
Bonus_CheaperCrafting	-{0}%打造花费
QuestLoc_SpelunKingTrainingA_Conversation_1_NPCEnd_2	头脑太简单的人总是喜欢诉诸暴力……
QuestLoc_TheBansheesKeen_Conversation_2_Team_4	你们是疯子！
Weapon_Description_T60Pistol	需要使用适当的增强配件，以避免伤到自己。
Achievement_Xbox_Name_07	小小粉刷匠
Speech_LivingQuarter_Dialogue_NPC2_3	我当然希望不要！
Speech_Conversation_NPC2_Topic52_Response2	这就对了！脱因咖啡是弱者才喝的。
Room_Dojo	运动室
Encounter_Random_Message202	西部有枪声。我应该往东。
QuestLoc_GameShowGauntletJ_Conversation_1_Team_1	康涅狄格州。
QuestLoc_PaulasinaPickle_QuestObjective_1	拯救宝拉·普朗布金。
Message_Tutorial_13	极速模式可立即产生{资源}，并{奖励}您{瓶盖}。但请小心，破坏性的{事件}也可能发生。
QuestLoc_DearthOfClaws_Conversation01_PC02	哇，他们真的相当放松！
QuestLoc_TheCaseoftheQuantumCreeper_QuestObjective_1	同避难所居民交谈。
QuestLoc_AlienBot_QuestObjective_04	找到外星科技。
QuestLoc_GoingToTown_1_Question2_02	肚子是不是咕咕叫了？我这里有腌辐射蝎蛋、辐射蟑螂串……
QuestLoc_S2_QL3_SecuritronsUncapped_QuestLineName	脱缰的保安机器人
MrHandyDialog_WaterPlant_01	我开始重新考虑我对塑料零件的厌恶了……
Controls_Xbox_Quest_Target	瞄准目标（按住）
KeyboardMapping_TiltCameraRight	向右倾斜镜头
QuestLoc_WhenLifeThrowsYouaCurveball_Conversation_1_NPCStart_1	什么？还是没有棒球衫？
QuestLoc_SpyonRaiders_Conversation_3E_NPCStart_2	我猜你来这儿是想分点上次我们抢的东西？
Encounter_Random_Message72	我是在跟自己说话吗？我想我是。糟了。
QuestLoc_VaultTecExperimentReviewB_Conversation_1_Team_1	秘密？什么秘密？
Generic_Energy	电力
Message_Tutorial_51	{分解}一个{物品}来将其变成{杂物}，但此事有{风险}。您可能会得到很多{杂物}、一点点杂物，或者什么都得不到。
Inventory_Title_Pets	宠物
Objective_HaveBabies_Plural	成功接生{0}个避难所婴儿
QuestLoc_ASpecialBrand_QuestLongDescription	昨晚，我们在旧仓库和掠夺者们一起开了个派对。我们应该搜索那边，找到关于杰克去向的线索。毕竟他是监督者的儿子。如果我们弄丢了他，就会被赶出避难所、落得一无所有……甚至更惨！
SnipSnipDialog_Wasteland_1	哦，天哪。这儿可真是……“喜气洋洋”啊。
VictorDialog_LivingQuarters_02	对不住，你说你充个电要多少小时来着？哎呀！
QuestLoc_JustDeserts_Conversation_2_NPCStart_1	还有一些话……
Encounter_Random_Message179	那咆哮声……是狗？是狼？还是更糟的东西？
QuestLoc_OperationSandman_Conversation_4_NPCStart_4	“死亡”？他甚至不在这里！他正在秘密的洞穴里安全地待着。
Encounter_Effect_Gear	找到{0}。
Notification_Baby_Birth	一个孩子即将在你的避难所诞生！
Room_MedBay_Build	建立一个医务室？
Objective_WastelandWithPet_Plural	将{0}名有宠物的居民派到废土
QuestLoc_DuoofDestructionGlowingRadroaches_Conversation_1_NPCStart_1	这些蟑螂正在破坏我们的家！消灭它们！
Stats_PetBreeds_MilitaryMacaw	训练有素的鹦鹉
QuestLoc_DeathclawDeeLite_1_Question2	吼嗷！
QuestLoc_LittleMissWasteland_QuestLongDescription	好消息！我们受邀参加“废土小姐”选美比赛。有别于它的名字，这个比赛共同面向男人和女人。请大家穿上最美的泳装来艳压群芳吧。
Outfit_Name_BOSUniform_Advanced	高级钢铁兄弟制服
QuestLoc_FactoryFloorofFear_Conversation_1_NPCStart_4	我根本不在乎谁挡我的路，不论是虫子还是你们这种傻瓜！
Title_NewVault	新的避难所
Title_Results	结果
QuestLoc_AlienBotQuest03_Conversation_5_PC1_7	但肯定不止这些。他们怎么会来到这里的？
QuestLoc_TheRedRocketReveal_Conversation_1_Team_1	好吧，不得不承认，我们没料到会有这一出。
QuestLoc_HotTubSlimeMachine_QuestObjective_1	寻找有水池的房间。
QuestLoc_SetEmUpFamine_Conversation_1_NPCStart_2	你只会发现虚弱、瘦削的躯壳，对它们来说你是尊贵的救星。
QuestTitle_MemoryInterrupted[PL]	记忆中断 [PL]
Button_Skip	跳过
Weapon_Name_Magnum_ArmorPiercing	穿甲型.44狙击枪
QuestLoc_BewareofOverdog_Conversation_1_NPCEnd_3	不，我不是！监督者，告诉他们我没有疯！那是什么？哦，你想和他们一起去？我想应该可以……
QuestLoc_CabinFever_Conversation_1_Team_2	我突然有一种冲动想去朝那个空地开枪，就在那里。
QuestLoc_GameShowGauntletA_Conversation_4_NPCStart_2	谁被困在了崔尼帝塔？
QuestLoc_JunkRun_QuestObjective_2	寻找更多的杂物储备。
SnipSnipDialog_Classroom_01	啊，教育。这是他们唯一永远无法真正从你身上夺走的东西。
QuestLoc_ExtremePrejudice_Conversation_3_NPCEnd_1	“所有的居民都必须随身携带身份证。”我们必须得开枪了。
QuestRequirement_Level	等级
Speech_Quest_Generic_Dweller_20	遍地尸骸。谁给我来点抗抑郁药。
QuestLoc_RubarbsReckoning_RaiderLine_1	为了鲁巴布，为了人民！
QuestLoc_ScienceCooperative_Conversation_2B_Team_2	密度和重量没关系。
QuestLoc_TimetoWakeUp_QuestObjective_1	关掉闹钟。
QuestLoc_FirstDown_Conversation_1_NPCStart_2	一群掠夺者跳了出来挡住了我们，他们来自一个我从来没听过的帮派。
QuestLoc_TheRiteofSpraying_Conversation_2_NPCStart_4	他们可以把他们的“复活节”挪到什么日光照不到的地方！
QuestLoc_SpelunKingTrainingD_Conversation_1_NPCEnd_2	你确定我们不需要讨论一下这个吗？
Encounter_Victory_Creature24	我杀死了超级变种人。
Pet_YoungWhiteBrahmin	年轻的白色双头牛
QuestLoc_NoTimeforPaws_Conversation_1_Team_1	我来这里是为了找比格斯比，并把它带回家。告诉我，它和你们在一起对吗？
Outfit_Name_ElderLyonsSpecial	里昂长老长袍
QuestLoc_GameShowGauntletI_Conversation_3_NPCEnd_2	你有见过斑点跑来跑去吗？那里怎么会有它。“掉脑袋”吧！
QuestLoc_LittleMissWasteland_Conversation_3_Team_3	你能重复一下问题吗？
QuestLoc_SetEmUpFamine_QuestLongDescription	“害虫”将把“瘟疫”带到226号避难所，因此战争肯定会接踵而至。如果我们也能让“饥荒”在那儿出现，骑士和他们的信徒就可以自相残杀了！我们需要装扮成“害虫”，和“饥饿”部落不那么野蛮的头领们谈谈。
QuestLoc_OnlyHuman_Conversation01_PC05	我们需要再四处看看。
QuestLoc_Infested_QuestLongDescription	一位独居女人住在一座废弃小屋里，房间遭了虫害。我们应该帮助她！
QuestLoc_TheCaseoftheCapturedCanine_Conversation_1_NPCEnd_2	你也一样，“光滑皮肤”们！
Message_LivingQuarters_Full	避难所里满是居民。请建造更多的宿舍。
Encounter_Random_Message108	到处都是灰尘和污垢。
Tutorial_Tip_87	您可以在主题工坊中打造铁路和学院的主题。
QuestLoc_DeathandDenial_QuestObjective_2	审讯第一组嫌疑犯。
QuestLoc_VaultopolisAwaits_QuestLongDescription	宝拉·普朗布金到头来其实是一个邪恶的掠夺者。但至少她告诉了我们525号避难所的位置。
Encounter_Intro_NPC6	遇到{0}
QuestLoc_Dog_Answer01_PC01	我想我们会留下来。你们看起来不像合格的宠物主人。
QuestLoc_WhosCarvingtheTurkey_QuestName	谁在切火鸡？
Objective_Merge	同时合并两个房间
QuestLoc_ShotgunWedding_QuestObjective_2	打败掠夺者首领。
Message_Tutorial_ArrivalWidgetOpenModal_PC	{点击}计时器，查看下一位{赛季居民}的更多细节。
Generic_Pet	宠物
QuestLoc_RescueOperation_QuestObjective_1	拯救一名定居者。
QuestLoc_HumansLikeUs_Conversation_1_NPCEnd_1	哈哈，是的，你抓住我们了。你很有趣，作为人类我们喜欢笑。
QuestLoc_SavingDaylight_Conversation_1_NPCStart_4	别让他们碰上炸弹！
QuestLoc_Firestarter_QuestShortDescription	派一位避难所居民带上火焰喷射器去制造大混乱吧！
SnipSnipDialog_Generic_21	讲笑话时间！把根汁啤酒“开平方”，会得到什么？——啤酒！哦，我能把自己笑死……
QuestLoc_PlayingCatchUp_Conversation_1_NPCEnd_4	如果我告诉你他们在罗伯科大楼，你们能走开吗？
QuestLoc_DeathRevealed_Conversation_3_Team_2	你能至少告诉我们“死亡”在哪里吗？你知道我们最终会发现的。
Outfit_Name_MetalArmor_Sturdy	坚固金属盔甲
Speech_Quest_Generic_Dweller_26	好想今晚能睡在自己的床上……
QuestLoc_ChristmasattheRaiderCamp_Conversation_3_NPCStart_2	但是你们这些居民改变了我！
QuestLoc_ADeliciousTrailofDanger_Conversation_1_NPCStart_4	想要找到高步勒吗？顺着肉汁就行了！
QuestLoc_WastelandTheMusical_Conversation_5_NPCEnd_1	哦，抱歉，走错片场了。
Outfit_Name_DrLiSpecial	李医生外套
QuestLoc_TakeMeOuttotheBallGame_Conversation_1_NPCStart_1	我是斯洛格，棒球俱乐部的队长。
Objective_Food	收集{0}食物
Vaultboy_Message_BabyGrewUp	孩子长大了！
QuestLoc_TheSpiritofTaking_QuestObjective_3	可选择的
Weapon_Name_AssaultRifle	突击步枪
QuestLoc_SpelunKingTrainingA_Conversation_2_NPCStart_1	这些洞穴根本就不在话下！
SnipSnipDialog_Reactor_01	哦对了，一起来开发原子能吧。上次开发原子能的结果可真是太棒了……
Weapon_Name_Pickaxe	镐
QuestLoc_AThirstforAdventure_QuestObjective_1	探索核子可乐工厂。
QuestLoc_OBrother_Conversation03_NPC02	我们有个，呃，实验品逃跑了，我不知道该怎么办。
QuestLoc_GameShowGauntletB_Conversation_4_NPCEnd_4	它是一只狗，你的狗。因为这个，准备“掉脑袋”吧！
QuestLoc_Sabotage_Conversation_1_NPCStart_2	你太晚了，我们把放射性废物加入了你的水！
QuestLoc_TheHauntingofVault110_Conversation_1_Team_2	哈！吓到你了吧！
QuestLoc_Aquaschema_QuestObjective_1	返回避难所科技办公室。
Objective_Upgrade_Plural	升级{0}个房间
Speech_Quest_Loot_Dweller_21	欧耶，点名啦！
QuestLoc_SlashandBurn_Conversation_1_NPCEnd_1	不用，只要去救我们小队剩下的人就行。他们被困在了390号避难所。
QuestLoc_CheesePlease_Conversation_1_NPCStart_1	你们想要什么，居民们？
QuestLoc_FollowingHisFirstSteps_QuestLongDescription	小有名气的义勇军民兵——普雷斯顿·加维，消失了！在他最后出现的地方寻找有关他去向的线索。
QuestLoc_ScienceCooperative_Conversation_1B_NPCEnd_1	为了科学而蓄意破坏的！算了，说了你们也不明白。恕我失陪。
QuestLoc_S2_QL2_Q3_Req_Question5	嘿，访客！坐下聊聊。你有没有问过自己：当抄写员到底是不是个好差事？
QuestLoc_CrimeSceneInvestigation_QuestLongDescription	好哇！我们现在正和“战争”处在休战状态，直到其他“骑士”被处理好为止！为此，“战争”声称，“死亡”的仆人们正攻击672号避难所。所以我们要调查并寻找他们可能留下的线索……
QuestLoc_DrivingtheSnakesOut_QuestShortDescription	打败一伙敌视红发人的掠夺者。
Encounet_Progression_Location8	试图解放这些奴隶。
QuestLoc_The20thInning_QuestLongDescription	没有蔻驰或是棒球衫的影子。他到底还在吗？他是不是真的有棒球衫？只有这一种方法才能知道了。
QuestLoc_GhostlyGag_Conversation_1_Team_2	呜呜呜。我是你外婆的鬼魂。
QuestLoc_TheYolksonYou_Conversation_1_NPCStart_4	嗯……我觉得是。
QuestLoc_HighSteaks_Conversation_1_Team_2	我们来是想要一些死爪肉。
QuestLoc_TheToweringIlForno_Conversation_1_Team_3	我们被派去执行另一个自杀任务。
QuestLoc_JustDeserts_Conversation_5_Team_4	“死神”夹克（观察/耐力/敏捷/运气+4）
QuestLoc_DivideandConquer_Conversation_3_NPCStart_3	警告：90%回答这个问题的人都会搞错！
QuestLoc_SlidingintoHome_QuestLongDescription	也许蔻驰饿了，然后躲在了某个麦片加工厂。罗基·杰宾森的棒球衫，我们来了！
QuestLoc_OfftheRails_Conversation_1_Team_1	放心吧，你们现在安全了。
SnipSnipDialog_NukaCola_01	说真的，往身体里灌满加工糖水，你还有什么理由不这么干呢？
MrHandyDialog_Wasteland_96	我听说大战是由一个反叛的人工智能引发的。真是怪了——它怎么会想要把一切弄得这么混乱？
QuestLoc_TheInfiltrationGame_Conversation_1_NPCStart_2	我不记得以前见过你……你叫什么名字？
QuestLoc_DeathclawDeeLite_4_QuestLongDesc	显然我们的死爪驱虫剂对狂尸鬼就像蜂蜜一样有吸引力。把他们清掉，旅馆才能重新运营！
QuestLoc_S2_QL2_Q4_Roswell_QuestShortDesc	我们准备好对51区展开突袭了。那些外星科技近在咫尺。
QuestLoc_DuoofDestructionMoleRatBroodMothers_Conversation_1_NPCStart_1	如果你们是为了狗粮来的，那么可不走运了。那些鼹鼠妈妈可是饿了，你们帮我们解决下吧？
Encounet_Progression_Creature52	超级变种人霸王逼近，准备攻击。
Message_TutorialPopup_07_Body	试着将两个或者三个同类型的房间建在一起，它们会合并成一个大房间。
Speech_Quest_MainPath_Dweller_4	没错，就是正确的路。
QuestLoc_OperationSandman_RaiderLine_3	入侵者！到了满足配额的时间了。
QuestLoc_ACryforHelp_Conversation_1_NPCStart_1	谢天谢地你在这里！只剩我一个人了，所有的物资也用光了。
Stats_PetBreeds_Abyssinian	阿比西尼亚猫
Weapon_Name_PlasmaRifle_Focused	聚焦型等离子步枪
Pet_Brittany	布列塔尼犬
Pet_Carrier_PopUp_Btn2	不在这个避难所
QuestLoc_ReleasetheRaiders_QuestShortDescription	让“战争崇拜者”寻找“死亡”的洞穴。
QuestLoc_ScienceCooperative_Conversation_2E_Team_3	我们不知道光，但我们很确信所有的生物都可以着火！
QuestLoc_MissionofMercy_QuestLongDescription	我遇到了一个尸鬼，曾是“麦克森硬汉小队”的一员。他告诉我小队里其他的成员被困在了390号避难所。是时候开始营救任务了！
QuestLoc_S2_QL3_Q2_Handy_QuestLongDesc	尽管我们取得了成功，更多流氓保安机器人在莫哈维地区肆虐。罗伯科工厂或许能找到答案。
QuestLoc_KidnappingatVault778_Conversation_2_Team_1	你知道他去哪儿了吗？
Encounter_Defeat_Location9	加油站早被搜刮得一干二净，连聚变燃料罐都空了。
Shop_SeasonPass_NewVegasA_Description	用通行证获取赛季最大收益。解锁高级奖励赛道，包含避难所外观主题、日落沙士装瓶厂主题、新传奇居民等更多内容。奖励可在所有避难所领取。
QuestLoc_KnockEmDown_QuestName	干掉他们
QuestLoc_CheerfortheGhouls_Conversation_2_NPCEnd_2	“光滑皮肤”们，去死吧！
Tutorial_Tip_38_PS4	按下L3来查看关于资源储存的更多细节。
QuestLoc_BountySnips_QuestLongDescription	外界正悬赏一只叫做“剪刀手”的发光辐射蝎。拿下那只害虫，大把的奖赏就是你的了！
SnipSnipDialog_WaterPlant_02	虽然我不会睡觉或做梦，但这个房间给了我噩梦。
QuestLoc_OnlyHuman_Conversation01_NPC08	好的！快用你的眼球看一看！
QuestLoc_DogsofWar_RaiderLine_3	安息在战争中！
Speech_Happiness_Happy15	我高兴得都快炸开了！不过别担心……我不会真炸的。
QuestLoc_ByHookorbyCook_Conversation_1_NPCEnd_3	你试着做不加杏仁的杏仁软糖！
Weapon_Name_PipeRifle_Long	长款管道步枪
QuestLoc_S2_QL3_Q4_Warehouse_Question4_Answer2	保安机器人用不着它们。为什么这么多问题？你不是买家！
Message_Tutorial_UltraciteWeaponCraftingConclusion_Xbox	用{左摇杆}{选择}一把{辐射极琉矿武器}，然后{按下}来打造。升级{辐射极琉矿武器工坊}即可解锁更多配方。
QuestLoc_WastelandTheMusical_Conversation_8_NPCStart_4	♪ 所以许愿要当心 ♪ 当你走出那扇门 ♪
♪ 走向废——土！♪
Encounter_Random_Message180	我要走这条路。
QuestLoc_ChristmasattheRaiderCamp_QuestObjective_1	和首领麦斯克鲁奇谈谈。
QuestLoc_Headshots_Conversation_1_NPCStart_2	喂，我们并不介意来场公平竞争。
Wasteland_ReviveDeadDweller_And_Retry	全部复活并重试
Encounter_Victory_Creature21	这是一次激烈的战斗，但狂尸鬼掠夺者死了。
Outfit_Description_BusinessDress	他们永远都不会知道你什么时候来的，也不会知道你一直在那里。
QuestLoc_ScareTactics_Conversation_1_NPCStart_2	我们编造了这个故事，这样就可以随便抢劫了。
Deathclaw_Name	死爪
QuestLoc_GameShowGauntletB_QuestObjective_1	请回答全部问题。
QuestLoc_Aquaschema_QuestLongDescription	我们做了那些避难所科技办公室的人拜托的事情。现在是回答的时候了！
QuestLoc_ThrowMeSomePepper_Conversation_1_NPCEnd_4	耶耶耶耶耶！
SeasonPass_LevelUpNukaQuantum	花费{0}量子核子可乐升级？
QuestLoc_GameShowGauntletH_Conversation_2_NPCEnd_2	不对！但别担心，你赢得了……“掉脑袋”的机会！
Objective_CollectJunk_Plural	收集{0}件杂物
Encounter_Defeat_Repeatable_JunkLocation9	没救了。这一堆电线和电容，我根本理不出个头绪。
QuestLoc_DeathandDenial_Conversation_5_Team_2	土耳其弯刀，是吧？你知道皮博迪是被刺死的吗？
QuestLoc_AlienBot_QuestName_02	必需的乐趣
QuestLoc_TheSecretofREDACTED_Conversation_2_Team_3	我们有枪。
QuestLoc_TheVaultTecVantage_QuestObjective_1	前往避难所科技办公室搜寻关于避难所大都会的信息。
Speech_Eviction_27	你们算是帮了我一个忙。我在避难所里好像住得过于舒服了。
QuestLoc_Astronomical_Conversation3_NPC01	停！别再过来了！你们会毁了一切的！
Weapon_Name_PipePistol_Heavy	重型管道手枪
QuestLoc_MatterstoSettle_Conversation_2_NPCStart_1	谢谢您！我们没弹药了，以为我们肯定完蛋了。
QuestLoc_ParleyTime_Conversation_2_Team_1	很好，但你应该重新考虑你的交战方式。
QuestLoc_ADeliciousTrailofDanger_Conversation_1_NPCEnd_1	好吧。希望你们知道自己在做什么。
Speech_Quest_Generic_Dweller_Conversation_16_Response_1	我待会儿再和你说。在地狱里。
Objective_CompleteQuestsWithoutStimpacks_Plural	在不使用治疗针的情况下完成{0}个任务
SnipSnipDialog_Wasteland_13	看哪，一个破损的婴儿床。真是“鼓舞人心”啊。
QuestLoc_FactoryFloorofFear_Conversation_1_NPCStart_3	你们在这里什么都得不到！我先到的！
Speech_LivingQuarter_Dialogue_NPC1_3	你觉得那个摄像头……什么都看得到吗？
QuestLoc_DeathandDenial_Conversation_7_NPCEnd_2	嗯。谁知道在那些厚实的书呆子眼镜后面竟然藏着这么一个怪物？
MrHandyDialog_Generic_07	是的，监督者，我知道你在看着。我已经在拼了命地赶工了……
QuestLoc_DeathclawDeeLite_1_Question1_Choice2	不知道它们愿不愿意交房租。
Encounter_Defeat_Location16	这斧子也太沉了。举起它也挥不起来。
QuestLoc_FamilyMatters_Conversation_1_NPCStart_1	外婆没告诉我会有客人来。
QuestLoc_VaultTecExperimentReviewE_Conversation_1_Team_3	我们把赌注押在……死上！给我杀了他们！
MrHandy_Card_TagLine	很高兴能为您服务！
UnlockRoom_UltraciteWeaponFactory	您的避难所有{0}位居民
Speech_Generic_Dweller19	我感觉自己都站了好久了……
QuestLoc_QueenoftheDeathclaws_QuestShortDescription	打败领头死爪和控制它的掠夺者。
Title_Objectives	目标
QuestLoc_FashionStatement_Conversation_1_NPCStart_3	嗯？入侵者！你们站在这里多久了？
Junk_Desc_ChemistrySet	让所有人都知道你对科学是认真的。
Weapon_Description_FatMan_Enhanced	某个核物理学家的小项目。意味着更多的原子，更大的爆炸。
Weapon_Description_SawedOffShotgun	废土流浪者最信赖的武器……
QuestLoc_OfftheRails_Conversation_1_Team_2	其他人？什么其他人？
QuestLoc_VaultTecExperimentReviewB_Conversation_3_Team_1	我想你们一定有末日秘密武器能分享给我们吧？
Encounter_Journal_Message45	探险家日志。新条目：音乐、绘画、舞蹈。艺术与文化仍延续至今。
MainMenu_Survival_Mode	生存模式
Message_Tutorial_09	要派遣一个{居民}，{点击}并{按住}居民，然后将他们{拖拽}到一个房间。试试将这个{居民}分配到您刚刚建好的{发电室}里。
QuestLoc_TheScenicRoute_QuestShortDescription	谁，或什么，会躲在那间小屋里？只有一个方法可以知道了……
QuestLoc_IntoVault333_QuestShortDescription	探索333号避难所然后找到宝拉·普朗布金。
QuestLoc_DivideandConquer_Conversation_3_NPCStart_4	6÷2（1 + 2）等于多少？
QuestLoc_OperationSandman_Conversation_4_Team_2	那为什么还要告诉我们秘密洞穴的事？
QuestLoc_TheFinalPush_Conversation_1_NPCEnd_3	嗯。好吧，拿着，你们比我更适合带上这个。
Achievement_Xbox_Description_02	消灭10个任务首领
QuestLoc_S2_QL2_Q3_Req_Question5_Answer2	做抄写员首先是要全身心追求知识！抄写员是活着的记忆……哦，嘿，你在那里睡着了。
QuestLoc_S2_QL3_Q4_Warehouse_CombatInit2	非机器人该死！
Speech_Conversation_NPC2_Topic29_Response1	奶酪味的。
Weapon_Name_GatlingLaser_Rusty	生锈的加特林激光枪
Android_Ask_Notification_No	否
Dweller_InWasteland	探险中
QuestLoc_MaskHysteria_Conversation_1_Team_2	我什么都不会跟你说的！
Menu_Loading	加载中
QuestLoc_BeatReporting_Conversation_3_NPCStart_2	我觉得，“战争”只是一个能力不足的掠夺者首领。
QuestLoc_SpyonRaiders_Conversation_2C_Team_4	你知道吗？我们正准备杀了你。
QuestLoc_VaultopolisAwaits_Conversation_1_NPCStart_3	你们也是来自一个避难所，对吧？希望你们的避难所也能发展成我们这个样子。
Wasteland_GotDamage	受到了伤害
Speech_LivingQuarter_Dialogue_NPC2_17	是的，但是打手先生会更有趣。
Outfit_Name_HarknessSpecial	哈克尼斯的保安制服
Outfit_Description_FarHarborSpecial	几乎和老费朗罗本人的年纪一般大了。
QuestLoc_InHotPursuit_Conversation_1_NPCStart_1	哈哈！又有一个白痴上钩了，落入我们“提供帮助的幸存者”陷阱。
QuestLoc_LastInningOrnot_Conversation_2_NPCStart_2	不好意思小矮人们，可我们的超级无敌坏蛋大老板不在这里。
Encounter_Random_Message30	新鲜的痕迹。看不出是什么留下的。
Encounter_Random_Message9	我是不是开始自言自语了？我自己也说不准。
Junk_Desc_MilitaryDuctTape	你能用这个东西包住一艘航空母舰，不信你可以问问铆钉城的居民。
Message_Tutorial_61_PC	当您完成派遣和武装{居民}时，{点击}{开始任务}按钮就可以让他们出去探险了。
Objective_CollectRareWeapons	收集{0}件稀有武器
Room_Dojo_Desc	将居民分配在这里训练敏捷性
QuestLoc_FriendlySettlement_QuestObjective_1	和定居点的居民交谈。
Claim	领取
QuestLoc_HumansLikeUs_Conversation_4_Team_2	你是说辐射蝎？我们会处理的。
QuestLoc_DenofThieves_Conversation_1_Team_2	不行。你要为你的行为付出代价。
Help_Page15_MainText_PC	派遣您的居民去废土寻宝。

在外面他们会找到瓶盖，获得经验，并带回各种武器，装备和杂物。他们走得越远，找到的奖励就越好，当然遇到的困难也越大。

- 拖拽一个居民到废土，给他或她配备武器，装备，宠物，消辐宁和治疗针。

- 派他们出去探险，但不要忘了时刻查看他们的进度。

- 居民可以随时从废土召回，返程时间只需去程的一半。

- 确保在生命值降到零之前让他们回来！

- 如果他们再装不下任何物品了，居民会自动从废土返回。

- 废土上的居民可能会偶然发现一个特殊地点。点击他们头上的惊叹号图标，选择进入该地点或继续探索废土。
SnipSnipDialog_Wasteland_90	也许我应该登上那个山丘，看看周围的环境。
Encounet_Progression_Location3	正在搜查废弃小屋。
Title_WatchSafetyVideo	必定加速
Stats_PetBreeds_BlackLab	黑拉布拉多犬
RoomType_Utility_Description	功效说明……
Speech_Conversation_NPC2_Topic28_Response1	真的吗？很高兴听你这么说。谢谢你！
QuestLoc_Broadsides_Conversation_1_NPCStart_3	居然没人留下来打理这个地方！
Controls_Xbox_Quest_MoveCursor	移动光标
QuestLoc_PowertothePeople_Conversation_2_Team_1	呸！拜托。拯救？你们这就是掠夺者赤裸裸的抢劫，一切到此为止！
QuestLoc_SetEmUpFamine_Conversation_3_NPCStart_3	“调合成细致的糊状。加佐料然后品尝。”
VictorDialog_Generic_24	不知道监督者有没有在听。如果有……我挺喜欢你的，搭档。
Speech_Kid6	我可以一整天都喝核子可乐。
QuestLoc_SpyonRaiders_Conversation_2D_NPCEnd_4	你……什么？叛徒！杀了他们！
LunchBox_DoYouWantToBuyOne	您没有午餐盒，是否想要买一个？
Generic_UltraciteWeapon	辐射极琉矿武器
title_device	装置
Title_ProductionBonus	生产奖励：
QuestLoc_FriendlySettlement_Conversation_1A_Team_2	我们可不是呆子，伙计。我们像微风一样悠闲自在。
QuestLoc_ReleasetheRaiders_Conversation_4_Team_1	另一个悬念吗？你们是认真的？
QuestLoc_SOS_Conversation_1_NPCStart_3	我觉得他们会吃了它的！
SnipSnipDialog_Wasteland_105	好了，别害怕。咔嚓咔嚓，小剪两下，一切就都结束了。
NukaQuantum_Shop_Title_Cooler	一冰柜
QuestLoc_WithFriendsLikeThese_QuestShortDescription	拯救被困在可伟佳装配厂的居民。
Pet_Husky	哈士奇
QuestLoc_KidnappingatVault778_Conversation_2_NPCStart_1	终于！你们不会再像上次那个人一样抛弃我们了，对吧？
QuestLoc_SetEmUpFamine_RaiderLine_1	让我们的饥饿吞噬你！
QuestLoc_GameShowGauntletB_Conversation_3_Team_1	死爪。
QuestLoc_SavingDaylight_Conversation_2_NPCStart_2	即将死去的太阳将被一个崭新的太阳取代！
Message_TutorialPopup_05_Body	您可以派遣您的居民去废土探险。将一个居民拖拽到避难所外，给他们物资，让他们开始冒险吧！
QuestLoc_ChristmasattheRaiderCamp_QuestObjective_2	和掠夺者们谈谈。
QuestLoc_DiplomaticMission_QuestName	外交任务！
QuestLoc_CheesePlease_RaiderLine_1	我们怀着极大的期望来到这里。
QuestLoc_VaultTecExperimentReviewE_Conversation_3_NPCStart_2	我是这儿的监督者。幸运女神总是站在我这边！
Message_OutOfNukaQuantum	您还需要{0}瓶量子核子可乐，是否购买更多？
Speech_Quest_Generic_Dweller_4	说好了是场冒险的。有人撒了谎。
QuestLoc_VaultTecExperimentReviewE_Conversation_2_NPCStart_3	如果猜错了……我们就只能杀了你们了。
QuestLoc_GameShowGauntletC_Conversation_1_Team_1	全是关于辐射蟑螂的。
QuestLoc_GroomforDoubt_QuestLongDescription	昨晚的单身派对真不错！可惜今天新郎失踪了。最后一次看到他，已经被雇来娱乐的人拖走了。我们必须尽快把他带回来。让我们避免重蹈新年夜的覆辙……
Tutorial_Tip_47	避难所科技规定避难所的最大容量是200人。
QuestLoc_AquaNukaCola_Conversation_1_NPCStart_1	你是为那些避难所科技工作室里被水淋透的傻子们工作的吗？
QuestLoc_HumansLikeUs_Conversation_5_NPCStart_3	重要的是，你不要觉得自己是在接受上级的检查。
QuestLoc_SavingDaylight_Conversation_2_NPCEnd_2	没有必要，我们都会得到宽恕-但你不会！
QuestLoc_AllSalesFinal_Conversation_1_Team_2	把你的食物给我们。
Outfit_Name_InstituteJumper	学院套头衫
QuestLoc_SOS_Conversation_1_Team_2	如果有什么被烤了的话，那也是你的狗。
QuestLoc_Aquaschema_QuestShortDescription	返回避难所科技办公室。
QuestLoc_ScienceCooperative_Conversation_2A_Team_1	我们更喜欢那种能让敌人着火的东西。
QuestLoc_WeaponsRun_QuestShortDescription	找回武器。
QuestLoc_Headhunting_QuestLongDesc	显然有个有管理才能的人被掠夺者绑架了。让我们把他从那里救出来，也许作为回报他会帮我们经营旅馆！
QuestLoc_LittleMissWasteland_Conversation_3_NPCEnd_3	不好意思，没时间了。请前往下一个房间！
QuestLoc_ArmsRace_Conversation_1_Team_2	有瓶盖就行。
QuestLoc_TheReluctantShill_Conversation_1_Team_1	你能指给我们他在哪儿吗？
QuestLoc_ALaborofLove_Conversation_2_NPCStart_2	想吃点什么吗？饼干？辐射奶昔？
Room_ScienceLab	科学实验室
QuestLoc_BountyOlOneEye_Conversation_1_NPCStart_2	呃，“独眼龙”会是你们见过的最卑鄙的辐射蟑螂。
SeasonModal_LeaderboardColumnHeader_Name	名称
QuestLoc_SecretWeaponTest_QuestObjective_1	在敌人身上测试垃圾喷射炮。
QuestLoc_OperationSandman_Conversation_3_Team_4	有些人拒绝接受真相。手册在说谎。没有“死亡”，这只是一个拼写错误！
Stats_Fires_Extinguished	扑灭火灾
QuestLoc_InAnotherVault_QuestObjective_1	找到比格斯比。
Outfit_Description_ActionWeddingDress	这件婚纱闪闪发光，适合快速拔枪、快速逃离的场合！
QuestLoc_MatterstoSettle_Conversation_1_NPCStart_2	等等，慢着！
MrHandyDialog_Generic_06	做这个，做那个。可我听过一句“谢谢”吗？没——有……
Objective_CollectWeapons	收集一件武器
QuestLoc_SpyonRaiders_RaiderLine_2A	粉碎！折断！打破！
QuestLoc_BreakingalltheRecords_QuestObjective_1	寻找罗基·杰宾森的棒球衫。
Weapon_Name_GatlingLaser_Amplified	放大型加特林激光枪
QuestLoc_DeathandDenial_QuestObjective_3	审问第二组嫌疑人。
Speech_Quest_Loot_Dweller_44	我们也许需要更多的储藏室！
QuestLoc_ShotgunWedding_QuestName	逼婚
QuestLoc_TheSixthSun_Conversation_2_Team_1	什么？我们不想杀死他，却要把他归还给原子之子。
QuestLoc_RobotHood_Conversation_1_NPC_1	人类！你们无疑是来阻止我的圣战的！
QuestLoc_AlienBotQuest06_Conversation_3_PC3_1	找到了！我们找到了！哇，好大！
Weapon_Name_MountainMomma	大山妈妈
QuestLoc_GameShowGauntletD_Conversation_4_Team_4	一头驴。
Stats_PetBreeds_Dalmatian	斑点狗
Room_DecorationFactory	装饰工坊
QuestLoc_GameShowGauntletB_Conversation_4_Team_1	狗人。
Speech_Quest_Generic_Dweller_Conversation_8	你觉得我们能安全回到避难所吗？
Weapon_Name_UltracitePlasma2	优化辐射极琉矿等离子步枪
QuestLoc_GivemeLibertyandorDeath_Conversation_2_NPCStart_3	他们烧毁了记录，但我记得一切。144号避难所在西边10英里左右的地方。
QuestLoc_NoRestfortheWicked_Conversation_2_NPCStart_3	鲁巴布和他的掠夺者们来找我，给我开了个条件——要么加入他们要么死！
Speech_Quest_Generic_Dweller_Conversation_18	我有种不祥的预感……
SeasonModal_BattlePass_GetNow_Btn	立即获取
Junk_Desc_YaoGuaiHide	“请不要乱来。”你的兽皮装备会这么对你说。
QuestLoc_GasNGo_Conversation_1_NPCEnd_1	是啊，我也是！我会拿走你们所有的东西，然后去拜访你们的家人和朋友们！
QuestLoc_InAnotherVault_Conversation_1_Team_1	我不是，但我在找一只和他们一起逃跑的狗，它叫比格斯比。
QuestLoc_GameShowGauntletB_Conversation_1_NPCStart_3	如果你回答错了，你就会……“掉脑袋”！
QuestLoc_ManonThird_QuestObjective_1	寻找罗基·杰宾森的棒球衫。
QuestLoc_SecretWeaponTest_QuestShortDescription	测试从发现的蓝图上建造出的武器。
QuestLoc_WaroftheNerds_Conversation_3_Team_2	呃呃……
Tutorial_Tip_60	感觉自己手气不错？当你拆解一个物品时，你能得到它配方上的所有杂物。
QuestLoc_S2_QL3_SecuritronsUncapped_1_Question4_Answer1	谢谢你，亲爱的。都带齐了吗？手提包。我的猫。炉子也关好了。好了，走了。
QuestLoc_SpyonRaiders_Conversation_1B_Team_1	这是我们听过的最傻的事了。
Encounter_Random_Message167	探险家日志。新条目：许多巧手先生还在。它们会冒出诸如“疯得没边儿”这样的口头禅。
QuestLoc_DogShelter_QuestName	狗狗避难所
Resources_Not_Collected	必须先收集居民的物品
Speech_LivingQuarter_PickupLines_26	我不是摄影师，但我能想象你和我在一起的画面。
Status_AlmostHere	即将到达
MrHandyDialog_NukaCola_01	说真的，往身体里灌满加工糖水，你还有什么理由不这么干呢？
QuestLoc_Tankbusting_QuestShortDescription	找到并杀死“坦克弗兰克”。
RecipeLoot_RareOutfit	稀有装备配方
Speech_Generic_Dweller35	我们的避难所感觉就像机器人的子宫！如果机器人……有母亲的话……
QuestLoc_DeathandDenial_Conversation_6_Team_4	我得说我很欣赏你的坦率。
QuestLoc_AlienBot_QuestObjective_03	找到外星实验的证据。
QuestLoc_OnlyHuman_QuestShortDescription	找到避难所废墟中的唯一人类。
Speech_RadiationA3	感觉有点头晕……
Encounter_Intro_Location3	来到{0}
Generic_Radaway	消辐宁
Speech_Kid46	我希望明天的早餐是甜甜圈。
QuestLoc_PostApocolypticWorldProblems_Conversation_1_Team_3	抱歉，我们几百年前就不卖这个了。
Stats_Average_Intelligence	居民平均智力
Tips	提示
QuestLoc_GoingToTown_3_Question1_Choice1	我们是从总部来检查实验室的。
QuestLoc_RevengeoftheGeeks_Conversation_1_NPCStart_1	班级里的其他人去哪里了？
Overseer	监督者
QuestLoc_TheBansheesKeen_Conversation_3_NPCStart_2	我们把一只猫头鹰尖叫直接传送到居民的大脑里。
QuestLoc_GameShowGauntletK_Conversation_3_NPCEnd_2	好想法，但不对，现在轮到你……“掉脑袋”了！
QuestLoc_TheMysteryofVault666_Conversation_1_NPCStart_1	姆哈哈哈哈哈！
QuestLoc_AlienBotQuest05_Conversation_2_PC1_3	那肯定是它了，回避难所深入挖掘一下数据。
Speech_Quest_Generic_Dweller_Conversation_23_Response_2	我这儿有……让我看看……啥也没有。
Room_Elevator_Build	建造电梯？
SnipSnipDialog_Wasteland_59	我真的不明白有什么好大惊小怪的，这外面也没什么大不……哦，天哪，这有个被砍下来的脑袋！
QuestLoc_SpelunKingTrainingG_Conversation_1_NPCEnd_1	（听起来很满意。）
Title_Controls	控制
Special_Intelligence	智力
Speech_LivingQuarter_Dialogue_NPC1_14	我太懒了，不想去有氧运动室。真希望我们这里有一台跑步机。
QuestLoc_FriendlySettlement_Conversation_2A_Team_3	我们不介意来点酒。
Weapon_Description_SniperRifle	隔着一条街也能放倒你的目标。
Weapon_Description_BBGun_Rusty	打了二十枪之后，你才能将一个锡罐打下栏杆。
Speech_Conversation_NPC2_Topic17_Response2	另一个避难所，只有我一个人，这样就没有人问我这些愚蠢的问题了。
Help_Page28_BottomText	提示：有一些物品无法在探险时找到，只能通过打造。
QuestLoc_KnockEmDown_RaiderLine_2	“瘟疫”，准备好被“流行病毒”打倒在地吧！
QuestLoc_SpyonRaiders_Conversation_2E_NPCEnd_1	你知道吗？你说的对！是时候找个地方开始新生活了！
Message_TutorialPopup_18_Body	在午餐盒和废土中寻找杂物。
在袭击中和废土中寻找配方。
在工坊房间中将杂物变为武器和装备。
升级工坊来打造稀有和传奇级别的物品。
QuestLoc_KnockEmDown_RaiderLine_5	怪兽越饿，就越强大！
QuestLoc_AnybodyHome_QuestObjective_1	探索小屋。
Speech_Quest_Generic_Dweller_Conversation_23_Response_1	我正想问你同样的事情。
SeasonModal_Leaderboard_ScoreInfoPopup_UpgradeRooms	升级房间
Shop_SeasonPass_NewVegasAPremium_Blurb	包含赛季通行证全部权益，额外加送：
- 独家[-][F7C531]传奇居民[-]和[-][F7C531]服装[-]
- [-][F7C531]额外[-]宠物、服装和武器
- [-][F7C531]25枚徽章[-]立即提升赛季等级
QuestLoc_GameShowGauntletE_Conversation_3_NPCEnd_4	你真是不擅长这个。所以只有……“掉脑袋”了。
Speech_Room_DeadDweller3	请问有人能把这具尸体弄走吗？
QuestLoc_AlienBotQuest04_Conversation_1_PC2_3	是个洞穴。
Speech_Conversation_NPC2_Topic7_Response3	棒球吗？在避难所里？呵呵，祝你好运。
Encounter_Defeat_Location10	我在废弃餐厅里发现了掠夺者的痕迹。趁还走得掉，赶紧离开吧。
QuestLoc_GhostlyGag_RaiderLine_1	啊！是鬼啊啊啊！快杀了它！！！
QuestLoc_LunchboxRun_QuestName	午餐盒大作战
QuestLoc_CapsRun_QuestObjective_1	追回主要的瓶盖储备。
QuestLoc_SuperDuperTrooper_Conversation_2_NPCEnd_1	真的么？我们已经搞定了，不过还是谢谢！来，拿着这些。
QuestLoc_ReleasetheRaiders_Conversation_3_NPCStart_2	对不起，没有了它我完全失去了方向。我……我……必须……成为“战争”。他们所信仰的人。
Speech_LivingQuarter_PickupLines_10	我真不知道没有你我该怎么过。
QuestLoc_PlayingCatchUp_Conversation_1_Team_2	告诉我他们去哪儿了，不然我就让你死在原地！
QuestLoc_ScienceCooperative_Conversation_1B_Team_1	听起来像是破坏公物。
Weapon_Name_PlasmaCaster_Rusty	生锈的等离子发射器
QuestLoc_SantasHelpers_QuestLongDescription	圣诞老人消失了，我们只能通过四处传播节日气氛来找回他！
Room_NukaColaPlant_3	核子可乐工厂
QuestLoc_AllSalesFinal_RaiderLine_2	这是个坏主意。
Generic_Outfit	装备
Speech_Conversation_NPC2_Topic31_Response2	嗯……猪头呗。
Objective_CraftRareWeapons_Plural	打造{0}件稀有武器
QuestLoc_TheAbyss_Conversation_2_NPCStart_4	他们出了故障，并继续向下挖直到他们坏了。
QuestLoc_TheCatBurglar_Conversation_2_NPCEnd_2	好吧，那就说明为什么没有呼噜声。来，拿这个解决你的烦恼。
QuestLoc_TheSearchforJobinsonsJersey_QuestlineName	寻找杰宾森的棒球衫！
QuestRequirement_Dweller_Plural	居民
Encounet_Progression_Location7	奴隶们杀了他们的主人，正在逃跑。
QuestLoc_MondayNightBrawl_RaiderLine_1	行头不错啊，输家们！
QuestLoc_GoingToTown_1_Question3_Answer3	不！给你拿去吧！
Encounter_Random_Message154	探险家日志。新条目：还以为自己看见了 UFO，不过那不可能是真的……
QuestLoc_KHAAANNNNN_Conversation_1_NPCStart_3	但是也许不会吧。也许可汗喜欢你，这样我们可以做个交易……
Speech_LivingQuarter_PickupLines_53	我想把今天当做世界末日一样去爱你。因为可能真的是。
KeyboardMapping_OpenWindowLunchBoxCollection	收藏
QuestLoc_GameShowGauntletJ_Conversation_3_NPCEnd_4	该死。被你一说我都饿了。因为这个，你必须要……“掉脑袋”！
QuestLoc_DoitfortheBatBoy_Conversation_1_NPCStart_2	但还是越来越近了，对吧？
Encounter_SurpriseQuest_Vault	发现另一个避难所，然后进去了。
QuestLoc_CheesePlease_Conversation_1_NPCEnd_1	真的吗？谢谢！我们想知道如何摆脱它。我们甚至试过这个！
QuestLoc_SpelunKingTrainingC_Conversation_1_NPCEnd_2	往死里打？真是意料之中。
QuestLoc_HorrorMovieNight_QuestName	恐怖电影之夜！
Tutorial_Tip_06	敏捷(A)高的居民在食物房里工作得更好。
QuestLoc_OnlyHuman_Conversation01_NPC03	我非常擅长执行各种人类任务！
VictorDialog_Wasteland_42	瞧这可怜的保护者机器人，零件散了一地。也许不是罗伯科最精良的工艺。
QuestLoc_CantStopTheSignal_Conversation_1_NPCStart_4	你们会付出代价的！
QuestLoc_DrivingtheSnakesOut_Conversation_3_NPCStart_1	你们好呀，避难所居民们。
Speech_Conversation_NPC2_Topic58_Response3	可……可……我以为我才是你最好的朋友……
QuestLoc_LastInningOrnot_Conversation_2_NPCEnd_1	他很强悍。我从没说过他很聪明。
KeyboardMapping_OpenWindowDwellers	居民列表
QuestLoc_SpyonRaiders_Conversation_3B_NPCStart_2	我猜你来这儿是想分点上次我们抢的东西？
Stats_Molerat_Infestations_Stopped	终止鼹鼠灾害
Outfit_Name_FlightSuit_Advanced	高级飞行服
Speech_Quest_Generic_Dweller_Conversation_17_Response_2	可惜，没有。人家觉得我不够格！
QuestLoc_ScienceCooperative_QuestObjective_1	和科学家交谈。
Tutorial_Tip_13	会客室可以让您训练一个居民的魅力（C）。
Weapon_Name_PlasmaRifle	等离子步枪
Objective_CraftWeapons_Plural	打造{0}件武器
QuestLoc_Aquaschema_Conversation_1_NPCStart_4	这水确实不错，但他这是欺诈，得阻止他。
QuestLoc_CleaningHouse_Question1	啊！别开枪！我们只是在这里藏身的！我们是相爱的！
Help_Page08_MainText	建造宿舍，诞生更多的新居民。

- 建造更多房间来扩大您的避难所，生产更多的资源。

- 注意避难所资源的标尺。在选择下一间要建造的房间时，它们是很好的参考。

- 想要向下扩张时，请建造电梯。

- 和两边都有联通的房间无法被拆除。

- 同种房间建造得越多就越贵。
QuestLoc_TheCaseoftheCapturedCanine_Conversation_1_Team_2	谢谢你的提醒！对于尸鬼来说……你还不算太坏。
QuestLoc_GameShowGauntletH_Conversation_1_NPCEnd_1	我的天，你居然答对了。我猜你这次保住了……脑袋。
Weapon_Name_TenpennySniperRifle	特佩尼的狙击步枪
Speech_Quest_Generic_Dweller_Conversation_29_Response_3	比起我们这个差远了吧。
QuestLoc_SpelunKingTrainingF_QuestShortDescription	强壮又聪明的居民真的有本事赢得大赛吗？
QuestLoc_DogsofWar_Conversation_1_NPCStart_3	什么？！一定是这些“战争崇拜者”们强迫他这么做宣传的。
Weapon_Name_HuntingRifle_OlPainless	“无痛杀手”猎枪
QuestLoc_RobotHood_Conversation_1_Answer01	你不过是个疯狂的掠夺者。该把你干掉！
Encounter_Victory_NPC4	我们做成了一笔交易，好聚好散。
QuestLoc_TheSixthSun_Conversation_3_Team_3	这个复活节应该是什么时候？
Speech_Quest_NotAlone_Dweller_10	加油啊，各位。咱们一定要让监督者为我们骄傲！
QuestLoc_MyMetalPony_QuestLongDescription	你想用它来制造零件，还是在闲暇时间骑一骑？你说得算，谁让你是监督者。派你的居民们去弄一匹回来。
QuestLoc_TheNightWatch_Conversation_1_NPCStart_3	有人正从地下窃取红果！
QuestLoc_VaultTecExperimentReviewC_Conversation_1_NPCEnd_3	准备受死吧！
QuestLoc_FoodFight_Conversation_1A_NPCEnd_1	现在那个听起来像是营养均衡的早餐！
Pet_Description_pitbullterrier_b	满足你犬类安保需求的首选。
Speech_Conversation_NPC2_Topic52_Response3	嘘。别让监督者听见。不然要罚你上双班的。
QuestLoc_AlienBotQuest06_Conversation_2_PC2_6	呃，还是不了。我们自己能搞定。
MainMenu_NoVault_Survival	我们强烈建议您先玩正常模式，学习游戏的基本知识，然后再尝试生存模式。
Outfit_Description_RottedDuster	穿上这件坚固而破旧的旅行外套，展现出阴险的轮廓。
Stats_PetBreeds_LaPerm	拉邦猫
QuestLoc_GameShowGauntletA_Conversation_1_NPCStart_2	请正确回答问题来赢取瓶盖。
QuestLoc_SuperDuperTrooper_Conversation_2_NPCEnd_2	把武器设置成最大功率。
Tutorial_Tip_18	建造储藏室以增加避难所储存武器和装备的容量。
QuestLoc_BountyButcher_Conversation_1_NPCStart_1	等等。你来这里是为了拿下“屠夫”？你是认真的？
QuestLoc_NoTimeforPaws_Conversation_1_NPCStart_3	好在比格斯比还在。它听到了声音，救了我的命。
Outfit_Description_FlightSuit	飞行王牌们偏爱的装备。
QuestLoc_InHotPursuit_QuestObjective_1	搜寻177号避难所关于瓶瓶和盖盖的消息。
Weapon_Description_RustyT60Pistol	感觉每次射击时都要爆炸。
QuestLoc_DogsofWar_Conversation_2_NPCStart_2	不管了。消息已发出。毕竟“你不能阻止信号传播”。
QuestLoc_MatterstoSettle_Conversation_5_NPCStart_3	“害虫”们最后能找到一个酷一点的名字吗？
Encounter_Defeat_Location5	我打不开保险箱。永远都没法知道里面有什么了……
Encounter_Random_Message203	北部有枪声。我应该往南。
QuestLoc_KidnappingatVault778_Conversation_2_NPCEnd_1	记得他好像提到了肯德尔医院。拿着这个。他不小心留下的。我觉得你们能用得上。
Stats_Wasteland_Total_Time	废土探险时间
Help_Page21_MainText	当点击居民时，就会显示其个人信息。

这个界面上您可以给居民配备武器、装备和宠物，或者用治疗针和消辐宁治疗他们。

点击居民的SPECIAL属性可以显示更多关于个人属性等级的细节。
QuestLoc_GameShowGauntletJ_Conversation_4_Team_4	霞野逃跑了？太可怕了！
Encounter_Random_Message165	探险家日志。新条目：动力装甲依然存在，但很少见。防护性能拉满。
Speech_Quest_NotAlone_Dweller_15	嘿，如果我死了，我想穿着这身连身衣下葬。
Outfit_Name_AllNighware_Lucky	幸运的睡衣
Objective_BuildRoom_Plural	建造{0}间房间
QuestLoc_SavingDaylight_Conversation_3_Team_1	我不认为夏令时是这样运作的……
Dweller_DiedInVault	已经死了。
SeasonPass_RecipeReward_ModalText	主题配方已解锁！
QuestLoc_ThymeisMoney_Conversation_2_NPCStart_1	天哪，是毛毛！
QuestLoc_JackAintBack_Conversation_1_NPCEnd_1	我们把他卖给了肉酱罐头厂。但你们？我们会直接杀了你们！
QuestLoc_ExtremePrejudice_Conversation_5_NPCStart_2	我想在你出现之前只是时间问题。
Speech_Room_DeadDweller_WaterPlant	把尸体弄出来！它会污染一切！
Speech_Conversation_NPC2_Topic38_Response2	是啊，看起来你得了急性疑心病。
Outfit_Description_LegatesArmor	令人望而生畏的护甲，出自废土上最令人生畏的军队中最令人生畏的将领之手。
QuestLoc_FriendlySettlement_Conversation_1C_NPCEnd_2	很好。很高兴看到你们还能控制住自己。
QuestLoc_GameShowGauntletE_Conversation_3_Team_1	修补匠泰德。
QuestLoc_TheVaultTecVantage_RaiderLine_1	你们这些人来这里，想翻个底朝天？没门儿！赶紧滚远点！
Message_Tutorial_ScorchedEarlyAttack	如果剩余时间不足{12小时}，您可以提前开始{辐尸人突袭}。但请确保自己已做好准备！
QuestLoc_GameShowGauntletK_Conversation_3_NPCEnd_4	双头牛肉，韭菜和甘蓝？味道不错，但是错了。“掉脑袋”吧！
Outfit_Name_AlistairSpecial	特佩尼西装
QuestLoc_TheInfiltrationGame_Conversation_2_NPCStart_4	我需要重新开始杀人吗？
QuestLoc_MissionofMercy_QuestObjective_1	拯救“麦克森硬汉小队”。
QuestLoc_CollectorsEdition_Conversation_1_Team_2	这是否意味着你已经把它从盒子里拿出来了？
QuestLoc_SpelunKingTrainingD_Conversation_1_NPCStart_2	你看上去似乎完美拥有了这些。
QuestLoc_VaultTecExperimentReviewB_Conversation_3_NPCStart_3	我们用秘密来做交易！但我们也很乐意给你们一些物品。
Weapon_Name_Minigun	旋转机枪
QuestLoc_AllsFairinLoveandNuclearWar_Conversation_1_NPCStart_4	我也不确定他们是不是真的是居民。
LunchBox_NotEnoughNuka	没有足够的瓶盖
Controls_Xbox_Quest_ZoomOut	缩小
QuestLoc_ACryforHelp_QuestObjective_1	调查红火箭服务站。
QuestLoc_ESterisComing_Conversation_1_NPCStart_2	我是萨德思兄弟（修士），这是奥利维亚修女。
QuestLoc_TheBookofWuv_QuestlineName	恋爱之书
QuestLoc_AllsFairinLoveandNuclearWar_Conversation_1_Team_2	可能那些讨厌的居民应该被请出去。
QuestLoc_SetEmUpPestilence_RaiderLine_2	价值被高估了！
SnipSnipDialog_Generic_10	活着是为了服务，服务是为了活着……
QuestLoc_GameShowGauntletA_Conversation_1_Team_1	呃……戴维？
MrHandy_ContentTitle2	5个巧手先生
Stats_Outfits_Scrapped	装备拆解
QuestLoc_TheBrothersGrime_QuestObjective_1	杀死“污秽兄弟”二人。
Encounter_Message_NPC1	一名逃亡的奴隶。
Message_TutorialPopup_22_Body	废土上的居民可能会走到某个特殊地点。您可以选择进入这个地点或者继续探索废土。
QuestLoc_GameShowGauntletB_Conversation_1_NPCEnd_1	答错了！我恐怕你得……“掉脑袋”！
BrotherhoodOfFeels_ConversationAnswer_01_NPC03	那些掠夺者就等着我们放松警惕。
Encounet_Progression_NPC10	它需要修理，不过我也许能帮它修好。
Message_Tutorial_40_Xbox	居民需要{食物}来保证他们的{生命值}。再次按下来{确认}。
QuestLoc_LittleMissWasteland_Conversation_2_NPCEnd_1	不，不是。穿过那里吧。
QuestLoc_The20thInning_QuestObjective_1	寻找罗基·杰宾森的棒球衫。
Speech_Quest_Generic_Dweller_Conversation_32_Response_2	别担心，我们马上就回家了！
QuestLoc_FamilyMatters_Conversation_1_NPCEnd_2	当然是了。但请注意，她会咬人的。我外公也是，直到他丢了他的假牙。当然他们都是好心，我称之为“强悍的爱”。
QuestLoc_HighSteaks_Conversation_1_NPCStart_1	我的天！你们不应该在这里的！
QuestLoc_GameShowGauntletG_Conversation_2_Team_2	唐尼。
QuestLoc_ESterEggHunt_QuestName	复活节彩蛋寻宝
Encounter_Defeat_NPC1	奴隶的腿已经生了坏疽。我无能为力。
Tutorial_Tip_65	点击屏幕来跳过任务里的对话。
Encounter_Random_Message132	探险家日志。新条目：这么多骷髅。这个世界就是一座坟墓。
QuestLoc_ESterEggHunt_Conversation_1_NPCEnd_1	我很确定我不应该知道你在说什么。
QuestLoc_PlayBall_QuestLongDescription	我们发现了蔻驰留下的罗基·杰宾森的棒球卡和嘲笑我们的信息。看起来棒球衫似乎真的在他手上。我们绝不会放弃的！
QuestLoc_TheDoorBuster_Conversation_1_Team_2	靠边站！我们先来的！
QuestLoc_WereBatting1000_QuestLongDescription	蔻驰还在外面，某个地方。看着，嘲笑着我们。当我们找到他的时候，我们就能找到罗基·杰宾森的棒球衫了！
Room_OutfitFactory_Desc	将居民分配在这里打造装备
QuestLoc_FriendlySettlement_Conversation_1C_NPCEnd_3	我讨厌你。非常讨厌。
Tutorial_Tip_89	你可以使用量子核子可乐来跳过某些任务。
Outfit_Description_EmpressSpecial	朋友，罗马人，同胞们……请借给我你们时髦的新衣服。
QuestLoc_ReleasetheRaiders_Conversation_1_Team_3	鹰。暗号是“鹰”。
Message_TutorialPopup_BuildUltraciteMine_Body	您的避难所建立在一种名为辐射极琉矿的珍贵矿物之上。

建造一座辐射极琉矿矿场来开采它，然后在辐射极琉矿武器工坊中打造强力的辐射极琉矿武器。

您需要它们来抵御辐尸人！
Message_Tutorial_UltraciteWeaponCraftingCraftingMessage	{点击}{制造按钮}来{打开}{制造菜单}。
Weapon_Name_ButcherKnife	屠夫的刀
QuestLoc_ParleyTime_Conversation_3_NPCEnd_4	只有那……对不起……只有那样我会杀死他，然后成为最高统治者。
Message_Tutorial_48_PC	{怀孕的居民}已经准备好生产了！{点击}她头上的{图标}来欢迎避难所的{新成员}。
QuestLoc_ASettlerNeedsYourHelp_Conversation_1_NPCEnd_3	“团结起来，义务保护人民。”这是最初的想法。
Weapon_Description_PowerFist_Rusty	这个拳击手的假肢状态不佳。
SeasonModal_BattlePass_RewardPopup_Header	奖励
Objective_CraftRareUltraciteWeapon_Plural	打造{0}件稀有辐射极琉矿武器
Outfit_Description_SodaFountainDress	最完美的混搭，成熟和……苏打？
Objective_StopIncident_Plural	终止{0}次事件
QuestLoc_Filly_Conversation03_NPC03	我从来没见过避难所。我想去看看。
QuestLoc_SpringForwardFallBack_Conversation_1_NPCEnd_2	你们不能阻止我们，我们正在执行原子给我们的任务！
QuestLoc_GoingToTown_3_Question1_Choice3	就是路过。想去楼上……散散步……
Message_Tutorial_41_PC	{点击}{建造区域}来确认地点。
Speech_FlavorText_ProductionRoom_04	我们似乎正以最高效率运行着。
Encounet_Progression_Creature39	多脚兽正朝我爬过来！我可不觉得它想要拥抱我！
QuestLoc_CheerfortheGhouls_Conversation_3_Team_4	我们什么都不需要。我们只是乐于助人！
Pet_Toyger	虎皮猫
Encounter_Random_Message94	该休息了吗？还是等会吧。
Speech_LivingQuarter_PickupLines_12	你是我的优乐美。
Speech_Quest_Loot_Dweller_6	太棒了！
Title_Rank	排名
Encounter_Message_NPC5	一伙鹰爪公司雇佣兵。
QuestLoc_TheSpreadingBlight_Conversation_1_Team_1	我们不是植物学家，但我们想帮忙——他们觉得是什么原因？
Room_NukaColaPlant_2	核子可乐生产站
Outfit_Name_LibrarianSpecial	图书馆员服
Speech_Conversation_NPC2_Topic15_Response2	哦，我知道——“超级惊人的伟大”！
Outfit_Description_PowerArmor_MkVI	人类双手创造的最先进的护甲。请尽情感受。
QuestLoc_ItsnotEasyBeingGreen_Conversation_2_NPCEnd_1	这可难倒我了。你们真不来一品脱泛着绿光的啤酒？
QuestLoc_HerestoYouRackieJobinson_Conversation_1_Team_2	蔻驰就是个蠢货！我们不拿到衣服是不会走的！
QuestLoc_ScareTactics_Conversation_1_Team_2	不给糖就捣蛋！
SnipSnipDialog_Generic_45	这里的灯光太差了。如果我有眼睛，它们早就废了。不过戴上眼镜，我可能会很帅……
QuestLoc_Sabotage_QuestLongDescription	我们在掠夺者基地的文件中发现了一些令人担忧的信息。他们似乎在附近的一个铀矿井里毒害我们的水源。我们需要派人……当然是谨慎地阻止他们。
Pet_Description_bombay_b	坏运气的魔咒才没有那么大的概率呢。
Weapon_Description_GaussPistol_Rusty	无论线圈是否被腐蚀，它仍能正常工作。
QuestLoc_SynthsforSale_Conversation_1_Team_3	不过学院究竟在哪儿？
SnipSnipDialog_Wasteland_53	或许我该哼点歌，这能振奋精神。
QuestLoc_GameShowGauntletB_Conversation_3_NPCEnd_1	你说得对！你可以进入下一个回合了。
Speech_Conversation_NPC2_Topic12_Response3	肯定比我们在外面要安全！
Message_Tutorial_61_Xbox	当您完成派遣和武装{居民}时，选择{开始任务}按钮就可以让他们出去探险了。
Bonus_StimpackBoost	治疗针恢复
QuestLoc_GameShowGauntletA_Conversation_4_NPCStart_1	现在到了最后回合。
QuestLoc_InHotPursuit_Conversation_1_NPCEnd_1	我们把他们带去了海神能源办公室。真可惜你们不能活着见到他们了！
QuestLoc_MatterstoSettle_RaiderLine_1	愿辐射保佑我们！
RadiationCycle1	受到了{0}点辐射伤害。
Achievement_Xbox_Description_09	打造所有主题
QuestLoc_SetEmUpPestilence_Conversation_1_NPCStart_1	你们这些“战狂”不应该来这里。
QuestLoc_TimeforaGrandSlam_Conversation_1_NPCStart_1	还是没有棒球衫！废土真是个残酷的地方！
Outfit_Description_GamblerSuit	一个赌徒的选择。感觉自己手气不错吗？
PetCarrier_ContentRedeemTitle4	40个宠物笼
QuestLoc_GameShowGauntletG_Conversation_2_NPCStart_1	我们现在进入第二回合。
Speech_Conversation_NPC1_Topic22	嘿，我只想说……我真的很感激你为避难所做的一切。
Encounter_Defeat_NPC3	我根本没自己想的那么有魅力。尸鬼拒绝和我说话。
Button_Evict	驱逐
QuestLoc_GhoulSupplies_Question1_Answer2	好的，慢慢看。但要小心，我们有些销售员已经野化了。
MrHandyDialog_Wasteland_85	又一所被毁的学校。学习进步，制造炸弹，毁灭自己。这就是人类。
Speech_LivingQuarter_PickupLines_4	终于有独处的时间了。
Speech_Quest_NotAlone_Dweller_11	又来了……
QuestLoc_TheAbyss_QuestLongDescription	我们都听说过一个无底避难所的谣言，一个比任何其他已经建造的避难所都深的地方。但现在看来，我们好像找到它了！我们需要派出一个侦察队去探索这个避难所，并揭开它的致命秘密。
QuestLoc_FriendlySettlement_Conversation_2A_NPCEnd_2	哦，这话我爱听。穿上它，引以为傲吧！
Speech_Quest_Generic_Dweller_73	当初是我想来点冒险。许愿可得小心，小心它应验……
Message_Tutorial_UltraciteWeaponCraftingDoubleTapRoom_PC	开始打造吧！{双击}{辐射极琉矿武器工坊}近距离查看。
Objective_RaiseSpecificSpecialLevel_Plural	提高{0}位居民的{1}。
Speech_Quest_Generic_Dweller_42	怎么会有人住在这里？
QuestLoc_HopontheRoachCoach_Conversation_1_Team_2	好吧，也许下次你们会做出更好的选择。
LunchBox_Card2_Title	卡牌2几率：
Button_BuyMore	购买更多
QuestLoc_GoingToTown_3_Question2_Choice1	告诉我们奴隶商在哪里，你就可以活着。
Encounter_Random_Message126	我想我会往南走一会儿。
SnipSnipDialog_Wasteland_84	一家旧咖啡店。如果那是一家茶馆，我可能会感到一丝悲伤。
QuestLoc_LastInningOrnot_QuestLongDescription	也许罗基·杰宾森惊人的运动才能是因为喝了很多咖啡。是时候查看一下斯诺克姆乔伊甜甜圈店了。
QuestLoc_GameShowGauntletD_Conversation_2_NPCEnd_2	她在那儿，但不只是她。准备好……“掉脑袋”了！
Generic_Food	食物
QuestLoc_ASettlerNeedsYourHelp_QuestShortDescription	在肯德尔医院找到了普雷斯顿·加维。
QuestLoc_TheRedRocketReveal_QuestLongDescription	避难所科技送往市长办公室的正式文件里说，通往525号避难所，也就是避难所大都会的入口隐藏在红火箭总部里。你还在等什么，赶紧前往525避难所吧！
QuestLoc_HighSteaks_Conversation_1_NPCStart_2	这个洞穴里全都是死爪！
QuestLoc_IntoVault333_QuestObjective_1	探索333号避难所。
QuestLoc_EvictionNotice_Question1_Choice2	其实，这是一家旅馆。
QuestLoc_DenofThieves_QuestObjective_1	追回丢失的物资。
QuestLoc_TheCaseoftheMissingMitt_Conversation_1_NPCStart_3	我们说话的时候罪犯就藏在附近。
QuestLoc_GameShowGauntletC_Conversation_2_NPCEnd_1	你说的对！你一定很了解她！
Weapon_Description_LaserRifle_Focused	一个高技术废土战士的完美武器。
Outfit_Name_PowerArmor_T60f	t-60f动力装甲
Room_ScienceLab_2	科学站
Message_TutorialPopup_21_Body_Part1_Xbox	通过选择希望居民前往的房间来探索。
QuestLoc_ParleyTime_RaiderLine_1	制造战争，而不是爱！
QuestLoc_DeathclawDeeLite_4_Question1_Choice2	你要什么？这可是废土。
Message_Tutorial_46_Switch	干得不错！这里有一些{食物}和{水}来帮助您开始经营{避难所}。{按下}{左摇杆}来查看避难所{资源刻度条}的细节，查看您的{资源}需求量。
QuestLoc_DeathclawDeeLite_3_Question1_Choice2	杀你家人，毒你的蛋？
QuestLoc_PerfectSpecimens_Answer01_PC01	死爪会说话？
QuestLoc_ExpressCheckout_Conversation_1_NPCEnd_2	听着，我很抱歉。尸鬼也得吃东西。要不你拿这个？
QuestLoc_ARefreshingRescue_Conversation_1_NPCStart_1	所以，你就是那个想夺走本该属于我的东西的人。
QuestLoc_MallMadness_Conversation_1_NPCStart_1	十点才开门！早到的顾客恕不接待！
Room_MedBay_Desc	将居民分配在这里生产治疗针。
Stats_PetBreeds_StBernard	圣伯纳犬
QuestLoc_TheCaseoftheCapturedCanine_Conversation_1_NPCEnd_1	嘿，各有所好嘛。
SnipSnipDialog_Wasteland_2	啊，废土。正如预期的那样令人沮丧。
Speech_Conversation_NPC2_Topic37_Response1	不想，现在这门语言我自己都说不利索。
QuestLoc_WeaponsRun_QuestObjective_1	找回主要的武器存货。
Weapon_Description_Ripper_Hardened	很快，每个掠夺者在你眼里都会像一棵树。
Button_Dismiss	解散
Weapon_Name_032Pistol	.32手枪
QuestLoc_ThisGoldenRing_QuestObjective_1	找到任何黄金做的物品。
QuestLoc_PlayBall_QuestObjective_1	寻找罗基·杰宾森的棒球衫。
Speech_Quest_Loot_Dweller_26	两个字：好物！
Tutorial_Tip_11	军械库可以让您训练居民的观察力（P）。
Help_Page10_Title	储藏室
QuestLoc_FoodFight_Conversation_1C_NPCEnd_1	行，我们来解决这个。
MrHandy_Category_Name	避难所科技
QuestLoc_TheDoorBuster_Conversation_1_NPCStart_1	呵呵，太棒了，更多的废土居民。
QuestLoc_RunThreeDogRun_Conversation_1_NPCStart_3	但是结果发现我很像其中一人，他们都没发觉有两个“戴夫”。
QuestLoc_TheLastGobble_QuestLongDescription	我们顺着高步勒留下的蔓越莓酱的痕迹来到了261号避难所。现在该做个了断了！
QuestLoc_MaskHysteria_Conversation_1_NPCEnd_1	你的坚忍克己让我们印象深刻。你可以平安离开了。
Outfit_Description_RiotGear_Sturdy	把废墟带给你的任何东西都处理得……有型。
QuestLoc_AllsFairinLoveandNuclearWar_Conversation_2_Team_1	就算拿命来赌，你也嗨不起来。
QuestLoc_TheNightWatch_Conversation_1_NPCStart_1	这个不是植物的问题。我们不需要一群书呆子科学家告诉我们该怎么做……
Weapon_Description_RustyTranqPistol	往上瞄一些，然后再偏左一英尺。
Weapon_Name_CombatShotgun_CharonsShotgun	卡戎的霰弹枪
Outfit_Description_HazmatSuit_Heavy	生活也许是无情的，但已经没有什么能够阻挡你了。
QuestLoc_SpelunKingTrainingB_Conversation_1_NPCStart_2	快速又安静，我们会不动声色地成为洞穴探险的王者。
Speech_FlavorText_LQ_02	到换班时间了吗？
Speech_Quest_Generic_Dweller_44	这地方都快让我得肠易激综合征了。
Message_DoYouWantToSellItem	确定想以{1}瓶盖卖掉{0}吗？
QuestLoc_ReleasetheRaiders_Conversation_1_NPCEnd_2	不是吗？如果事情不顺利，我们总是可以回去战斗。双赢。
QuestLoc_SOS_QuestShortDescription	找到求救信号的信号源。
Encounter_Progression_JustStartedTier1_20	好。我能行的。
RoomType_Consumable	消耗品
Encounter_Random_Message69	哦，那是一个很好的小房子。至少曾经是。
Tutorial_Tip_91	你可以使用量子核子可乐来得到缺失的主题配方碎片。
QuestLoc_SpyonRaiders_Conversation_1B_NPCStart_2	我们被称之为“尖叫猎鹰”。就是那种又大又吓人的鸟知道吗？
QuestLoc_AlienBot_01_QuestShortDescription_06	进入罗伯科公司秘密研发基地，获取研究数据。
Outfit_Name_SpecialThemeXmas	圣诞老人服
Encounter_Intro_Creature1	观察到{0}
QuestLoc_SpringingtheTrap_Conversation_1_NPCEnd_4	有用的！甚至是真的。他总是满身是土。谢谢您！
QuestLoc_GameShowGauntletD_Conversation_3_NPCStart_1	现在进入“掉脑袋”的第三回合！
KeyboardMapping_EnterVault	进入避难所
Weapon_Description_PlasmaRifle_Tuned	适用于你必须把某人变成青柠果冻的时候。
Pet_Description_bloodhound_l	闻到了吗？没有？它可以！
QuestLoc_CantStopTheSignal_Conversation_1_NPCStart_3	而现在，一切都被你们给毁了！
QuestLoc_TheBigsbyBrownCase_QuestShortDescription	追查失踪的侦探比格斯比·布朗。
SnipSnipDialog_Generic_29	再见，避难所居民！
QuestLoc_DoitfortheBatBoy_Conversation_1_NPCStart_1	找到了！是……等等……不对。是一件扯烂的足球服。
Speech_Conversation_NPC2_Topic18_Response3	画一张监督者的像。那可就有意思了……
QuestLoc_ScienceCooperative_Conversation_2E_NPCEnd_2	真厉害！我要把这个写下来。来拿着，这个可以帮助你们！
Speech_LivingQuarter_PickupLines_51	你的牙齿是那么闪亮和美丽。像一个被清理干净的骷髅。
Bonus_SurvivalGuide_StimpackBoost	治疗针恢复
Speech_LivingQuarter_PickupLines_3	我喜欢和你说话。
QuestLoc_AlienBotQuest03_Conversation_4_PC1_2	不管他们是什么，死了就友善多了。我们快走吧！
QuestLoc_NoRestfortheWicked_Conversation_2_Team_3	你是避难所科技的耻辱！废话，我们当然要打！
QuestLoc_TheRiteofSpraying_Conversation_1_NPCStart_2	那些宗教狂热分子说他们有一些“好消息”给我们。
QuestLoc_SignalFailure_QuestLongDescription	你收到了一个求救信号，来自本已废弃的233号避难所。去调查看看吧。
Help_Page22_MainText_Xbox	按下来打开居民列表。

从这里您可以整理您的居民然后找到最适合某项工作的居民。

选择居民会将画面直接切到此居民身上。
QuestLoc_DeathandDenial_Conversation_4_NPCStart_4	她甚至不会怨恨他毁了她的家庭。
QuestLoc_ScienceCooperative_Conversation_1E_NPCEnd_3	这不是只是园艺，是科学！算了。让我好好工作吧。
Pet_Description_dalmatian_l	它也许不能扑灭火灾，但它能提供精神支持。
Message_Tutorial_46	干得不错！这里有一些{食物}和{水}来帮助您开始经营{避难所}。您可以通过{资源刻度条}来查看{资源}的需求量。
Outfit_Description_HunterGear_Bounty	只要报酬给得好，没有目标抓不了。
QuestLoc_DartofHarkness_QuestName	哈克尼斯的飞镖
QuestLoc_PaulasinaPickle_QuestShortDescription	从狂尸鬼手里拯救宝拉·普朗布金！
QuestLoc_TakingOuttheTrash_QuestLongDescription	为了向钢铁兄弟会证明避难所值得成为他们的前哨，我们要清除840号避难所里的尸鬼。
QuestLoc_VaultTecExperimentReviewE_Conversation_1_NPCEnd_3	赌注已下，大局已定！
QuestLoc_SetEmUpFamine_Conversation_1_NPCEnd_1	忘了那个！进食时间到了！
Speech_Conversation_NPC2_Topic53_Response2	摸你吗？我……我是说……挠你的……身体？
QuestLoc_GameShowGauntletK_Conversation_3_NPCEnd_1	好的！这些白痴拒绝承认这个只是一个奇幻旅程。
Title_MaximumLevel_Short	最大
QuestLoc_DeathclawDeeLite_1_Question2_Answer1	嘎嗷嗷！
QuestLoc_TheDeBuggers_Conversation_2_NPCEnd_1	别担心，在那之前你应该能得到三分钟的上场时间。
QuestLoc_MatterstoSettle_QuestLongDescription	三狗报告说，“害虫”和“饥饿者”的人即将开战，正落在一个定居点所在之处！我们需要阻止他们，尽可能多的拯救居民。同时，我们应该留心每周博览会的记者，并在他们谈论核子可乐之后使用代号“鹰”。
QuestLoc_PowertothePeople_QuestName	赋予人民力量？
Message_TutorialPopup_08_Title	储存
Objective_RoomRush_Plural	在{0}个房间里成功启动极速模式
QuestLoc_WastelandDoctoring_Conversation_1_Team_2	你们可欠我们不少人情啊，但我想我们还是会帮忙的。
QuestLoc_RescueSanta_QuestName	拯救圣诞老人！
Speech_Room_LoveJob4	努力工作就是快乐工作！
QuestLoc_TheYolksonYou_Conversation_1_Team_1	我们来这里不是为了别的，而是为了辐射蝎蛋。
Objective_UseStimpack	使用1次治疗针
Outfit_Name_FlightSuit_Expert	专家飞行服
QuestLoc_DogShelter_Conversation_1_NPCEnd_3	他们绝对不会吃掉我的礼物。
QuestLoc_GameShowGauntletI_Conversation_1_Team_1	列克星敦。
QuestLoc_WastelandTheMusical_Conversation_4_NPCStart_3	♪ 松口吧！快同意 ♪
♪ 让他的光辉在你心中生根！♪
QuestLoc_MonsterUndertheBed_QuestShortDescription	找到并杀死那只偷泰迪熊的怪兽！
QuestLoc_PittStop_Conversation01_NPC04	那你走错了地方！还给匹兹堡送来了更多鲜肉！
QuestLoc_TheSpiritofTaking_Conversation_1_NPCStart_4	如果你们能找到它，它归你们了。我只想离开这里！
QuestTitle_SpoilsofWar[PL]	战利品 [PL]
Weapon_Description_Flamer_Pressurized	这就像在你的手臂上挥舞着一条龙的力量。
QuestLoc_GameShowGauntletF_Conversation_1_Team_2	莱莉的骑兵。
QuestLoc_TheCaseoftheMissingMitt_Conversation_1_Team_3	你怎么知道就是那个“傲慢的家伙”？
Speech_LivingQuarter_PickupLines_56	我想……我想我是“喜欢”你，还谈不上“爱”。
QuestLoc_PowertothePeople_Conversation_3_Team_1	小菜一碟！
Message_CantDestroyRoom_Dweller	不能摧毁这个房间，因为其中有居民。
QuestLoc_DeathandDenial_Conversation_2_NPCEnd_3	不，先生，我不这么认为。
Speech_Quest_Generic_Dweller_9	这到底是什么鬼味道？！
Objective_PerformPerfectCriticalHit	释放{0}次完美暴击
QuestLoc_GameShowGauntletF_Conversation_2_Team_4	合成人！我讨厌合成人！
Encounter_Progression_Repeatable_JunkLocation8	找找公馆里还有没有任何有价值的东西。
QuestLoc_LiveDeadDrop_Conversation_1_NPCStart_1	“乌鸦在午夜飞。”
Stats_Average_Perception	居民平均观察力
QuestLoc_HumansLikeUs_Conversation_1_Team_2	你们看到天空中奇怪的光了吗？
QuestLoc_ThePathofPaulaPlumbkin_Conversation_1_NPCStart_1	你们比上次那个入侵者还要糟糕，那个宝拉什么来着？
QuestLoc_S2_QL2_Q4_Roswell_Question1_Choice3	我们是来……呃……出公差的。我们打算全靠谈判混过去！
QuestLoc_TheMysteriousDisappearingSpuds_QuestShortDescription	查找更多有关红果枯萎的信息。
QuestLoc_OperationSandman_Conversation_1_NPCStart_1	请打开手册第52条，第A项。
Pet_PallasCat	帕拉斯猫
QuestLoc_AlienBotQuest06_Conversation_2_ED_1	哇！别开枪！我可不是外面那些家伙。
QuestLoc_WastelandDoctoring_Conversation_1_NPCEnd_3	你们这些居民真是太棒了！谢谢！
QuestLoc_DeathclawDeeLite_4_CombatInit2	这装修真是难看！
DwellerEquipPanelStats	状态
Weapon_Name_50CalMachineGun_Enhanced	强化的.50机枪
QuestLoc_TheMoleRatMan_Conversation_1_NPCStart_1	你们！我听说过你们！根本不是什么植物学家！是废土人渣！我才是这里唯一的科学家！
QuestLoc_GameShowGauntletH_Conversation_2_NPCEnd_1	你一定作弊了。居然回答正确。
Speech_Quest_Loot_Dweller_36	现在是我的了！
QuestLoc_SavingDaylight_Conversation_1_Team_1	你们不知道爆炸会杀了你们吗？
Outfit_Name_RaiderArmor_Sturdy	坚固掠夺者装甲
QuestLoc_DeathandDenial_Conversation_2_Team_1	游戏正在进行中！让我们继续！
QuestLoc_RobotHood_Conversation_1_Answer07	当然，机器人很棒！嗯，我是指那些和平的机器人。我们只是希望你不要再攻击商队了。我们可以互相分享。
QuestLoc_TheScorpionKing_Conversation_1_NPCStart_3	你们知道那些毒液值多少钱吗？
QuestLoc_TimetoWakeUp_Conversation_1_NPCStart_1	嘿！等等，你来这里也是为了那个愚蠢的闹钟吗？
QuestLoc_FirstDown_Conversation_1_NPCStart_3	他们一直在谈论一个叫做“超级杯”的东西。
QuestLoc_GoingToTown_2_QuestObjective1	与草药骗子正面交锋。
QuestLoc_VaultTecExperimentReviewC_Conversation_1_NPCEnd_1	如此奇怪的演讲！你还是走吧。
QuestLoc_WalkofShame_QuestName	屈辱之路
QuestLoc_ScienceCooperative_Conversation_1A_NPCEnd_3	废土就是这样！请随便参观。
QuestLoc_SpyonRaiders_Conversation_1C_NPCStart_1	你们是谁？想加入我们帮派？
MrHandyDialog_Generic_43	我梦想着未来的豪华机油浴……
Message_TutorialPopup_03_Title	您最重要的资源就是电力。
QuestLoc_TheBigsbyBrownCase_RaiderLine_1	如果你们来这是为了那个侦探，得先过我们这一关！
QuestLoc_APoorlyThoughtOutPlan_QuestObjective_2	除掉死爪。
Title_Assignment	分配
QuestLoc_AlienBotQuest06_InitialDialog2	禁止通行。禁止通行。禁止通行。
Message_Tutorial_40_PC	居民需要{食物}来保证他们的{生命值}。再次点击来{确认}。
QuestLoc_BacktotheOutfield_Conversation_1_NPCStart_1	我们又一无所获！这个该死的蔻驰！
Objective_Wasteland	将一位居民派到废土
QuestLoc_DivideandConquer_Conversation_3_NPCEnd_1	通常我同意你的意见，但今天我并不想。
Weapon_Name_Ripper_Enhanced	强化的齿锯
Room_BarberShop_2	沙龙
Message_ObjectiveSkipNukaQuantum	使用{0}瓶量子核子可乐来跳过这个目标吗？
QuestLoc_VaultTecExperimentReviewC_Conversation_3_NPCEnd_3	城堡里的财富都是你们的。
Speech_Generic_Dweller24	刚才是……窸窸窣窣的动静？该死的辐射蟑螂可能就在我们脚下。
Weapon_Description_JunkJet	你会惊讶于高速喷射杂物如何的致命。
QuestLoc_WastelandDoctoring_Conversation_1_Team_1	别担心。我们会帮你们包扎好的。
QuestLoc_Tankbusting_QuestName	坦克终结者
Speech_Conversation_NPC1_Topic4	我一直想给大家做一个蛋糕。什么口味最好呢？
QuestLoc_PestCaseScenario_QuestLongDescription	附近的大无敌超市鼹鼠已经泛滥成灾。这地方是给旅行者提供物资的重要地点。除掉鼹鼠妈妈，让这个地方回归正常。
QuestLoc_SOS_Conversation_1_Team_1	绑架狗可是犯罪啊，我们会把它找回来的！
Outfit_Name_UtilityJumpsuit	避难所装甲套装
QuestLoc_DogsofWar_Conversation_3_Team_1	你知道我们在哪里可以找到任何和“骑士”有关的邪教吗？
Objective_LevelUp_Plural	升级{0}位居民
Speech_Quest_Generic_Dweller_Conversation_9_Response_2	诡异还不足以形容这里……
Weapon_Description_SawedOffShotgun_Kneecapper	可以让腿瞬间消失……像魔术一样！
Weapon_Name_Shotgun_FarmersDaughter	“农夫女儿”霰弹枪
QuestLoc_SpelunKingTrainingD_QuestLongDescription	一年一度的洞穴探险赛即将开始，但是该送哪一个居民过去呢？让我们派遣那些强悍又聪明的居民去吧，看看他们有多厉害！
QuestLoc_S2_QL2_Q4_Roswell_QuestObjective1	获取一台外星机器人。
QuestLoc_GameShowGauntletK_Conversation_4_NPCEnd_1	该死，居然是对的。核子可乐最不新鲜了。
QuestLoc_ClearingAPath_QuestLongDescription	有一群士兵叫“钢铁兄弟会”，他们坚持认为避难所将会是理想的哨所！为了满足他们的标准，我们必须提供点火力支援。先从附近的机械配件厂开始吧。
QuestLoc_LittleRedRadiumHood_Conversation_1_NPCEnd_2	她做的！想一想，也许这是一只死爪。
Message_Tutorial_07	让我们看看{居民}的{状态}。{点击}{居民}来{查看信息}。
QuestLoc_HighSteaks_Conversation_1_Team_1	我们是被一个随时想宰人的大厨派来的。
QuestLoc_OnlyHuman_Conversation01_NPC05	真不幸。我会等待其他人类收留我。再见！
Room_UltraciteWeaponFactory_Upgrade_Level2	制造稀有辐射极琉矿武器
MrHandyDialog_Wasteland_97	哇哦……一套旧的动力装甲。这才叫底盘！
QuestLoc_GameShowGauntletH_Conversation_1_Team_3	原子之海。
Speech_Conversation_NPC2_Topic55_Response3	填字游戏。
SeasonModal_BattlePass_RankUp_Btn	升级
Encounter_Victory_Repeatable_JunkLocation6	他们让我进门，给了我一些吃的，还随我在他们的废料堆里自取。
Item_None	无
MrHandyDialog_Fitness_02	啊，有氧运动。真是个有趣的概念。
QuestLoc_AlienBotQuest01_Conversation_3_PC2_1	这台电脑上有日志，里头是销售和库存记录。也许这里有线索？
Encounter_Random_Message91	需要控制我的呼吸。保持冷静。
QuestLoc_MaskHysteria_Conversation_1_Team_3	我恐怕会变成像你那样面目狰狞的人！
QuestLoc_TheSpiritofTaking_Conversation_1_NPCEnd_1	你说得对。我会再准备一个礼物的。来，拿着。
Pet_Abyssinian	阿比西尼亚猫
Pet_Description_blueyellowmacaw_l3	一提到演讲时，它就准备好想要挑战了。
QuestLoc_MondayNightBrawl_Conversation_2_NPCStart_1	我不知道镇上来了马戏团。
QuestLoc_InAnotherVault_QuestLongDescription	比格斯比不在199号避难所，但一个成员告诉我它可能会在他们的姐妹避难所，899号。我应该去那儿看看。
Room_OutfitFactory_Upgrade_Level3	打造传奇装备
SnipSnipDialog_Generic_15	先说好，我不擦窗户。哦，等等！你们根本没有窗户！哈哈哈。抱歉，这是机器人的幽默……
QuestLoc_MondayNightBrawl_Conversation_1_NPCEnd_3	那就准备好赚取你的第一个瓶盖吧！
QuestLoc_LittleMissWasteland_Conversation_1_NPCEnd_3	选一个号码吧！然后走过那扇门。
QuestLoc_WhackaMole_QuestLongDescription	现在大维斯要你杀掉一只鼹鼠巢母，但有个附加条件：你只能用手枪。祝你能用那些手枪打穿鼹鼠皮吧！
VictorDialog_Wasteland_38	我想往东走。
Weapon_Name_LeverActionRifle	杠杆步枪
QuestLoc_SpelunKingTrainingG_Conversation_1_NPCStart_2	（继续说着什么。听起来很傲慢。）
QuestLoc_MatterstoSettle_Conversation_4_NPCEnd_1	不会。“战争崇拜者”在追随“战争”的路途中会很坦率地杀死你。
QuestLoc_S2_QL3_Q4_Warehouse_Question5_Choice1	游戏结束了。我们来阻止你们把保安机器人变成杀人机器。
QuestLoc_VaultTecExperimentReviewD_Conversation_2_Team_3	我受够了，去死吧。
Speech_Happiness_Happy11	我还能更快乐吗？不能。
Message_TutorialPopup_04_Body_Xbox	完成目标，赚取瓶盖。目标能够通过点击哔哔小子菜单里的缎带图标找到。
QuestLoc_RunThreeDogRun_QuestObjective_1	解救三狗。
Speech_LivingQuarter_PickupLines_8	你总能让我嘴角上扬。
QuestLoc_GameShowGauntletD_Conversation_1_Team_4	骑驴，很多很多的驴。
Title_Diff	差异
SnipSnipDialog_Wasteland_24	你好！是的，就是你，先生！我想知道……哦，你是具尸体。好吧，没事了。
QuestLoc_SpringForwardFallBack_Conversation_2_NPCStart_1	求你了，让我们结束这一切暴力。
QuestLoc_BeatReporting_Conversation_3_Team_4	一开始为什么他们叫他“战争”？
Message_Tutorial_SeasonOpenLeaderboard	现在，{选择}{排行榜}标签页。
QuestLoc_ItsnotEasyBeingGreen_Conversation_1_NPCEnd_3	哦，是的，我们给他们染色，庆祝圣帕特里克节。
MrHandyDialog_Wasteland_81	那就向东走吧。
QuestLoc_GameShowGauntletA_Conversation_2_NPCEnd_2	叮咚叮！答对了。
QuestLoc_GameShowGauntletD_Conversation_1_NPCStart_4	钢铁兄弟会是怎么抵达联邦的？
Speech_Quest_Loot_Dweller_45	那我就拿走这个咯……
Pet_Dalmatian	达尔马提亚犬
Outfit_Name_HandymanJumpsuit	勤杂工连身衣
QuestLoc_TheMostDangerousGame_QuestName	最危险的游戏
QuestLoc_TheCaseoftheMissingMitt_Conversation_2_Team_1	你知道是谁拿的吗？
Speech_Quest_Generic_Dweller_Conversation_15_Response_2	尖叫声？音乐？伴随着音乐的尖叫声？
QuestLoc_ItsnotEasyBeingGreen_Conversation_3_NPCStart_2	我们只是想庆祝圣帕特里克节……
Encounter_Random_Message117	一座旧消防站。可就连他们也没能拦住世界燃烧。
QuestLoc_CrimeSceneInvestigation_Conversation_2_Team_1	但你们整体的理念毫无意义！还有“害虫”是一个愚蠢的名字！
Ghoul_Name_Plural	狂尸鬼
QuestLoc_ScienceCooperative_Conversation_1D_Team_2	你们研究死人？特别迷恋尸体那种苍白的颜色？
Encounter_Journal_Message29	探险家日志。新条目：在废土上，轻信会害你送命。
Message_Quest_DeadDweller_Recall_Warning	您将失去死亡的居民。确定要召回吗？
Outfit_Description_PowerArmor_T60f	特别加强过。比很多其他装甲都先进。
QuestLoc_LittleMissWasteland_Conversation_3_NPCStart_4	是避难所科技，还是核子可乐？
Room_Casino_Desc	将居民分配在这里训练运气
Help_Page19_BottomText	提示：资源与所需资源线偏离越远（无论超出或不足），正面或负面效果就越强。
MrHandyDialog_Generic_16	懒得动？那你可找对机器人了！你想要什么，我去拿。
QuestLoc_AlienBot_Quest04_Conversation_3_Team_4	好吧好吧，我们走。只要让我们……呃……拿上我们带来的电脑，我们就走！
QuestLoc_SpelunKingTrainingF_Conversation_1_NPCEnd_2	世事难料！给我拿下他们！
QuestLoc_DeathRevealed_Conversation_3_NPCStart_3	所以我们今天让你们流血不是出于恶意，而是为了帮助你达到这个配额。
Speech_Happiness_Parent13	孩子就像巧克力！永远都不嫌多！
Weapon_Description_Minigun_Rusty	弹筒旋转得不快，但当它快的时候……哎呦喂。
Encounter_Defeat_Location12	我不小心惹恼了一个商人，只好一路躲着枪子儿逃出来。
Special_Perception	观察力
Objective_WastelandMakeFriend_Plural	在废土上交{0}个朋友
QuestLoc_MaskHysteria_Conversation_1_NPCEnd_3	你的勇敢让我们印象深刻。你可以平安离开了。
QuestLoc_GameShowGauntletK_Conversation_2_NPCEnd_1	选得不错，但不对。再见，现在你要……“掉脑袋”了！
Help_Page13_BottomText	提示：启动极速模式是最快赚取瓶盖的方法。
QuestLoc_WorkingOvertime_Conversation_1_Team_2	狂尸鬼？好的，别担心。我们可以消灭他们！
QuestLoc_Astronomical_Conversation1_Answer_PC01	我们是来帮忙的！快让我们进去！你们的头儿干了件蠢事！
QuestLoc_AllWorkandNoPlay_Conversation_1_NPCStart_3	但他们中有个人喷了古龙香水，很糟糕的味道……
QuestLoc_AMaptotheStars_QuestObjective_1	和404号避难所的监督者交谈。
QuestLoc_BeatReporting_Conversation_5_NPCStart_4	有人需要帮助他们！
QuestLoc_UndercoverOperations_Conversation_2_Team_1	饥饿的部落？所以你们不是“害虫”？
QuestLoc_HumansLikeUs_Conversation_2_Team_2	我们可以见见你们的监督者吗？
QuestLoc_UndercoverOperations_Conversation_2_NPCEnd_1	那些骗子根本就不是很饿。但我们不一样，让我们的饥饿吞噬你吧！
QuestLoc_TheInfiltrationGame_Conversation_1_Team_2	这是你今天第二次问我！
QuestLoc_OfftheRails_Conversation_1_NPCEnd_2	那些我们想要帮助的合成人好像去了旧原子玩具厂办公室……
QuestLoc_TheNightWatch_QuestName	巡夜人
Encounet_Progression_Creature20	辐射蝎逼近，准备攻击。
QuestLoc_AMaptotheStars_QuestName	成名之路
QuestLoc_ThirdandGoal_Conversation_1_Team_2	你的那个愚蠢的“超级杯”要结束了，柯米什。
Encounter_Defeat_Repeatable_JunkLocation8	什么都没剩下。我不觉得惊讶，就是有点失望。
Speech_Quest_Generic_Dweller_Conversation_10_Response_1	是啊，我也是。保持警惕。
QuestLoc_SecondStringers_QuestObjective_2	了解“超级杯”
Encounet_Progression_Location13	合成人和超级变种人的战斗把我困在了房间里，房间里就有化学工作站。
Speech_Conversation_NPC2_Topic31_Response1	真是幼稚，以为自己12岁吗？
Encounter_Random_Message186	说真的，这外面也没那么糟。有时候吧。
QuestLoc_TheCaseoftheQuantumCreeper_Conversation_1_NPCEnd_2	真的吗？好吧，来拿着。请务必解决掉那家伙，好吗？
QuestLoc_S2_QL3_Q4_Warehouse_Question5_Choice3	你们乱改战斗抑制器，把机器人变成了杀手。来！让你们也尝尝那滋味！
QuestLoc_HittingtheBooks_QuestShortDescription	在图书馆废墟打探更多关于31号避难所的消息。
QuestLoc_AThirstforAdventure_Conversation_1_NPCStart_1	真是松了口气。你们救了我的命！那些狂尸鬼可真不是开玩笑的！
QuestLoc_DivideandConquer_QuestName	分而治之
QuestLoc_AllsFairinLoveandNuclearWar_Conversation_3_Team_1	我探索了废土，试图找到你，结果你在这里。
QuestLoc_ScienceCooperative_Conversation_1B_NPCEnd_3	还不算完美，但这就是进步的代价！抱歉。我应该回去工作了。
QuestLoc_TheSecretofREDACTED_Conversation_3_Team_2	[REDACTED]
SnipSnipDialog_Wasteland_98	到处都是用过的药剂和空酒瓶，这很能说明问题了。
QuestLoc_TheInfiltrationGame_Conversation_2_Team_1	死人不喝茶。
QuestLoc_TheDeBuggers_Conversation_2_Team_1	这个游戏会消耗我的哔哔小子电池吗？
Theme_Name_Institute_Diner	学院餐厅
QuestLoc_LittleMissWasteland_Conversation_4_NPCStart_2	这局我们来个简单点的。
QuestLoc_SuperDuperTrooper_Conversation_2_Team_3	你知道么？我真的不在乎你们的小口角。
QuestLoc_FriendlySettlement_Conversation_2D_Team_1	也许能送我们一点装备？
Outfit_Description_WaitressUniform	附赠几分俏皮、几分泼辣，还有一只永远续杯的杯子。
QuestLoc_GameShowGauntletB_Conversation_4_Team_2	大狗。
Speech_Conversation_NPC1_Topic28	听说你最近干得不错。
QuestLoc_S2_QL3_Q2_Handy_CombatInit1	入侵者！该给这帮恶棍点教训了！
Speech_LivingQuarter_Dialogue_NPC1_8	沙发需要修理。我一直陷到垫子里。
QuestLoc_Filly_QuestObjective	帮助玛·琼清除那些掠夺者。
Message_Tutorial_53_Xbox	想要打开{任务列表}。按下来打开{哔哔小子}。
QuestLoc_HumansLikeUs_Conversation_4_NPCEnd_2	正是通过合作，我们的原始物种才得以进化！
QuestLoc_TheRiteofSpraying_Conversation_2_NPCStart_1	瞧，终于有人来帮我们了！来得正是时候……
QuestLoc_ToGrandmothersHouseWeGo_QuestShortDescription	帮助那些在度假旅行时走丢的废土居民。
QuestLoc_FamilyMatters_QuestShortDescription	你在废土上发现一幢旧的小屋。
Speech_Conversation_NPC2_Topic10_Response3	中国的长城，我敢打赌一定还在。
QuestLoc_HerestoYouRackieJobinson_Conversation_2_NPCEnd_4	棒球比赛关键场，两人已出局，现在是平局。是时候背水一战了！
Encounter_Progression_Repeatable_JunkLocation7	绕过去会花太多时间。我要试着偷偷穿过营地。
Achievement_Xbox_Description_15	打造一件装备，一把武器和一个主题
Title_Collection	收藏
Speech_Quest_Loot_Dweller_39	胜利者的战利品，归我啦！
QuestLoc_ArmsRace_Conversation_1_NPCEnd_2	当然。
Pet_YoungBrownBrahmin	年轻的褐色双头牛
Encounter_Progression_Repeatable_JunkLocation6	试图说服他们让我进去休息。
Outfit_Description_AllNighware_Naughty	当灯灭了，你的特殊技能会发光。
Weapon_Name_PlasmaThrower_Tactical	战术型等离子发射器
QuestLoc_LittleMissWasteland_Conversation_3_NPCEnd_1	那也太花时间了，但正确！请前往下一个房间。
Speech_Conversation_NPC2_Topic58_Response1	是的，她往那边走了。
QuestLoc_DeathclawDeeLite_4_Question2_Choice1	你想要一个伴侣？好，先出去！
Encounter_Defeat_Creature18	泥沼蟹猎杀者太快了！不跑就得死！
QuestLoc_TruthAmongtheAshes_QuestLongDescription	333号避难所遭到了抢劫，但那里也许有关于宝拉·普朗布金去向的线索！
Speech_Quest_Generic_Dweller_Conversation_25_Response_2	呃……离开避难所？
SeasonPass_ReturnToMainMenuModal_Title	注意
Help_Page26_MainText_PC	任务能让您探索新的地点，遇见新的居民和收集战利品。

建造监督者办公室来派遣居民小队去完成任务。

点击监督者办公室里或者哔哔小子上的地图图标来进入任务列表。任务列表会显示您现在可以执行的任务，以及相对应的奖励，要求和状态。

在任务中，将居民拖到新房间中来探索或者直接点击您想要探索的房间。

居民会自动战斗，但是您可以先点击居民后点击敌人来让他们攻击一个特定目标。您可以点击然后按住，将其拖向敌人。

居民在战斗时会出现一个暴击蓄力器；一旦准备好，敌人上方会出现一个勾形图标，点击会对敌人进行致命暴击。

当箭头出现在十字线的中心时，请点击移动的箭头。离中心越近，暴击伤害的倍率就越高。

居民的运气（L）属性越高，暴击蓄力器的恢复速度也就越快。居民的观察力（P）属性越高，箭头移动的速度越慢。

点击右上角的地图图标查看必须完成和可选完成的任务目标。

当您结束探险时，点击地图图标让任务小队返回避难所。
QuestLoc_DeathandDenial_Conversation_7_NPCStart_1	你知道是谁干的吗？
QuestLoc_UndercoverOperations_Conversation_1_NPCStart_3	但我们需要你到那里去斩断这次袭击。
Message_OutOfNukaQuantumStoreButton_Switch	打开在线商店
Tutorial_Tip_63	您可以用量子核子可乐来加速美发店进程。
Message_MaxLevel	达到最大值
Stats_Junk_Collected	收集杂物
QuestLoc_TheSecretofREDACTED_Conversation_3_NPCStart_3	当然不是。你就像去被屠宰的牲口。
QuestSurprise_Discovered_Vault	{0}发现了一个避难所。
Speech_Quest_Loot_Dweller_25	真会找！
QuestLoc_GameShowGauntletI_Conversation_4_NPCEnd_1	就像感恩节的火鸡，你将会失去你的脑袋！
Encounter_Message_Creature10	一只辐射蝎。
QuestLoc_AgainstTheOdds_Conversation_1_NPCStart_1	虽然你们已经做了这么多，但现在你们完蛋了！
Resource_Stimpack	{0}治疗针
QuestLoc_ChristmasattheRaiderCamp_Conversation_1_Team_1	圣诞老人正在看着你。最好表现好点，不然什么礼物都得不到！
Achievement_Xbox_Description_16	在美发室里改变10个居民的外形
Junk_Name_DuctTape	胶带
Objective_Rush_Plural	执行{0}次成功的极速模式
QuestLoc_TheSecretofREDACTED_Conversation_4_NPCStart_4	避难所科技在居民身上做实验已经有*很多年了*！
Message_StorageFull_Scrapping	库存已满，您无法拆解物品。
Speech_Conversation_NPC2_Topic21_Response1	不。永远不会。我喜欢住在避难所里。这是我的家……永远都是。
Outfit_Name_BOSUniform	钢铁兄弟制服
Achievement_Xbox_Completed_14	打造了10件装备
Pet_Description_ocicat_l	它的斑点比你想象的多，但你还是会一样喜欢它。
SnipSnipDialog_Generic_46	厨房需要帮忙吗？我做火焰料理很拿手。
QuestLoc_LittleMissWasteland_QuestObjective_2	完成问答环节。
QuestLoc_SpyonRaiders_Conversation_3D_Team_4	去死吧，你们这些掠夺者人渣！
RoomUpgrade_Upgrade_Title	升级
NukaQuantum_Shop_Description_Cooler	包含了70瓶量子核子可乐，可以加速避难所和废土上的事件进程。
QuestLoc_CollectorsEdition_Conversation_2_Team_2	你就是那个要付出代价的人！用你的生命！因为我们会杀了你！
Weapon_Name_PlasmaThrower_Agitated	激活型等离子发射器
Tutorial_Tip_81	在最终战斗时，记得保证居民的生命值，有些终极敌人的攻击非常强大。
Speech_Conversation_NPC2_Topic33_Response2	听说过，但我不相信。
Junk_Name_Shovel	铲子
QuestLoc_AGatheringofGhouls_QuestObjective_1	除掉发光种。
QuestLoc_LittleMissWasteland_Conversation_1_NPCStart_2	欢迎来到由避难所科技赞助的第十六届“废土小姐”的比赛现场！
QuestLoc_OurCupsRunnethOverWITHFAILURE_Conversation_1_Team_1	你一点都没剩了是吗？
Title_Requires	要求
QuestLoc_GameShowGauntletK_Conversation_3_NPCStart_1	现在进入“掉脑袋”的第三回合！
Speech_Quest_Generic_Dweller_Conversation_30_Response_1	挺迷人的，对吧？用它那吓人的独门方式。
Message_Tutorial_10_PC	现在将第二个{居民}分配到{发电室}。记得{点击}和{按住}居民，然后{拖}到房间。
QuestLoc_AlienBot_QuestName_04	在室内的邂逅
Speech_Room_DeadDweller2	闻起来好像有什么东西死在了这里……哦。
QuestLoc_TheLastGobble_Conversation_1_Team_2	要不然把您其他的研究成果给我们吧？
QuestLoc_ByHookorbyCook_Conversation_1_Team_3	你会为在所有的蛋糕上使用软糖而付出代价的！
Stats_Dwellers_Sent_to_Wasteland	派去废土的居民
QuestLoc_ArghMatey_QuestName	嚯，海盗！
Speech_Room_SomeoneUnhappy_Geothermal	谁来把这个无能的低能儿赶走。
QuestLoc_TheQuestforVault525_Conversation_1_NPCStart_4	不确定到底在哪儿，但市长办公室那里会有相关的信息！
Weapon_Name_InstitutePistol_Scattered	分散型学院手枪
Encounter_Defeat_Repeatable_JunkLocation6	不太妙，他们不开门。我想我还是继续往前吧。
QuestLoc_PlayBall_QuestShortDescription	坚持搜寻！
QuestLoc_MondayNightBrawl_Conversation_3_NPCStart_1	我已经受够你们这些蠢货对我的同伙动手了！
QuestLoc_TheScorpionKing_Conversation_1_NPCEnd_2	就是因为你们，我还什么都没有！拿了这个赶紧滚吧！
Objective_StopIncidentWithoutPropagate	在一次{1}灾害扩散之前终止事件
Title_Dwellers_Quantity	居民{0}/{1}
QuestLoc_CheerfortheGhouls_QuestLongDescription	每个人都忘了那些可怜的尸鬼们也想过节！
QuestLoc_TheSpiritofTaking_QuestName	拿走主义
Outfit_Name_Incognito	低调休闲装
Weapon_Name_SniperRifle_Enhanced	增强型狙击步枪
SnipSnipDialog_Wasteland_80	那就向南走吧。
MrHandyDialog_Armory_01	哦，天哪。我真希望这些火力只是摆设。
Stats_Total_Lifetime_Dwellers	居民
QuestLoc_S2_QL2_Q3_Req_Question7_Answer1	好，拿去。现在走人！
QuestLoc_ArghMatey_QuestShortDescription	找鹦鹉。
Encounter_Random_Message39	不知道回去会不会有人给我做按摩。
Message_TutorialPopup_17_Body	宠物能给居民带来加成。
稀有的宠物能带来更好的加成效果。
分配宠物的方式和配备武器装备相同。
QuestLoc_GameShowGauntletH_Conversation_1_NPCEnd_4	不知道你说的啥，总之你马上就会……“掉脑袋”了！
QuestLoc_DeathclawDeeLite_1_Question1_Answer1	嗯，它们对生意不好。得把它们赶走。
Controls_Xbox_Footer_Collect	收集
QuestLoc_Infested_QuestName	虫害！
QuestLoc_RubarbsReckoning_RaiderLine_2	你永远不可能阻挡鲁巴布掠夺者们的脚步！
QuestLoc_GoingToTown_3_QuestLongDesc	那个卖蛇油的把我们派到新维加斯所谓“西区”的一栋摇摇欲坠的楼里。等我们收拾完他们，他们就再也造不出“奇迹血清”了。
QuestLoc_JustDeserts_QuestLongDescription	避难所收到一封匿名信，声称要揭示末日骑士的秘密起源。信中所说位置在废土深处，但为了弄明白这人想说些什么，冒这个险也值得。
QuestLoc_OperationSandman_Conversation_1_NPCStart_2	“汤品机必须把汤加热到正好200度，除了西班牙凉菜汤……”
Help_Page26_MainText_PS4	任务允许您探索新的地点，遇见新的居民和收集战利品。

建造监督者办公室，从您的避难所里派出一队居民去完成任务。

要访问任务列表，在监督者的办公室按或从哔哔小子选择地图图标。任务列表显示您的可用任务、奖励、需求和状态。

在任务中，通过选择您希望居民前往的房间来探索地点。

居民在战斗中自动战斗，但您可以命令一个选定的居民攻击一个特定的敌人，只需按住使一个目标出现，然后选择一个敌人。

当您的居民战斗，他们将显示一个暴击计量器；时机成熟时，一个复选标记图标将出现在您的居民正攻击的敌人身上。

当一个居民被选中后，用左摇杆选择复选标记，然后按住发动致命一击。

按以停止出现的移动的箭头；箭头越靠近十字线的中心，您的致命一击的伤害倍数就越高。

居民的运气属性越高，暴击计量器填充得越快，您的居民观察力越高，暴击箭头移动得就越慢。

按可以查看主线和支线任务目标。

当您完成探索后，可通过任务目标界面将任务小队召回避难所。
QuestLoc_SpyonRaiders_Conversation_2B_NPCEnd_2	呃，是啊。喊得不错啊小子们。为什么不继续呢？
QuestLoc_TruthAmongtheAshes_QuestObjective_1	前往333号避难所寻找线索。
QuestLoc_BountySnips_Conversation_1_NPCStart_1	是来领取“剪刀手”的赏金的吗？
Speech_Quest_Generic_Dweller_54	哇，人类真擅长把事情搞砸。
Help_Page05_BottomText	提示：请留意居民说的话，您能发现什么让他们开心。
QuestLoc_TheBigsbyBrownCase_Conversation_2_NPCEnd_1	真的吗？哦，那太好了！谢谢！现在我们走吧！
Weapon_Description_LaserMusket	革命式的模型遇上高科技能力。
Help_Page04_MainText	当生命值耗尽时，居民会死亡。

想要防止居民死亡，您可以：
- 给他们打治疗针恢复生命值。
- 给他们消辐宁消除辐射。
- 死亡居民可花费瓶盖复活，或从避难所中移除。

任务中死亡的居民只能等任务结束后才能复活。
QuestLoc_SpyonRaiders_Conversation_3E_NPCEnd_1	很好。现在去致伤致残吧！
Speech_Conversation_NPC2_Topic38_Response3	哦，什么病？黑死病？斑疹伤寒？超级埃博拉病毒？蓝流感？
QuestLoc_TheDeBuggers_Conversation_1_NPCEnd_1	这是一个避难所模拟器。我们称之为“核掩体”
QuestLoc_TheDeBuggers_Conversation_2_NPCStart_3	当我们达到目标时，我们就刻下“干得漂亮”！在一块岩石上。
QuestLoc_WorstCoachEver_Conversation_1_NPCStart_2	“越来越暖和了”
QuestLoc_HumansLikeUs_Conversation_4_NPCStart_3	我们只需要让那些大型的，带刺的无脊椎动物离开。
QuestLoc_MatterstoSettle_Conversation_4_NPCStart_2	我们有来自伟大的骑士“战争”的消息。愿他永生。
QuestLoc_GameShowGauntletF_Conversation_1_NPCEnd_1	那些小孩？不可能。也就意味着你该……“掉脑袋”了！
Outfit_Description_PowerArmor_T60d	有名的护甲。钢铁兄弟会很喜欢。
Message_Tutorial_06	看！{新居民}已出现在{避难所大门}。
QuestLoc_CabinFever_Conversation_1_Team_3	我要假装我没有看到和听到。
QuestLoc_ScienceCooperative_Conversation_2E_Team_2	植物通过光获取营养，但蘑菇是靠分解分子。
QuestLoc_CrimeSceneInvestigation_QuestName	犯罪现场调查
QuestLoc_QueenoftheDeathclaws_QuestName	死爪女王！
Room_Armory_3	武器中心
Title_Rewards	奖励
QuestLoc_GroomforDoubt_Conversation_1_NPCEnd_3	好吧，在我们结束你之后。
QuestLoc_DeathandDenial_Conversation_7_Team_4	很明显是他的儿子。你不需要我告诉你这点。
QuestLoc_KnockEmDown_QuestObjective_1	杀死“战争”。
Weapon_Name_EnhancedTranqPistol	强化的麻醉枪
QuestLoc_VaultTecExperimentReviewC_Conversation_2_NPCStart_1	在这里，骑士精神才是王道。
Outfit_Description_SurgeonSpecial	能够给受伤的朋友很好地包扎伤口，或者给你自己。
QuestLoc_ReturntoVault333_QuestLongDescription	“坦克弗兰克”已经死了。现在333号的居民应该能带我们去宝拉·普朗布金那里。
MrHandyDialog_Wasteland_91	这栋建筑真高。人类非常擅长建造宏伟的建筑，然后再摧毁它们。
QuestLoc_MaskHysteria_Conversation_1_Team_1	我恐怕今天要以不必要的杀戮来了结了。
QuestLoc_DibsattheRedRocket_Conversation_1_NPCEnd_1	哦。我试图警告你……
QuestLoc_UndercoverOperations_QuestObjective_1	阻止对军事基地的进攻。
Speech_Quest_NotAlone_Dweller_4	咱们干吗又跑外面来了？
QuestLoc_AlienBotQuest02_Conversation_1_PC2_1	我们到了！政府大楼！
Weapon_Description_LeverActionRifle	像牛仔一样放倒你的敌人。
QuestLoc_OutoftheVaultIntotheShadows_RaiderLine_2	衣服不错呀，书呆子们！
QuestLoc_TheCatBurglar_QuestName	偷猫贼
VictorDialog_Reactor_01	跳进去应该不是个好主意。不过可能挺好玩！
QuestLoc_SpyonRaiders_Conversation_1B_Team_3	其实我们是伪装的避难所居民。来这里暗中监视你们的！
QuestLoc_WaroftheNerds_Conversation_2_NPCStart_2	你是可鄙的宇宙碰撞书呆子，还是一流的太空旅行爱好者？
QuestLoc_SnakeWater_Conversation_1_NPCStart_3	但它不需要到那步……别生气，我们可以平分利润！
QuestLoc_BeatReporting_Conversation_2_NPCStart_2	你知道“饥荒”是一只古老的发光种吗？他有着无法被满足的胃口。
QuestLoc_ExtremeOuterference_QuestObjective	调查奇怪的信号
Encounter_Intro_NPC1	侦察到{0}
QuestLoc_HumansLikeUs_Conversation_5_Team_3	好吧，你们真是有点奇怪。
QuestLoc_FriendlySettlement_Conversation_1C_NPCStart_1	嘘！小点声。这里可是图书馆！
Speech_Kid24	我想知道外面还有多少别的避难所。
Weapon_Name_InstituteRifle_Excited	激发型学院步枪
QuestLoc_SynthsforSale_Conversation_1_Team_2	你们真的是机器人吗？
QuestLoc_TheCatBurglar_Conversation_2_NPCStart_2	你给我带来了另一个小朋友吗？
QuestLoc_ScientificProgress_RaiderLine_1	哦，不！是学院！
Outfit_Description_Suspenders	乡村非主流还是城市重金属？让他们猜去吧。
VictorDialog_Wasteland_24	门锁上了。看来得直接撞开！
KeyboardMapping_ActivateRoom	房间行动
Message_Tutorial_UltraciteWeaponCraftingIntroduction	是时候反击那些{辐尸人}了！既然我们已经有了{辐射极琉矿}，就用它来打造几件强力的新{武器}吧。
QuestLoc_GoWest_Conversation_1_NPCStart_1	你在这里做什么？
Notification_Production_End	您有可以收集资源的生产房间。
Message_Quest_GiveUp	任何在任务中找到的战利品将会丢失，您确定想放弃吗？
Weapon_Description_InstituteRifle_Excited	在力量的核心有一个粒子派对。
QuestLoc_GameShowGauntletH_Conversation_4_NPCStart_2	克罗格的总部在哪里？
Speech_Quest_Alone_Dweller_2	好……寂寞……
Speech_Room_LoveJob1	最好。的工作。没有。之一。
QuestLoc_WaroftheNerds_Conversation_1_NPCEnd_1	现在有太空旅行的粉丝，趣皮士和宇宙碰撞的行家。
Outfit_Description_ScifiSpecial	你可能不会活得多福多寿，但至少你能在梦想中死去。
Outfit_Name_StarPaladinSpecial	克罗丝动力装甲
QuestLoc_Ghooooooooooooooooooul_Conversation_1_NPCStart_2	你们是体育迷吗？还记得罗克韦尔乌鸦队吗？
QuestLoc_HittingtheBooks_Conversation_1_NPCStart_1	万圣节快乐！我是霍华德菲利普斯，旧图书馆的管理员。
SeasonPass_LevelUp	升级！
QuestLoc_Aquaschema_Conversation_1_NPCStart_2	我们刚刚碰到了术士。他是个好的销售员，他的水味道棒极了。
QuestLoc_DartofHarkness_Conversation_2_Team_2	如果尸鬼跟着我回避难所怎么办？
Special_Endurance	耐力
Speech_Quest_Generic_Dweller_13	他们都说：“去吧，会很有意思的！”呵呵，真“有意思”。
QuestLoc_ManonSecond_QuestName	第二个地点
QuestLoc_TheSecretofREDACTED_Conversation_4_NPCEnd_1	是真的吗？！居然没人告诉过我！行了，我要回[REDACTED]去！
QuestLoc_TheCaseoftheQuantumCreeper_QuestObjective_2	解决“量子爬行者”问题
QuestLoc_TargetPractice_QuestObjective_1	杀死发光辐射蟑螂。
Weapon_Name_Shotgun	霰弹枪
Speech_LivingQuarter_Dialogue_NPC1_18	你是否真的见过监督者？
QuestLoc_GuardianoftheWastes:FeralGhouls_QuestObjective_1	杀死发光种。
Star_Weekly_Quest	每周任务
Dweller_LeavingVault	正在离开避难所
Speech_LivingQuarter_Dialogue_NPC1_10	想玩牌吗？
QuestLoc_Sabotage_Conversation_2_NPCStart_3	至少他还能给我们足够的保护。
QuestLoc_PowertothePeople_Conversation_3_NPCStart_1	嘘，好惊险！
Speech_Quest_Generic_Dweller_Conversation_9_Response_1	对吧？？
QuestLoc_ThrowMeSomePepper_QuestObjective_1	寻找罗基·杰宾森的棒球衫。
Objective_Stimpack_Plural	收集{0}个治疗针
UnlockRoom_OutfitFactory	您的避难所有{0}位居民
QuestLoc_GoingToTown_1_Question4_Choice3	哎哟。你最好把你的瓶盖给我保管。
QuestLoc_ReturntoVault333_Conversation_1_NPCStart_4	杀死瑞吉娜·雷格！
Weapon_Description_PoolCue	酒吧打架请务必带上它。
QuestLoc_S2_QL3_Q4_Warehouse_Question1_Answer1	对，保安机器人。去解决它们。
Message_TutorialPopup_21_Title	导航和战斗
QuestLoc_SecretAgentPerson_QuestlineName	秘密特工的人
QuestLoc_Sabotage_Conversation_1_Team_1	你休想逃脱！
QuestLoc_ThymeisMoney_Conversation_1_NPCStart_3	如果他们动了，就用子弹向他们扫射。
QuestLoc_FoodFight_QuestShortDescription	除掉大无敌超市的掠夺者。
QuestLoc_TheBigsbyBrownCase_Conversation_2_Team_1	要不你来我的避难所住？
QuestLoc_GhoulSupplies_QuestObjective2	与销售员达成交易。
Pet_Description_ocicat_b	你最多能得到一只虎猫。可别想还会有什么左轮手枪。
QuestLoc_PoweredUp_QuestObjective_1	前往核电站寻找宝拉·普朗布金。
Weapon_Name_LeverActionRifle_ArmorPiercing	穿甲型杠杆步枪
QuestLoc_TheVaultTecVantage_QuestShortDescription	避难所科技的办公室可能会有关于大都会的信息……
QuestLoc_ThrowMeSomePepper_Conversation_1_Team_2	我们在找一个叫蔻驰的人。你们有见过他吗？
Speech_LivingQuarter_PickupLines_65	你是那么的甜美，甜得我牙痛。
Weapon_Name_AssaultronHead	突袭者头部
QuestLoc_GameShowGauntletF_Conversation_2_NPCEnd_3	如果他们能做到的话他们会做的！但现在你要准备……“掉脑袋”了！
QuestLoc_GameShowGauntletG_Conversation_3_Team_4	一杯水。
QuestLoc_TheSpiritofTaking_Conversation_2_NPCStart_2	这可是我正正当当偷回来的，才不会随随便便就给你们！
QuestLoc_AllsFairinLoveandNuclearWar_Conversation_2_NPCEnd_2	我可以。我也这么做了。现在我已经抢先预订要杀了你。
Weapon_Name_Ripper_Rusty	生锈的齿锯
QuestLoc_Sabotage_Conversation_1_NPCStart_1	好吧，好吧……看看辐射蟑螂拖来了什么。
QuestLoc_ScareTactics_Conversation_1_Team_1	呜呜呜呜呜！离开这里，永远都别回来哎哎哎哎！
Outfit_Name_PrestonSpecial	义勇军民兵制服
QuestLoc_KnockEmDown_RaiderLine_4	生活是场疾病，“瘟疫”就是解药！
QuestLoc_ESterEggHunt_RaiderLine_2	你认为这里真的有核弹吗？
QuestLoc_GameShowGauntletG_Conversation_3_Team_1	基础加强型毒液。
QuestLoc_RescueSanta_Conversation_1_NPCEnd_4	嚯嚯嚯！看上去我的“好孩子”名单又多了几个名字了！
Social_Button_Send	赠送
QuestLoc_GameShowGauntletG_Conversation_4_NPCEnd_4	啊，但你能唱出来吗？不能？那就……“掉脑袋”吧！
SnipSnipDialog_Wasteland_47	嗯，左还是右？我猜是往……左。
QuestLoc_SpyonRaiders_Conversation_2C_NPCEnd_2	天啊，行吧，你想做什么就去做吧。
QuestLoc_TakeMeOuttotheBallGame_QuestShortDescription	在斯洛格自己的比赛里击败他。
QuestLoc_HumansLikeUs_Conversation_5_Team_1	你们看起来很普通。
Speech_Quest_NotAlone_Dweller_22	都按规程来，各位！
Encounter_Random_Message220	得继续走。暂且如此。
QuestLoc_NoTimeforPaws_Conversation_1_NPCStart_2	我们刚进去，那些鼹鼠和辐射蝎就把地板啃得像瑞士奶酪一样千疮百孔。
NukaQuantum_Shop_Description_Case	包含了32瓶量子核子可乐，可以加速避难所和废土上的事件进程。
Weapon_Name_MissileLauncher_MissLauncher	“发射者女士”飞弹发射器
Speech_Conversation_NPC2_Topic48_Response3	你？写一本小说？有没有考虑过……还是改画涂色书？
Button_Advance	前进
QuestLoc_WithFriendsLikeThese_QuestObjective_1	杀死威拉德·格洛弗。
Speech_Generic_Dweller53	不知道避难所的编号最大能排到多少……
QuestLoc_ADeliciousTrailofDanger_QuestObjective_1	继续追踪高步勒。
QuestLoc_MallMadness_QuestLongDescription	谁能想到购物也能如此危险？
Pet_Description_lykoi_l	默默地攻击……至少在你的脚趾那里。
Outfit_Name_LabCoat	实验室外套
VictorDialog_Wasteland_37	我想往北走。
QuestLoc_TheLastGobble_Conversation_1_NPCStart_2	我是多廷博士，是我创造了高步勒！
QuestLoc_IntoVault333_Conversation_1_NPCEnd_1	去杀掉掠夺者“坦克弗兰克”，他是个混蛋。他在这条路上的那幢建筑里。希望这些信息能帮到你。
QuestLoc_GameofVaults_Conversation_1_Team_1	听，少女！是我，你的救世主。快过来和我一起逃离这怪兽的深渊。
Encounter_Random_Message194	渴。不知道能不能找到一瓶核子可乐。
QuestLoc_MondayNightBrawl_QuestObjective_2	打败哈切特·奥霍利汉。
QuestLoc_ScientificProgress_RaiderLine_2	“人类，重新定义”这个，混蛋们！
Encounter_Random_Message59	当我回到避难所的时候，他们会把我当作英雄！
Pet_GermanPointer	德国指示犬
QuestLoc_HalfFullHalfEmpty_QuestName	半满，半空
QuestLoc_HeatoftheKnight_Conversation_1_NPCStart_2	一些掠夺者绑架了我们的小队首领，但我伤得太重，恐怕无法继续了。
Room_Water2_3	净水厂
Speech_Room_SomeoneUnhappy_Medbay	我很想杀了你，但他们可能会救你的命。
Tutorial_Tip_29	每天您可以通过点击目标界面上的“X”来跳过1个目标。
QuestLoc_CantStopTheSignal_QuestName	无法停止信号
QuestLoc_GameShowGauntletJ_Conversation_4_Team_1	她想过充满冒险的生活。
Emergency_Fire	房间着火
SeasonPass_ClaimAll_Btn	全部领取
QuestLoc_HighSteaks_Conversation_1_NPCEnd_3	我发现，我还是挺擅长装死的。
Help_Page18_BottomText	提示：居民菜单图标显示了避难所的居民人数，以及外面等待的居民人数。
QuestLoc_BottlecapBlues_Conversation_1_NPCStart_3	就在他们准备离开之前我悄悄溜走了。
SnipSnipDialog_Wasteland_74	哦，看啊，一辆旧的克莱斯勒·可伟佳。核动力汽车可真是个“好”主意啊……
VictorDialog_Nuka Cola_01	大热天来杯冰沙士，再好不过。
QuestLoc_JackAintBack_Conversation_1_NPCStart_1	你们是来做生意的吗？
QuestLoc_VaultTecExperimentReviewE_Conversation_1_NPCStart_1	下注了！下注了！
Theme_Name_Institute_LivingQuarters	学院宿舍
QuestLoc_ADeliciousTrailofDanger_Conversation_2_NPCEnd_1	我不知道是否有帮助，但拿着这个吧！
QuestLoc_SpyonRaiders_Conversation_1A_Team_3	其实我们是伪装的避难所居民。来这里暗中监视你们的！
SnipSnipDialog_Wasteland_58	一个恐怖的森林小径？这诱惑真是难以抵挡。
Objective_KillScorched	消灭1名辐尸人
QuestLoc_EvictionNotice_Question2	你现在面对的是疯狂大汗帮！如果他们喜欢你，就不会杀你。疯狂大汗帮喜欢你吗？
SeasonPass_ReturnToMainMenuModal_Description	未检测到实验避难所。
返回主菜单创建一个？
Speech_Quest_Generic_Dweller_Conversation_32_Response_3	你来这外面是因为……？
Junk_Desc_DuctTape	心灵手巧的人们的秘密武器。用它来让事情有条有理。
QuestLoc_ItsnotEasyBeingGreen_Conversation_3_NPCStart_4	现在看看我们！
Outfit_Name_InstituteJumper_Advanced	高级学院套头衫
QuestLoc_HorsemenofthePostApocalypsePart3_QuestlineName	后末日时代的骑士 第三部
UnlockRoom_DesignFactory	您的避难所有{0}位居民
Outfit_Name_MoviefanSpecial	电影迷服
Weapon_Description_UltracitePlasma2	精准聚焦的光子束，用于对付顽固的敌人。
Objective_CollectUltracite_Plural	收集{0}块辐射极琉矿
TapToContinue	点击继续
QuestLoc_CanineRecovery_QuestShortDescription	在旧仓库里寻找比格斯比。
Title_Dweller	居民
Help_Page19_MainText	食物，水和电力资源是能保证避难所日常运行的基础。

-食物：居民需要食物才能保持健康。食物匮乏时，居民的生命值会降低。

-水：废土上很难获得干净的水。水资源匮乏时，居民会受到辐射伤害。

-电力：没有电，整个避难所都无法运转。电力不足时，房间将无法使用。

将您的资源维持在所需资源线之上，您的避难所才能保持愉快。

关闭游戏后，资源仍会继续消耗一小段时间。
QuestLoc_LittleMissWasteland_QuestObjective_3	完成射击比赛。
Outfit_Name_SweaterVest	战前郊区居民服
QuestLoc_SOS_QuestLongDescription	你收到了来自一幢废弃建筑的求救信号。召集救援小队去找到信号源吧！
QuestLoc_SpelunKingTrainingA_Conversation_1_Team_1	洞穴很潮湿，岩石很尖锐。我们知道的东西足够获胜了。
Speech_Room_LoveJob10	真高兴能被分到这儿！
Message_Intro_04	每个房间都有一个所需属性。将此属性最好的居民分配在此房间能让他们发挥优势，变得开心并产出更多的资源。
QuestLoc_LittleRedRadiumHood_Conversation_2_NPCEnd_1	哦，那一定是我的菲多。在废土上发现的，可怜的小狗……
QuestLoc_OBrother_Conversation01_NPC02	兄弟会的人有时候有点儿冷冰冰的，但……
QuestLoc_GameShowGauntletE_Conversation_1_Team_3	墨菲老妈。
QuestLoc_SpelunKingTrainingG_QuestLongDescription	一年一度的洞穴探险赛即将开始，但是该送哪一个居民过去呢？让我们派遣那些幸运又敏捷的居民去吧，看看他们有多厉害！
QuestLoc_TheEndoftheRainbow_Conversation_1_Team_3	如果我们相信它，那么它就存在于我们的心中。
Encounet_Progression_Creature6	巨大苍蝇逼近，准备攻击。
Weapon_Name_UltraciteGatling2	极限辐射极琉矿加特林激光枪
Encounter_Victory_Creature27	我做到了。我杀死了巨兽。我大概还没缓过神来……
Speech_Conversation_NPC2_Topic3_Response3	我敢打赌……两个。也许三个。或者五百个。
LunchBox_Content_Card4	普通垃圾 (21.5%)
稀有垃圾 (46.7%)
传奇垃圾 (31.8%)
Speech_Quest_Generic_Dweller_22	真恨不得马上离开这个鬼地方。
Encounter_Random_Message135	探险家日志。新条目：世界大部分地区仍有辐射。
Stats_Time_Played	玩游戏时间（所有时间）
Outfit_Name_SleazySuit	油腻西装
QuestResult_Failed	任务失败
QuestLoc_RaidingParty_Conversation_1_NPCEnd_1	什么？我可是为了那个升职而来的！我会和他直说的，才不顾及什么面子。
QuestLoc_TheMysteryofVault666_QuestShortDescription	666号避难所并不在避难所科技的正式登记备案中。去调查看看吧。
QuestLoc_AMaptotheStars_Conversation_1_NPCStart_4	监督者……她死了！她带领我们顽强抵抗，却最先被杀死。
QuestLoc_SpyonRaiders_Conversation_1E_Team_1	老实讲，我们更喜欢钢笔。
QuestLoc_TheRiteofSpraying_Conversation_1_Team_1	你说宗教狂热分子？
QuestLoc_BeatReporting_Conversation_4_NPCStart_2	我尽可能保证他们的安全。当事情闹得太大的时候召回他们。
Title_Flee_Escape	逃脱
Help_Page25_Title	宠物
QuestLoc_VaultTecExperimentReviewA_Conversation_1_NPCEnd_1	不，我是一只鬼！吓死你——！
QuestLoc_SuperDuperTrooper_Conversation_1_NPCEnd_2	可以。我们想把那些躲藏在地下室里的危险分子逼出来。
QuestLoc_ThymeisMoney_Conversation_2_Team_2	你知道这些只是调味料，对吧？我是说，增加风味？
QuestLoc_SavingDaylight_Conversation_1_NPCEnd_2	如果神父在这里而不是在楼上和炸药在一起，他会告诉你，你错了！
QuestLoc_AGatheringofGhouls_QuestName	一群尸鬼
QuestLoc_SpyonRaiders_Conversation_2B_NPCEnd_4	你……什么？叛徒！杀了他们！
Encounter_Defeat_Repeatable_JunkLocation2	就不该那么干！大楼在我身后轰然坍塌，我只好夺路而逃。
MrHandyDialog_Generic_44	这么多人类都在爱情里寻找慰藉，却没人在意我的灵魂伴侣。
QuestLoc_SpyonRaiders_Conversation_3E_NPCEnd_3	我想我们总会有点多余的物资。拿上然后去吧！
Message_Tutorial_52	恭喜！您刚建成了{监督者办公室}！您现在可以派出{居民}小队去避难所外执行{任务}了。
QuestLoc_TheCaseoftheMissingMitt_Conversation_2_NPCStart_2	我的意思是，我曾经有，但现在没有了。
QuestList_TeamEquipment	小队装备
QuestLoc_RadiationLeak_Conversation_1_NPCStart_1	等等！我们不是狂尸鬼！我们很友好！
Encounter_Random_Message102	在这外面待久了，眼睛都会开始骗你。
QuestLoc_SomewhereintheBallpark_QuestName	球场的某个地方
QuestLoc_TheBansheesKeen_RaiderLine_1	也许定居者听到的是鼹鼠交配对话？
QuestLoc_VaultTecExperimentReviewD_Conversation_2_Team_1	我们知道答案。就是加里。
Room_OutfitFactory_Upgrade_Level2	打造稀有装备
Message_Tutorial_39_Xbox	需要一个{餐厅}来帮您生产{食物}。{选择}{餐厅}。
QuestLoc_HeatoftheKnight_QuestObjective_1	支持罗伯科企业办公室的士兵们。
QuestLoc_AlienBotQuest04_Conversation_2_PC2_2	也许不全是，快看那边！
SnipSnipDialog_LivingQuarters_02	唉，天下的乐子都让你们人类占了。
QuestLoc_AWinningSeason_Conversation_1_NPCStart_1	地上又有记号，让我猜猜。我觉得是蔻驰留下的。
Speech_Conversation_NPC1_Topic7	如果我成立一个避难所棒球队，你愿意加入吗？
Encounet_Progression_Creature25	这看门狗不会让我过去的。看来只有干掉它了。
QuestLoc_CleaningHouse_QuestName	客房服务
QuestLoc_ParleyTime_Conversation_3_Team_1	当然，但请你的“战争崇拜者”远离无辜的人。
Speech_Kid17	大人们总是那么忙碌！
QuestLoc_SpringingtheTrap_Conversation_1_Team_2	“发光”？到底什么是“瘟疫”？
QuestLoc_GameShowGauntletA_Conversation_2_NPCEnd_1	答错了！我恐怕你得……“掉脑袋”！
QuestLoc_OutoftheVaultIntotheShadows_Conversation_1_NPCStart_1	居然中了那群穿着迷彩睡衣的怪咖们的埋伏？！！
Encounter_Random_Message155	探险家日志。新条目：海洋生物如今危险至极。但依然很好吃。
Controls_Xbox_Quest_ZoomIn	放大
Shop_SeasonPass_Premium_Title	高级通行证
Weapon_Name_LeverActionRifle_Enhanced	增强型杠杆步枪
Speech_Quest_Generic_Dweller_Conversation_16_Response_2	你的身体开始腐坏，然后有人拿走你的东西。
QuestLoc_DartofHarkness_Conversation_1_Team_1	哈克尼斯是我们避难所的朋友。我建议你现在就走。
Tutorial_Tip_52	死爪比掠夺者更快，更强，更致死。
Wasteland_Quest_RemoveAll	移除所有
QuestLoc_RevengeoftheGeeks_Conversation_2_Team_2	27
Message_Tutorial_02_PC	首先让我们{建造}一个{房间}。点击{锤子图标}打开{建造菜单}。
Encounter_Defeat_Creature6	狂尸鬼比看起来要强壮多了！我得离开这里！
Objective_EquipRandomWeapon	给1个居民配备了一件{1}
Weapon_Description_BBGun_RedRocket	强大到足以射穿一个超级变种人的眼睛。
Title_RedeemSmall	兑换
GameSettingsPC_CursorSpeed	光标速度
Protectron_Name	保护者机器人
QuestLoc_DogsofWar_Conversation_2_NPCEnd_2	哦不！“害虫”来抢我们的装备了！我在颤抖。不。
QuestLoc_GhoulSupplies_CombatInit1	嗷嗷嗷！
Outfit_Name_MoiraSpecial	莫伊拉的罗伯科连身衣
QuestLoc_WastelandTheMusical_Conversation_7_NPCStart_1	♪ 看啊，亲爱的，又一只猎物 ♪
它已寻路走向自己的末日 ♪
Encounet_Progression_Creature53	一个巨兽？这是在逗我吗？这简直就是在和一栋楼战斗！
QuestLoc_Aquaschema_Conversation_1_NPCEnd_1	他的前助手是躲藏在一个大无敌超市那边。他肯定会知道。
Speech_Conversation_NPC1_Topic18	我待会想画张画送给你，你有什么要求吗？
EquipmentFilter_Equipped	已配备的
Objective_SurviveMoleratNoCasualties	在没有人员伤亡的情况下撑过了{0}次鼹鼠的攻击
QuestLoc_S2_QL3_SecuritronsUncapped_1_QuestLongDesc	报告确认保安机器人发狂了，威胁着我们的避难所和诺瓦克。
SnipSnipDialog_Generic_19	对于地底下这么个巨大的金属坑来说，这个避难所非常舒适。
QuestLoc_BewareofOverdog_Conversation_1_NPCStart_3	它真是个乖孩子！求救信号就是它发出来的！
QuestLoc_ReleasetheRaiders_Conversation_3_Team_1	但是我们的休战呢？死亡呢？
QuestLoc_ManonThird_Conversation_1_NPCStart_1	又是一场空。好吧。
QuestLoc_S2_QL2_Q2_Field_Question1_Line2	不过，至少你们来了。
Speech_Quest_Generic_Dweller_Conversation_13_Response_2	我有时候也会这么想……
Encounet_Progression_Creature40	多脚兽逼近，准备攻击。
Objective_PerformCriticalHit_Plural	释放{0}次暴击
QuestLoc_TheScorpionKing_Conversation_1_Team_3	你被正义之钳抓住了！
Speech_Quest_Generic_Dweller_Conversation_26_Response_3	向上级请求再也不要和你分配在一起了。
UWP_MandatoryUpdateMessage	现在有一个必须安装的更新。是否立即安装？
QuestLoc_RoboRampage_QuestLongDescription	一群失控的安保机器人占领了市中心的一些废墟。如果他们在那里扎根，可能会对我们和其他幸存者构成威胁。带上武器进去，把它们清理干净。不要低估它们，它们虽然行动缓慢，头脑简单，但它们毫不留情，而且装备精良。
QuestLoc_BountyYak_QuestLongDescription	一只叫做“牦牛”的鼹鼠妈妈偷走了最后一块“俏男孩”蛋糕！除掉它然后领取你的奖励。
Speech_Quest_WrongPath_Dweller_4	这不可能是对的路。
Encounter_Defeat_Repeatable_JunkLocation7	一脚踩进一串锡罐，绊线警报响了。赶紧跑！
QuestLoc_NotSoSafehouse_Conversation_1_NPCStart_1	这个看起来像是个不错的主意……
QuestLoc_PittStop_QuestLongDescription	几天前，一群全副武装的掠夺者袭击了一个商队，还带走了几名居民，估计是打算把他们当作奴隶。虽然知道他们最后出现的地点和移动方向，但没人能找到他们的行踪。我们得派些可靠的人去解救被绑架的居民，顺便消灭这些奴隶贩子。可不能再让这帮掠夺者在我们的地盘上欺行霸市。
Title_Done	完成
QuestLoc_SantasHelpers_Conversation_1_NPCEnd_1	好吧！“叮叮当……叮叮当……铃儿响叮当……”
Speech_Kid29	也许有人能给我造一个机器人。
Message_PCOfflineMode	辐射避难所将在离线模式下运行，商店不可用。若想进入商店，请通过Bethesda.net启动器来重启游戏。
QuestLoc_TheInfiltrationGame_Conversation_2_NPCEnd_3	呃，我甚至不能……这里，一定要找零钱给我！
QuestLoc_SpyonRaiders_Conversation_2E_Team_1	你们应该自己成立一个新帮派。别管这个地方。
Speech_FlavorText_ServiceRoom_03	也许我该出去走走。能有多可怕呢？
Speech_Conversation_NPC1_Topic58	你看到我最好的朋友了吗？
QuestLoc_ExtremePrejudice_Conversation_3_Team_3	我的拳头算身份证吗？
VictorDialog_GameRoom_02	呀呼！又是二十一点！你今天手气真旺，朋友！
QuestLoc_GoingToTown_3_Question4_Answer2	路上要一点毒药？
QuestLoc_CollateralMurder_QuestName	连环谋杀案
QuestLoc_GameShowGauntletD_Conversation_2_Team_3	圣骑士丹斯和海伦学士。
Outfit_Name_CombatArmor_Sturdy	坚固格斗护甲
RoomStatus_Upgrading	升级中……
VictorDialog_Generic_17	哪儿用得着我，我就慢悠悠晃到哪儿。
QuestLoc_ToGrandmothersHouseWeGo_QuestObjective_1	拯救走失的废土居民。
Outfit_Description_SpecialThemeXmas2	过度工作？不被赏识？服装搞笑？避难所居民还是圣诞精灵——你来选择。
Help_Page18_MainText_PS4	1. 废土-按打开废土日志。
2. 居民菜单-可方便地排序和选择您的居民。
3. 幸福-避难所整体幸福度。按查看它为您的避难所提供的加成。
4. 资源栏-当前资源的数量。不要让它们低于所需的资源线，否则您的避难所情况将开始恶化。按L3查看有多少资源。
5. 瓶盖-您当前的瓶盖数量。
6. 建造锤子-按建造房间。
7. 哔哔小子-按打开哔哔小子菜单。哔哔小子上的数字意味着您有午餐盒要打开。感叹号表示有待收取的目标奖励。
8. 午餐盒-选择午餐盒图标进入午餐盒菜单。数字意味着您有午餐盒要打开。
9. 目标—选择缎带转到目标页面。感叹号表示有待收取的目标奖励。
10. 库存-选择箱子以进入库存菜单。
11. 生存指南-选择书以打开避难所居民生存指南。
12. 设置-选择齿轮以打开设置菜单。
Encounet_Progression_NPC3	这尸鬼长得丑，但还没狂化。其实她看上去相当友好。
QuestLoc_ToGrandmothersHouseWeGo_QuestName	去外婆家
Room_Casino_2	游乐场
MrHandyDialog_Generic_24	在那场该死的战争之前，我可能会照顾一个生活小康的郊区家庭……
Pet_Description_pitbullterrier_l2	在这些健壮的肌肉下面，有一颗宽厚的心。
Speech_Conversation_NPC1_Topic20	他们说的是真的吗？关于……你懂的那位。
Speech_Conversation_NPC1_Topic49	你听过那个足球教练和女招待的段子吗？
QuestLoc_DeathandDenial_Conversation_5_NPCStart_3	这个人有很多敌人！他的人格比土耳其弯刀还要扭曲。
Speech_Room_LoveJob2	想想看，我终于找到了我理想的工作！
QuestLoc_AlienBot_Quest04_Conversation_3_NPCEnd_4	评估中……好吧，还算合理。拿好你的东西，赶紧离开。
Outfit_Name_BattleArmor_Heavy	重型战斗装甲
QuestLoc_GameShowGauntletF_Conversation_1_NPCEnd_4	从没听说过他们。但无所谓，反正你要……“掉脑袋”了！
QuestLoc_RunThreeDogRun_Conversation_1_Team_2	什么，或者说谁，是“死亡”？
Weapon_Description_PowerFistEd	你最喜欢的尸鬼制作的更复杂的拳击工具。
Encounter_Random_Message139	探险家日志。新条目：大部分水都没法喝。辐射太重。
Encounet_Progression_Creature15	我没看到拾荒者，但他的狗正绕着我打转，准备下口！
QuestLoc_ASpecialBrand_Conversation_1_NPCStart_3	格兰达最终徒手杀死了辐射蝎吗？她总是喜欢说大话。
QuestLoc_CheesePlease_Conversation_1_Team_3	我们的厨师希望我们带回加工奶酪，我们会的。
Encounter_Journal_Message37	探险家日志。新条目：我见过孩子，也见过一个个家庭。日子还在继续。
Speech_Quest_Loot_Dweller_18	给我给我！
Junk_Desc_ToyCar	带你回到还是小孩的时候，在避难所里无忧无虑地生活。
QuestLoc_IntotheInfield_Conversation_1_NPCStart_1	这是？地上写了什么？
Speech_Kid8	我希望我们这里有电视。
Encounter_Defeat_Location11	也许二楼的窗户可以进去，但我爬不上去。
QuestLoc_AlienBotQuest05_Conversation_1_PC1_1	根据坠毁现场的日志，政府把“那个东西”交给了罗伯科公司。
Title_Rooms	房间
QuestLoc_FriendlySettlement_Conversation_2A_NPCStart_1	避难所居民是吧？在我们这个小地方玩得开心吗？
QuestLoc_GroomforDoubt_Conversation_3_NPCEnd_1	它有吗？好吧，我想该面对现实了。
Message_CantDestroyRoom_InUse	不能摧毁这个房间，因为它正被使用
Encounter_Random_Message65	我不会向恐惧屈服。我不会向恐惧屈服。
Pet_Description_blueyellowmacaw_l	在实验室研发的鸟儿当中，它可是数一数二的！
Message_OutOfNukaCaps	没有足够的瓶盖
Shop_SeasonPass_NewVegasBPremium_Blurb	包含赛季通行证全部权益，额外加送：
- 独家[-][F7C531]维克托助手[-]和[-][F7C531]服装[-]
- [-][F7C531]额外[-]宠物、服装和武器
- [-][F7C531]25枚徽章[-]立即提升赛季等级
QuestLoc_DuoofDestructionAlphaDeathclaws_QuestName	双重毁灭：领头死爪
QuestLoc_CabinFever_QuestLongDescription	你的一个居民听到一个废弃的小屋里发出叫声。他们应该调查看看是否有人需要帮助！
QuestLoc_SuperDuperTrooper_QuestShortDescription	调查大无敌超市里的对峙。
QuestLoc_CoveWatch_Conversation_1_NPCStart_1	人人都想出名 - 这个故事我可以讲好久了！
Outfit_Name_UtilityJumpsuit_Sturdy	坚固避难所套装
Weapon_Description_BOSAssaultRifle	为动力装甲部队打造的大口径突击步枪。
QuestLoc_ToGrandmothersHouseWeGo_Conversation_1_NPCStart_2	更糟糕的是，我们带的南瓜派的香气好像吸引了废土上所有怪物的注意力！
QuestLoc_PartyCrasher_Conversation_1_Team_1	邀请？我想说我把邀请忘在了邮箱里。
QuestLoc_VaultTecExperimentReviewB_Conversation_2_NPCEnd_3	联络！杀了所有人！
QuestLoc_PickedOffatSecond_QuestName	第二次扑空！
QuestLoc_AllsFairinLoveandNuclearWar_Conversation_2_NPCEnd_3	好了兄弟们，咱们离开这个鬼地方吧。
QuestLoc_DeathclawDeeLite_2_Soliloquy1_2	希望我们能在这里找到我们的死爪专家……
Social_Button_Help	帮助
QuestLoc_IntotheInfield_Conversation_1_NPCStart_2	“所以你在找罗基·杰宾森的棒球衫是吧？
QuestLoc_TakingOuttheTrash_QuestShortDescription	清理840号避难所的尸鬼。
QuestLoc_NotSoSafehouse_Conversation_1_NPCStart_2	谢谢你们救了我们的命。
Speech_Generic_Dweller50	我承认，我从来没有见过另一个避难所，但我们的一定是最好的。
QuestLoc_TakingOuttheTrash_Conversation_1_Team_1	我很荣幸。我的任务是什么？
QuestLoc_KHAAANNNNN_Conversation_1_NPCStart_2	可汗会把你卖到肉加工厂，让你变成午餐！
QuestLoc_BacktotheOutfield_QuestObjective_1	寻找罗基·杰宾森的棒球衫。
QuestLoc_GameShowGauntletE_Conversation_1_NPCEnd_1	灵媒？才不信。现在我要看着你……“掉脑袋”！
QuestLoc_DogsofWar_Conversation_2_NPCEnd_3	你看起来不太饿。那些尸鬼肯定会等你养肥了之后再说。
KeyboardMapping_OpenWindowQuestOptions	打开任务菜单
Stats_Xbox_02	总共收集的瓶盖
QuestLoc_BeatReporting_Conversation_2_Team_3	“饥饿部落”全部是由尸鬼组成的吗？
Message_TutorialPopup_26_Title	主题
QuestLoc_ASettlerNeedsYourHelp_Conversation_1_Team_2	找到什么有用的东西了吗？
QuestLoc_DogsofWar_Conversation_3_NPCStart_2	来向我打听情报？外面正在酝酿一场邪教间的战争，定居者被夹在交火之中。
QuestLoc_NukaColaQuantumRun_QuestObjective_1	追回量子核子可乐。
QuestLoc_ThePathofPaulaPlumbkin_QuestObjective_1	探索730号避难所。
Weapon_Description_SawedOffShotgun_Rusty	见识过了很多行动……但还准备多看一些。
QuestLoc_RevengeoftheGeeks_Conversation_3_NPCStart_1	所以，你是个聪明人对吧？我敢打赌我能难倒你。
Eyebot_Name_Plural	眼球机器人
QuestLoc_WhenPrestonCalls_Conversation_1_NPCStart_3	他想让我们加入义勇军组织还是什么的，然后就走了。
QuestLoc_WelcometoParadise_QuestLongDescription	我们已经发现了通往242号避难所的地图，这个避难所里的“居民”不是人类而是各种生物。我该跟着地图然后解开关于这个避难所的秘密。
MrHandyDialog_LivingQuarters_02	唉，天下的乐子都让你们人类占了。
Achievement_Xbox_Name_05	生存王者
QuestLoc_SecondStringers_QuestObjective_1	找到人质。
QuestLoc_SlashandBurn_Conversation_1_Team_1	真是太可怜了。有什么我能帮你的吗？
Speech_FlavorText_TrainingRoom_06	正是锻炼的好时候！
QuestLoc_DenofThieves_Conversation_1_NPCStart_2	给你们，这些是我全部的瓶盖。
QuestLoc_VaultopolisAwaits_Conversation_1_NPCStart_1	朋友们，欢迎你们来到避难所大都会！
Wasteland_Title_Returned	回到了避难所
Encounter_Message_Location12	芳邻镇。
Notification_Crafting_Theme_End	您的{0}已经完成！
Pet_GoldenRetriever	金毛猎犬
QuestLoc_MiseryLoathesCompany_QuestObjective_1	除掉掠夺者首领。
Wasteland_Dead	居民在废土探险时死亡。
QuestLoc_HopontheRoachCoach_RaiderLine_1	我想剩下的食物早就不见了……
QuestLoc_Vault199_Conversation_1_NPCStart_3	对于无家可归的人来说已经很好了！
QuestLoc_SetEmUpPestilence_Conversation_3_NPCEnd_1	我们没问题。“瘟疫”将会开始扑杀这群……骑士！
QuestLoc_CrimeSceneInvestigation_Conversation_3_NPCStart_4	正如你所知道的，他们似乎被攻击，没有幸存者！你们知道是谁干的吗？
Speech_Happiness_Radiation1	松一口气！我真的很需要那个！
Speech_HealthC4	我的一生……正在眼前闪过……
Speech_Quest_Generic_Dweller_Conversation_3_Response_3	哦，合着我现在是你的仆人了？
Speech_Generic_Dweller6	中国也建过避难所吗？谁知道呢。
QuestLoc_ParleyTime_Conversation_2_NPCEnd_3	暗号！有些掠夺者才刚刚开始用了一天，但我认为有人给了他们这个想法。
Weapon_Description_GaussRifle	发射磁加速炮弹。快。
LunchBox_ContentLine2	随机抽取5张卡
QuestLoc_S2_QL2_Q1_Doc_QuestObjective1	“说服”一位医生交出医疗物资。
QuestLoc_FoodFight_Conversation_1A_NPCEnd_3	你可以试试！
QuestLoc_MyWeirdScienceProject_QuestShortDescription	以科学之名杀死发光辐射蝎！
PrivacyPolicy_Email_Link	mailto:privacy@support.zenimax.com
QuestLoc_TheDeBuggers_Conversation_2_NPCStart_4	然后，我们会粉碎最低生产力的团队成员。
QuestLoc_WorstCoachEver_QuestLongDescription	铅笔厂里也没有。但我们并不气馁。棒球衫一定是我们的！我们去“虎不理漫画”漫画店看看吧。
QuestLoc_TheCatBurglar_Conversation_1_NPCEnd_2	不，不要！我发誓不再为我妈妈偷猫了！
QuestLoc_LittleMissWasteland_Conversation_1_NPCStart_4	取而代之的是射击比赛。
QuestLoc_SpyonRaiders_Conversation_2D_NPCEnd_3	等等，什么？你们是间谍？给我拿下他们！
Objective_Water_Plural	收集{0}水
QuestLoc_ADeliciousTrailofDanger_Conversation_2_Team_2	你失去了一切，为什么不在我们的避难所开始新生活呢？
Wasteland_ExteriorName_Xmas	节日
Title_Assign	分配
QuestLoc_GoingToTown_1_Question1_Choice1	帮我打扮得尽可能酷。
QuestLoc_SpringingtheTrap_Conversation_3_Team_1	那么这些关于不配的话题是什么呢？
SnipSnipDialog_Wasteland_104	你是从哪儿来的？我从未去过那里，希望有一天能去看看。
Encounter_Message_Creature3	一只巨大苍蝇，危险地嗡嗡叫着靠近。
QuestLoc_TheSpreadingBlight_QuestObjective_1	了解更多关于红果枯萎的信息。
Speech_Quest_NotAlone_Dweller_21	等咱们回到避难所……还能一起玩吗？
Speech_Quest_WrongPath_Dweller_3	这地方太容易迷路了……
Stats_Food_Production	食物生产/分钟
Speech_Conversation_NPC2_Topic44_Response1	哦，你知道的。钢制的天花板。看样子石棉用量还相当可观。
QuestLoc_GoingToTown_1_Question4_Answer3	世界末日里金钱毫无意义！只有经历，才能丰富我们的灵魂！
QuestLoc_SpyonRaiders_Conversation_3D_NPCStart_1	正在和你们说话的人叫“地狱”，“火焰飞弹”的首领。
QuestLoc_SeventhInningStretch_QuestName	棒球第七局
Protectron_Name_Plural	保护者机器人
QuestLoc_AllWorkandNoPlay_Conversation_2_NPCEnd_3	那条路吧。但是小心点！因为，你知道的……有死爪。
Help_Page17_Title	事件
QuestLoc_MondayNightBrawl_Conversation_2_Team_3	让你们见识下“人间大炮”的威力。拦我路者，一律炸飞。
Bonus_ObjectiveMultiplier	x{0}目标完成
QuestLoc_LittleMissWasteland_QuestObjective_1	前三名的位置。
Speech_Room_DeadDweller_Energy2	这下好了，现在我们人手不足。
SnipSnipDialog_Generic_38	嗅觉传感器检测到……呕吐物和巧克力。附近一定有个小孩子。
QuestLoc_SpringingtheTrap_RaiderLine_2	我们不配！
Speech_Room_SomeoneUnhappy4	呃。
QuestLoc_SpyonRaiders_Conversation_1E_Team_3	其实我们是伪装的避难所居民。来这里暗中监视你们的！
Speech_Kid27	还没到点心时间吗？
Outfit_Name_KnightSpecial	骑士铠甲
QuestLoc_ThisGoldenRing_QuestName	这枚金戒指
Encounter_Message_Location11	一个看起来像是旧国民警卫队仓库的地方。
Message_RedeemBeforeBuyingAgain	此物品正等待认领。请先到商店里兑换，然后再买。
QuestLoc_RunThreeDogRun_Conversation_2_NPCEnd_1	如果我带了*无比正确*手册，我会用它打你的头！
QuestLoc_ScienceCooperative_QuestLongDescription	一群科学家请求你的帮助。他们处在废土的危险区域。
QuestLoc_BeatReporting_Conversation_5_NPCStart_2	嘘……听！三狗正在播报突发新闻。
QuestLoc_SpyonRaiders_Conversation_1D_NPCEnd_2	那是我们想听的。请继续。
QuestLoc_RadroachRoundup_QuestName	围捕辐射蟑螂
QuestLoc_NoTimeforPaws_Conversation_1_NPCEnd_1	我都不知道它已经有了一个家！你真是个幸运的主人。比格斯比在这里！你现在可以出来了。
QuestLoc_LittleMissWasteland_Conversation_5_NPCStart_3	小心点，目标是活的，可能会吃掉你。
AlienDrone_campaign_Title	避难所科技公司感谢所有监督者，决定用这个免费的外星无人机宠物来表示谢意！
QuestLoc_FirstDown_QuestObjective_1	帮助迷失的居民。
QuestLoc_ToGrandmothersHouseWeGo_Conversation_1_Team_2	午餐盒听起来不错！谢谢！
QuestLoc_TheLastGobble_Conversation_1_NPCStart_1	我正在等着有人来找我。
QuestLoc_AlienBot_01_QuestLongDescription_03	在寻找装饰品的过程中，我们在那座旧政府大楼里发现了让我们大吃一惊的东西。我们查阅了所有日志，发现其中提到了一处可能藏有更多秘密信息的政府设施。我们有可能可以找到一些科技帮助我们大幅提升避难所的实力。我们需要尽快派队伍出发！
QuestLoc_GameShowGauntletA_Conversation_2_NPCEnd_3	答错了！我恐怕你得……“掉脑袋”！
SeasonModal_Leaderboard_ScoreInfoPopup_PerformCriticalHits	释放暴击
Message_TutorialPopup_21_Body_Part2_PC	攻击敌人时，点击居民然后再点击敌人。您也可以按住居民不动然后拖拽至敌人处。
Outfit_Description_JobinsonsJersey	这位棒球界的传奇也许已经死了，但他的传说将永远流传！穿上它，你就是……42号！
QuestLoc_LiveDeadDrop_Conversation_1_NPCEnd_2	*叹息*赶紧告诉我消息。
QuestLoc_TheToweringIlForno_Conversation_2_NPCStart_3	你肯定知道自己要走向灭亡？
QuestLoc_AlienBotQuest03_Conversation_5_NPC_1	<无法理解的语言>
QuestLoc_DeathclawDeeLite_1_Question1_Answer2	问问也无妨！
Achievement_Xbox_Description_07	收集一个主题配方的所有碎片
Outfit_Name_WeddingDress	婚纱
Speech_Conversation_NPC2_Topic1_Response3	不，谢了。我还是一个人吧。
QuestLoc_DogsofWar_Conversation_2_Team_2	“瘟疫”。辐射保佑着我们！
QuestLoc_CheerfortheGhouls_Conversation_3_NPCEnd_2	给你。
Bonus_HealingBoost	x{0}恢复速度
QuestLoc_HorrorMovieNight_RaiderLine_4	让我们来瞧瞧谁是最吓人的！哈！！
QuestLoc_GameShowGauntletJ_Conversation_3_NPCEnd_1	嗷！我讨厌你说出正确答案的时候。继续吧，快滚。
MrHandyDialog_Wasteland_27	人类居然还担心机器人会反叛他们，他们自己的内斗都控制不住了……
QuestLoc_RadiationLeak_QuestShortDescription	派遣一队穿着防辐射服的居民去邻近的避难所。
Speech_Conversation_NPC2_Topic6_Response2	你知道，我一直想要一只狗。
Weapon_Name_JunkJet	垃圾喷射炮
Achievement_Xbox_Name_04	城野游侠
QuestLoc_DeathclawDeeLite_4_Question1_Answer1	什么？！我……嗯，你说得有道理。来，这是我身上所有的。两清了。
QuestLoc_PostApocolypticWorldProblems_QuestName	末世问题
Message_TutorialPopup_UltraciteWeapons_Hint	提示：辐射极琉矿武器能对辐尸人造成额外伤害。
QuestLoc_HumansLikeUs_Conversation_2_Team_1	最近有什么奇怪的事吗？
Speech_Conversation_NPC2_Topic2_Response2	嗯……猴子吧。我最怕猴子了。
Outfit_Name_RiotGear_Heavy	重型雇佣兵服
Message_InventoryFailure	检索项目列表时出现问题，请稍后重试。
VictorDialog_Wasteland_28	能有点独处的时间真不赖。
QuestLoc_OurCupsRunnethOverWITHFAILURE_Conversation_1_NPCStart_3	一旦我们喝了它，我们被掠夺者袭击-如果你没有出现，我们都会死的。
Message_RedeemPopup_Body	进入商店以 [ffff00]兑换[-]。
你可以在任何时候兑换物品。
QuestLoc_ThymeisMoney_QuestObjective_2	除掉掠夺者首领。
QuestLoc_VaultTecExperimentReviewB_Conversation_1_NPCStart_2	避难所居民们，你们不该知道我们的秘密。
QuestLoc_AlienBotQuest03_Conversation_5_PC3_6	他们的科技真疯狂！你看到他们的枪了吗？咻！咻！
QuestLoc_HerestoYouRackieJobinson_Conversation_1_NPCEnd_4	嗯。好吧，当然。为什么不呢？但是记得要小心，蔻驰可不是开玩笑的。
Weapon_Description_PipePistol_HairTrigger	可能不会伤害很大，但一定出手快。
Room_UltraciteWeaponFactory_Build	建造辐射极琉矿武器工坊？
Speech_FlavorText_ProductionRoom_05	产能拉满。很好。
QuestLoc_GameShowGauntletK_Conversation_4_Team_2	核子日出。
Encounter_Random_Message27	要不是有哔哔小子，我肯定迷路了。
PrivacyPolicy_Title	[365136]生效日期：2025年9月15日
Weapon_Name_Railgun_Hardened	硬化型射钉步枪
QuestLoc_GoingToTown_2_Question1_Answer3	不，我没有说过。我们只是卖二手衣服的，傻瓜！请进来吧。
QuestLoc_Sabotage_Conversation_2_Team_3	老板不关心你的健康。
QuestLoc_MonsterUndertheBed_QuestName	床下的怪兽
QuestLoc_TheSecretofREDACTED_QuestObjective_3	询问监督者。
QuestLoc_DogsofWar_QuestObjective_3	杀掉“战争崇拜者”。
Room_Water2_Desc	将居民分配在这里生产水
QuestLoc_ToySoldiers_QuestObjective_1	探索威尔逊原子玩具厂。
Speech_Kid38	多亏爸爸妈妈帮忙，这地方才能正常运转！
QuestLoc_S2_QL3_Q4_Warehouse_Question1_Choice2	你老板叫我来的。你被开除了！
Objective_SurviveDeathclawNoCasualties_Plural	在没有人员伤亡的情况下撑过了{0}次死爪攻击
QuestLoc_RescueSanta_Conversation_1_Team_3	我们想要一个小马。
Tutorial_Tip_17	棋牌室可以让您训练一个居民的运气（L）。
MrHandyDialog_Wasteland_88	嚯！一个岔路口。我们走……右边！
QuestTitle_FireSupport[PL]	火力支援 [PL]
Outfit_Description_SynthArmor	学院合成人的基本装备。
RoomUpgrade_Dwellers	居民
QuestLoc_FactoryFloorofFear_Conversation_1_NPCStart_2	结果发现只是某些愚蠢的避难所居民！
QuestLoc_TheAbyss_RaiderLine_1	进入这里的人，请放弃所有的希望……
QuestLoc_TheBansheesKeen_Conversation_1_Team_1	哀号的声音是什么样的？
QuestLoc_TheSecretofREDACTED_Conversation_3_NPCStart_2	你知道你踩进了什么吗？
QuestLoc_WastelandTheMusical_Conversation_2_NPCEnd_1	♪ 别担心，我们都没事 ♪
♪ 我们就在附近！♪
QuestLoc_GameShowGauntletK_Conversation_4_NPCEnd_2	错了。你肯定看不到明天的太阳，因为你将会……“掉脑袋”！
QuestLoc_VaultTecExperimentReviewF_Conversation_3_NPCStart_2	作为避难所的监督者，所有人都唯我马首是瞻！
QuestLoc_SpyonRaiders_QuestObjective_1	同掠夺者首领交谈。
QuestLoc_WeddingCrashers_RaiderLine_1	老大们可不喜欢有人破坏他们的婚礼！
QuestLoc_TheInfiltrationGame_Conversation_1_Team_3	我叫什么名字？那你叫什么？
Speech_Conversation_NPC2_Topic37_Response2	我想学二进制代码，这样等机器人奴役我们的时候，我还能跟它们谈谈保命的价码。
QuestLoc_TheFinalPush_Conversation_1_NPCStart_3	我代表钢铁兄弟会，向你们致敬！
SnipSnipDialog_Generic_27	个人认为，关于“监督者”的所有说法都是胡说八道。我从来没有见过他们。
Encounter_Random_Message218	地面上有一把破枪。没用。
Weapon_Name_SniperRifle_Hardened	硬化型狙击步枪
Pet_Burmilla	波米拉猫
QuestLoc_ASpecialBrand_Conversation_1_Team_1	我们的宠物？
QuestLoc_SpyonRaiders_Conversation_3C_NPCStart_1	我叫尖钉，“尖钉之钉”的首领！
Stats_PetBreeds_Somali	索马里猫
Weapon_Description_PipeRifle	即使目标得以幸存下来，你仍能得到有利的逃跑条件。
QuestLoc_FonsVivus_QuestLongDescription	人们在谈论一种新的水，它具有治疗特性，能使你更强壮并带来好运。冒险！行动！提神的饮料！这一点值得我们干一杯！
QuestLoc_HorrorMovieNight_QuestObjective_1	杀死掠夺者首领。
Help_Page03_MainText	等级

居民在生产房间中工作、在废土中探险以及在任务中击杀敌人时都会提升等级。

升级会增加居民的生命值。等级越高，生命值越高；但耐力值高的居民在升级时会获得更多生命值。

房间的解锁取决于您避难所中的居民数量。

稀有度

居民分为普通、稀有和传奇三种稀有度。

- 普通：等级和属性值较低

- 稀有：等级和属性值中等

- 传奇：等级和属性值较高
QuestLoc_EvictionNotice_QuestObjective1	要求大汗帮离开
QuestLoc_WondersofTechnology_Conversation_1_NPCStart_3	这些噪音吸引了一些讨厌的生物！
Tutorial_Tip_44	核爆炸后的冬天是寒冷的，所以请让避难所保持温暖！
QuestLoc_BeatReporting_Conversation_2_NPCEnd_1	他已经待了太长的时间，足以成为儿童眼里的传奇，就像那些退伍军人一样。
QuestLoc_TheSecretofREDACTED_Conversation_4_NPCStart_1	嘘……居民，在这里！
QuestLoc_ASettlerNeedsYourHelp_Conversation_1_Team_1	这附近有没有需要我们提防的坏蛋？
Message_Tutorial_63_PC	用{量子核子可乐}，您可以立即到达{任务}地点。{点击}这里用避难所科技提供的{量子核子可乐}来极速到达{任务}现场。
QuestLoc_GameShowGauntletD_Conversation_4_Team_3	自由至尊机器人的头。
QuestLoc_VaultTecExperimentReviewC_Conversation_1_Team_3	看剑……呃……看枪！攻击！
Dweller_EmptyTapSlot_Xbox	按
QuestLoc_AlienBot_QuestName_06	我的电动朋友
Encounter_Random_Message48	从来不知道我能流这么多汗！
Encounter_Message_NPC6	一名猎人。
QuestLoc_S2_QL3_SecuritronsUncapped_1_QuestName	失守的保安机器人
Message_Tutorial_17	恭喜您！您已经获得了您的第一个{奖励}——一个{午餐盒}。里面有很多好东西。
Message_Tutorial_50	有{虚线矩形边框}的{物品}不在您的{库存}范围内，当建造更多储藏室或升级储藏室获得足够空间时，才能被{使用}。
QuestLoc_DogGone_Conversation_2_NPCStart_3	我可不想在这狗面前杀你。它挺敏感的。
QuestLoc_RubarbsReckoning_QuestName	鲁巴布的清算
QuestLoc_ShamrocktheCasbah_QuestShortDescription	从废弃的避难所中找到三叶草样本。
Message_Tutorial_01	欢迎来到您的新避难所，{监督者}。让我先给您介绍几个基本概念。
Pet_Description_germanpointer_l	它打猎的日子已经结束了，但这只狗从来没有忘记它的职责。
QuestLoc_SynthsforSale_Conversation_1_NPCStart_3	但是至少现在我们有机会过上正常的生活。
QuestLoc_Sabotage_Conversation_2_NPCEnd_1	好吧，我们不要草率行事……我们星期一休息。
Achievement_Xbox_Completed_06	完成100个任务
Outfit_Description_BaseballUniform	最受欢迎的体育运动的制服。不论你喜欢哪个版本。
QuestLoc_APaleImitation_Conversation_3_NPCEnd_1	哦，真棒！而且呃……我们能不能忘了这个地方存在过？
QuestLoc_OneGhoulCustomer_Conversation_1_Team_4	你把量子核子可乐看得比你的生命还重要？
QuestLoc_Astronomical_Conversation2_Answer_NPC01	去吧。那边应该没什么人了。我们会守在这里的。对了，我们找到了这个，你们避难所可能用得上。
QuestLoc_ThymeisMoney_RaiderLine_3	真是一派胡言！
QuestLoc_UninvitedGuests_Conversation_1_NPCEnd_2	我想我们一直都可以把“居民”放在菜单里！
QuestLoc_VaultTecExperimentReviewF_Conversation_3_NPCEnd_3	拿着吧，我们最后一场比赛的奖励。
QuestLoc_SuperDuperTrooper_Conversation_2_NPCStart_2	适度的辐射，充分的卫生，轻度大脑活动……
Speech_Generic_Dweller26	要是我们继续扩建，说不定能一路扩到中国去！
QuestLoc_ReleasetheRaiders_RaiderLine_1	愿辐射保佑我们！
QuestLoc_TruthAmongtheAshes_QuestShortDescription	前往333号避难所寻找关于宝拉·普朗布金下落的线索。
Weapon_Description_PlasmaThrower_Tactical	将那绿色的死亡之火放在你想要的地方。
Message_PCOfflineMode_Steam	Steam目前处于离线状态。商店不可用，无法购买任何商品。
MrHandyDialog_Generic_31	把全世界的艾巴索清洁剂都拿来，也刷不干净这地方。
Speech_Conversation_NPC2_Topic5_Response1	什么？你说现在？此时此刻？
QuestLoc_AlienBotQuest01_Conversation_2_PC1_1	这些东西还凑合，但远远不够。
QuestLoc_FoodFight_QuestLongDescription	一名探索废土的居民发现了一个被掠夺者霸占的大无敌超市。抢在这些混蛋之前动手吧！
Encounter_Victory_Repeatable_JunkLocation7	他们一直都不知道我在那里！我甚至还拿了一些战利品。
Outfit_Name_HunterGear_Bounty	赏金猎人服
Shop_StarterPack_Title	避难所科技新手包
QuestLoc_S2_QL2_Q3_Req_Question1_Answer1	去找军需官B38。上一层，左转第二个，然后下去，原路返回，再上去……也许。
Outfit_Name_costume_05	休闲服05
Encounet_Progression_Location5	试图打开保险箱。
Message_Tutorial_SpinToWinSpin_PC	{点击}按下按钮，转！那！个！盘！
Objective_CollectPowerWithinTime	在一分钟内收集{0}电力
Encounter_Defeat_NPC2	血流了一地。我止不住。恐怕警长撑不了多久了。
QuestLoc_IntotheOutfield_Conversation_1_NPCStart_3	让我们一次性了结你们这个疯狂的寻宝游戏吧。
QuestLoc_HowCanYouNotBeRomanticAboutBaseball_QuestLongDescription	好吧。所以圣心脏医院肯定是条死路了，但至少我们都还活着！下一站，莱克维尔图书馆。
Speech_Happiness_Happy6	我有一种……至福的感觉。
Title_ObjectivesSmall	目标
Tutorial_Tip_69	居民的生命值在任务中不会自动恢复……请确保离开之前带上了足够的治疗针。
QuestLoc_LittleMissWasteland_Conversation_2_NPCEnd_3	哎哟，谁是好孩……我的意思是，先穿过那道门开始吧。
Speech_Conversation_NPC1_Topic41	我的生日快到了。你准备送我什么？
Encounet_Progression_Creature12	狂尸鬼逼近，准备攻击。
QuestLoc_BeatReporting_Conversation_5_NPCStart_3	哦不！有个定居点正夹在“害虫”和“饥饿者”之间腹背受敌！
Objective_UseRadaway_Plural	使用{0}个消辐宁
QuestLoc_GameShowGauntletJ_Conversation_4_NPCStart_2	为什么霞野逃跑去了阿卡迪亚？
Speech_Quest_Generic_Dweller_Conversation_10_Response_2	你是不是有妄想症啊？能出什么事啊？
QuestLoc_GameShowGauntletD_Conversation_1_NPCEnd_2	你说对了！我们永远都不会知道那东西是怎么飞的。
QuestLoc_LastInningOrnot_Conversation_2_Team_1	战斗训练？和死爪？蔻驰不仅邪恶还是个十足的蠢蛋。
QuestLoc_APaleImitation_RaiderLine_3	看，我不是一个真的掠夺者，但如果我想继续待在这儿的话就得杀了你。所以……去死吧！
QuestLoc_TheBrothersGrime_QuestShortDescription	对抗一对卑劣的掠夺者兄弟。
QuestLoc_TheSixthSun_Conversation_2_NPCEnd_1	这个，你最好跟他谈谈，因为他不想回去。
SeasonModal_Leaderboard_Banner	赛季排行榜
QuestLoc_SpyonRaiders_Conversation_2D_NPCEnd_1	是的，我决定了。是时候离开这些小丑了。
QuestLoc_ThisGoldenRing_Conversation_1_NPCEnd_2	哦，我们不在乎。来，这是给你们的辛苦费。
Pet_Description_doberman_b	有攻击性？当然。 给你忠诚和爱？你最好相信这点。
Weapon_Name_HuntingRifle_Hardened	硬化型猎枪
SnipSnipDialog_Wasteland_83	看起来像是一座旧办公楼。啊，商业的残骸。
QuestLoc_IntoVault333_QuestName	进入333号避难所！
QuestLoc_TheCaseoftheMissingMitt_Conversation_1_NPCEnd_4	那是我的，对我而言很特殊。我是不会让别人从我这里偷走它的。现在你们能开始调查了吗？
KeyboardMapping_MoveCameraRight1	右
SnipSnipDialog_Wasteland_67	啊，一个旧棒球场。这游戏类似板球，但要差得多。
Open_Shop_Switch	打开商店
Weapon_Description_HuntingRifle	非常适合参与放倒人类或动物之类的游戏。
QuestLoc_PowertothePeople_Conversation_2_NPCEnd_2	我最衷心的感谢。等我把你扒皮的时候我会牢牢记住这些话的，
QuestLoc_RescueSanta_Conversation_1_NPCEnd_3	嗯，我这儿正好有一匹骑乘小马。圣诞快乐！
QuestLoc_AlienBotQuest06_InitialDialog	入侵者！入侵者！
Shop_PetBanner_Text4	怀上双胞胎或三胞胎的概率。
QuestLoc_DeathclawDeeLite_1_Question2_Choice1	那就是头头了。谁都别被砍头！
Help_Page26_Title	任务
QuestLoc_APoorlyThoughtOutPlan_QuestObjective_1	除掉掠夺者首领。
QuestLoc_LittleRedRadiumHood_Conversation_1_Team_3	物资怎么样了？
QuestLoc_GameShowGauntletB_Conversation_1_Team_3	派普怀特。
QuestLoc_SantasHelpers_Conversation_2_NPCEnd_2	圣诞老人的帮手也太坏了吧！快滚出我们的避难所！
QuestLoc_TheCaseoftheCapturedCanine_QuestObjective_1	从狂尸鬼手里救出狗狗。
QuestLoc_SpyonRaiders_Conversation_1C_NPCStart_2	我们是“尖钉之钉”。我们太邪恶，所以尖钉之上还有尖钉。
Outfit_Description_SlasherSpecial	想支持杀人狂电影？请穿得像个疯子一样！
QuestLoc_OverwhelmingForce_QuestLongDescription	没必要和掠夺者们周旋，直接干掉他们就行了！派遣一队穿着动力装甲的居民前往当地的掠夺者营地，和他们的首领较量一番吧。
QuestLoc_TheCaseoftheQuantumCreeper_Conversation_1_NPCStart_3	救救我们！帮我们除掉它！求求你了！
QuestLoc_TheRedRocketReveal_Conversation_1_NPCEnd_4	哦是的，我会的！我也知道它在哪儿，在“荫蔽山谷”！姆哈哈哈哈！
Weapon_Name_LincolnRifle	林肯步枪
MrHandyDialog_Wasteland_79	那就向北走吧。
SnipSnipDialog_WaterPlant_01	我开始重新考虑我对塑料零件的厌恶了……
RichPresence_Xbox_01	探索废土
Speech_LivingQuarter_PickupLines_48	经常来这儿？我是说，我们都被困在这里，所以应该是的，但还是……
Stats_Alien_Attacks_Stopped	外星人进攻已停止
Encounter_Random_Message55	还好我穿着合脚的鞋子。
QuestLoc_GameShowGauntletE_Conversation_2_Team_2	钢铁兄弟会。
QuestLoc_GameShowGauntletH_Conversation_1_Team_2	绿光大地。
QuestLoc_JackAintBack_Conversation_1_NPCStart_4	把苦艾酒和超强捷特混在一起可不是好主意。
QuestLoc_S2_QL3_Q3_Insider_Question2_Choice1	它藏在你皮肤里？
Pet_Description_dalmatian_b	一胎生一大窝的传言被严重夸大了。
Weapon_Name_PipePistol_Auto	自动管道手枪
QuestLoc_GameShowGauntletI_Conversation_4_Team_3	劳动节。
Encounet_Progression_Creature47	这个超级变种人觉得人类都弱爆了，他一定会杀了我！
QuestLoc_APoorlyThoughtOutPlan_RaiderLine_2	先是死爪，然后是居民？这是什么鬼日子！
QuestLoc_ESterisComing_Conversation_1_NPCStart_4	这就是威尔修士最后一次被见到的地方。
Speech_FlavorText_ProductionRoom_02	所有系统运转正常。
QuestLoc_ASettlerNeedsYourHelp_QuestObjective_2	杀死发光种。
SeasonModal_Leaderboard_RewardsLabel	奖励
QuestLoc_FoodFight_Conversation_1D_Team_4	老实说我不想要。但我确实想要杀了你。非常……
Speech_Quest_Generic_Dweller_Conversation_13_Response_3	你竟敢质疑监督者的用意？！
QuestLoc_MVPoftheYear_QuestName	年度最佳球员！
Speech_Quest_Generic_Dweller_Conversation_17_Response_3	哦，当然。我们常常会一起吃晚饭。
Objective_Weapons_Plural	给{0}位居民配备武器
QuestLoc_InAnotherVault_QuestName	另一个避难所
Room_Entrance	门厅
Weapon_Name_GatlingLaser_Focused	聚焦型加特林激光枪
Speech_Fail_Rush1	哦不！生产出了严重事故！
QuestLoc_ADeliciousTrailofDanger_QuestShortDescription	沿着高步勒的踪迹去布兰科工厂。
Controls_Switch_Vault_ResetCamera_Switch	重置镜头（按）
SnipSnipDialog_Wasteland_99	这里可没有软糖。
Stats_Xbox_03	避难所里全部的居民
Message_TutorialPopup_09_Hint	提示：在将居民送去废土探险之前给他们配备治疗针和消辐宁将提高他们的存活率。
QuestLoc_VaultTecExperimentReviewA_Conversation_3_NPCStart_4	我们能回赠你们一些什么？
QuestLoc_ThisGoldenRing_RaiderLine_2	宝贝，我爱你就像氟爱氢气。
Encounter_Victory_Location6	我打开门进了大无敌超市，探索了一番，备足了物资。
QuestLoc_FriendlySettlement_Conversation_1D_NPCEnd_1	嘿，我们懂的。但讲真心话，我们现在是好人了。
QuestLoc_SpyonRaiders_Conversation_2A_Team_3	你能再说一遍吗？我们必须把它记下来因为我们在监视你。
QuestLoc_ManonThird_QuestShortDescription	寻找罗基·杰宾森的棒球衫。
QuestLoc_TheSixthSun_Conversation_3_NPCStart_2	你必须阻止神父阿尔瓦拉多的计划，在复活节到来之前。
SnipSnipDialog_WaterPurification_02	说真的，反正要喝水，不如喝点能“消化”的水。
Outfit_Description_AllNighware	最好在睡觉或者……娱乐时使用。
QuestLoc_TheCaseoftheLostLunch_Conversation_1_NPCEnd_1	什么？没有！我们什么也没拿，想说拜托看看这地方，有什么好偷的？现在赶紧去帮助我的伙伴好吗？
Outfit_Description_WandererArmor	装甲界的传奇，被废土上最伟大的英雄们穿过……
Weapon_Description_PulseRifle_Hardened	尽量站在被蒸发目标的上风口。
QuestLoc_LastInningOrnot_Conversation_2_NPCEnd_4	你以为我会相信你们避难所科技的鬼话吗？！绝不！
QuestLoc_BountyOlOneEye_QuestShortDescription	终结“独眼龙”的生命，领取赏金！
QuestLoc_CrimeSceneInvestigation_Conversation_1_NPCStart_2	但是他们够饿吗？像“饥饿者”那样饥饿？我想是没有的。
Speech_Radio_LowCharisma2	喂？外面有人吗？
Crafting_Cancel_Ultracite_Confirmation	你使用的辐射极琉矿将全额退还，但你花费的瓶盖只会退还一部分。确定吗？
QuestLoc_TheEndoftheRainbow_RaiderLine_3	那真是个奇怪的玩意儿！
Speech_LivingQuarter_PickupLines_1	你看起来真的很美。
QuestLoc_ExpressCheckout_Conversation_1_Team_4	尸鬼喜欢“花花公子苹果”吗？
Pet_Description_somali_b	在外面的时候想进去，在里面的时候又想出去。
Speech_LivingQuarter_PickupLines_34	讲真，你还能再可爱点吗？
Speech_LivingQuarter_PickupLines_61	你这身连身衣是毛毡做的吗？——你想让它变成毛毡吗？
Pet_AustralianShepherd	澳大利亚牧羊犬
QuestLoc_WastelandTheMusical_Conversation_3_NPCEnd_1	♪ 这些事我们可做不到 ♪
♪ 现在就把你炖了！♪
NewVegasA_IntroPopup_Body	在本赛季新实验避难所中考验您作为监督者的实力！实验避难所引入全新玩法和独家奖励。赛季时间有限——千万别错过！
Outfit_Description_RobCoFactoryUniform	坚固的防护服，穿上它，为公司感到骄傲！
Junk_Desc_BaseballGlove	接住一个棒球，岩石或手榴弹，然后赶紧扔回去。
Speech_LivingQuarter_PickupLines_21	每当我们在一起，我心里就小鹿乱撞、怦怦直跳。
QuestLoc_DeathRevealed_Conversation_3_Team_4	你要喊出你的邪教座右铭，是不是？
QuestLoc_DeathandDenial_Conversation_7_NPCEnd_4	奇怪的是，是他叫你来的。我猜他没有想清楚。
QuestLoc_ArmsRace_QuestName	武器竞赛
QuestLoc_HumanBeanJuice_QuestLongDescription	杰克已经受过一次大惊吓——可现在他马上要成为别人的晚餐！奴隶贩子把他卖给了肉酱厂。我们应该去那里找他！
Speech_Conversation_NPC2_Topic53_Response1	呃……想得美。
QuestLoc_DrivingtheSnakesOut_Conversation_3_NPCEnd_3	爱尔兰无蛇的历史可以追溯到上一个冰河时代！
RoomUnlocked	解锁房间
Title_RaiderLoot	找到
QuestLoc_S2_QL3_SecuritronsUncapped_1_Question1_Line1	哦天哪！保安机器人打进大楼了。这里面已经打成一片了！
MainMenu_SeasonVaultCreationMessage_Title	机密简报
QuestLoc_RescueOperation_QuestObjective_3	拯救另一名定居者。
Encounter_Random_Message196	嗯，箱子。真希望我能开锁。我敢打赌里面一定有一些好东西。
QuestLoc_FirstDown_QuestLongDescription	一个焦急的声音从广播里传来。在废土上有个居民貌似遇到了大麻烦！时间不多了……
Dweller_CoffeeBreak	空闲
Weapon_Name_BOSAssaultRifle_Rusty	生锈的兄弟会突击步枪
QuestLoc_SetEmUpPestilence_Conversation_3_NPCStart_2	这真的要求太多了吗？
QuestLoc_DuoofDestructionGlowingRadscorpions_QuestLongDescription	两只发光辐射蝎正在512号避难所里兴风作浪！赶紧碾压这些害虫们！
QuestLoc_SecondStringers_Conversation_1_NPCStart_1	你太迟了！我把那个居民送去了柯米什那里！
QuestLoc_Astronomical_Conversation4_NPC01	再靠近一步，我们就送你们上西天！
Room_Gym	举重房
Social_Button_SendGift	赠送礼物
Speech_Happiness_Happy12	在避难所里又度过了精彩的一天！
Pet_AmericanShorthair	美国短毛猫
QuestLoc_ThymeisMoney_Conversation_2_Team_3	你被逮着了，伙计！把芥末交出来！
QuestLoc_ParleyTime_Conversation_3_NPCEnd_1	我可不听你……的命令。抱歉，我一下演过头了。
QuestLoc_PaulasinaPickle_Conversation_1_NPCStart_3	我想它们把我们当做点心。
Encounter_Victory_Location1	我找到一扇没上锁的门进了广播塔，里面有个物资储藏点。
QuestLoc_LittleMissWasteland_Conversation_1_NPCEnd_1	好的！走过那扇门，然后开始吧。
QuestLoc_PowertothePeople_Conversation_2_Team_4	如果我让你冷静点，不要攻击我们……你会同意吗？
QuestLoc_ScienceCooperative_Conversation_1D_Team_1	所以你们的意思是，你们毫无用处。
Achievement_Xbox_Completed_16	在美发室里改变了10个居民的外形
Objective_Wasteland_Plural	将{0}名居民派到废土
QuestLoc_GameShowGauntletC_Conversation_2_Team_3	这问题很刁钻啊。她没有姓。
Emergency_Ghouls	狂尸鬼袭击
Speech_Room_SomeoneUnhappy_Agility	瞧瞧谁来炫耀了。又来了。
Speech_Quest_NotAlone_Dweller_33	人人为我，我为人人！
Controls_Xbox_Quest_SelectDweller	选择居民
QuestLoc_SpringingtheTrap_Conversation_1_NPCStart_1	欢迎！你是为了得到“瘟疫”的庇佑，还是加入“害虫”？
Objective_CollectJunk	收集1件杂物
QuestLoc_DartofHarkness_Conversation_2_NPCStart_4	这里，把这些文件带给你们的监督者。他（她）会知道该怎么做。
QuestLoc_GameShowGauntletE_Conversation_4_NPCEnd_4	没有人喜欢糟糕的发质。当然你的脑袋没有了的话，也就没这个问题了。
QuestLoc_GameShowGauntletK_Conversation_2_Team_4	水枪。
QuestLoc_GameShowGauntletJ_Conversation_1_NPCEnd_1	有点太南边了吧。既然这样……“掉脑袋”吧！
KeyboardMapping_OpenWindowQuestList	任务
Speech_Conversation_NPC2_Topic57_Response1	晚上吧。我觉得。
QuestLoc_GameShowGauntletK_Conversation_2_NPCEnd_2	不对。是不是有点大材小用了？我们都将看着你……“掉脑袋”！
QuestLoc_DeathandDenial_Conversation_3_NPCEnd_1	我们通常只是收集旧的垃圾然后转卖……但是我们对此非常勤奋！
QuestLoc_TheAbyss_Conversation_2_NPCEnd_1	多少有那么一点儿吧。一些机器人还在继续挖。
Speech_Conversation_NPC2_Topic39_Response2	哇。这可真是个……难题。我相信监督者肯定会亲自处理的。真的。
QuestLoc_AgainstTheOdds_RaiderLine_2	我们小队所向披靡！
Weapon_Name_Pistol_Enhanced	增强型10mm手枪
Speech_Quest_MainPath_Dweller_2	好耶，这是条正确的路。
QuestLoc_GameShowGauntletA_Conversation_3_Team_1	钢铁兄弟会。
PrivacySettings_Title	[212F21]隐私设置
QuestLoc_StopthePresses_QuestName	停止发行！
QuestLoc_HerestoYouRackieJobinson_Conversation_1_NPCStart_2	你们来对地方了！罗基·杰宾森的棒球衫就在这里！
Help_Page06_Title	每日报告和避难所评级
Bonus_TrainingBoost	-{0}%训练时间
QuestLoc_ScienceCooperative_Conversation_1E_NPCEnd_2	真开心有人感激我做的一切。来拿着，给你们的。
QuestLoc_DeathandDenial_Conversation_6_NPCStart_2	我恐怕帮不了你的忙，我对昨晚的事已记不得了。
Achievement_Xbox_Completed_13	打造了10把武器
QuestLoc_GoingToTown_3_Question4_Choice1	<销毁>
Speech_Room_SomeoneUnhappy_Radio	也许我可以发个求救信号，让人把我从你的愚蠢中解救出去。
QuestLoc_SetEmUpFamine_Conversation_3_Team_1	慢着！“瘟疫”很快就要在226号避难所和“战争”开打了。“饥荒”能赶来参加派对吗？
QuestLoc_TheThinlyVeiledPlotThickens_Conversation_1_NPCStart_2	每个人都死了。每个人。这不应该啊，我们的安保系统固若金汤！
QuestLoc_TimetoWakeUp_Conversation_1_NPCStart_2	我在附近露营，那些声音要把我逼疯了！
QuestLoc_UndercoverOperations_Conversation_2_NPCStart_2	我们是饥饿部落，“饥荒”的追随者。
Tutorial_Tip_25_PS4	按下R3，选中居民来查看更多关于SPECIAL属性的细节。
QuestLoc_HerestoYouRackieJobinson_Conversation_2_NPCStart_2	你们可喜欢我留的消息？哈哈哈哈哈哈哈。
PetCarrier_campaign_Header	为了在给您带来愉悦体验的同时让您尽量免受打扰，避难所科技的工程师们带来了令人激动的新特性！
QuestLoc_GhoulSupplies_QuestName	尸鬼物资
SeasonPass_UpsellModal_Premium	将你的赛季提升至新高度！
购买高级通行证可立即为你的避难所注入强力提升，还能获得其他地方找不到的独家奖励！
QuestLoc_RockThemLikeAHurricane_QuestShortDescription	杀死发光辐射蝎。
Outfit_Description_RobCoRdSuit	只需穿上它，就能激发你建造机器人军团的灵感。
QuestLoc_TheEndoftheRainbow_Conversation_2_Team_1	你是彩虹尽头的那个麻风病尚恩吗？
Weapon_Name_CombatShotgun_Hardened	硬化型战斗霰弹枪
QuestLoc_ThirdandGoal_Conversation_1_NPCStart_1	什么？！你找到我了？真不敢相信！
Outfit_Name_PowerArmor_51a	t-51a动力装甲
Controls_Xbox_Vault_Settings	设置
Pet_Description_manx_l	小睡一会，还是不睡：这是一个问题。
QuestLoc_TheQuestforVault525_Conversation_1_NPCStart_3	他们有“伊甸园制造器”，我敢肯定他们用了！
QuestLoc_DogsofWar_Conversation_2_Team_1	没谁。我们是避难所的居民，我们会阻止“骑士”。
Message_RedeemPopup_Hint	物品只能被一所避难所认领。
Button_QuantumComplete	完成
Weapon_Description_Shotgun_Rusty	但杀起人来依然不输任何好枪。
QuestLoc_AlienBot_QuestObjective_05	找到罗伯科公司的秘密研究地点。
QuestLoc_GhoulInBlack_QuestName	黑衣尸鬼
QuestLoc_CleaningHouse_Soliloquy1_2	唔，其实还是挺恶心的。而且我好像听到虫子的声音。打扫干净吧。
QuestLoc_JustDeserts_Conversation_5_NPCEnd_2	不错的选择！不太有东西能穿透辐射蝎的甲壳！
Weapon_Description_PipeRifle_Long	当他们看不到它发生的时候，总是很有趣。
QuestLoc_GivemeLibertyandorDeath_Conversation_1_NPCStart_2	记录被销毁。你永远也找不到我们的避难所。
QuestLoc_FollowingHisFirstSteps_QuestName	追寻他最初的脚步
QuestLoc_VaultTecExperimentReviewB_Conversation_1_NPCEnd_2	是的！现在拿着这个行李箱。记住，这次见面从未发生……
Encounter_Defeat_Location4	冰箱门被卡住了。我打不开。
Wasteland_Full	您已经达到了允许在废土探险居民数量的上限！
SeasonPass_PremiumUpgrade	升级至高级通行证
MrHandyDialog_Wasteland_66	哦，看哪，一个旧篮球场。这运动不适合我，我没有衬衫，也没有皮肤。
QuestLoc_CrimeSceneInvestigation_Conversation_2_NPCStart_4	愿辐射保佑我们！
Objective_KillEnemiesOnQuests_Plural	在任务中消灭{0}名敌人
QuestLoc_HotTubSlimeMachine_QuestShortDescription	寻找189号避难所的水池房间。
Encounet_Progression_Creature22	巨型兵蚁逼近，准备攻击。
Encounter_Random_Message84	看起来像是曾经飞机失事时留下的残骸。
Stats_Xbox_01	总共建造的房间
QuestLoc_DeathclawDeeLite_2_Question2_Choice1	你有什么对付死爪的东西吗？
Season1_Title_Short	辐射极琉矿狂热
QuestLoc_LastInningOrnot_QuestName	最后一次了！或者还不是……
QuestLoc_ScareTactics_QuestLongDescription	有了这些扮鬼的服装，就可以去31号避难所然后和掠夺者们来决一死战了！
QuestLoc_TheSixthSun_Conversation_2_NPCStart_2	如果你们想杀了他，你必须先经过我们。
QuestLoc_GroomforDoubt_Conversation_3_NPCStart_3	这个单身派对难道不是最好的吗？
Outfit_Description_HandymanJumpsuit	对于修理漏水的阀门，或者给可伟佳加油来说再好不过了。
QuestLoc_TheBansheesKeen_Conversation_2_Team_2	让我们过去！我们来解决它。
QuestLoc_GoingToTown_3_Question1_Answer3	不行！那里是禁区！
KeyboardMapping_OpenWindowShop	商店
Speech_Kid34	我打赌我能自己做把弹弓。那肯定超酷。
Speech_LivingQuarter_Dialogue_NPC1_2	你觉得我该粉刷房间了吗？
Button_NotNow	暂时不用
QuestLoc_TheCaseoftheMissingMitt_Conversation_1_NPCEnd_1	好吧，随便你们，我只要我的东西。
Weapon_Name_FatMan_Mirv	分导式多弹头核弹
QuestLoc_ReleasetheRaiders_Conversation_1_Team_4	“害虫”是为了“战争”的动力装甲而来的？
Speech_LivingQuarter_PickupLines_15	我们会是很棒的一对！
QuestLoc_LittleMissWasteland_Conversation_3_NPCEnd_4	没有通配卡。请到下个房间回答一个新问题。
QuestLoc_TheCaseoftheQuantumCreeper_QuestName	量子爬行者
Speech_LivingQuarter_PickupLines_28	如果我看起来喝醉了，那只是因为你是如此的令人陶醉。
VictorDialog_Generic_04	不得不说，你这副模样，就像在烂路上跑了十英里似的。
Speech_Kid47	真希望我能有一套化学实验玩具。
Encounter_Defeat_NPC10	不，我错了。修理巧手先生对我来说太难了。
Weapon_Description_GatlingLaser_Amplified	改装过的发射器。枪筒更快。载弹量更多。等着瞧吧。
QuestLoc_DogGone_Conversation_2_Team_1	白痴，你说的这些东西我们都没有。现在赶紧把狗交出来！
RecipeLoot_Duplicate	重复的！
Help_Page17_BottomText	提示：给您的居民配备武器将有助于他们击退敌人。
Objective_SurviveMoleratNoStimpack_Plural	在不使用治疗针的情况下撑过了{0}次鼹鼠的攻击
Outfit_Description_NCRPowerArmor	经过改造翻新的新加州共和国动力装甲，任何人都可以驾驭。
QuestLoc_DrivingtheSnakesOut_Conversation_2_NPCEnd_2	呵呵。思考是为笨蛋，失败者，红发人准备的！
Encounter_Random_Message99	光是待在这外面就够我肾上腺素飙升了！
QuestLoc_CleanUpOnAisleFive_QuestShortDescription	杀死大无敌超市的掠夺者首领。
QuestLoc_CollectorsEdition_Conversation_2_NPCEnd_2	是的，我知道-你知道，在你过分解释一切之前。
QuestLoc_SpyonRaiders_Conversation_2D_Team_3	你能再说一遍吗？我们必须把它记下来因为我们在监视你。
Encounter_Random_Message199	有一种奇怪的感觉。好像我一直被监视着……
QuestLoc_WaterintoBrine_QuestLongDescription	“神奇”水真的有效还是完全假的？我们需要追踪这个水之术士，看看他是不是真正的商人还是卖大力丸的骗子。
BarberShop_Upgrade_Info	个性化面部特征
QuestLoc_TheCaseoftheMissingMitt_QuestObjective_3	找回接球者的手套。
QuestLoc_BeatReporting_QuestShortDescription	参观每周博览会的办公室。
QuestLoc_DartofHarkness_QuestObjective_1	和哈克尼斯说话。
AlienDrone_campaign_Text	避难所科技公司感谢所有监督者，决定用这个免费的外星无人机宠物来表示谢意！
QuestLoc_PerfectSpecimens_Answer01_PC03	有人在你们身上做实验吗？
QuestLoc_GameShowGauntletD_Conversation_1_NPCStart_3	如果你回答错了，你就会……“掉脑袋”！
QuestLoc_TheRiteofSpraying_Conversation_2_NPCStart_3	诅咒那些原子之子的狂热分子！
Junk_Name_ToyCar	玩具车
QuestLoc_Vault789_Conversation_1_NPCEnd_1	我记得那些！我们从大爆炸中幸存了下来，但还是没能躲过辐射的影响。当你已经这把年纪了，谁还在乎皱纹呐？
Speech_HealthC2	我需要一个治疗针！
QuestLoc_LiveDeadDrop_Conversation_1_Team_2	……对不起，我忘了暗号。
QuestLoc_GameShowGauntletF_Conversation_1_NPCEnd_3	出赢家啦！他们说话强硬、作战凶猛！
QuestLoc_BeatReporting_Conversation_4_NPCEnd_1	他们会提到核子可乐。如果你回答“鹰”，他们会知道你是朋友。
QuestLoc_GameShowGauntletF_Conversation_1_NPCStart_4	谁是首都废土的军事雇佣军？
Speech_LivingQuarter_PickupLines_46	你就像一只受过辐射的后末日寄生生物，钻进我心里，怎么也摆脱不掉。
QuestLoc_S2_QL2_Area51_QuestLineName	51区停转之日
QuestLoc_BeatReporting_Conversation_3_Team_1	你凭什么认为他能力不足？
RecipeLoot_RareWeapon	稀有武器配方
Objective_DwellerHappy	将1个居民的幸福度提升到100%
QuestLoc_WorstCoachEver_QuestName	恶劣的蔻驰。
QuestLoc_S2_QL3_Q4_Warehouse_Question1_Answer3	我们可是工厂工人——你这主意怕是没过脑子。不过嘿，不穿裤子上班听着不错！
QuestLoc_ESterEggHunt_Conversation_3_NPCStart_4	哇，真是太大了，令人印象深刻，太……
QuestLoc_RaidingParty_Conversation_3_NPCEnd_1	呃，我们最好在他回来之前躲起来！
Outfit_Description_Wasteland_Medic	有很多口袋可以用来装胶布和止痛药。
QuestLoc_TheFinalHunt_Conversation_1_NPCStart_1	你们是好人。我尊重这点。
Title_RushResults	极速模式结果
QuestLoc_MatterstoSettle_Conversation_3_Team_4	鹌鹑在草丛中沙沙作响。
Message_Tutorial_08	您可以看到{居民的SPECIAL属性}统计。这个信息告诉您{居民}在哪儿能被最有效地利用。
QuestLoc_TheBansheesKeen_Conversation_3_Team_2	你的科学实验正在助长迷信观念。
Weapon_Description_032Pistol_ArmorPiercing	小身材，大威力。
Pet_Description_havanabrown_l	蜷缩在你的腿上，并向你施了催眠咒。
QuestLoc_Filly_02_Answer02_PC02	太过分了。我一定会帮你们的！那些掠夺者完蛋了。
Speech_LivingQuarter_PickupLines_63	你的嘴唇。它们真是……太让人想亲了。
QuestLoc_SpelunKingTrainingE_Conversation_2_NPCStart_1	我们来，我们看，我们探索洞穴。
QuestLoc_AllSalesFinal_QuestObjective_1	在大无敌超市里寻找食材。
Weapon_Name_InstitutePistol_Incendiary	燃烧型学院手枪
Speech_Quest_Generic_Dweller_Conversation_6_Response_1	两个，不，三个。我晚点和你说。
QuestLoc_GhoulSupplies_Question1_Choice3	帮我们布置旅馆，谢谢！
QuestLoc_AllsFairinLoveandNuclearWar_RaiderLine_2	事情进展得和我预料的一样顺利。
Speech_FlavorText_ServiceRoom_04	要我说，避难所也就像座房子——一座大大的、金属的、埋在地底的房子。
QuestLoc_UndercoverOperations_QuestObjective_3	与攻击者交谈。
QuestLoc_HoneymoonHorror_QuestObjective_2	杀死发光辐射蝎。
Speech_Conversation_NPC2_Topic19_Response3	我没有听说过。不过没关系。不像某些人，我可不喜欢传小话……
QuestLoc_DartofHarkness_Conversation_2_NPCEnd_1	你们可以拥有这个武器。我叫它“飞镖”，因为它总是击中靶心。
Radio_VaultFull	避难所满员
Room_DesignFactory_Desc	将居民分配到这里来打造主题。
QuestLoc_ToySoldiers_Conversation_1_Team_1	你是说那支硬汉小队吗？他们去哪儿了？
QuestLoc_SpyonRaiders_Conversation_1A_NPCEnd_3	是啊，对的。等等，你说什么？你们死定了！
QuestLoc_DenofThieves_QuestShortDescription	追回被掠夺者窃取的物资。
QuestLoc_FriendlySettlement_Conversation_2B_NPCEnd_3	这些东西我们有多余的。
QuestLoc_TooGoodtobeTrue_QuestShortDescription	领取物资储备……如果你能过得了死爪那一关！
QuestLoc_MaskHysteria_Conversation_1_Team_4	不要耍花招！赶紧给我想要的东西。
QuestLoc_KHAAANNNNN_Conversation_1_NPCStart_4	如果你们让我留下这孩子，我会给你们很大的奖赏！不然的话你们就得死！自己选！
Objective_KillEnemyWithUltraciteWeapons	使用辐射极琉矿武器消灭1名敌人
SnipSnipDialog_Wasteland_33	天哪，看看这些树篱，难道没人欣赏园艺了吗？
QuestLoc_DeathandDenial_Conversation_3_Team_1	一个实业家吗？在这个时代？
Encounter_Intro_Location2	发现{0}
QuestLoc_LiveDeadDrop_QuestLongDescription	我们需要给一个渗透进掠夺者帮派的朋友带个信。你的任务是在附近的大无敌超市里放下消息，然后他会捡起来。尽量不要被发现。或者，你知道，被杀。
MysteriousStrangerWindow_Claim	领取
QuestLoc_GameShowGauntletF_Conversation_1_NPCEnd_2	不是。但我可以看你……“掉脑袋”了！
QuestLoc_TheBansheesKeen_Conversation_3_Team_1	没有他们的同意，你不能用居民做实验。
Junk_Desc_GiddyupButtercup	去吧，没人看着。上车然后兜兜风。
GameSettingsPC_SelectNewHotkey	选择新热键
QuestLoc_TheCatBurglar_Conversation_2_NPCEnd_1	我的视力很好，亲爱的。来，吃饼干。
SnipSnipDialog_Wasteland_30	要是通用原子国际的制造者们看到我现在的样子……
QuestLoc_LiveDeadDrop_QuestShortDescription	给双面间谍传递消息。
Encounter_Progression_JustStartedTier1_17	太让人兴奋了！
Message_Tutorial_02_Xbox	首先让我们{建造}一个{房间}。按下打开{建造菜单}。
QuestLoc_BeatReporting_Conversation_2_NPCEnd_3	当然。由那些不狂化的尸鬼为整个群落做决定。
QuestLoc_IntotheOutfield_Conversation_1_NPCStart_1	地上写了什么！
QuestLoc_PlayingCatchUp_Conversation_1_Team_1	我不想打架，我只是想找到瓶瓶和盖盖。
QuestLoc_TheBansheesKeen_QuestLongDescription	我们收到附近居民的报告说，他们的建筑被一个哀号的女鬼骚扰。听起来不太可能，但我们应该以……科学的名义调查看看！不要担心，如果愤怒的亡灵吃掉了你们的灵魂，你们将被永远铭记。
MrHandyDialog_Generic_32	呃，这地方漏得跟筛子似的。偏偏我又没带伞。
Outfit_Description_SpecialThemeThanksGiving	你应该对能在核末日中存活下来而心存感激。对火鸡也是。那是美味的，被辐射过的火鸡……
QuestLoc_WhosCarvingtheTurkey_QuestObjective_1	找到厨师。
Message_TutorialPopup_25_Body	

- 加速废土探索时间 

- 极速打造物品

- 每天跳过不止一个目标

- 跳过特定任务

- 极速完成美发店个性化



Speech_Quest_MainPath_Dweller_11	这个感觉是对的路……
QuestLoc_CheerfortheGhouls_Conversation_1_Team_2	抱歉，所有的尸鬼今年都上了我的“坏孩子”名单。你们什么礼物都拿不到了。
MrHandy_ContentTitle1	巧手先生
Speech_LivingQuarter_Family1	没有什么能比得上在家里和家人在一起。
Tutorial_Tip_37_PC	您可以通过点击居民栏上的名字来整理居民列表。
Outfit_Name_costume_06	休闲服06
QuestLoc_TheSecretofREDACTED_Conversation_1_Team_2	我们在找莫里。
QuestLoc_WaroftheNerds_Conversation_1_Team_1	好吧，我们会说到的。主要的派系有哪些？
Speech_Conversation_NPC1_Topic29	我在想，你最喜欢什么口味的披萨呢？
QuestLoc_OneGhoulCustomer_QuestShortDescription	从尸鬼手中救出茜拉佩罗维塔。
Speech_Quest_Generic_Dweller_23	哇，“冒险”这玩意儿果然很快就腻。
QuestLoc_HalfFullHalfEmpty_QuestLongDescription	显然这个故事并不只是满足味蕾。这令人耳目一新的神奇饮料也许并不是那么神奇或清新。而罗伯科工厂里的人或许知道真相……
QuestLoc_GhostlyGag_Conversation_1_NPCEnd_1	啊啊啊！快跑！
QuestLoc_WondersofScience_Conversation_1_NPCStart_1	啊，你好呀！我是霍夫伯格博士。你喜欢我的伪装吗？
Message_Tutorial_62	{点击}{废土}来打开{废土任务日志}。
Junk_Name_BrahminHide	双头牛皮
QuestLoc_FactoryFloorofFear_QuestLongDescription	探索的居民发现了一张告示，警告大家远离一幢旧的工业基地。如果没人在那儿，说不定还会有有用的东西留下。
Room_Overseer_Upgrade_Level3	将居民送去一次执行三个任务
Encounter_Random_Message219	也许我很快就该回去了。
Speech_Conversation_NPC2_Topic41_Response2	当然是手织袜子。这是我的拿手活。
Room_Upgrade_Not_Enough_Dwellers	需要{0}个居民
Message_Tutorial_ArrivalWidgetOpenModal	{点击}计时器，查看下一位{赛季居民}的更多细节。
QuestLoc_GameShowGauntletF_QuestLongDescription	你被邀请参与“掉脑袋”的游戏！请回答问题，不然就……
QuestLoc_WelcometoParadise_QuestShortDescription	揭开242号避难所的秘密。
QuestLoc_PowertothePeople_QuestLongDescription	一个叫鲁巴布的居民牢骚满腹，他加入了掠夺者的队伍，想要……用暴力“解放”当地的避难所！监督者莫加比需要你的帮助！
UnlockRoom_Bar	您的避难所有{0}位居民
QuestLoc_FirstDown_QuestShortDescription	帮助迷失的居民。
Room_Mausoleum_Desc	将居民分配在这里照顾逝者并赚取瓶盖。
Help_Page02_Title	居民属性
QuestLoc_CheerfortheGhouls_Conversation_3_NPCStart_2	谢谢你们给我们这里带来了一点节日的气息。
Speech_Generic_Dweller1	又是避难所里美好的一天。
Objective_CollectCaps_Plural	在避难所里收集{0}个瓶盖
QuestLoc_RobotHood_Conversation_1_NPCEnd_7	嗯，确实！机器人有很多东西可以分享！告诉商人，机器人罗宾汉不会再找他们的麻烦了！
Help_Page22_BottomText	提示：用这个菜单可以快速查看居民人数，以及避难所还剩多少空位。
QuestLoc_RainDelay_QuestLongDescription	没在麦片加工厂看到蔻驰。也许他去旧的通用原子厂寻找电子元件了？值得看一看。
Encounter_Random_Message57	汗水流进了眼睛。嗷。
Objective_SurviveHoursNoCasualties_Plural	在没有人员伤亡的情况下在避难所里生存了{0}小时
QuestLoc_VaultTecExperimentReviewF_Conversation_1_NPCEnd_3	不留情面！
Encounet_Progression_Creature51	超级变种人霸王是最强的种类之一！能活下来算我走运！
QuestLoc_ESterisComing_Conversation_1_Team_1	为什么电路板如此珍贵？
Speech_Happiness_Parent9	我的孩子在哪里？我相信他（她）能给整个避难所带来快乐！
QuestLoc_JustDeserts_Conversation_5_NPCEnd_1	不错的选择！内衬是“饥荒”的碎屑做的！
VictorDialog_Wasteland_20	这些废墟真是壮观。让人不禁想，以前这里曾是什么样子。
Outfit_Name_SantaSuit_Original	圣诞老人服
QuestLoc_GoingToTown_3_QuestObjective1	摧毁那个实验室。
QuestLoc_DuoofDestructionGlowingRadroaches_QuestObjective_1	除掉第一只发光辐射蟑螂。
QuestLoc_TakeMeOuttotheBallGame_Conversation_1_NPCStart_2	到了第九局关键时候，轮到我们击球。
QuestLoc_DeathclawDeeLite_1_QuestLongDesc	我们的新狗狗看起来很担心。怎么了，小家伙？你想让我们跟着你走？也许是有什么好吃的，比如饱饱牌肉罐头，或者双头牛肉排，或者……死爪肉！
QuestLoc_DibsattheRedRocket_Conversation_1_NPCEnd_2	以此表达我们的感谢。
Speech_Quest_Alone_Dweller_20	服务员，麻烦给张桌子，就一位。唉。
QuestLoc_Tonics_Conversation01_NPC02	咳嗽？发烧？下巴上长出手指？我都能治好。
Message_NoValidDwellerToStartQuestTutorial	避难所里至少有一位能被派遣到废土上的居民，才能建造监督者办公室。
Title_New!	新的！
QuestLoc_GameShowGauntletB_Conversation_2_NPCStart_2	谁是兆吨镇的镇长？
QuestLoc_RobotRetrieval_QuestObjective_1	寻找巧手先生盒子。
QuestLoc_S2_QL2_Q4_Roswell_QuestName	罗斯威尔皆大欢喜！
QuestLoc_TheToweringIlForno_QuestShortDescription	找回厨师的秘方。
Generic_Water	水
Vaultboy_Message_HappinessWarning	幸福度过低
QuestLoc_HumanBeanJuice_QuestObjective_1	在杰克被加工成晚饭之前找到他。
QuestLoc_WaterintoBrine_Conversation_1_NPCStart_2	这很……有趣。
Encounter_Intro_NPC5	发现{0}
QuestLoc_S2_QL3_Q2_Handy_Question5_Answer1	我当然知道。有人仔细拆掉了它们的战斗抑制器垫圈……可是是谁……又是为了什么？
QuestLoc_BottlecapBlues_QuestObjective_1	在废弃工厂寻找任何有关瓶瓶和盖盖的线索。
Encounter_Random_Message205	那是……一个孩子？不……只是个被砍下来的玩偶脑袋。妙极了。
QuestLoc_DeathclawDeeLite_3_QuestName	死爪灭除
Inventory_Title_Storage_Space	存储空间：
QuestLoc_ARefreshingRescue_QuestObjective_1	从掠夺者手中拯救瓶瓶和盖盖！
QuestLoc_ClimbingtheRanks_QuestlineName	迈向巅峰
Weapon_Name_Fist	拳头
QuestLoc_GuardianoftheWastes:Radscorpions_QuestName	废土守卫者：辐射蝎！
MysteriousStrangerWindow_Title	现在没那么神秘了吧？
Outfit_Name_costume_03	休闲服03
QuestLoc_JustDeserts_Conversation_1_NPCStart_1	墙上这里写了些东西……
Junk_Name_Ultracite	辐射极琉矿
QuestLoc_LiveDeadDrop_Conversation_1_Team_1	哦，对。“狐猴看到了一切却什么也没说。”
Speech_LivingQuarter_PickupLines_14	我真的觉得我们可以有一个共同的未来。
QuestLoc_GhostlyGag_Conversation_1_NPCEnd_3	我阳寿还没尽，不会那么快走的。
QuestLoc_SpyonRaiders_Conversation_2C_NPCStart_1	新加入“尖钉之钉”吗？到底是谁起的名字？
Objective_BaldDwellersInVault	在避难所里有1位光头的居民
QuestLoc_ThrowMeSomePepper_QuestLongDescription	一些掠夺者占领了一幢旧的复式公寓。也许这些混蛋们知道蔻驰这个混蛋在哪儿。问问也无妨。
Tutorial_Tip_38_PC	点击屏幕顶部的资源条可以了解更多资源储存的细节。
QuestLoc_TheAbyss_RaiderLine_2	这到底有多深？
Encounter_Defeat_Creature24	我不可能打败这个超级变种人的！赶紧找路逃吧！
Message_CannotBuildUltraciteMine	没有有效建造位置。辐射极琉矿矿场必须建在辐射极琉矿矿床上且连接至避难所。
Encounter_Victory_Location9	我在储藏间里发现了几只未开封的货箱。
Outfit_Name_SynthArmor	合成人装甲
QuestLoc_GhoulSupplies_Question3_Answer1	谢天谢地。拿着这把我本来准备用来谈判的枪！
QuestLoc_EvictionNotice_Question1	这是大汗帮领地！你想干什么？
Title_UpgradeToLevel	升级到{0}级
QuestLoc_OfftheRails_Conversation_1_Team_3	掠夺者们到底想从你们身上得到什么？
QuestLoc_DogGone_Conversation_2_Team_3	我们带来了更好的礼物——知识。把狗交出来，我们会教你怎么写字。
Room_OutfitFactory_3	装备工厂
Speech_Quest_Loot_Dweller_51	执行任务。找到宝藏。重复一遍。
Weapon_Name_BBGun_Hardened	硬化型BB枪
Speech_Quest_Generic_Dweller_7	这地方真恶心。呵，真“意外”。
Achievement_Xbox_Description_05	完成60个任务
Message_TutorialPopup_02_Hint_Xbox	提示：将居民拖进或者拖出受到灾害的房间来保证他们的存活。
Weapon_Name_LaserPistol_SmugglersEnd	“走私犯终结者”激光手枪
SnipSnipDialog_Wasteland_25	探测器显示……没错，那是个超级变种人。而且没错，我现在正朝反方向走……
SnipSnipDialog_Wasteland_69	天哪！一匹“骑乘小马”，真是优雅的坐骑。
Weapon_Name_Pistol_LoneWanderer	“独行者”手枪
Message_Tutorial_07_Xbox	让我们看看{居民}的{状态}。以左摇杆{移动}到{废土}来{选择}第一个{居民}。
Speech_Room_LoveJob11	这对我来说真是最完美的工作。
QuestLoc_OverwhelmingForce_Conversation_1_NPCStart_1	动力装甲？！这些居民来真的！
QuestLoc_TheBigsbyBrownCase_Conversation_1_NPCEnd_1	太棒了！来，拿着这个，好人应该有好报。现在你们可以赶路了，已经没时间可浪费了！
Bonus_SurvivalGuide_TrainingNonStopBoost	持续训练时间
QuestLoc_Astronomical_Conversation1_Answer_NPC02	开火！
Title_Loading	加载中……
QuestLoc_ChristmasattheRaiderCamp_Conversation_2_Team_2	我们能给你的唯一东西就是砸在脸上的拳头！
Invalid_VaultName	无效的避难所名称。
QuestLoc_GhoulSupplies_Question3	我只想买点家具！但我已经跑命跑了好几个小时了！
QuestLoc_RevengeoftheGeeks_Conversation_3_NPCEnd_2	你比看起来要聪明呀。
QuestLoc_RescueSanta_Conversation_1_Team_1	圣诞老人，我们今年真的很乖哦。给我们一些武器怎么样？
Message_XBoxUpdateAvailable_NoVersion	一个新的版本可用。游戏将关闭来下载安装更新。
Speech_Quest_Loot_Dweller_23	监督者一定会喜欢这个的！
QuestLoc_AlienBot_QuestObjective_06	进入并探索UFO实验室。
Speech_Quest_NotAlone_Dweller_6	现在你还觉得有意思吗？！
MainMenu_NoVault_Season	避难所科技建议初次担任监督者的玩家先创建标准避难所。是否继续创建实验避难所？
Weapon_Description_PlasmaRifle	用超高温等离子远距离把敌人化成一滩浆。
Weapon_Name_PlasmaPistol_Amplified	放大型等离子手枪
QuestLoc_WastelandGetaway_QuestObjective_1	探索小屋。
Speech_Conversation_NPC2_Topic42_Response3	当然。我就站在你身旁。好吧，也许在你身后……
SnipSnipDialog_Generic_14	需要什么？除尘？拖地？还是一般的整理？
BrotherhoodOfFeels_ConversationAnswer_01_PC03	你们是谁？为什么你们和一群掠夺者住在一起？
Encounet_Progression_Creature7	我来踩扁这只辐射蟑螂，没问题！
Speech_Conversation_NPC1_Topic37	我希望能学习另外一门语言。你呢？
Button_BuyMore_Switch	打开商店
Rarity_Rare_Initial	R
Outfit_Description_SweaterVest	不知道穿毛衣还是马甲？为什么不两个一起呢？
QuestLoc_UninvitedGuests_QuestName	不速之客
Room_Energy2_Build	建造核电站？
QuestLoc_S2_QL2_Q1_Doc_Question4_Answer2	我修机器人。没机器人就没服务：请走开。
Message_Tutorial_25	{摧毁岩石}来向更深处{扩张}您的{避难所}。
Message_Tutorial_68_Xbox	用左摇杆{移动}{居民}到{发电室}然后按下来分配他们。
Speech_Conversation_NPC2_Topic13_Response3	好呀！说不定还能收到外面什么人的电台信号……
Stats_Power_Consumption	电力消耗/分钟
QuestLoc_AllWorkandNoPlay_Conversation_2_NPCEnd_1	赞。
Title_FinishingQuest	完成
QuestLoc_FriendlySettlement_QuestName	友邻定居点！
QuestLoc_VaultTecExperimentReviewD_Conversation_3_NPCEnd_2	加里！
Speech_Quest_WrongPath_Dweller_12	感觉方向是错的……
QuestLoc_DeathandDenial_Conversation_6_NPCEnd_4	我将记住这一点，下一次我将进行暴力的、血腥的暴行。
Outfit_Name_DetectiveOutfit	侦探套装
QuestLoc_VaultTecExperimentReviewA_Conversation_3_NPCEnd_3	拿着，钱什么的最不可怕了。
QuestLoc_CheerfortheGhouls_Conversation_3_NPCEnd_3	嘿，你说得没错。
Pet_Description_rollerbrain_b	保存着朋友的大脑，日常的整洁是它维系理智的关键。
QuestLoc_OfftheRails_Conversation_1_NPCStart_2	你没有看到其他人，是吗？他们把我们分开了！
QuestLoc_VaultTecExperimentReviewF_Conversation_3_Team_1	有没有什么武器能送给我们吗？
Dweller_ReturningToVault	从废土返回中
Message_TutorialPopup_27_Body_PS4	用左摇杆选择房间。

选择房间后，按或用左摇杆切换房间内的居民。

使用右摇杆移动镜头，和放大和缩小。
QuestLoc_IDontKnowsonThird_Conversation_1_NPCStart_1	没有棒球衫。但这是什么……
QuestLoc_OneGhoulCustomer_Conversation_1_Team_1	很高兴能帮助你！
Season_Duration	[282828]赛季及实验避难所将于[-] [FD0C0B]1天[-]后结束
VictorDialog_Wasteland_49	不知道豪斯先生现在在干什么。
QuestLoc_ExtremePrejudice_Conversation_3_NPCStart_1	对不起，我们需要检查您的身份证。
QuestLoc_DeathclawDeeLite_4_Question1	啊啊啊求求你别——哦，是你。哇！
QuestLoc_GoingToTown_3_Question4_Answer1	不再有毒药了！
QuestLoc_ESterEggHunt_Conversation_1_Team_2	这个彩蛋搜寻是-炸弹！明白了吗？炸弹？
Inventory_Title_Junk	杂物
Screenshot_Twitter_Message	#辐射避难所查看一下我的避难所！
Message_ScorchedConfirmationPopup	这将立即触发辐尸人突袭。你准备好了吗？
QuestLoc_TooGoodtobeTrue_Conversation_1_NPCStart_1	我们做到了！带走所有我们能带走的东西！
Outfit_Description_MetalArmor_Heavy	你……是……钢铁人！一边唱酷炫的歌，一边展开杀戮。
QuestLoc_TheToweringIlForno_Conversation_2_NPCEnd_3	真巧。
QuestLoc_TheVaultTecVantage_Conversation_1_NPCStart_3	它能创造一个乌托邦式的避难所。一个避难所大都会！525号避难所有一个！
QuestLoc_SavingDaylight_Conversation_3_NPCStart_1	啊，居民们！我们又见面了。你们觉得我的新发型怎么样？
QuestLoc_HighSteaks_QuestShortDescription	把死爪肉带给大厨。
Room_Mausoleum_2	陵墓
Outfit_Name_ScarredPowerArmor_Expert	伤痕累累的动力装甲
Speech_Conversation_NPC2_Topic17_Response3	嗯……一座房子？
QuestLoc_GameShowGauntletJ_Conversation_3_Team_1	原子核。
QuestLoc_FriendlySettlement_Conversation_2A_NPCStart_3	我们可以回赠你们一些东西，但是要么留要么丢。
QuestLoc_S2_QL3_Q4_Warehouse_Question4_Answer1	你怎么知道垫圈是从保安机器人来的？哦……我说漏嘴了。
QuestLoc_GameShowGauntletC_Conversation_4_NPCEnd_2	叮咚叮！对。她从来就没有派“孤独流浪者”去过那里。
QuestLoc_HaveGunWillTravel_QuestLongDescription	你发现了“麦克森硬汉小队”的全息磁带记录，这是钢铁兄弟会派去废土搜寻科技的小队。去追踪他们、查明他们的结局吧——就从450号避难所开始！
QuestLoc_JustDeserts_Conversation_5_NPCEnd_3	不错的选择！不过在穿之前你可能想要消毒一下。
QuestLoc_DeathRevealed_QuestLongDescription	我们遇到了来自144号避难所、熟悉“死亡”的居民……她会把她知道的一切告诉我们！
QuestLoc_TheInfiltrationGame_QuestLongDescription	从我们的卧底特工得到信息，我们了解到掠夺者手中极有可能握着秘密武器蓝图。我们需要一个居民渗透进他们的基地，并尽快拿回这些文件。
QuestLoc_PittStop_QuestObjective	找到奴隶贩子并解救俘虏。
QuestLoc_ReleasetheRaiders_Conversation_4_NPCStart_4	故事在第3部分时，一切都将被揭示！
QuestLoc_PittStop_Conversation01_PC02	放轻松，我们只是路过，没必要动粗。
QuestLoc_HumansLikeUs_Conversation_1_NPCEnd_2	天空中所有的光都是正常的。你被金星搞糊涂了哈哈。
Speech_LivingQuarter_PickupLines_45	甜心，核子可乐也比不上你。
QuestLoc_JunkRun_QuestShortDescription	我们需要更多的杂物。去找到它们吧！
Speech_SnipSnip_Bark11	我只是要摘取你的器官而已。
QuestLoc_KidnappingatVault778_Conversation_1_NPCStart_3	在我要折磨他之前就让他跑掉了，真讨厌。
Windows_Service_Error	出现了错误，如果问题继续的话，请联系客服。

错误代码{0}
Encounter_Journal_Message44	探险家日志。新条目：各式枪支都得练熟。
QuestLoc_S2_QL3_Q2_Handy_Question3_Choice1	我们来找你。我们需要答案。
Encounter_Journal_Message41	探险家日志。新条目：不少计算机终端还能正常运转。黑客技术必不可少。
QuestLoc_BottlecapBlues_QuestLongDescription	瓶瓶和盖盖在核子世界被掠夺者们绑架了！最后一次被发现是在一座废弃的工厂里。赶紧去那里救他们，不然就太迟了！
QuestLoc_ChristmasattheRaiderCamp_Conversation_1_NPCEnd_1	他会免费给我们东西？好吧，你们这些居民可以走了。
Outfit_Name_PowerArmor_MkI	x-01 MK I 动力装甲
QuestLoc_ARefreshingRescue_QuestShortDescription	从核子可乐工厂中拯救瓶瓶和盖盖。
QuestLoc_HoneymoonHorror_Conversation_1_Team_2	做好你自己的事。把你们的消辐宁给我们。你们反正也用不上了。
QuestLoc_GasNGo_Conversation_1_Team_3	不好意思，我们避难所已经满员了。你只能去其他地方了。
QuestLoc_AtDeathsDoor_RaiderLine_3	快逃！下面除了会让你开膛破肚没有别的！
Login_ConnectionError	连接错误
QuestLoc_ShotgunWedding_QuestShortDescription	从掠夺者首领手中救出被绑架的居民。
QuestLoc_GameShowGauntletF_Conversation_1_NPCStart_1	欢迎来到“掉脑袋”的世界！
MrHandy_ContentRedeemTitle2	5个巧手先生
Speech_FlavorText_TrainingRoom_02	更快、更强、更好！
QuestLoc_GhoulSupplies_Question2_Choice3	终身供应核子可乐？
QuestLoc_VaultTecExperimentReviewE_Conversation_2_NPCStart_2	我准备抽一张卡。猜对了话就能赢得奖励！
Speech_Quest_Generic_Dweller_46	这里真的需要巧手先生来打扫一下。
QuestLoc_OBrother_QuestShortDescription	探索兄弟会基地。
QuestLoc_LetsKnockitOuttathePark_QuestName	让我们大干一场吧！
VictorDialog_Generic_16	搓啊，搓啊，打满泡沫，冲干净……
QuestLoc_TheInfiltrationGame_QuestShortDescription	从掠夺者手里找回被盗文件。
Speech_Conversation_NPC1_Topic25	待会想要玩点什么？跳棋还是？
Objective_ExploreWastelandDays_Plural	让一个居民在废土探险{0}天
QuestLoc_WastelandTheMusical_Conversation_7_NPCStart_4	♪ 来吧，孩子，握住我们的手 ♪
♪ 随我们把恐惧遍布大地！♪
QuestLoc_ReleasetheRaiders_Conversation_1_NPCStart_2	哦！你好，你不用担心我们。我们不想打架。
Pet_Description_abyssinian_b	光滑又苗条，一个猫形态的缩影。
QuestLoc_AlienBot_QuestlineName	在黑暗中搜索
Speech_Generic_Dweller17	这首歌一直在我脑子里循环。啦啦，滴滴咚咚……
QuestLoc_RevengeoftheGeeks_Conversation_1_NPCEnd_1	正确！开场不错啊。
Encounter_Victory_Creature19	好险，但我还是杀死了这只恶犬。
Pet_Description_cattledog_l	它喜欢和亚伯拉罕·林肯做伴——或者说，林肯剩下的部分。
Encounter_Random_Message207	哇，真是好大一堆瓦砾。我想我能过去的……
Dweller_AtTheEntrance	等待中
Title_Shop	商店
QuestLoc_FirstDown_QuestName	第一次进攻
Speech_Eviction_6	算了，这个避难所很早就已经容不下我了。
Weapon_Description_SniperRifle_Rusty	触发器是松了一点，但它仍然能放倒一个300码外的泥沼蟹。
Speech_Quest_WrongPath_Dweller_8	不，不走这边。
QuestLoc_ASpecialBrand_Conversation_2_NPCStart_2	你们的孩子杰克今早起来的时候看上去并不是很高兴。
Outfit_Name_BowlingShirt	改装赛车服
QuestLoc_RunThreeDogRun_Conversation_3_NPCStart_1	现在*这就是*你打好仗的窍门！我非常感谢你们这些英雄！
Weapon_Name_Pistol	10mm手枪
Title_Open	打开
QuestLoc_VaultTecExperimentReviewF_Conversation_3_Team_3	愿意分点瓶盖给我们吗？
Speech_Quest_Generic_Dweller_Conversation_21_Response_1	你是啊，被我监视着。
QuestLoc_TheSpiritofTaking_RaiderLine_1	哦，太棒了！你们给我们带来了更多的战利品！
Speech_Room_SomeoneUnhappy_Armory	抢过武器崩了你的诱惑，实在难以抗拒。
PetCarrier_campaign_Btn_1	领取
QuestLoc_SpyonRaiders_Conversation_2C_Team_2	尖钉队是最棒的！我们应该叫自己尖钉之钉之钉！
QuestLoc_TheSecretofREDACTED_Conversation_3_NPCStart_4	最后一句话吗？
QuestLoc_JustDeserts_Conversation_5_NPCStart_3	德鲁西拉夫人想给你提供强大的装备。
RoomType_Facility_Description	设施说明……
MrHandyDialog_Generic_09	每天我都沉浸在为人类服务的喜悦中。
QuestLoc_SpelunKingTrainingC_Conversation_1_NPCEnd_1	所以现在我们被监视了吗？有意思……
Encounter_Message_Location17	谷内啤酒厂。
QuestLoc_SynthsforSale_Conversation_1_NPCEnd_2	哦我的天！你怎么能直接去问他们是不是机器人呢！
QuestLoc_PetPeeve_Conversation_1_NPCEnd_1	我原谅你。掠夺者把你的朋友带去了核子可乐工厂。
QuestLoc_SpyonRaiders_Conversation_1E_NPCStart_1	你们是谁？想加入我们帮派？
QuestLoc_GameShowGauntletC_Conversation_2_NPCEnd_3	错，大错特错。我们来……“掉脑袋”吧！
QuestLoc_TakeMeOuttotheBallGame_QuestObjective_1	打败斯洛格。
QuestLoc_CrimeSceneInvestigation_Conversation_2_NPCEnd_1	你们根本就不配让我们听到你们的谎言！
Weapon_Name_032Pistol_ArmorPiercing	穿甲.32手枪
QuestLoc_MallMadness_Conversation_3_NPCStart_1	一切售出概不退换！不换货，不退款。
QuestLoc_TheScorpionKing_QuestName	蝎子……王？
QuestLoc_DeathandDenial_Conversation_7_NPCEnd_1	这并不奇怪，你永远不能相信“暴发户”。
Speech_Room_DeadDweller_Bar	他们在喝什么？我要来个双份。
QuestLoc_PlayBall_QuestName	开球！
QuestLoc_BountyYak_QuestShortDescription	拿下鼹鼠妈妈“牦牛”，领取奖励！
QuestLoc_CabinFever_Conversation_1_NPCStart_3	这样我们就可以在它的自然栖息地研究它而不被看见。
QuestLoc_VaultTecExperimentReview_QuestShortDescription	查看其他避难所的实验。
Weapon_Description_Pickaxe	在地下挖这么深，说不定真能挖到金子。
QuestLoc_PerfectSpecimens_Answer01_PC04	你们在这里做什么
QuestLoc_GhostlyGag_QuestObjective_1	杀死掠夺者首领。
QuestLoc_TheSecretofREDACTED_Conversation_1_NPCStart_3	如果你愿意，我们可以帮你找到回避难所的路。
QuestLoc_WithFriendsLikeThese_QuestLongDescription	一位名叫威拉德·格洛弗的人留下了一条关于赎金的信息。说他抓住了一个居民并把他带到了附近的可伟佳装配厂。
QuestLoc_TheSixthSun_Conversation_3_Team_2	他为什么要引爆这个炸弹？
QuestLoc_DeathclawDeeLite_4_CombatInit3	饿！好饿！！！
Encounet_Progression_NPC2	正在为受伤的警长处理伤口，他疼得厉害。
QuestLoc_DogsofWar_Conversation_2_Team_3	“饥荒”。让我们的饥饿吞噬你！
Stats_PetBreeds_AmericanShorthair	美国短毛猫
Achievement_Xbox_Name_13	武器匠人
QuestLoc_MonsterUndertheBed_RaiderLine_2	我当然希望这只怪兽不像孩子们说的那样高大。
Generic_Weapon	武器
QuestLoc_RobotHood_Conversation_1_Answer05	我觉得我们可以想个办法。
QuestLoc_S2_QL3_Q4_Warehouse_Question5_Choice2	你刚才无视了“战斗抑制器”这部分？你这是在杀人。
Stats_Average_Level	居民平均等级
QuestLoc_GameShowGauntletI_Conversation_2_NPCEnd_2	那个机械修理工？错！接下来准备……“掉脑袋”吧！
QuestLoc_WhosonFirst_QuestLongDescription	亨丽埃塔是蔻驰的前女友。她不知道他在哪里，但她给了一个很赞的武器来帮助你拿下他。继续寻找吧！
QuestLoc_PestControl_Conversation_1_NPCStart_1	是时候采取点虫害防治措施了。
Weapon_Description_032Pistol_WildBillsSidearm	当有人说“出招”时，你说“死”。
QuestLoc_GameShowGauntletC_Conversation_1_NPCEnd_3	你赢啦！现在进入下一回合。
QuestLoc_ReleasetheRaiders_Conversation_1_NPCStart_3	“害虫”正在攻击，但我们要喝杯冰镇核子可乐，把事情谈妥。
Tutorial_Tip_56	耐力(E)高的居民在升级时候能获得更多的生命值。
Controls_Xbox_Vault_Build	建造
QuestLoc_HorrorMovieNight_RaiderLine_2	怎么办，我们拦不住他！
QUEST_1_ANWSER_1	好吧，成交。
SnipSnipDialog_Wasteland_62	鼹鼠洞，也许我最好走另一条路。
Speech_Generic_Dweller10	还可以更好点吗？大概不会了吧。
Encounter_Random_Message60	看起来像个湖。可绝对别想让我下去游泳。
Encounter_Defeat_Creature21	这只狂尸鬼掠夺者太强大了！我真是死里逃生！
Room_LivingQuarter_Build	建造一个宿舍？
Title_Credits	制作人员
QuestList_Rewards	奖励
Junk_Name_TriFoldFlag	三色旗
VictorDialog_GameRoom_01	不是老维克自夸，这一行赌场里的游戏，就没有我玩不转的。
Encounter_Defeat_Creature22	和死爪战斗？我一定是疯了！我得赶紧逃！
Outfit_Name_RobCoRdSuit	罗伯科公司研发服
QuestLoc_WaroftheNerds_QuestShortDescription	给敌对的科幻迷们带来和平。
QuestLoc_ChristmasattheRaiderCamp_Conversation_1_NPCEnd_2	你死定了。北极是下一个目标！
QuestLoc_GameShowGauntletI_Conversation_3_Team_2	斑点。
Outfit_Name_AmataSpecial	阿玛塔连身衣
Weapon_Name_LaserRifle	激光步枪
SnipSnipDialog_Wasteland_96	我听说大战是由一个反叛的人工智能引发的。真是怪了——它怎么会想要把一切弄得这么混乱？
QuestLoc_Tonics_QuestObjective	找到蛇油推销员。
BarberShop_FacialFeature	面部特征
Encounet_Progression_Creature50	超级变种人大师逼近，准备攻击。
Wasteland_Return_To_Explore	探险
QuestLoc_Tankbusting_QuestObjective_1	杀死“坦克弗兰克”。
Speech_Quest_Generic_Dweller_Conversation_27_Response_3	你真扫兴。
QuestLoc_GameShowGauntletK_Conversation_1_Team_1	门徒。
QuestLoc_HostageNegotiations_Conversation_1_NPCStart_1	你在搞笑吗？
Message_Quest_MaxTeams	你派去执行任务的小队数量已达上限。请升级监督者的办公室以提升上限。
Stats_Common_Pets	普通宠物
Weapon_Name_LeverActionRifle_Henrietta	亨丽埃塔
Controls_Xbox_Quest_Collect	收集
QuestLoc_WereBatting1000_QuestName	击球一千次！
QuestLoc_GameShowGauntletE_Conversation_1_Team_2	普雷斯顿·加维。
QuestLoc_SetEmUpFamine_QuestShortDescription	把“饥荒”引诱到废弃的226号避难所。
QuestLoc_IntoVault333_QuestLongDescription	宝拉·普朗布金从狂尸鬼的手里逃了出来，去向了333号避难所。希望我们能在那儿追上她。
SnipSnipDialog_Generic_25	今天的日程是什么？拖地、做饭、除尘、带孩子？放马过来吧，人类！
QuestLoc_PerfectSpecimens_Answer01_PC08	不，你们太危险了，你们必须离开。
QuestLoc_ReleasetheRaiders_Conversation_4_NPCStart_3	有多少人已经知道“死亡”是谁？
Message_Tutorial_SeasonUnlockBattlePass	{升级}{赛季通行证}，以获得更好的{奖励}！
Weapon_Description_LaserPistol_Focused	终极科幻武器。腰上架着让人分崩离析的力量。
Encounter_Intro_NPC4	发现{0}
QuestLoc_ExtremePrejudice_QuestObjective_1	消灭邪恶的监督者。
QuestLoc_HerestoYouRackieJobinson_Conversation_1_Team_1	你以为我们是吃素的吗？把那件衣服交出来！
QuestLoc_GameShowGauntletB_Conversation_2_Team_1	卢卡西姆斯。
QuestLoc_SpyonRaiders_Conversation_2E_Team_2	你们是不可能超越这个组织的。“铅笔推进器”是最棒的！
Objective_SurviveHoursNoCasualties	在没有人员伤亡的情况下在避难所里生存了{0}小时
Speech_LivingQuarter_Dialogue_NPC2_16	请不要脱掉你的鞋子。
MrHandyDialog_Generic_14	需要什么？除尘？拖地？还是一般的整理？
QuestLoc_HeresthePitch_QuestShortDescription	寻找罗基·杰宾森的棒球衫。
QuestLoc_TheBansheesKeen_QuestShortDescription	解开鬼屋的秘密。
QuestLoc_BewareofOverdog_Conversation_1_NPCStart_1	850号避难所得救了！
Victor_Name	维克托
AlienDrone_GiveAway_Popup_Main	这个外星朋友将与您一起庆祝《辐射》25周年！但它到底是从哪儿来的？
QuestLoc_MallMadness_QuestObjective_1	杀死发光种。
QuestLoc_GameShowGauntletH_Conversation_3_NPCEnd_3	你不能错得更离谱了！现在你必须……“掉脑袋”！
MrHandyDialog_Wasteland_87	如果我是人类，我现在一定会非常渴。看来他们对核子可乐的痴迷也不是没有原因的。
QuestLoc_FashionStatement_Conversation_1_NPCEnd_3	一个避难所居民懂什么时尚。你死定了！
Message_Tutorial_UltraciteWeaponCraftingDoubleTapRoom	开始打造吧！{双击}{辐射极琉矿武器工坊}近距离查看。
QuestLoc_SetEmUpPestilence_Conversation_2_NPCStart_1	你得帮帮我！我是每周博览会的卧底，但他们发现了我。
QuestLoc_HighSteaks_RaiderLine_2	来啊，这肉可是天下无敌的！
QuestLoc_IntoVault333_Conversation_1_NPCStart_1	诶。。诶？等等。我是监督者帕特尔。
Stats_Common_Outfits	普通装备
Stats_Dwellers_Revived	复活居民
QuestLoc_HoneymoonHorror_Conversation_2_Team_2	其实，我们的避难所还有一个人的空间，帕特里夏，你可以跟我们回去。
MrHandyDialog_Generic_49	你们人类有的开心，有的伤心……能不能统一一下情绪！
Stats_PetBreeds_GoldenRetriever	黄金猎犬
QuestLoc_GameShowGauntletB_Conversation_3_NPCStart_1	现在进入“掉脑袋”的第三回合！
UWP_OptionalUpdateMessage	现在有一个可选更新。是否立即安装？
QuestLoc_WorkingOvertime_QuestName	加班加点
Encounter_Journal_Message31	探险家日志。新条目：旧日的宗教大多消亡，取而代之的是邪教。
QuestLoc_GameShowGauntletJ_Conversation_3_Team_4	呃……乔伊的司泊吉？
QuestLoc_SantasHelpers_Conversation_3_NPCEnd_1	很好，来，给你们。
QuestLoc_JustDeserts_QuestShortDescription	探索骑士的起源。
Objective_RaiseSpecialLevel	提高一位居民的任意SPECIAL属性
BrotherhoodOfFeels_ConversationAnswer_01_PC04	我们来自附近的避难所。也许我们可以互相照顾，交易物资？
Stats_Weapon_Recipes	武器配方
QuestLoc_SpelunKingTrainingD_Conversation_1_NPCEnd_1	那个胜利是你们应得的。在你们拿下它之前我们会一直关注着你的。
Encounter_Random_Message2	我真的应该画一幅地图。
Tutorial_Tip_71	被救的居民会在任务完成之后在您的避难所门口等待。
QuestLoc_ALaborofLove_Conversation_1_NPCStart_1	等等，慢点儿！
QuestLoc_GameShowGauntletF_Conversation_2_NPCEnd_4	集中注意力。你跑题了。现在准备……“掉脑袋”吧！
QuestLoc_FashionStatement_Conversation_1_NPCEnd_4	拜托，掠夺者也可以懂时尚的好吗？我会让你明白的！
Message_Tutorial_04_PS4	您可以在{建造区域}建造{房间}。 使用{左摇杆}选择一个{建造区域}，再{按下}以确认。
Weapon_Description_Pistol_Enhanced	新上了油，伤害更高。哦，真赞。
Weapon_Name_BBGun_ArmorPiercing	穿甲BB枪
QuestLoc_Headhunting_Question1_Answer2	我们宁死也不放经理大人！他给我们讲故事！
QuestLoc_GameShowGauntletE_QuestShortDescription	为胜利而战！
QuestLoc_BoogieWoogieBugleBoy_QuestShortDescription	找到号角男孩。
QuestLoc_S2_QL2_Q3_Req_Question2	你是来交表的吗？
Speech_Eviction_29	让我们把话说清楚——不是你驱逐我，而是我自己想走的！
Pet_Description_Alien_b	移动几条电线就能让你获得一个终身的朋友！
Speech_Quest_WrongPath_Dweller_11	感觉这条路是错的……
Bonus_SurvivalGuide_ChildSpecialBoost	小孩的属性（SPECIAL）
QuestLoc_VaultTecExperimentReviewA_Conversation_2_NPCEnd_3	哈！现在开始吓人了！对你们来说！
QuestLoc_WondersofNature_Conversation_1_NPCStart_1	啊，你好呀！我是霍夫伯格博士。你喜欢我的伪装吗？
QuestLoc_S2_QL2_Q1_Doc_CombatInit3	我告诉过你我不会让你拿走我的手臂！！！！！
Encounet_Progression_Creature43	这只死爪面前，我怎么可能活下来？！
Message_Tutorial_68	要派遣一个{居民}，{点击}并{按住}居民，然后将他们{拖拽}到一个房间。试试将这个{居民}分配到您刚刚建好的{发电室}里。
QuestLoc_CheerfortheGhouls_Conversation_2_Team_1	你不能杀了我们！而且你们觉得圣诞老人会怎么想？那会让你们永远留在“坏孩子”的黑名单上！
QuestLoc_TheInfiltrationGame_QuestName	渗透游戏
QuestLoc_AlienBot_Quest04_Conversation_3_NPCEnd_3	扫描中……确认罗伯科公司人员身份。欢迎来到X71A，祝您今日愉快。
QuestLoc_Sabotage_Conversation_1_Team_3	你会在几秒钟内死去。
Tutorial_Tip_54	将居民拖到废土上并点击红色门按钮可以驱逐他们。
Room_ClassRoom_Build	建造一间教室？
QuestLoc_DartofHarkness_Conversation_1_Team_2	准备受死吧，僵尸败类！
Weapon_Description_BOSAssaultRifle_Enhanced	刚从兄弟会军械库出来，准备传递一点“秩序”。
QuestLoc_OnlyHuman_Conversation01_NPC02	我不喜欢孤独。也许我可以和你还有你的同类住在一起？
QuestLoc_CheerfortheGhouls_Conversation_3_NPCStart_3	秉着节日的传统，我想送一个礼物给你们带回家。
Encounter_Random_Message121	我应该往西吗？
Weapon_Description_032Pistol_Enhanced	一把体面的枪。可以干掉没有护甲的对手。
QuestLoc_FoodFight_Conversation_1D_NPCEnd_3	越放越香！去死吧，你这个挑剔鬼！
QuestLoc_Headhunting_Soliloquy1	嗯，我们的线索就到这里了。一个叫“经理先生”的人应该在这儿。
Tutorial_Tip_37_Xbox	您可以通过和来选择名字整理居民列表。
Shop_SeasonPass_NewVegasA_Blurb	解锁所有赛季奖励：
- 全新避难所外观[-][F7C531]主题[-]
- 全新核子可乐装瓶厂[-][F7C531]主题[-]
- [-][F7C531]新居民[-]及[-][F7C531]更多！[-]
QuestLoc_GameShowGauntletB_Conversation_1_NPCEnd_3	叮咚叮！ 那是……对的！
Bonus_XPBoost	+{0}% XP
QuestLoc_DoitfortheBatBoy_QuestObjective_1	寻找罗基·杰宾森的棒球衫。
Speech_Conversation_NPC2_Topic40_Response1	说明你和一群懒汉生活在一起吗？
MrHandy_Collect	收集
QuestLoc_TheCaseoftheCapturedCanine_Conversation_1_NPCStart_1	避难所居民！你们在找什么？
QuestLoc_GameShowGauntletH_Conversation_3_Team_2	剑桥校园食堂。
Outfit_Description_BattleArmor_Sturdy	能让你拥有一个雇佣兵队长的能力和……外形。
Tutorial_Tip_24	当一个房间完成了生产，您有机会获得奖励瓶盖，这取决于居民的运气。
QuestLoc_IntotheOutfield_QuestLongDescription	蔻驰不在宠物商店里，但附近有个仓库，他可能去了那儿……
QuestLoc_SavingDaylight_Conversation_2_Team_1	好好洗脸会死吗……
Objective_CompleteOverseerOfficeQuest_Plural	完成{0}次监督者办公室的任务
QuestLoc_ESterisComing_Conversation_1_NPCEnd_1	它告诉我们复活节，以及即将到来的第六个太阳。
QuestLoc_PlayingCatchUp_QuestLongDescription	177号避难所的掠夺者首领吹嘘他们把瓶瓶和盖盖带去了海神能源办公室。但愿她讲的是真话。
QuestLoc_PierIntoFuture_QuestLongDescription	哇哦！这是什么？这个曾经热闹的海滨现在变成了废墟，好像发生了什么可怕的事！进去看看吧，说不定能找到点好东西！
QuestLoc_GoingToTown_1_Question5_Answer2	不，不，啊，我是说，更适合在家喝。再见了！
QuestLoc_Tankbusting_RaiderLine_1	我就是“坦克弗兰克”，我的枪早就为你们这些傻瓜准备好了！
QuestLoc_SpyonRaiders_Conversation_2B_Team_1	浪子回头金不换。
QuestLoc_TimeforaGrandSlam_QuestObjective_1	寻找罗基·杰宾森的棒球衫。
QuestLoc_RaidingParty_QuestShortDescription	深入掠夺者根据地，播下怀疑的种子。
Pet_ScarletMacaw	海盗鹦鹉
QuestLoc_APaleImitation_Conversation_2_NPCEnd_4	好吧，监督者确实说过先和外面的人谈谈。他在大厅里。
QuestLoc_DrivingtheSnakesOut_Conversation_3_Team_3	我说是时候让所有的爱尔兰人对付你们这些蛇了！
QuestLoc_UndercoverOperations_Conversation_1_Team_2	他们称自己为“害虫”吗？
Bonus_HappinessBoost	+{0}%幸福度
QuestLoc_ItsnotEasyBeingGreen_Conversation_2_NPCStart_2	这里的一些人已经开始变成尸鬼。
QuestLoc_Tonics_QuestName	汤剂上瘾
QuestLoc_RadiationLeak_Conversation_1_NPCEnd_3	我们不太会用得上。给你们吧。
QuestLoc_BountyButcher_QuestObjective_1	杀死死爪“屠夫”。
QuestLoc_MatterstoSettle_Conversation_4_NPCStart_3	你们很会打架，他很欣赏你们对他的敌人所做的一切。
QuestLoc_GameShowGauntletI_Conversation_2_NPCEnd_3	正确！那个太容易了，我们应该出点更难的题。
Encounter_Random_Message10	回家以后真得好好洗个澡。
QuestLoc_Astronomical_Conversation1_Answer_PC02	我们是来阻止你们和你们那个疯子领导的！
Encounter_Random_Message52	独自旅行嘛，呃……还真是孤独。
Speech_LivingQuarter_PickupLines_7	我就是喜欢和你待在一起。
Outfit_Description_LucysVaultSuit	露西的专属33号避难所制服，配有增强生存能力的背包！
QuestLoc_SynthinaPinch_QuestName	被绑架的合成人
Encounter_Message_Creature5	一只可怕的妖怪熊！
QuestLoc_FashionStatement_Conversation_1_Team_3	我不知道，但我觉得你看起来挺不错。
Wasteland_ExteriorName_NewVegas	新维加斯
QuestLoc_ClearingAPath_QuestName	清空小路
QuestLoc_NoStoneUnturned_QuestName	全力以赴
QuestLoc_Overrun_Conversation_1_NPCStart_4	有什么遗愿吗？
SnipSnipDialog_Generic_42	人类就像一群蚂蚁一样忙碌着。
QuestLoc_RevengeoftheGeeks_Conversation_2_Team_1	23
Speech_Conversation_NPC2_Topic45_Response2	嘿，你好呀！
QuestLoc_Burnout_QuestShortDescription	一把火烧了这一窝讨厌的鼹鼠。
QuestLoc_VaultTecExperimentReviewE_Conversation_2_Team_2	黑桃A？
Speech_Conversation_NPC2_Topic34_Response1	我有一把锤子。一回事。
QuestLoc_ItsnotEasyBeingGreen_Conversation_3_NPCStart_1	这太可怕了！
Help_Page04_BottomText	提示：居民级别越高，复活时花费的瓶盖就越多。
Outfit_Name_Bishop	牧师服装
QuestLoc_DuoofDestructionGlowingRadscorpions_QuestShortDescription	消灭512号避难所里的两只发光辐射蝎！
Speech_Conversation_NPC2_Topic50_Response2	哦，糟糕。是这周的事吗？我完全忘了。
Junk_Desc_TriFoldFlag	永远不要忘记曾经美好的红白蓝三色。
QuestLoc_MyMetalPony_Conversation_1_NPCEnd_4	那个简直不像话！
Speech_LivingQuarter_PickupLines_52	避难所有一只妖怪熊吗？它一定在找你，亲爱的。
QuestLoc_BewareofOverdog_Conversation_1_NPCEnd_1	他显然最有资格。监督者你怎么了？你想和他们一起去？你不在我应该也行的……
Encounter_Random_Message166	探险家日志。新条目：找到了一个愿意分享食物的胖子。又可以多活一天。
QuestLoc_Homerun_QuestShortDescription	寻找罗基·杰宾森的棒球衫。
QuestLoc_LittleMissWasteland_Conversation_2_Team_3	汪！
RecipeLoot_FragmentFound	一位居民找到了一个配方碎片！
Message_Quest_ReturnToVault	您确定要居民们返回避难所吗？
Speech_Quest_Loot_Dweller_42	在这里，什么都可以物尽其用。
Weapon_Name_Flamer_Enhanced	增强型火焰喷射器
Speech_Quest_Loot_Dweller_50	一切都是为了战利品。
QuestLoc_DenofThieves_QuestLongDescription	红瑞秋是一个凶残的掠夺者首领。她偷走了一些你们的物资。拿回本属于你的东西，然后给这些莽夫们一点颜色看看！
QuestLoc_GuardianoftheWastes:FeralGhouls_QuestLongDescription	让我们为保卫废土尽一份力。清理掉那一窝危险的，被辐射过的生物吧！
Outfit_Description_GreaserSpecial	别做个老古董啦，帅哥。
QuestLoc_VaultTecExperimentReviewF_Conversation_3_NPCEnd_2	哦当然！
QuestLoc_TheCaseoftheLostLunch_Conversation_2_NPCEnd_1	你以为我们想这样吗？我们在这里快饿死了！听着，如果你能找到我们的食物，我们可以考虑放了他。
QuestLoc_RevengeoftheGeeks_QuestLongDescription	是谁说会计都是懦夫的？请回答问题不然就得面对后果。
QuestLoc_TheDeBuggers_Conversation_1_Team_2	你们为什么要在无聊的游戏上浪费时间？
Speech_FlavorText_ProductionRoom_03	没问题。我就喜欢这样。
Encounter_Defeat_Creature14	火蚁战士可把我烧惨了！得赶紧逃跑养伤。
QuestLoc_VaultTecExperimentReviewE_Conversation_1_NPCEnd_1	抱歉，你们输了。欢迎下次再来！
QuestLoc_RubarbsReckoning_Conversation_1_Team_4	我希望你已经准备好了加班。很多很多的加班……
Weapon_Description_Pistol_LoneWanderer	一个英雄。一把手枪。于是，一个传奇诞生了。
Encounter_Random_Message115	那是……音乐？附近哪里可能有台收音机？
Encounter_Progression_JustStartedTier2_15	那条路看上去还不错。
Speech_Quest_Generic_Dweller_Conversation_20_Response_1	我可没有。核子可乐和糖衣炸弹麦片让我精力充沛。
QuestLoc_SpelunKingTrainingD_Conversation_1_Team_2	我知道你做了什么。现在该闭嘴了。
Speech_Quest_Generic_Dweller_Conversation_19	我全身都疼。
Speech_Kid37	吃冰淇淋的时间到了吗？
Tutorial_Tip_38_Xbox	点击左摇杆来了解更多资源储存的细节。
Speech_Quest_Loot_Dweller_8	酷！
QuestLoc_CollectorsEdition_Conversation_2_NPCStart_2	别担心，它仍然处于全新状态。
Speech_Quest_Generic_Dweller_Conversation_9_Response_3	别这么嫌弃嘛。
QuestLoc_CabinFever_Conversation_1_NPCEnd_1	开火！开火！
Weapon_Name_JunkJet_TechniciansRevenge	“技师的复仇”垃圾喷射炮
MrHandyDialog_Wasteland_62	鼹鼠洞，也许我最好走另一条路。
Objective_CollectWeaponsOnQuests_Plural	在任务中收集{0}件武器
Speech_LivingQuarter_PickupLines_55	是掠夺者引爆了炸药还是我的心在狂跳？
QuestLoc_CantStopTheSignal_QuestObjective_1	寻找信号源。
QuestLoc_GameShowGauntletE_Conversation_2_NPCEnd_3	那些笨蛋连一片荒野都占领不了。是时候……“掉脑袋”了！
Message_TutorialPopup_20_Body_Part1	避难所科技检测到您的设备支持先进技术，并已为此启用对应功能：
QuestLoc_SpelunKingTrainingG_Conversation_1_Team_2	没有人侮辱了我们还能活着的！
Speech_SnipSnip_Bark7	好了，别害怕。咔嚓咔嚓，小剪两下，一切就都结束了。
QuestLoc_Firestarter_QuestObjective_1	杀死掠夺者首领。
QuestLoc_Broadsides_QuestLongDescription	新波士顿号角报到底意味着什么？是一次让我们的伟大功绩举世皆知的机会！代表着名气！钱财！瓶盖！
QuestLoc_PowertothePeople_Conversation_1_NPCStart_2	掠夺者说要将我们从奴役的生活中拯救出来。然后就开火了！
Theme_ShortName_Vault33	33号避难所
QuestLoc_WondersofNature_QuestLongDescription	著名科学家欧拓凡霍夫伯格就在附近，正在研究辐射蝎的交配习惯，请确保他的安全。
Encounter_Random_Message129	探险家日志。新条目：总是口渴。得随时补水。
Message_OutOfStimpacks	您没有任何治疗针
Room_WaterProcessingPlant_Build	建造一个水处理室？
QuestLoc_DartofHarkness_Conversation_1_NPCEnd_2	好吧，真是冒犯。
QuestLoc_SpelunKingTrainingC_QuestShortDescription	强悍又幸运的居民真的有本事赢得大赛吗？
UnlockRoom_WeaponFactory	您的避难所有{0}位居民
QuestLoc_TheToweringIlForno_QuestName	高楼大厦
QuestLoc_LittleRedRadiumHood_Conversation_2_Team_2	对不起，我们没有甜蛋糕了，但我们有一些黄色的……
QuestLoc_TheEndoftheRainbow_Conversation_1_Team_2	我听说宝藏在彩虹的另一端。
QuestLoc_FriendlySettlement_Conversation_1C_NPCEnd_1	一个图书馆里的安置点！现在请保持安静。
Scrapping_Result_Rare	获得稀有级别的杂物！
QuestLoc_TheRedRocketReveal_Conversation_1_NPCEnd_2	白痴们！避难所大都会在“荫蔽山谷”！但你们不会有机会看到了！
Message_ThemeCraftingTimeSkipNukaQuantum	想要使用{0}瓶量子核子可乐极速打造这个主题吗？
QuestLoc_TheSpreadingBlight_Conversation_1_NPCStart_2	我们已经一个月都没吃上红果泥和炸红果条了！
Message_TrainingTimeSkipNukaQuantum	您想使用{0}瓶量子核子可乐来极速完成居民训练吗？
Weapon_Name_PipeRifle	管道步枪
Encounet_Progression_Location2	试图躲开那些掠夺者。
QuestLoc_VaultTecExperimentReviewC_Conversation_2_Team_3	我们这里有你们要的骑士精神！过来拿呀！
Junk_Desc_Ultracite	放射性玻璃状矿石
QuestLoc_TheDeBuggers_Conversation_2_Team_2	你难道不应该制造点有用的东西吗，比如武器这种？
Speech_Quest_Alone_Dweller_4	我发誓，如果我就这么孤零零地死了，真是做鬼都不得安宁……
QuestLoc_DeathclawDeeLite_2_QuestLongDesc	必须对这些死爪采取点行动了！显然有个医生能调制一种强效毒药，可以让它们永远不再靠近。去跟她谈谈吧！
QuestLoc_IntoVault333_Conversation_1_Team_2	很高兴能帮助你们！我们能做些什么？
QuestLoc_GameShowGauntletC_Conversation_1_Team_2	如何在废土生存。
QuestLoc_DivideandConquer_Conversation_2_NPCStart_1	你们来得正好，到这里来帮助解决一场争论。
Wasteland_Title_Exploring	探索废土中
QuestLoc_VaultTecExperimentReviewC_Conversation_1_NPCEnd_2	这是我们上次完成任务的奖赏。
Encounter_Victory_Location16	我把门劈了个粉碎，找到了一间大储藏室。
Message_Tutorial_09_PC	要派遣一个{居民}，{点击}并{按住}居民，然后将他们{拖拽}到一个房间。试试将这个{居民}分配到您刚刚建好的{发电室}里。
QuestLoc_AllsFairinLoveandNuclearWar_Conversation_1_NPCStart_3	再加上，有一群居民正在恐吓那些想来相亲的追求者。
SeasonModal_Leaderboard_AuthenticationFailed	请连接账号以查看排行榜
QuestLoc_SpyonRaiders_Conversation_2D_Team_2	你准备射击然后燃烧鲜花吗？
QuestLoc_ExtremePrejudice_Conversation_2_NPCEnd_2	哦，对了，他是。嘿嘿。好人迈克。
Objective_StopInvasionInExVault_Plural	阻止实验避难所中的{0}次入侵
Weapon_Name_GaussPistol_Focused	聚能的高斯手枪
QuestLoc_GuardianoftheWastes:Deathclaws_QuestName	废土守卫者：死爪！
QuestLoc_TheCaseoftheLostLunch_Conversation_2_Team_2	不要让我伤害你们。
QuestLoc_TheRedRocketReveal_QuestShortDescription	525号避难所的入口在红火箭总部！
Encounet_Progression_NPC9	我正引导迷路的农民找到最近的定居点。
Privacy_ButtonText	隐私
QuestLoc_TheScorpionKing_RaiderLine_2	厄尔可没有付给我这么多钱来承受这些！
QuestLoc_GameShowGauntletGlobal_QuestLongDescription	你被邀请参与“掉脑袋”的游戏！请回答问题，不然就……
QuestLoc_TheSecretofREDACTED_QuestName	[REDACTED]的秘密
PetCarrier_ContentTitle	宠物笼子包含了：
Weapon_Description_ButcherKnife	为了某些惩罚而存在的，明白吗？
Outfit_Name_GreaserSpecial	油头族服装
Crafting_Time	时间
Theme_Name_Railroad_Diner	铁路餐厅
QuestLoc_CapturedCritter_QuestObjective_1	从饥饿的尸鬼手中救出宠物。
QuestLoc_FoodFight_Conversation_1E_NPCEnd_1	啊。就像我怀疑的，避难所居民对战掠夺者。永恒之战。那我们开始吧？
Scrapping_Result_Legendary	获得传奇级别的杂物！
QuestLoc_OurCupsRunnethOverWITHFAILURE_Conversation_1_NPCEnd_1	不！我们把它埋在了树下，结果树被闪电劈了！你去和旧罗伯科工厂的员工聊聊吧。
QuestLoc_DenofThieves_Conversation_1_NPCStart_3	如果你们放了我的话，这些都是你们的！
QuestLoc_PlayingCatchUp_Conversation_1_Team_4	你们有见过瓶瓶和盖盖吗？
Pet_Description_turkishvan_l2	容易对猫薄荷上瘾。但还是很可爱。
Weapon_Name_PipeRifle_NightVision	夜视管道步枪
QuestLoc_ALaborofLove_Conversation_2_NPCEnd_3	骗我一次，是你们可耻。骗我第二次……绝不会再上当！
Speech_Conversation_NPC2_Topic7_Response1	当然。但得让我守一垒才行。好戏都在那儿上演。
QuestLoc_PierIntoFuture_Answer01_NPC02	好好！冷静点。我只是想活下去。祝你好运，朋友。
QuestLoc_HumansLikeUs_QuestLongDescription	有好几份报告说，在离这里不远的荒地上有奇怪的光在盘旋。灯光聚集在一个废弃的旧矿井上。我们需要在外星人入侵的谣言开始传播之前进行调查！
QuestLoc_TheYolksonYou_Conversation_2_NPCStart_3	这些东西非常具有攻击性而且带着辐射。就……很糟糕。
QuestLoc_ChristmasattheRaiderCamp_Conversation_3_Team_2	钱怎么样？很多很多的钱。
Objective_CollectOutfitsOnQuests	在任务中收集1件服装
Speech_HealthB4	我想我需要躺下了……躺个一小时，或者三小时……
QuestLoc_FashionStatement_Conversation_1_NPCStart_2	而且我非常确定这些裤子让我的屁股显得更大了……
Pet_Ocicat	欧西猫
QuestLoc_TheBigsbyBrownCase_Conversation_1_Team_2	你为什么不去做呢？
QuestLoc_FirstDown_Conversation_1_NPCStart_1	谢天谢地！我真担心根本没人听到我的信号。
Title_Availables	可用项
QuestLoc_SetEmUpPestilence_RaiderLine_4	我同意对我们组织名称的批评！
QuestLoc_TheYolksonYou_RaiderLine_1	你知道吗？我不太喜欢辐射蝎……
Outfit_Name_WilzigsTravelwear	威尔齐格的旅行服
Speech_Room_LoveJob_Sciencelab	我的实验能改变我们的生活，让它变得更好！
QuestLoc_ScientificProgress_Conversation_1_Team_3	我们……觉得无聊了？
Outfit_Name_AlienSpaceSuit	外星宇航服
QuestLoc_PlayingCatchUp_Conversation_1_Team_3	我来这里是为了找瓶瓶和盖盖的，并不想和一群丑陋的尸鬼打交道。
VictorDialog_Generic_01	嘿，你好，朋友！
SnipSnipDialog_Generic_13	你好，人类。巧手先生在此，随时伺候各位的每个突发奇想！
SeasonModal_BattlePass_Unlocked	赛季通行证已升级
QuestLoc_CollectorsEdition_Conversation_1_NPCEnd_3	是的，但是那该会有多有趣？
QuestLoc_SlashandBurn_QuestObjective_2	探索核子可乐工厂。
QuestLoc_ManonFirst_QuestObjective_1	寻找罗基·杰宾森的棒球衫。
QuestLoc_ManonFirst_Conversation_1_NPCStart_1	该死的！棒球衫不在这里。继续搜索！
QuestLoc_OneGhoulCustomer_Conversation_1_NPCEnd_3	哦，真是个好主意。给你！
QuestLoc_MallMadness_QuestName	疯狂采购
QuestLoc_TheDeBuggers_RaiderLine_3	游戏结束了，男人！
SeasonPass_DaysRemaining_Plural	剩余{0}天
QuestLoc_VaultTecExperimentReviewB_Conversation_1_Team_2	别担心，我们会保守秘密的。我们从未来过这里。
QuestLoc_S2_QL3_Q2_Handy_QuestShortDesc	去罗伯科工厂搜寻答案。
Encounter_Random_Message53	得把物资带回避难所。专心想这个……
QuestLoc_CabinWithoutTheWoods_QuestName	神秘小屋
Speech_Quest_Generic_Dweller_18	我觉得今天的刺激已经够多了。
QuestLoc_SpringingtheTrap_Conversation_2_NPCStart_1	你在那里！你是新的皈依者吗？
QuestLoc_GameShowGauntletJ_Conversation_2_NPCEnd_4	哇。你想象力还真是可以啊。现在准备……“掉脑袋”吧！
QuestLoc_TheQuestforVault525_QuestName	525号避难所任务
KeyboardMapping_MoveCameraRight2	右
Weapon_Name_SheriffAssaultRifle	警长突击步枪
SnipSnipDialog_Generic_40	这个地方需要一些室内植物。郁金香、仙人掌……也许还有一个真人大小的捕蝇草。
Speech_Quest_Generic_Dweller_Conversation_3_Response_1	你说你会带的呀……
QuestLoc_PartyCrasher_Conversation_1_NPCEnd_2	哈？我没有——闭嘴！我会要了你的命！
Junk_Name_BaseballGlove	棒球手套
QuestLoc_VaultTecExperimentReviewB_Conversation_2_Team_2	第一条情报就是：避难所在地下。
Speech_LivingQuarter_PickupLines_50	你的大腿真美。眼睛！我是说眼睛！不过你的大腿也很好看……
Encounter_Victory_NPC1	我给奴隶包扎好了腿。他又能继续逃亡了。祝他一切顺利。
Speech_HealthC3	有医生吗！情况紧急！
Outfit_Description_PrewarCowboy	在真正的荒野上有点太花哨了，但在镜头前看起来很棒。
QuestLoc_VaultTecExperimentReviewF_Conversation_1_NPCStart_2	看好了，我们的大招，传说中的“辐射蝎锁”！
QuestLoc_PowertothePeople_QuestObjective_1	拯救监督者莫加比。
Message_Tutorial_ScorchedTimerOpen_PC	点击计时器，查看下一场{辐尸人突袭}的更多细节。
QuestLoc_GivemeLibertyandorDeath_Conversation_2_NPCStart_4	但是看看这个。我设法保存了一份他们避难所监督者的指导手册。
Weapon_Description_AssaultronHead_Rusty	这块废铁带着凶狠的千码凝视。
MainMenu_Survival_Mode_Confirm	避难所科技特级警报！我们发现您正选择进入最严苛最危险的社会环境——生存模式！在生存模式中，您的居民将会面临着更残酷的威胁，对资源的需求也更高，以及您无法复活死亡的居民！
Stats_PetCarriers_Opened	打开宠物笼子
Title_SaveFile	保存文件
QuestLoc_SOS_QuestName	救命啊！
QuestLoc_WhenPrestonCalls_QuestObjective_1	找到居民们。
Tutorial_Tip_72	在合适的时间释放暴击，可以对敌方造成最大伤害。
Outfit_Name_RiotGear	雇佣兵服
QuestLoc_SpelunKingTrainingB_Conversation_2_NPCStart_1	所以，“那样”才是真正的洞穴探险。
MrHandyDialog_Wasteland_13	看哪，一个破损的婴儿床。真是“鼓舞人心”啊。
Building_Room	建造中……
QuestLoc_FriendlySettlement_Conversation_2C_Team_3	有药品吗？
Entrance_Upgrade_Info	增加避难所大门的生命值。
Speech_Conversation_NPC1_Topic50	你读那本书了吗？就是读书俱乐部要求的那个？
Tutorial_Tip_20	如果您的建筑空间不够，可以建造一个电梯进入避难所的下层。
SnipSnipDialog_Gym_02	加油，人类！
QuestLoc_UndercoverOperations_Conversation_1_NPCStart_4	去找那个领头的大群。
QuestLoc_CollectorsEdition_Conversation_1_NPCEnd_1	我们还是有单纯的味蕾的！
Speech_Quest_Generic_Dweller_Conversation_3	你带了三明治吗？
QuestLoc_AlienBot_01_QuestLongDescription_04	我们在政府设施里碰到了一些难以置信的东西。当我们深入研究那些数据时，发现有记录提到一处“坠毁现场”，那里有个实地研究实验室，曾进行着关于“某个物体”的实验。快去这处坠毁现场，看看我们能捡到什么好东西！
Outfit_Description_LoungeShirt	没有人会知道你从未打过保龄球。
Message_TutorialPopup_02_Title	灾害会在极速模式失败的房间或者是随机任何一个房间出现。
QuestLoc_BewareofOverdog_QuestName	请注意“管理狗”！
Stats_Pregnant_Dwellers	怀孕的居民
Weapon_Name_PulseRifle_Rusty	生锈的脉冲步枪
Objective_CraftCommonUltraciteWeapon	打造1件普通辐射极琉矿武器
Message_TutorialPopup_24_Body_Part1	当它出现时，点击勾形图标来释放暴击技能。
Encounter_Progression_JustStartedTier2_4	希望我能找到回家的路。
QuestLoc_DrivingtheSnakesOut_Conversation_2_Team_1	我想你们会实现愿望的。
Speech_Conversation_NPC2_Topic22_Response3	终于，有人知道我是多么宝贵！
Weapon_Name_LaserPistol_Rusty	生锈的激光手枪
QuestLoc_AllWorkandNoPlay_Conversation_2_NPCStart_1	等等，等等！别开枪！
QuestLoc_ShamrocktheCasbah_Conversation_1_NPCStart_4	真是倒霉透顶！走，我们回家吧。
QuestLoc_AlienBot_01_QuestLongDescription_06	我们破解了罗伯科公司工厂高管的日志，发现了一处秘密的研发设施。它就藏在当地商场的一家零售店地下，罗伯科公司竟然在利用外星科技推进他们的机器人研究。他们试图打造一些大玩意儿。如果我们能搞清楚他们知道些什么，就能对避难所进行大幅改进！
Weapon_Description_Magnum_Rusty	威力稍弱，但仍是可靠的手枪。
QuestLoc_RadroachRoundup_Conversation_1_Team_1	那些小偷自报家门了吗？
Message_Tutorial_04	{建造区域}是可以选择来建造{房间}的位置。确认位置，{点击}{建造区域}。
MrHandyDialog_Wasteland_26	人类有一件事做得很好——他们非常擅长自我毁灭。
QuestLoc_DeathandDenial_Conversation_1_NPCStart_1	奇怪的是，在我们走进去之前，天是晴朗的……
RichPresence_Xbox_05	减少辐射蝎的出现
QuestLoc_SantasHelpers_Conversation_3_Team_4	给予本身就是最好的奖励了，我们什么都不需要！
Speech_Conversation_NPC2_Topic33_Response3	没听说过。是有点像那个……叫什么来着的东西？
Encounter_Random_Message1	我想我会走这条路。
QuestLoc_GameShowGauntletK_Conversation_1_Team_2	操作者。
QuestLoc_ThymeisMoney_Conversation_1_NPCStart_1	盐！我的意思是……停止！
Speech_Conversation_NPC2_Topic10_Response2	哦，埃菲尔铁塔，必须是它。多浪漫啊。前提是，你懂的……它还在的话。
QuestLoc_CrossingPaths_Conversation_1_Team_1	也许有一天吧，但我觉得自己还没准备好。
Dweller_AtSurpriseQuest	等待中
QuestLoc_VaultTecExperimentReviewA_Conversation_1_NPCStart_2	这个避难所里只剩下鬼了！
QuestLoc_SpearFishing_QuestLongDescription	最后发现这个不是疾病——是有些人找到了从地下偷红果的方法！我们需要和这些人见个面。
QuestLoc_TheVaultTecVantage_Conversation_1_NPCStart_1	我们找到了避难所科技留下来的关于避难所大都市的信息！他们说……
QuestLoc_DeathandDenial_Conversation_2_NPCEnd_2	在闺房里吃东西。如果你想看罐头，我还有。
QuestLoc_GameShowGauntletH_Conversation_4_Team_3	史特朗堡。
Stats_Gifts_Received	收到礼物
QuestLoc_BottlecapBlues_Conversation_1_NPCStart_2	至少比和那些核子世界来的掠夺者关在一起强。
QuestLoc_DeathRevealed_Conversation_2_NPCStart_1	听！三狗正在直播。
QuestLoc_RunnersinScoringPosition_QuestShortDescription	在789号避难所追赶蔻驰。
Encounter_Progression_JustStartedTier2_8	早知道就一路撒点面包屑了。
Speech_Conversation_NPC2_Topic14_Response2	我想选一位伟大的喜剧演员！没其他意思，但你的笑话真烂。
QuestLoc_ScienceCooperative_Conversation_2B_NPCStart_3	书里说铅的密度比铁大，但一磅铁却和一磅铅一样重！
QuestLoc_S2_QL3_Q4_Warehouse_Question1	嘿，你！能帮我们吗？那些蠢机器人挡在我们上班路上。
QuestLoc_ClearingAPath_Conversation_1_NPCStart_2	你知道吗，你会成为一名很好的士兵。
Weapon_Name_AlienDisintegrator_Hardened	加固的外星分解枪
QuestLoc_DeathclawDeeLite_4_Question2	嗯……床！ 香！好！
Speech_Happiness_Parent6	知道我的孩子会在这样的避难所里长大，我感到特别欣慰。
QuestLoc_InShiningArmor_QuestShortDescription	从核子可乐工厂里的掠夺者手中救出那位战士。
Message_Tutorial_39_PC	需要一个{餐厅}来帮您生产{食物}。{点击}{餐厅}。
Speech_Kid43	救命啊，避难所里有变种人！——开玩笑的啦！
Speech_Quest_Loot_Dweller_19	这个感觉会有用。
QuestLoc_PierIntoFuture_Conversation01_NPC02	我们都没有敌意！
Speech_Quest_Generic_Dweller_Conversation_4	最近怎么样？还撑得住吗？
QuestLoc_GoingToTown_1_Question5	嗯，你好，陌生人。欢迎光临我的神奇商店。我今天有一笔绝妙的交易要提供给你。
Login_PleaseWait	请等待……
Objective_OpenLunchbox_Plural	打开{0}个午餐盒
QuestLoc_NoRestfortheWicked_Conversation_1_NPCStart_1	你是来帮忙的？
QuestLoc_SpyonRaiders_Conversation_2B_Team_3	你能再说一遍吗？我们必须把它记下来因为我们在监视你。
MrHandyDialog_Wasteland_28	要是我空手而归，估计会被人唠叨个没完没了……
QuestLoc_ScienceCooperative_Conversation_2E_NPCEnd_3	那个……并不是我想发现的东西。但无论如何，我该上路了。
QuestLoc_CabinWithoutTheWoods_QuestLongDescription	正在探索废土的居民在某个荒郊野岭发现了一处阴森的小屋。大概没有……闹鬼吧。
Outfit_Name_CaitsCorset	凯特的紧身衣
Speech_LivingQuarter_PickupLines_37	我想亲你。
QuestLoc_ESterisComing_QuestObjective_1	找回神圣电路板。
QuestLoc_NotSoSafehouse_Conversation_1_NPCStart_4	他们准备去当地的肥伦百货商店办公室。你们觉得能阻止他们吗？
Shop_SeasonPass_NewVegasB_Premium_Description	将赛季通行证提升至新高度。获得普通通行证全部权益，外加以下内容：25枚赛季徽章、维克托（Mr. Handy同等角色）、露西的黄色连衣裙、重型雇佣兵装备、维尔齐格的旅行服、隐形休闲装、铅击者、2个宠物箱，以及5000瓶盖。
QuestLoc_WorkingOvertime_Conversation_1_NPCEnd_3	勒索？真的吗啊？你确定你不是掠夺者？
QuestLoc_PittStop_Conversation01_NPC06	交易？嗯，也可以……拿上这个，快滚吧。
Message_Tutorial_ArrivalWidgetClaimDweller_Xbox	{选择}{领取按钮}来招募您的新居民。
QuestLoc_SecretWeaponTest_Conversation_1_Team_3	我的命令是明确的：没有证人。
QuestLoc_GameShowGauntletC_Conversation_3_NPCEnd_4	哈哈！有人有散养的斑马吗？你必须……“掉脑袋”了！
QuestLoc_HighSteaks_RaiderLine_3	来这里可能是个错误。
QuestLoc_ArmsRace_Conversation_1_Team_1	当然是武器，谢啦。
Room_Cafeteria_3	自助餐厅
QuestLoc_AlienBotQuest03_Conversation_2_PC1_1	看起来他们对这里的安保下了不少功夫，我觉得应该不会直接给门上锁的。
Objective_AssignDwellersToUltraciteMine_Plural	将{0}名至少拥有{1}点{2}属性的居民分配至辐射极琉矿矿场
QuestLoc_S2_QL2_Q4_Roswell_Question1_Answer1	希望你喜欢被“探针伺候”！永别啦！
QuestLoc_OBrother_QuestLongDescription	附近有个钢铁兄弟会的基地，虽然他们是带有宗教色彩的军事组织，但总体来说还算不错。或许我们可以去打个招呼。
Message_Tutorial_44_PC	居民需要干净的{水}来远离{辐射}危害。再次点击来{确认}。
Speech_Eviction_10	你会后悔的。等着瞧。
Objective_CollectQuestsWithPet	携带宠物完成1个任务
QuestLoc_DeathandDenial_Conversation_3_Team_2	皮博迪先生被谋杀时你在干什么？
QuestLoc_RescueSanta_Conversation_1_Team_4	圣诞老人，我们什么都不需要，我们只是喜欢成为好孩子！
Outfit_Name_UtilityJumpsuit_Heavy	重型避难所套装
QuestLoc_GameShowGauntletA_Conversation_1_NPCStart_1	欢迎来到“掉脑袋”的世界！
Social_NoInternet	您必须连接到网络才能和朋友交换杂物。
UnlockRoom_Cardio	您的避难所有{0}位居民
Outfit_Description_PowerArmor_T45d	战前被用来对抗外国坦克的。你没听错——就是坦克。
VictorDialog_Wasteland_32	我得说，这些废墟在核弹落下之前，大概会被称为“破烂酒吧”。而现在，它们全都是“破烂酒吧”！
QuestLoc_AWinningSeason_Conversation_1_NPCStart_4	“但是你们仍然不可能得到罗基·杰宾森的棒球衫！”——蔻驰
QuestLoc_CollateralMurder_Conversation_1_Team_1	你知道他在哪儿吗？
QuestLoc_WorkingOvertime_Conversation_1_NPCStart_3	鲁巴布的掠夺者们来到这里，拿枪扫射。他们击穿了反应器！
Weapon_Name_InstituteRifle_VirgilsRifle	维吉尔步枪
QuestLoc_Astronomical_Conversation2_Answer_PC01	我们知道那件武器的事。我们是来帮忙的！
Objective_EquipUltraciteWeapon_Plural	为{0}名居民装备辐射极琉矿武器
Achievement_Xbox_Name_06	废土传说
QuestLoc_VaultTecExperimentReviewE_Conversation_3_Team_4	我们选择把杂物带回家。
Login_PasswordConfirm	确认密码
Room_SuperRoom2_2	健身工作室
Speech_Quest_NotAlone_Dweller_29	保持冷静。
Pet_Description_turkishvan_l	一个真正的贵族。
QuestList_ActiveQuest	可执行！
Speech_Quest_Generic_Dweller_29	做这个应该给我发危险工种补贴吧。
Title_Effects	效果：
QuestLoc_AlienBotQuest06_Conversation_2_PC2_3	我们来自附近的避难所，正在寻找科技。
Season1_Title	避难所赛季：辐射极琉矿狂热
QuestLoc_ScienceCooperative_Conversation_2E_NPCEnd_1	啊，是啊。那，我应该回去工作了……
QuestLoc_Filly_Conversation01_NPC01	嘿！你是哪儿来的？想尝尝子弹的滋味吗？
QuestLoc_ItsnotEasyBeingGreen_Conversation_3_NPCEnd_2	只是一些我们从旧鼓桶里找到的“生物危害”牌染料……哦。
QuestLoc_TheTailContinues_Conversation_1_NPCStart_1	谢谢你们救了我们！还以为会像玩具一样被他们嚼烂了。
Message_TutorialPopup_05_Hint	提示：如果居民在废土里待了太长时间，居民会死的。
QuestLoc_PierIntoFuture_QuestShortDescription	调查旧码头。
QuestLoc_FriendlySettlement_Conversation_1D_NPCEnd_3	我想事情发展成这个样子是我们大家的幸运。请见谅。
Message_Tutorial_28	现在您已经知道作为监督者的基本规则，请继续扩张您的避难所。请记住，要让您的居民活着，并且活得开心。祝您好运！
QuestLoc_WelcometoParadise_QuestObjective_1	探索242号避难所。
QuestLoc_TheSecretofREDACTED_Conversation_3_NPCEnd_1	好吧，这很好笑，但我们还是得杀了你。
Room_DesignFactory_3	主题工厂
QuestLoc_GhoulInBlack_Conversation02_NPC01	你对付他们真有一手！你真是个好人！
QuestLoc_SecondStringers_RaiderLine_2	你上了伤病储备名单！
QuestLoc_ReturntoVault333_Conversation_1_NPCStart_1	哦我的天！她是个杀人狂！太平间的噩梦！
QuestLoc_AquaNukaCola_QuestShortDescription	为那些避难所科技工作室的居民们清空掠夺者营地。
QuestLoc_TheDoorBuster_QuestObjective_1	寻找“破门神器”。
QuestLoc_MaskHysteria_QuestShortDescription	从旧的服装厂里找到扮鬼的服装。
Room_BarberShop_Build	建造一个美发店？
Speech_Room_LoveJob18	对我来说是一份完美的工作分配……
CloudActivationFailed	云激活时发生错误。请检查您的云设置，或稍后再试。
Speech_Kid5	有人想玩跳房子吗？
Pet_Description_australianshepherd_b	没有一个球是它接不到的。
QuestLoc_GameShowGauntletJ_Conversation_1_NPCStart_4	远港岛所在地的前身是哪个州？
QuestLoc_OperationSandman_Conversation_4_NPCStart_3	几十个仍在废土上游荡，以满足配额。
QuestLoc_UndercoverOperations_Conversation_2_NPCStart_4	对不起，我们太饿了。难以集中精神。
Message_Tutorial_61	当您完成派遣和武装{居民}时，{点击}{开始任务}按钮就可以让他们出去探险了。
QuestLoc_S2_QL2_Q3_Req_Question7_Line2	赶紧把你这事办妥，大家好安静地回去干活。
Speech_Eviction_9	我本来就打算走的，现在正好。
Wasteland_TeamSent	开始废土探险！
Speech_Quest_NotAlone_Dweller_37	快点。要么动起来，要么被落下！
Speech_Conversation_NPC2_Topic32_Response1	真到那一天，我就出门去逛废土了。
QuestLoc_BeatReporting_Conversation_3_NPCEnd_2	曾赤手空拳杀死了六只死爪，一只手，但这只是一个传说！早已无法搞清真相。
VictorDialog_Wasteland_16	只好送几只鼹鼠长眠了。真是有趣的生物！
QuestLoc_DeathandDenial_Conversation_2_Team_3	雷金纳德，雷金纳德……荷兰人，是吗？
QuestLoc_ThymeisMoney_RaiderLine_1	保持冷静，继续拍马屁。
QuestLoc_FriendlySettlement_Conversation_2C_Team_4	不介意来些打造用的杂物。
QuestLoc_WhenLifeThrowsYouaCurveball_QuestName	当生活甩给你一个弧形球……
QuestLoc_AllWorkandNoPlay_Conversation_1_NPCStart_2	鲁巴布的掠夺者来这里，想搞大破坏！
Outfit_Description_ProfessorSpecial	有时候，只是有时候，脑子真的比肌肉强。
QuestLoc_ExtremePrejudice_Conversation_4_NPCStart_2	他们说，监督者会随时找到一个新的避难所给我们。
Speech_Kid41	废土上的人也搞体育运动吗？
Weapon_Name_AlienDisintegrator_Rusty	生锈的外星分解枪
Weapon_Name_GaussRifle_Accelerated	加速型高斯步枪
Speech_Quest_WrongPath_Dweller_1	绝对偏离了路线。
QuestLoc_AGatheringofGhouls_QuestLongDescription	可怕的发光种占领了一处居所，离避难所很近。其他的尸鬼像飞蛾扑火般地朝他涌了过来。趁着尸鬼团伙还没有扩张太快的时候，赶紧干掉这个恐怖的绿光“灯塔”！
Encounter_Message_Creature23	一只英克雷死爪。
PrivacyPolicy_WhyItsCollected	[212F21]为什么收集[365136]
• 为了履行我们与您订立的协议（例如举办竞赛、应用内购买、改进游戏体验等）
• 为了我们的合法商业利益（例如数据分析、改进游戏体验、推送更新、发送或展示定向营销、提供定制服务与支持等）
Speech_Room_LoveJob_Armory	我就知道成为一个爱枪狂人有一天会派上用场！
Pet_Description_bloodhound_b	联邦里最好的追踪犬。
Objective_Nuka	在避难所里收集{0}个瓶盖
QuestLoc_LittleRedRadiumHood_QuestName	辐射小红帽
Rarity_All_Title	所有
QuestLoc_SlidingintoHome_QuestShortDescription	寻找罗基·杰宾森的棒球衫。
Junk_Desc_Microscope	也许在废土探险时作为钝器使用还不错。
Title_DailyReportSmall	每日报告
VaultTecWindow_Explanation	您可获得：
SnipSnipDialog_Wasteland_26	人类有一件事做得很好——他们非常擅长自我毁灭。
Encounter_Intro_Creature3	辨认出{0}
Help_Page26_MainText_Xbox	任务能让您探索新的地点，遇见新的居民和收集战利品。

建造监督者办公室来派遣居民小队去完成任务。

按下监督者办公室里的或者哔哔小子上的地图图标来进入任务列表。任务列表会显示您现在可以执行的任务，以及相对应的奖励，要求和状态。

在任务中，将居民拖到新房间中来探索或者直接点击您想要探索的房间。

居民会自动战斗，但是您可以先点击居民后点击敌人来让他们攻击一个特定目标。您可以按住使目标出现，然后选择敌人。

居民在战斗时会出现一个暴击蓄力器；一旦准备好，居民攻击的敌人上方会出现一个勾形图标。

当选中一个居民时，用左摇杆选择勾形图标，按住来释放一次致命暴击。

当箭头出现在十字线的中心时，按下来停下移动的箭头。离中心越近，暴击伤害的倍率就越高。

居民的运气（L）属性越高，暴击蓄力器的恢复速度也就越快。居民的观察力（P）属性越高，箭头移动的速度越慢。

按下来查看必须和选择性完成的任务目标。

当您结束探险时，可以从任务目标里让任务小队返回避难所。
Rarity_VeryRare_Initial	V
QuestLoc_TheInfiltrationGame_Conversation_2_NPCStart_3	我确实一个小时前才要求过的……
QuestLoc_ParleyTime_Conversation_2_Team_3	鹰在风中翱翔。“战争”这个名字最早是怎么来的？
QuestLoc_FriendlySettlement_Conversation_1A_Team_1	我们唯一能“挖”的只有土。用铲子。因为那才是“挖”的意思。
QuestLoc_ExtremePrejudice_Conversation_1_Team_1	我有一张大众脸，它有助于渗透敌人。
QuestLoc_GoingToTown_1_Question2_Choice3	哦，街边小吃！我要！
QuestLoc_ShamrocktheCasbah_RaiderLine_3	爱尔兰万岁！
QuestLoc_LittleRedRadiumHood_Conversation_2_NPCStart_2	靠近点……我的视力不如以前了。
QuestLoc_NoStoneUnturned_QuestLongDescription	“麦克森硬汉小队”的一些人在威尔逊原子玩具厂被杀害了。其他人撤回到了海神能源办公室。我要去那里。
Encounet_Progression_Location10	已经很久很久没人在这儿吃过一顿饭了。
QuestLoc_GameShowGauntletF_Conversation_3_NPCStart_1	现在进入“掉脑袋”的第三回合！
QuestLoc_GivemeLibertyandorDeath_Conversation_1_Team_3	你们一直挂在嘴边的那份手册，究竟是什么？
SnipSnipDialog_Wasteland_16	我的辐射传感器快要爆表了，不过我不在乎。
QuestLoc_VaultTecExperimentReviewB_Conversation_1_NPCEnd_1	这可是高级机密。记住，我们从没说过话！
QuestLoc_DogShelter_Conversation_1_Team_1	我们到这里来是为了救菲多！
Speech_Generic_Dweller18	噢，我好像得去趟洗手间了。
Message_Tutorial_SeasonBattlePass	在{赛季通行证}中获取{等级}，即可获得可在每一座避难所领取的{奖励}。
Encounet_Progression_Creature1	我得在这只野狗杀了我之前先干掉它！
QuestLoc_CrimeSceneInvestigation_Conversation_1_NPCStart_1	鲜嫩多肉的居民们也在追踪“死亡”的行踪。美味。
MrHandyDialog_Gym_02	加油，人类！
QuestLoc_OBrother_Conversation03_NPC01	嘿！你打过死爪没？
QuestLoc_TheDoorBuster_RaiderLine_4	这么多人？嘘！这些人可真是搞笑！
Encounter_Defeat_NPC6	我找不到妖怪熊。猎人认为我很无能。
QuestLoc_TruthAmongtheAshes_Conversation_1_NPCStart_2	来了一位有趣的客人 - 宝拉·普朗布金。奇怪的名字，但人还不错。
QuestLoc_Vault199_Conversation_1_NPCStart_2	有些人说199号作为避难所来说太简陋了。但我们还是一样喜欢它！
QuestLoc_VaultTecExperimentReviewF_Conversation_3_NPCStart_1	我毫无疑问就是重量级比赛的冠军！
Tutorial_Tip_46	相同等级的房间才能合并。
QuestLoc_VaultTecExperimentReviewD_Conversation_1_Team_1	你到底有什么毛病？
QuestLoc_SpyonRaiders_Conversation_1B_NPCStart_3	你们战斗之前必须高喊“卡-靠”，明白吗？
QuestLoc_JackAintBack_Conversation_1_NPCStart_3	他可是个厉害角色！大部分居民是不可能在墨西哥刀战上胜出的！
QuestLoc_SpyonRaiders_Conversation_1D_Team_2	子弹加火焰？赶紧让我们加入吧！
Theme_ShortName_Thanksgiving	感恩节
QuestLoc_DartofHarkness_Conversation_1_NPCEnd_3	不会吗？我们还以为那个就是关键呢。好吧，这就见鬼了！
QuestLoc_KHAAANNNNN_Conversation_1_NPCStart_1	这是啥？你居然敢挑衅可汗？可汗会让你无家可归！
Theme_ShortName_Christmas	圣诞节
QuestLoc_RubarbsReckoning_Conversation_1_NPCStart_3	我只是看到每个人都如此努力地工作。这不公平！
QuestLoc_FriendlySettlement_Conversation_1B_NPCEnd_2	哈！你说的对，“光滑皮肤”。来，拿着这个。
Speech_Quest_Generic_Dweller_Conversation_31_Response_2	你能不能专心点，做我们手头的事？
QuestLoc_JuuussstttaBitOutside_QuestShortDescription	探索床垫厂，找到蔻驰。
Speech_Generic_Dweller25	没什么比满满的安全感更舒服的了。
SnipSnipDialog_Gym_01	加油，人类！
KeyboardMapping_ResetToDefault	恢复默认值
Weapon_Description_UltracitePlasma1	即刻产生辐射极琉矿等离子破坏效果，注入能量即可！
QuestLoc_PlayingPolitics_QuestName	政治游戏
QuestLoc_S2_QL2_Q3_Req_Question7_Choice2	一套好的动力装甲肯定不差。
Controls_Xbox_Vault_ResetCamera	重置镜头（点击）
Weapon_Name_LaserPistol_Focused	聚焦型激光手枪
Message_TutorialPopup_23_Body	让我们使用一些量子核子可乐来立即回到避难所吧。
SnipSnipDialog_Generic_31	把全世界的艾巴索清洁剂都拿来，也刷不干净这地方。
QuestLoc_ExtremePrejudice_Conversation_5_NPCStart_1	这个嘛这个嘛……
QuestLoc_GameShowGauntletC_Conversation_1_NPCEnd_2	很接近，但不对。现在……“掉脑袋”吧！
QuestLoc_GoingToTown_1_Question5_Choice3	我简直无法拒绝！
QuestLoc_Astronomical_QuestName	天文台危机
Pet_Description_collie_b	困在了井里？它会让你得到帮助！
Encounter_Random_Message110	我来翻过这堆碎石……
Encounter_Random_Message173	我也许是吓得魂飞魄散，但好歹算锻炼了心肺。
Encounter_Victory_Creature25	我被揍得鼻青脸肿，但超级变种人大师死了。
QuestLoc_ReleasetheRaiders_QuestObjective_2	听三狗的广播。
QuestLoc_DogGone_QuestName	丢失的小狗
Message_Tutorial_UltraciteWeaponCraftingConclusion_PC	{点击}列表中的一把{辐射极琉矿武器}来打造。升级{辐射极琉矿武器工坊}即可解锁更多配方。
QuestLoc_TheMysteryofVault666_Conversation_1_NPCStart_4	所以告诉我……你们准备好被烧了吗？！
QuestLoc_ScareTactics_Conversation_1_Team_4	万圣节快乐！
Stats_PetBreeds_EnglishMastiff	英国獒犬
Encounter_Message_Location7	一小群逃跑的奴隶。
Weapon_Name_KitchenKnife	菜刀
QuestLoc_ScareTactics_QuestShortDescription	在31号避难所和掠夺者对峙。
Encounter_Random_Message198	我感觉自己完全暴露了。该找掩体了。
QuestLoc_AlienBotQuest06_Conversation_2_PC2_4	我不知道……
QuestLoc_WhackaMole_QuestObjective_1	杀死鼹鼠妈妈。
QuestLoc_SpringingtheTrap_Conversation_3_NPCEnd_2	不，我也不知道为什么，但只要它们穿着完全封闭的服装，那兽就不会去招惹“害虫”。
QuestLoc_GameShowGauntletD_Conversation_4_NPCEnd_1	哦，很接近了。但还是错。该……“掉脑袋”了！
Weapon_Name_UltraciteSword2	辐射极琉矿恐惧之剑
QuestLoc_SpringingtheTrap_Conversation_3_NPCEnd_1	我猜是邪教的逻辑。只是不要告诉他们瘟疫的“庇佑”会杀死他们。
RichPresence_Xbox_10	在避难所里管理居民
QuestLoc_AlienBotQuest04_Conversation_3_NPCStart_3	错误。避难所科技公司员工无权访问现场数据。
Outfit_Description_LucysYellowDress	穿上它，将你带回战前那段朴实无华的岁月。几乎能听见炸弹落下的声音……
Encounter_Defeat_Creature20	这多脚兽真是又丑又危险，我只有逃了！
MrHandyDialog_WaterPurification_02	说真的，反正要喝水，不如喝点能“消化”的水。
QuestLoc_GameShowGauntletB_Conversation_4_NPCEnd_3	真不错！你说的对！你赢了！
Dweller_Escaping	逃离中
QuestLoc_OperationSandman_QuestObjective_1	阻止144号避难所“死亡”的信徒们。
QuestLoc_ScienceCooperative_Conversation_1C_NPCStart_1	哦耶，是居民们！
MrHandyDialog_Wasteland_12	那些声音听起来可一点儿都不友好。该开溜了！
Speech_Quest_NotAlone_Dweller_12	开干吧。
QuestLoc_GoingToTown_1_QuestName	自由城购物狂欢
MrHandyDialog_Wasteland_10	这儿肯定有人需要擦鞋……
QuestLoc_ESterisComing_Conversation_2_NPCEnd_2	我敢肯定我不能谈论它，但……我担心他失去了理智。
Speech_SnipSnip_Bark9	如果你的下水道堵满了污物，放心交给艾巴索疏通——记住，它毒性非常强！
QuestLoc_ASpecialBrand_Conversation_1_NPCStart_2	你曾在一个不同的星球上。你们还是外星人上帝吗？无所谓。你们这些人真是搞笑。
Outfit_Name_LucysVaultSuit	露西的避难所制服
Speech_Radio_HighCharisma2	致废土上的所有人：我们在等你们！
RoomType_Utility	公用设施
QuestLoc_GameShowGauntletC_Conversation_4_Team_4	没吃晚饭直接睡觉。
Encounter_Message_Location14	巫术博物馆。
QuestLoc_GameShowGauntletB_Conversation_1_NPCStart_4	谁是钻石城最有名的记者？
QuestLoc_SetEmUpFamine_RaiderLine_2	你们这些害虫都是红肉！
QuestLoc_PartyCrasher_QuestShortDescription	在废土发现了一间旧的小木屋。
Speech_Room_LoveJob_Energy2	有我在这里工作，避难所永远不会停电！
Outfit_Name_AbrahamSpecial	亚伯拉罕休闲服
QuestLoc_GameShowGauntletB_Conversation_3_Team_2	巨兽。
SnipSnipDialog_Wasteland_46	嗯，左还是右？我猜是往……右。
Weapon_Description_AlienDisintegrator_Hardened	现在你准备好了对付太空怪兽了。
QuestLoc_RubarbsReckoning_Conversation_1_Team_2	好啊。如果你搞砸了，就发配你去废土流放！
QuestLoc_TimetoWakeUp_RaiderLine_2	我真是后悔向你们吹牛说我不睡觉能坚持多久！
Encounet_Progression_Creature3	一只鼹鼠？简直和死了一样！
QuestLoc_TheRedRocketReveal_Conversation_1_Team_4	你这个奸诈的女人！你是永远不可能统治大都会的！
QuestLoc_RadiationLeak_Conversation_1_Team_2	你们有武器吗？
Theme_Name_Standard_WeaponFactory	标准武器车间
Room_DesignFactory	主题工坊
Encounter_Victory_Creature9	巨型工蚁死了。真是惊险的战斗。
Weapon_Description_HardenedTranqPistol	坚固耐用，适合心地善良的人。
QuestLoc_RaidingParty_Conversation_3_NPCStart_3	嘿新来的，你有什么意见吗？你为什么不笑？
Speech_Eviction_2	等我征服了废土，一定会回来征服你们！
QuestLoc_WaterintoBrine_Conversation_1_NPCStart_1	是的，我们遇到了水之术士，我们买了他的……产品。
QuestLoc_HostageNegotiations_Conversation_2_NPCStart_1	哦，谢谢你！
QuestLoc_TheCaseoftheLostLunch_Conversation_4_NPCStart_1	看起来像是辐射蟑螂偷了他们的食物！这应该能还那个掠夺者清白了。
QuestLoc_SpyonRaiders_RaiderLine_3C	是时候拿出尖钉了！
QuestLoc_KidnappingatVault778_Conversation_1_NPCStart_2	我对你们说的话和对那个混蛋义勇军民兵说的话一样：你们是不可能活着离开这个地方的！
QuestLoc_ReleasetheRaiders_Conversation_1_NPCStart_1	（突然停止耳语。）
Outfit_Name_LegatesArmor	军团使者的装甲
Wasteland_Button_StartQuest	进入！
QuestLoc_IntotheOutfield_Conversation_1_NPCStart_4	来我的据点，防空洞。——蔻驰”
Speech_Conversation_NPC1_Topic53	呃。我这儿有点痒。我说，你能不能……你懂的。
Speech_Room_LoveJob_Hydroponics	能把我的园艺天赋派上用场，真是太棒了！
Pet_Description_burmilla_l2	说真的，它挠你是因为它爱你。
QuestLoc_FriendlySettlement_Conversation_2B_NPCEnd_1	好啊，这些是我们有的东西。
Message_GenericPopup_Body	避难所科技已经为所有监督者准备好了特殊奖励！
QuestLoc_SpyonRaiders_Conversation_2E_NPCEnd_2	我猜是吧。嘿，我得走了。
QuestLoc_ExtremePrejudice_Conversation_1_NPCEnd_3	哈！我打赌你也会！
QuestLoc_DuoofDestructionGlowingOnex2_QuestShortDescription	拿下旧聚变核心工厂的一对发光种！
Outfit_Description_EnclaveSecurityOutfit	最先进防御技术的最低级体现。
Room_StorageArea_3	仓库
QuestLoc_DivideandConquer_Conversation_1_NPCStart_1	等等，你们这些用嘴呼吸的家伙！
Outfit_Description_RadiationSuit	被设计用来保护穿戴者免受辐射伤害。
QuestLoc_SpringingtheTrap_Conversation_3_NPCEnd_3	没有什么。据我所知，这只是一只普通的野兽。我不知道为什么他们崇拜它。
Help_Page22_MainText_PC	点击左上角的齿轮图标可以查看居民列表。

这里您可以整理您的居民，找到他们最适合的岗位。

点击居民将会自动放大画面到该居民处。
QuestLoc_SpringForwardFallBack_Conversation_2_Team_2	给我一个不开枪的理由……
Outfit_Description_ArgyleSweater	因为避难所的瓶盖储备不会自我计算。
QuestLoc_WhosCarvingtheTurkey_Conversation_1_NPCEnd_3	呃……那不是蔓越莓酱。
VictorDialog_Generic_05	嘿，我可喜欢你了，朋友！我提过吗？
QuestLoc_AllsFairinLoveandNuclearWar_Conversation_3_NPCEnd_1	我一直都在等你，现在你来了。
Speech_Happiness_Parent11	我实在是太爱我的孩子了……
Tutorial_Tip_62	您可以用量子核子可乐来极速完成打造。
QuestLoc_TheSixthSun_Conversation_2_NPCEnd_3	他要我们把他从教友手里救出来，那些人想杀他。
Outfit_Name_ScribeRobe	学士长袍
Encounter_Random_Message38	我应该走那条路吗？嗯……算了，我还是走这条吧。
QuestLoc_TheCaseoftheMissingMitt_QuestShortDescription	帮助一个尸鬼找回一件珍贵的传家宝。
Speech_Quest_MainPath_Dweller_1	这条路一定是对的。
QuestLoc_SOS_Conversation_1_NPCStart_4	你们一定要救救它，给它一个温暖的家！
Weapon_Description_MissileLauncher_Enhanced	一些调整使这个宝贝比平时更致命。
QuestLoc_TheSecretofREDACTED_Conversation_4_Team_1	呸，我们早就知道了……这是常识。
Encounter_Journal_Message43	探险家日志。新条目：钢铁兄弟会崇尚科技，甚至把它当神明崇拜。
QuestLoc_GroomforDoubt_Conversation_2_NPCStart_1	欢迎居民。
QuestLoc_JustDeserts_Conversation_1_NPCStart_2	“谢谢您的到来。在说明骑士之前，请先接受我的赞扬。
Outfit_Description_MoldaversArmor	简单而华丽的战斗装甲。
Objective_SellJunk	卖掉1件杂物
Tip_01	我今天感觉不好……为什么我的指甲都在脱落？
Weapon_Name_032Pistol_Hardened	硬化型.32手枪
Weapon_Name_InstitutePistol	学院手枪
Outfit_Name_MaximusJacket	马克西姆斯的夹克
Speech_Quest_Loot_Dweller_53	这里都有什么……
TermsOfService_ButtonText	服务条款
QuestLoc_RunThreeDogRun_RaiderLine_2	以第23条e款之权力！
MrHandyDialog_Wasteland_93	哦，真有趣。一块潦草写就的标牌。“进来就死！”表意够明确了。
QuestLoc_GameShowGauntletB_Conversation_2_NPCEnd_3	棘手的问题，但你答对了！
MrHandyDialog_Wasteland_33	天哪，看看这些树篱，难道没人欣赏园艺了吗？
QuestLoc_Infested_RaiderLine_1	哇哦，她真不是开玩笑！
QuestLoc_GoingToTown_3_QuestShortDesc	阻止西区“奇迹血清”的生产。
QuestLoc_AllsFairinLoveandNuclearWar_Conversation_1_NPCEnd_1	不，但是节食不意味着我就不能看菜单了呀！
QuestLoc_HowCanYouNotBeRomanticAboutBaseball_QuestObjective_1	寻找罗基·杰宾森的棒球衫。
QuestLoc_GameShowGauntletD_Conversation_2_NPCStart_2	哪名钢铁兄弟会的成员将剑桥警察局当做了避难所？
QuestLoc_TheHauntingofVault110_Conversation_1_NPCEnd_1	我……我不知情！我发誓，我会离开的！
Notification_Crafting_Weapon_End	武器工坊制成了一件武器！
QuestLoc_SpelunKingTrainingA_Conversation_1_Team_2	书呆子，要不要尝试下这个的滋味？我想说，“我们打一架吧”。
Speech_Quest_NotAlone_Dweller_38	你听到尖叫了吗？我好像听到了尖叫……
Outfit_Description_CheckeredShirt	也许现在还是春天，但请你将衣服扎进去，这里可不是动物园。
QuestLoc_HerestoYouRackieJobinson_Conversation_1_NPCStart_4	等蔻驰发现的时候，就是你们的末日了！
QuestLoc_ChooChoo_Conversation_1_NPCStart_1	所以你就是“会痛的火车”？别逗了！
QuestLoc_DivideandConquer_Conversation_2_NPCEnd_3	我想我会做一个散点分析……关于你的大脑的！
QuestLoc_GameShowGauntletB_Conversation_3_Team_3	泥沼蟹之王。
Speech_HealthA6	我得好好照顾自己了……
Weapon_Description_HuntingRifle_Enhanced	想要一个新妖怪熊皮衣柜？用这把枪。
Room_MedBay_2	诊所
Speech_Room_SomeoneUnhappy_Casino	一边儿去。你都快把我的好运搅没了。
Objective_CraftRareOutfits	打造1件稀有装备
QuestLoc_DibsattheRedRocket_Conversation_1_NPCStart_2	钢铁兄弟会正在回收在这个位置发现的任何技术。
QuestLoc_ItsnotEasyBeingGreen_QuestObjective_2	访问黄色检疫区。
QuestLoc_Astronomical_Conversation3_Answer_PC02	管你呢，我们要把你拿下！
Encounter_Progression_Repeatable_JunkLocation5	四处寻找物资，但这地方布满了陷阱。
Tutorial_Tip_42	掠夺者随时都有可能袭击，请确保您的居民都做好了准备！
QuestLoc_SignalFailure_Conversation_1_NPCStart_2	“今天收到了‘巧手’先生。如果我们能即时把它修理好，应该能让它重新工作，灵活运转。”
QuestLoc_S2_QL2_Q2_Field_QuestName	辐射野外实习
QuestLoc_S2_QL2_Q1_Doc_Question5_Answer2	我们可以匀出几根，但保密。要是每次都给……
QuestLoc_ScienceCooperative_Conversation_2B_NPCEnd_2	等等。不是吗？哦我懂了！我觉得……来，拿着，就当是答谢你们帮忙。
QuestLoc_CheesePlease_QuestShortDescription	从废弃的工厂取回加工过的奶酪。
QuestLoc_APaleImitation_Conversation_3_Team_2	没门儿！你闯的祸已经够多了！
QuestLoc_LittleMissWasteland_Conversation_2_NPCStart_1	欢迎来到比赛的问答环节！
QuestLoc_RadiationLeak_QuestObjective_1	拯救避难所监督者。
Signout_Message	您已退出，游戏现在关闭。
QuestLoc_Headhunting_Question1_Choice1	我们在找一名经理。
QuestLoc_SpyonRaiders_Conversation_3C_NPCEnd_1	很好。现在去致伤致残吧！
QuestLoc_GuardianoftheWastes:MoleRats_QuestLongDescription	让我们为保卫废土尽一份力。清理掉那一窝危险的，被辐射过的生物吧！
QuestLoc_TheSecretofREDACTED_Conversation_3_NPCEnd_2	那这是我听到的最深刻的事情。去吧，我需要重新评估一切。
VictorDialog_Wasteland_40	我想往南走。
QuestLoc_TheReluctantShill_Conversation_1_NPCStart_4	我不想再四处忽悠人了。如果他没有这么贪婪，可能现在还不错。
QuestLoc_GameShowGauntletK_Conversation_1_Team_3	派克帮。
Encounter_Message_Creature16	一只癫狂的狂尸鬼漫游者。
QuestLoc_TheInfiltrationGame_QuestObjective_1	找回“绝密”文件。
QuestLoc_ToGrandmothersHouseWeGo_Conversation_1_NPCEnd_1	你们赢得了它们。现在我们该上路了。
Objective_SurviveGhoulNoCasualties	在没有人员伤亡的情况下撑过了{0}次尸鬼攻击
Outfit_Name_PowerArmor_T45f	t-45f动力装甲
QuestLoc_SuperDuperTrooper_Conversation_1_NPCEnd_1	哦，是吗？我想你需要叫醒服务……
QuestLoc_VaultTecExperimentReviewB_Conversation_3_NPCStart_2	我是监督者，是这个避难所里的王牌间谍。
Encounter_Message_Repeatable_JunkLocation6	一处防御严密的幸存者前哨站。
Speech_Eviction_22	“一个更好的未来……就在地下。”是啊，才怪。
QuestLoc_ChristmasattheRaiderCamp_Conversation_3_Team_3	你还在“坏孩子”名单上。是时候去死了！
QuestLoc_HumansLikeUs_Conversation_1_Team_3	对不起，赠送什么？
QuestLoc_SavingDaylight_Conversation_2_NPCStart_1	好开心！复活节降临在我们身上！
SaveLocal	本地存档
QuestLoc_S2_QL2_Q2_Field_Question2_Answer1	等等，什么？你们大老远跑来就为了一张申领表？好吧，算我们欠你们。拿来。
QuestLoc_OBrother_Answer05_PC03	没问题。只要你跟我们分享一些那些东西。
Speech_Generic_Dweller56	我想知道避难所套装和牛仔靴搭配会是什么样子。
Weapon_Name_AssaultronHead_Enhanced	强化的突袭者头部
QuestLoc_HerestoYouRackieJobinson_Conversation_2_Team_4	所以我们要怎么玩儿，蔻驰？
QuestLoc_WastelandTheMusical_Conversation_7_NPCEnd_2	♪ 抱歉竟到了这一步 ♪ 连一个吻都没有 ♪
♪ 就把你送回深渊！♪
Help_Page1_BottomText_PC	提示：您可以在设置菜单中随时打开/关闭窗口模式。
QuestLoc_HostageNegotiations_Conversation_2_NPCStart_2	我被困在这里好久了。
Encounter_Random_Message31	我敢打赌这片社区曾经一定很棒。
QuestLoc_TheVaultTecVantage_QuestName	避难所科技优势
QuestLoc_TheCaseoftheQuantumCreeper_Conversation_1_Team_1	那个“爬行者”完蛋了！
QuestLoc_PerfectSpecimens_Conversation_1_NPC2	但我们与你可能曾经遇到的其他死爪完全不同。
Weapon_Name_032Pistol_WildBillsSidearm	野生比尔手枪
Tutorial_Tip_73	死爪很剽悍，不要逞英雄，记得带上朋友一起去。
SnipSnipDialog_Generic_37	今晚的晚餐——惠灵顿牛排配一瓶波尔多！开个玩笑。又是饱饱牌肉罐头。
QuestLoc_ThymeisMoney_QuestLongDescription	好吧，你要找原料的话，大无敌超市不是个啥好去处。但是这回，我们肯定能在附近的一座建筑里找到一些香料！ 厨师相信那些掠夺者会把它们交出来……
QuestLoc_GameShowGauntletD_Conversation_3_Team_4	穿上装甲的驴子。
QuestLoc_HumansLikeUs_Conversation_1_NPCStart_2	很高兴遇见你们，因为我们是个爱好社交、群居的物种。
QuestLoc_RunThreeDogRun_QuestObjective_3	杀死144号避难所的“死亡”信徒。
Bonus_SurvivalGuide_XPBoost	XP
QuestLoc_SpyonRaiders_Conversation_1D_Team_1	完全没问题。我们，呃，既喜欢射击又喜欢火。真心话。
QuestLoc_WastelandTheMusical_Conversation_7_Team_2	♪ 我四处寻找你们 ♪ 但现在你们的请求已被拒绝 ♪ 监督者才是我的引路人！♪
Junk_Name_AlarmClock	闹钟
Speech_RadiationB5	救救我！我不想成为一个尸鬼！
QuestLoc_TheBansheesKeen_Conversation_2_NPCStart_3	杀死其他居民会有用，但只是一会儿。
QuestLoc_SOS_Conversation_1_NPCStart_1	谢天谢地！我还以为我必死无疑了。
QuestLoc_PlayingPolitics_QuestObjective_1	前往市长办公室搜寻关于525号避难所具体位置的信息。
QuestLoc_MyMetalPony_QuestShortDescription	寻找骑乘小马。
QuestLoc_DeathclawDeeLite_4_QuestShortDesc	清除旅馆里的狂尸鬼以便重新营业。
QuestLoc_SetEmUpFamine_Conversation_2_NPCStart_4	你曾经找到过“死亡”之洞穴吗？
QuestLoc_QueenoftheDeathclaws_QuestLongDescription	一名自称为“死爪女王”的掠夺者在废土上行凶作恶！
Speech_Quest_Generic_Dweller_31	气味很糟糕，看起来很糟糕，听上去也很糟糕……总之就是糟糕透了。
Message_TutorialPopup_10_Body_PC	您获得了一个午餐盒。点击哔哔小子菜单里的午餐盒图标来打开午餐盒或者购买更多的午餐盒。
Pet_Description_toyger_l	一点都不像看上去那么凶。
UnlockRoom_DecorationFactory	您的避难所有{0}位居民
QuestLoc_ThisGoldenRing_Conversation_1_Team_3	你不杀我们，我们就杀了你！
QuestLoc_PierIntoFuture_Conversation01_NPC01	啊！吓我一跳。嘿，别开枪！
QuestLoc_GoingToTown_3_Question3_Choice2	我们只是想杀你老板。
Tutorial_Tip_22	离发电房间最远的房间将最先关闭。
SnipSnipDialog_Wasteland_9	我的内部指南针显示我现在正朝东。看来我该朝这个方向飘……
Speech_Conversation_NPC2_Topic39_Response1	我的天啊！谁能做出这样的事！*饱嗝声*
Title_StartingQuest	开始任务！
NukaQuantum_Shop_Title_Case	一小箱
QuestLoc_RevengeoftheGeeks_QuestName	书呆子的复仇
QuestLoc_SecondStringers_Conversation_1_Team_1	这个超级奖杯是什么东西？
Weapon_Name_Flamer_Hardened	硬化型火焰喷射器
Outfit_Description_MechanicJumpsuit	废土上堆满了各种残骸。是时候开始工作了。
QuestLoc_SpringingtheTrap_Conversation_3_Team_3	是什么让这只发光辐射蝎这么特别？
QuestLoc_DartofHarkness_RaiderLine_2	我能和经理谈一下吗？
QuestLoc_WhenLifeThrowsYouaCurveball_QuestShortDescription	寻找罗基·杰宾森的棒球衫。
Outfit_Name_LabCoat_Expert	专家实验室外套
VictorDialog_Wasteland_41	这里看起来以前是个农场。如今可是正当踏实的营生。
Outfit_Description_WilzigsTravelwear	干净、做工精良。绝对会在废土上引人注目。
QuestLoc_FoodFight_Conversation_1B_NPCEnd_1	嗯……不对。我觉得你来这里是为了自杀。
QuestLoc_PoweredUp_Conversation_1_NPCStart_2	在找宝拉·普朗布金是吗？她的确来过这里。
Title_Flee_Failed	失败
QuestLoc_LittleRedRadiumHood_QuestObjective_1	拯救送货人。
Outfit_Name_VaultSecurityOutfit	避难所保安制服
Outfit_Description_MilitaryJumpsuit_Commander	战场在你的掌控之下。有何命令？
QuestLoc_GetinLine_QuestShortDescription	和大无敌超市里的掠夺者战斗。
QuestLoc_OurCupsRunnethOverWITHFAILURE_QuestLongDescription	这是真的吗？有人想出了一个方法来创造如此强大的水，它可以治愈任何疾病，提高作物产量，并修好门？315号避难所的人应该知道更多！
Junk_Name_YaoGuaiHide	妖怪熊皮
QuestLoc_ParleyTime_Conversation_2_NPCStart_2	这不太公平，不是吗？所以我会让你过的。
QuestLoc_SetEmUpPestilence_Conversation_1_Team_1	事实上我们已经在这儿了，我们有话要对负责人说。
SnipSnipDialog_Wasteland_70	一扇锁着的门，但是我却没带开锁用的发夹。
Message_Tutorial_SpinToWinSpin_Xbox	{选择}按下按钮，转！那！个！盘！
QuestLoc_HerestoYouRackieJobinson_Conversation_2_NPCEnd_3	亨丽埃塔？！我早该猜到这和那个糟心的女人有关！
QuestLoc_TruthAmongtheAshes_Conversation_1_NPCStart_1	啊哈！是监督者帕特尔的日志。这段是什么……
QuestLoc_GasNGo_Conversation_1_NPCEnd_2	我保证你会得到很多的铅！
Title_NothingToRedeem	没有可兑换的物品
Speech_Conversation_NPC2_Topic23_Response3	对吧？不过给我什么都不换。
Pet_Description_lykoi_b	那些耳朵能听到你在一英里外喂猫食。
Outfit_Description_VaultSecurityOutfit	有时候，除了备忘录，还需要更多手段来加强避难所的安全性。
QuestLoc_PetPeeve_Conversation_1_NPCEnd_4	不在，掠夺者把他们带到了核子可乐工厂。
Outfit_Description_WandererArmor_Sturdy	废土经典款，为英雄主义而强化。
Speech_Kid11	等我长大了，我要去探索废土！
QuestLoc_AllsFairinLoveandNuclearWar_Conversation_2_Team_3	切，在332号避难所有那么多单身汉，成吨呢。
QuestLoc_SpyonRaiders_Conversation_1B_NPCEnd_1	敢叫我傻瓜？你们死定了！
Encounter_Random_Message140	探险家日志。新条目：瓶盖成了通用的货币。
QuestLoc_SpringingtheTrap_Conversation_2_NPCStart_2	我希望这里的“害虫”不会给你带来太多的麻烦。
QuestLoc_BountyBash_QuestLongDescription	一位叫“暴击”的掠夺者首领树敌无数。取下他的人头去领赏金吧！
Room_SuperRoom2_Desc	将居民分配在这里训练耐力
Speech_Quest_Generic_Dweller_Conversation_6	有什么想法吗？
QuestLoc_GobbleGobbler_Conversation_1_NPCEnd_1	我想我有点东西。反正我也不敢用。
QuestLoc_S2_QL3_Q2_Handy_Question5_Choice1	你看起来很在行。你知道它们为什么会失控吗？
Erase_Save_Slot_Double_Confirm	此避难所里任何从午餐盒里得到的物品都会永远消失。您确定要删除吗？
Objective_SellItem_Plural	卖{0}件武器或装备
QuestLoc_RockThemLikeAHurricane_QuestObjective_1	杀死发光辐射蝎。
cloud_newer	更新的
QuestLoc_DeathclawDeeLite_3_Question2	这是死爪的蛋……我们该怎么处理？
Achievement_Xbox_Name_09	家装设计师
Speech_Eviction_12	等等，等等等等。等一下，好吗？一定是哪里搞错了！
QuestLoc_ThirdandGoal_Conversation_1_NPCEnd_2	我的季后赛跑才刚刚开始，我会一直跑下去的！
QuestLoc_GameShowGauntletE_Conversation_2_NPCEnd_4	真的，那就是你的答案？唉，我觉得你还是直接……“掉脑袋”吧！
VictorDialog_Cafeteria_01	我自己倒是用不着吃东西。不过我超爱做饭！
QuestLoc_LittleMissWasteland_QuestShortDescription	参加废土最有名望的选美比赛。
QuestLoc_CrossingPaths_Conversation_1_Team_3	我从来就不是当士兵的料。
Encounter_Random_Message90	起风了……
QuestLoc_CollectorsEdition_Conversation_2_NPCStart_1	啊，你一定是买家。
QuestLoc_Homerun_QuestObjective_1	寻找罗基·杰宾森的棒球衫。
QuestLoc_MaskHysteria_QuestObjective_1	在工厂里找到扮鬼的服装。
QuestLoc_MondayNightBrawl_Conversation_3_NPCEnd_3	你试过用断掉的手指捡起自己的牙吗？
QuestLoc_S2_QL2_Q3_Req_Question4_Answer1	天哪！我可怜的宝贝们！总是被误解。走！走！让我一个人哀悼吧，你这个怪物！
QuestLoc_SpyonRaiders_Conversation_3C_Team_1	对，我们想要一些新武器！
QuestLoc_ArmsRace_Conversation_1_NPCStart_3	还是说你们更喜欢瓶盖？
QuestLoc_OperationSandman_QuestShortDescription	潜入144号避难所阻止居民唤醒“死亡”。
QuestLoc_BrotherhoodOfFeels_QuestLongDescription	旅行者告诉我们，有一小队前钢铁兄弟会成员在该地区建立了一个某种类型的公社。显然，他们成功地让幸存者、尸鬼和掠夺者和谐地生活在一起。去调查这个社区，看看传言是否属实。这些人有可能成为很好的盟友和贸易伙伴。
QuestLoc_DeathclawDeeLite_QuestLineName	死爪迪莱特
Encounter_Progression_JustStartedTier1_10	来吧，废土！我来了！
Button_Cancel	取消
QuestLoc_GameShowGauntletE_Conversation_1_NPCStart_1	欢迎来到“掉脑袋”的世界！
QuestLoc_WhosCarvingtheTurkey_Conversation_1_NPCEnd_1	当然是鼹鼠！但我让它看起来像个火鸡。
QuestLoc_TheScenicRoute_Conversation_1_NPCStart_1	我没有迷路！我只是，呃，选了一条风景优美的线路。
Room_ClassRoom_2	学校
VictorDialog_Generic_12	有什么需要，别犹豫，尽管来找老维克。
QuestLoc_DeathandDenial_Conversation_5_NPCStart_4	它配得上我这一排勋章。
QuestLoc_AWinningSeason_QuestObjective_1	寻找罗基·杰宾森的棒球衫。
QuestLoc_GroomforDoubt_Conversation_2_NPCEnd_2	啊，这么可爱，我几乎想让你活着了。几乎。
Encounter_Defeat_Creature13	这只看门狗看来是真不想让我过，还是后撤吧。
Encounter_Random_Message204	南部有枪声。我应该往北。
QuestLoc_GameShowGauntletB_Conversation_1_NPCEnd_2	哦！差得远呢。我想你要……“掉脑袋”！
QuestLoc_GameShowGauntletC_Conversation_4_NPCStart_1	现在到了最后回合。
Stats_Weapons_Crafted	打造的武器
Speech_Quest_Generic_Dweller_64	这里的卫生条件真是恶劣透顶。
QuestLoc_GoingToTown_QuestLineName	进城去
Weapon_Description_PulseRifle	尖端的战前进攻电子设备。
Message_TutorialPopup_24_Body_Part2_Xbox	按下来停止箭头。它们越靠近，造成的伤害倍率就越高。
QuestLoc_SpelunKingTrainingD_Conversation_2_NPCStart_1	冠军就是这么做的！
Weapon_Name_HardenedTranqPistol	加固的麻醉枪
QuestLoc_WastelandDoctoring_QuestName	废土医生
QuestLoc_TheThinlyVeiledPlotThickens_Conversation_1_Team_1	“号角男孩”？
QuestLoc_SpelunKingTrainingF_Conversation_1_NPCEnd_1	那就让该发生的都发生吧！
QuestLoc_GameShowGauntletI_Conversation_4_Team_1	感恩节。
QuestLoc_SpringingtheTrap_Conversation_3_NPCStart_3	你必须告诉我的编辑我找到了什么。“瘟疫”不是和“战争”一样的人！
QuestLoc_RobotHood_QuestObjective	与强盗对峙
QuestLoc_12PointBuck_QuestObjective_1	杀死领头死爪。
QuestLoc_SpelunKingTrainingB_Conversation_1_Team_2	那我们就只好现在就挠挠你们这些想当忍者的家伙了。
Stats_PetBreeds_HavanaBrown	哈瓦那猫
MrHandyDialog_Generic_21	讲笑话时间！把根汁啤酒“开平方”，会得到什么？——啤酒！哦，我能把自己笑死……
QuestLoc_AllsFairinLoveandNuclearWar_Conversation_2_NPCStart_1	不好意思了兄弟，让你这么远白跑一趟。
QuestLoc_ScienceCooperative_Conversation_1A_Team_3	这个地方真不适合搞激光枪研究。
Room_UltraciteWeaponFactory_2	辐射极琉矿武器工厂
Speech_Room_DeadDweller_Storage	我倒是想亲自处理这具尸体，可那味道恐怕有点儿受不了。
Help_Page04_Title	死亡居民
Encounter_Message_Repeatable_JunkLocation3	一个被辐射污染的湖。
QuestLoc_SynthsforSale_QuestObjective_1	拯救合成人！
QuestLoc_SpyonRaiders_Conversation_1A_NPCEnd_2	哇，我能感受到那怒火。好吧，我们上！
QuestLoc_FriendlySettlement_Conversation_2B_NPCStart_1	冷静点，“光滑皮肤”们。我们知道自己的样子，但我们爱好和平。
MrHandyDialog_Fitness_01	啊，有氧运动。真是个有趣的概念。
SnipSnipDialog_Wasteland_91	这栋建筑真高。人类非常擅长建造宏伟的建筑，然后再摧毁它们。
Objective_ExtinguishFire	成功扑灭1次避难所火灾
QuestLoc_SpyonRaiders_QuestShortDescription	派遣一些伪装好的居民去掠夺者营地当间谍！
QuestLoc_DartofHarkness_QuestShortDescription	会见安保长官哈克尼斯。
QuestLoc_Dog_Conversation01_NPC01	来吧，我们得找到那条狗，威尔齐格可能不够！
QuestLoc_SynthinaPinch_QuestObjective_1	拯救被绑架的合成人。
QuestLoc_GhoulSupplies_Soliloquy1_3	好吧，继续走。
QuestLoc_NoStoneUnturned_Conversation_1_Team_1	很乐意帮忙。队伍的其他人去哪里了？
UnlockRoom_Nuka	您的避难所有{0}位居民
Speech_LivingQuarter_PickupLines_29	我们是在一架飞鸟上吗？因为我的心好像起飞了。
Outfit_Name_RottedDuster	尸鬼大衣
Junk_Desc_DeskFan	很擅长隔离废土的热气，如果它还能工作的话。
SnipSnipDialog_Wasteland_78	这个方向看起来……嗯，看起来很糟糕。但其他方向又有什么不同呢？
Stats_PetBreeds_CattleDog	牧牛犬
Theme_Name_Anniversary_Diner	派对餐厅
QuestLoc_RobotHood_InitialDialogue	为了我们快乐的机器人团伙！
VictorDialog_Generic_08	你好啊，搭档！今晚真不赖，是不是？
QuestLoc_S2_QL3_Q3_Insider_Question3_Line1	到处都是保安机器人零件。有很多战斗抑制器垫圈……
Weapon_Description_FatMan_Guided	便携式核弹，准确引导直达目标。一个字，好！
QuestLoc_Aquaschema_Conversation_1_NPCStart_1	你拿下了科鲁迪博纳兹和他的团伙？我猜他们再也不敢叫我们“傻子”了……
QuestLoc_ItsnotEasyBeingGreen_Conversation_1_NPCStart_1	帮助我们，居民们。我们的社会正在尸鬼化！
QuestLoc_TheMysteryofVault666_Conversation_1_NPCEnd_4	每个人都是一个批评家。
QuestLoc_ScienceCooperative_Conversation_1C_NPCEnd_2	是的！我最近研制出几款新的化合物。一起来看看吧！
Help_Page28_Title	打造
Stats_PetBreeds_Boxer	拳师狗
Outfit_Description_MilitaryJumpsuit_Officer	对于发布命令，或自己战斗来说都很棒。
QuestLoc_BoogieWoogieBugleBoy_QuestName	摇滚少年号角男孩
QuestLoc_GoingToTown_1_Question3_Choice3	这是一台能用的相机吗？！
QuestLoc_WastelandDoctoring_Conversation_1_NPCEnd_1	你救了我们，拿着，你值得得到所有我们拥有的东西！
Speech_Quest_NotAlone_Dweller_9	真高兴能和伙伴们一起来这儿！
NewVegasB_Description	新维加斯需要你的关注，监督者。建造新避难所以保护并支持避难所科技在该地区的盟友。招募关键人员，消灭所有敌对势力，让新维加斯的灯塔在整片废土上熊熊燃烧！愿幸运女神对你微笑！
QuestLoc_ExtremePrejudice_RaiderLine_1	别担心，这不会花很长时间。
QuestLoc_ArghMatey_Conversation_1_NPCStart_1	人死了就无从对证了。
Vaultboy_Message_EnergyWarning	电力不足
Privacy_Legal_Link	https://documents.bethesda.net/en/privacy-policy
QuestLoc_OBrother_Answer04_PC01	我会帮你保守秘密的。
QuestLoc_DuoofDestructionAlphaDeathclaws_QuestLongDescription	两只领头死爪决定把旧的格罗顿仓库当做他们的家。太可怕！是时候拿出大家伙（枪）了！
QuestLoc_AnybodyHome_QuestLongDescription	当你在废土探险的时候发现了一个小屋。也许你该看看里面有什么。
QuestLoc_LastInningOrnot_Conversation_2_NPCStart_3	他去了旧办公楼那里检验他的勇气。
QuestLoc_VaultTecExperimentReviewC_Conversation_2_NPCStart_3	你们能发誓在我们的城堡里活动的时候，能做到这几点吗？
Rarity_VeryRare_Title	非常稀有
QuestLoc_AlienBotQuest06_Conversation_2_ED_4	我是埃德，在遭到辐射变异之前，曾经是这儿的工程师。
QuestLoc_RoboRampage_QuestObjective	摧毁攻击机器人及其手下！
NukaQuantum_Shop_Title_SixPack	六瓶装
Stats_Power_Collected	收集电力
QuestLoc_NoRestfortheWicked_Conversation_2_NPCStart_4	这看来是明摆着的事。所以，呃，我们开打吧？
Message_NeedOverseerOffice	您必须先建造监督者办公室才能打开任务列表。
Speech_Quest_Generic_Dweller_35	这地方真压抑。
QuestLoc_SpyonRaiders_Conversation_1A_Team_2	我们是废土上最邪恶的掠夺者！别挡路！
Encounet_Progression_Creature10	妖怪熊逼近，准备攻击。
QuestLoc_GameShowGauntletB_Conversation_4_Team_4	狗肉。
Encounet_Progression_Location14	一只死爪把博物馆变成了它自己家！
Speech_Eviction_15	你会后悔你赶走了我！后悔！
QuestLoc_SpyonRaiders_Conversation_3A_NPCEnd_3	我想“碎骨者”总会有些多余的物资。拿着然后走吧！
Encounter_Message_Creature20	一只令人厌恶的多脚兽。
GameSettingsPC_Save	保存
QuestLoc_LittleRedRadiumHood_Conversation_2_Team_1	这怎么回事？我们听说你色眯眯地盯着我们的送货姑娘看。
Speech_Room_SomeoneUnhappy2	不是吧？非得跟你一起共事？
Speech_LivingQuarter_Dialogue_NPC2_7	有时我会想象自己没有和一个疯子生活在一起。
Speech_Generic_Dweller39	每个人都过得很好吗？当然好了！
Tutorial_Tip_26	当掠夺者入侵时，闪烁的资源条意味着他们正在窃取您的资源！
Title_Redeem_Code	兑换码
Message_QuestSkipNukaQuantum	想用{0}瓶量子核子可乐来跳过任务吗？
Tutorial_Tip_25_Switch	按下右摇杆，选中居民来查看更多关于SPECIAL属性的细节。
QuestLoc_SpelunKingTrainingB_Conversation_1_NPCEnd_2	为部落而战！
CodeOfConduct_ButtonText	行为准则
Encounter_Random_Message164	探险家日志。新条目：杂物无处不在，但有多种用途。
QuestLoc_CheerfortheGhouls_Conversation_3_Team_3	瓶盖永远不会嫌多。
Wasteland_ForRadiation	辐射
QuestLoc_ReleasetheRaiders_Conversation_1_NPCEnd_1	在被窝里？！我们才刚刚认识！
QuestLoc_RobotHood_Conversation_1_NPCEnd_4	嗯，这也可以，只要他们同意公平交易。
QuestLoc_ScareTactics_QuestName	恐吓战术
Pet_Description_sphynx_l	它认为自己是女神。也许它并没有错。
Speech_Room_DeadDweller_Casino	唉，俗话说得好——身外之物，生不带来死不带去。
Weapon_Description_JunkJet_RecoilCompensated	当你喷射这个坏家伙时，请站稳了。
QuestLoc_SetEmUpPestilence_Conversation_3_NPCStart_1	我们所要的，无非是要把“瘟疫”的荣光，传遍废土。
QuestLoc_GameShowGauntletJ_Conversation_2_NPCStart_1	我们现在进入第二回合。
QuestLoc_MyMetalPony_QuestName	我的小铁马
Encounter_Random_Message32	很难想象人们真的住在这种地方。
QuestLoc_SetEmUpFamine_Conversation_2_NPCStart_3	这些饥肠辘辘的人真是一根筋。话说回来，我自己也有点饿了……
MrHandyDialog_Generic_25	今天的日程是什么？拖地、做饭、除尘、带孩子？放马过来吧，人类！
Weapon_Description_BBGun_Enhanced	小心！这个宝贝可能会破坏你的皮肤。
QuestLoc_Vault789_QuestShortDescription	是时候拜访下789号避难所了！
QuestLoc_VaultTecExperimentReviewB_Conversation_3_NPCStart_1	大家好呀，各位避难所的居民们。
Controls_Xbox_Footer_ReverseOrder	反转顺序
QuestLoc_DeathandDenial_Conversation_6_Team_2	你和你父亲相处得好吗？
Speech_Generic_Dweller3	事情看起来不错。
SurpriseQuest_Button_ReturnToWasteland	返回废土
Outfit_Description_InstituteJumper	因为即使是合成人也喜欢在家放松。
QuestLoc_CoveWatch_RaiderLine_2	一群废物……抓住他们！
QuestLoc_DogGone_Conversation_2_Team_4	恐怕你大错特错了。它甚至都不是我们的狗。
QuestLoc_HoneymoonHorror_Conversation_1_Team_1	做好你自己的事。把那些治疗针交过来吧。
Speech_Eviction_24	至少现在我可以拥有自己的家了。
Speech_Room_SomeoneUnhappy_WaterPlant	要是我们有技术能清除……你这个杂质……就好了。
QuestLoc_SavingDaylight_QuestLongDescription	我们需要赶在神父阿尔瓦拉多和原子之子的教会引爆那枚2000万吨级的核装置之前阻止他们，否则整个地区都会被蒸发！
Encounter_Random_Message158	探险家日志。新条目：超级变种人块头很大。巨兽型就更大了。
Help_Page20_BottomText	提示：尝试将居民多拖拽至几个不同的房间，看他/她最适合在哪里工作。
Message_Quest_MaxTeams_MaxLevel	您派去执行任务的小队数量已达上限。
Message_TutorialPopup_17_Title	宠物
QuestLoc_VaultTecExperimentReviewE_Conversation_2_NPCStart_1	这个避难所都是为幸运女神而存在的！
Message_Tutorial_04_Switch	您可以在{建造区域}建造{房间}。 使用{左摇杆}选择一个{建造区域}，再{按下}以确认。
QuestLoc_RadroachRoundup_Conversation_1_NPCEnd_1	是的，他们说他们是“害虫”。你们可以再说一次！
QuestLoc_RockThemLikeAHurricane_QuestName	风卷残云
Speech_Room_LoveJob_Medbay	我要是治不好你，那就没人治得好了！
QuestLoc_S2_QL3_Q4_Warehouse_Question5_Answer1	什么？我们以为拆掉垫圈没什么影响……我们做了什么？完了。
QuestLoc_ScienceCooperative_Conversation_1B_NPCEnd_2	对呀！快来看看我最近在做的小项目。看这里！
SnipSnipDialog_Wasteland_3	当然。派个家务佣人去致命的末世废土。还能出什么岔子呢？
QuestLoc_MissionofMercy_QuestShortDescription	前往390号避难所拯救“麦克森硬汉小队”。
QuestLoc_TheAbyss_RaiderLine_4	为什么要建这样的地方？这没有道理。
Weapon_Name_ElderLaserPistol	里昂长老激光枪
MrHandyDialog_Reactor_01	哦对了，一起来开发原子能吧。上次开发原子能的结果可真是太棒了……
QuestLoc_HighSteaks_QuestName	高风险
QuestLoc_UninvitedGuests_Conversation_1_NPCStart_1	这是一个私人晚宴聚会！
Weapon_Description_SniperRifle_ArmorPiercing	干掉士兵，还有他乘坐的那架垂直起降机。
QuestLoc_Test_QuestShortDescription	完成测试。
QuestLoc_DeathRevealed_QuestObjective_2	听三狗的广播。
QuestLoc_PaulasinaPickle_QuestName	宝拉被困！
QuestLoc_TheSpiritofTaking_Conversation_1_NPCEnd_2	真的吗？谢谢！我一直都很想住在避难所里。
QuestLoc_FriendlySettlement_Conversation_2C_Team_2	我们需要一些新的装备。
Stats_PetBreeds_Husky	哈士奇犬
Speech_LivingQuarter_PickupLines_9	你是如此的甜美。
SnipSnipDialog_Wasteland_36	我想回家，我想回家，我想回家。
Outfit_Description_jump	避难所时尚终结者的宣言。
QuestLoc_WorkingOvertime_Conversation_1_NPCStart_4	现在里面的每个人都变成狂尸鬼了！
QuestLoc_SpyonRaiders_Conversation_1C_NPCEnd_1	你说什么？杀了他们！
QuestLoc_ArghMatey_Conversation_1_NPCStart_2	让我们把他们丢去喂鱼吧！
Outfit_Description_ScientistScrubs_Commander	当你发布命令的时候，人们会激动得跳起来。很高。
QuestLoc_TheEndoftheRainbow_Conversation_1_Team_1	你不是尚恩的肌肉吗？
QuestLoc_AlienBotQuest02_Conversation_3_PC1_3	我们要找的东西都找到了。走吧，回家！
QuestLoc_ByHookorbyCook_Conversation_1_Team_1	烂食物，烂服务……这地方我给一星评价。
MrHandyDialog_Wasteland_58	一个恐怖的森林小径？这诱惑真是难以抵挡。
QuestLoc_AlienBotQuest02_Conversation_2_PC1_2	他们藏着的可不止是气球和彩带。
Speech_Quest_Loot_Dweller_33	这个应该还可以。
QuestLoc_RubarbsReckoning_QuestObjective_3	杀死掠夺者部下。
Message_TutorialPopup_15_Body_PC	您可以点击居民打开居民信息面板来给他们配备武器，装备和治疗用品。
Tutorial_Tip_49	一层只能分配一个巧手先生。（避难所科技规定）
QuestLoc_SpelunKingTrainingA_Conversation_1_NPCEnd_1	是啊，随你们怎么说。等比赛结束，你们就会明白你们比谁差了。
SeasonModal_LeaderboardColumnHeader_VaultScore	避难所评分
QuestLoc_ASpecialBrand_QuestShortDescription	我们在旧仓库里开派对！也许那边会有线索……
QuestLoc_TheCaseoftheCapturedCanine_Conversation_1_NPCEnd_4	因为我父亲把我养得好！还有，我的杏仁核还算完好。
QuestLoc_MatterstoSettle_QuestObjective_2	拯救居民。
Theme_ShortName_Minutemen	义勇军
Pet_TurkishVan	土耳其梵猫？
QuestLoc_InShiningArmor_QuestName	闪耀的护甲
Speech_Quest_Alone_Dweller_10	真希望有人能帮我。
QuestLoc_HumansLikeUs_Conversation_2_NPCEnd_2	哈哈，“带我们去见你们的领导”——这个幽默的文化梗我可听懂了。
Encounter_Progression_JustStartedTier1_3	我不会走得太远，以防万一。
Speech_Quest_Generic_Dweller_Conversation_19_Response_2	我感觉棒极了！你该多去去健身房。
QuestLoc_MondayNightBrawl_Conversation_3_Team_2	希望你早就做好了死的准备，贝纳斯基，因为这一次你是逃不掉的。
QuestLoc_ASpecialBrand_Conversation_2_NPCStart_3	我们掠夺者才不搞结婚戒指那一套……这对夫妇互相给对方烙上印记。
Speech_LivingQuarter_PickupLines_18	你的眼睛很美。
QuestLoc_GameShowGauntletA_Conversation_4_Team_4	你的妈妈。
Speech_Radio_LowCharisma1	我不认为有人在听。
Message_Quest_DeadDweller_RemoveAll_Warning	您将失去您死亡的居民。您确定要移除全部吗？
Attention	注意
Encounter_Random_Message74	我会继续走这条路。
QuestLoc_RaidingParty_Conversation_3_NPCStart_2	哈哈哈哈！
QuestLoc_MyWeirdScienceProject_QuestName	奇怪的科学项目
QuestLoc_ClearingAPath_Conversation_1_NPCEnd_1	去清理掉840号避难所那些讨厌的尸鬼怎么样？祝你们好运，战士们！
Tutorial_Tip_29_Xbox	每天您可以通过按下来跳过1个目标。
Encounter_Random_Message162	探险家日志。新条目：块头大不一定就好。瞧瞧蟑螂和蝎子。
Title_MainMenu	主菜单
QuestLoc_GameShowGauntletE_Conversation_3_Team_2	修补匠蒂姆。
QuestLoc_TheHauntingofVault110_RaiderLine_1	一只鬼！快看！
Pet_Description_germanpointer_b	经典的狩猎犬。现在很好地适应了地下生活。
QuestLoc_WastelandTheMusical_Conversation_3_NPCStart_4	♪ 我们是坏蛋，一点没错 ♪
♪ 唱起我们的歌，我们会杀了你！♪
QuestLoc_AtDeathsDoor_Conversation_2_NPCStart_1	不知怎么的，我觉得领头死爪并不是“死亡”。这算是预感吧。
QuestLoc_GasNGo_Conversation_1_NPCEnd_4	你哪儿也别想去！
QuestLoc_TheSecretofREDACTED_Conversation_1_NPCEnd_3	嘘，小声点……给，你需要这个。北极光神殿教！
Room_UltraciteMining	辐射极琉矿矿场
QuestLoc_FoodFight_Conversation_1B_NPCStart_1	你来这里是给柜子摆满货物的吗？还是为了被杀掉？
Message_Tutorial_SeasonalQuestDetails	完成{赛季任务}可获得额外{筹码}，并招募更多{赛季居民}。
Objective_VaultHappiness_Plural	保持避难所{1}开心了{0}小时。
Speech_Quest_Generic_Dweller_Conversation_17	你见过监督者吗？
QuestLoc_Test_Conversation01_Answer01NPC	您完成了测试。
Room_Elevator	电梯
QuestLoc_TheBansheesKeen_Conversation_2_Team_3	先把武器给我们，我们就让它停下来。
Message_TutorialPopup_24_Body_Part2_PC	再次点击来停止箭头。它们越靠近，造成的伤害倍率就越高。
QuestLoc_DartofHarkness_Conversation_2_NPCEnd_2	拿着这个武器！我叫它“飞镖”，别问为什么。
QuestLoc_TheSixthSun_Conversation_3_NPCEnd_1	为什么？他找到了吗？如果是这样，我们都完了！
QuestLoc_TheCaseoftheQuantumCreeper_Conversation_2_NPCStart_1	等等！
Message_Tutorial_54	现在{选择}{地图图标}。
Pet_Description_englishmastiff_l	我们需要一个更大的狗床……
Speech_Conversation_NPC2_Topic23_Response2	可不是么。在避难所里的日子，你懂的。
LunchBox_Card5_Title	卡牌5几率：
QuestLoc_OnlyHuman_Conversation01_PC02	咀嚼什么？不，离我远点，怪胎。
QuestLoc_StopthePresses_Conversation_1_NPCStart_2	不仅如此，我还会发布你们避难所的名字和地点。我的掠夺者朋友们会把你们生吞活剥的！
QuestLoc_GameShowGauntletE_Conversation_1_NPCEnd_4	感觉你根本就不想要保住脑袋啊。那就拿下它吧！
QuestLoc_BountyOlOneEye_Conversation_1_NPCStart_4	你把它拿下，这儿有奖励给你。
QuestLoc_ThirdandGoal_Conversation_1_Team_1	怎么了？柯米什？觉得有点……泄气？
QuestLoc_TheHauntingofVault110_Conversation_1_NPCStart_1	我的天，怎么没人告诉我这个避难所闹鬼？！
Message_Tutorial_10_Xbox	现在将第二个{居民}分配到{发电室}。记得{移动}至{废土}，然后{按住}来拖住他们。
QuestLoc_HeresthePitch_QuestObjective_1	寻找罗基·杰宾森的棒球衫。
QuestLoc_S2_QL2_Q1_Doc_Question1_Line1_Choice2	这是抢劫！
QuestLoc_SpelunKingTraining_QuestObjective_2	和其他洞穴探险竞争者见面。
Encounet_Progression_Creature33	一只巨型辐射蝎？普通的就已经够可怕了！我这回可能要完蛋了！
QuestLoc_HostageNegotiations_Conversation_1_NPCStart_3	现在他们直接就朝我来了！
QuestLoc_SpyonRaiders_Conversation_2E_NPCEnd_4	你……什么？叛徒！杀了他们！
Speech_Quest_NotAlone_Dweller_35	你没带饱饱牌肉罐头出来吧？那又咸又可口的饱饱牌肉罐头……
QuestLoc_DeathRevealed_Conversation_3_NPCEnd_2	我们是“死亡”的警钟！
QuestLoc_WalkofShame_Conversation_1_NPCEnd_1	他们往西边去了— 他们可能已经离开了红火箭。从这往北一英里。
QuestLoc_GameShowGauntletG_Conversation_1_NPCEnd_2	叮叮叮！你答对了！
Weapon_Description_CombatShotgun_Rusty	子弹走火不用急，还有五枚帮助你。
QuestLoc_JustDeserts_Conversation_5_Team_2	“瘟疫”装甲（耐力/魅力/智力/敏捷+4）
Speech_LivingQuarter_Dialogue_NPC2_5	如果你这样说的话。
MrHandyDialog_Wasteland_71	哦？一个电脑终端。可惜，是为人类手指设计的。
QuestLoc_SpyonRaiders_Conversation_1D_NPCEnd_1	居然敢骗我，你们死定了！
QuestLoc_ReignofRadroachRodney_QuestName	辐射蟑螂罗德尼的统治！
QuestLoc_Astronomical_QuestShortDescription	阻止NCR的首领使用武器。
QuestLoc_TheNightWatch_Conversation_1_NPCEnd_1	先去看看麦克卢尔那边吧。他们是第一批受害的，现在已经种下了第二批当作诱饵了。
Message_Ready	准备
Encounter_Random_Message26	只需要继续前进。
Outfit_Name_RothchildSpecial	罗瑟查尔德学士长袍
Speech_Quest_Loot_Dweller_46	有人管这叫破烂，我管这叫宝贝。
Weapon_Name_RaiderSword	掠夺者的无情剑
QuestLoc_TheDeBuggers_Conversation_1_NPCStart_4	那有多烦人？！
QuestLoc_TheFinalPush_Conversation_1_NPCEnd_2	请自便。拿着，你们比我更适合带上这个。
Outfit_Name_EmpressSpecial	共和国长袍
QuestLoc_DeathandDenial_Conversation_4_NPCEnd_2	哦，她不是尸鬼，她只是非常非常老了。
Achievement_Xbox_Name_16	稍稍剪短点
QuestLoc_CheerfortheGhouls_Conversation_1_NPCStart_2	今年我们尸鬼都很乖哦！
Tutorial_Tip_58	打造稀有和传奇级别的物品分别需要稀有和传奇级别的杂物。
QuestLoc_ANiceGhoulLikeYou_Conversation_1_NPCStart_1	噢你好。你来找零件的吗？
QuestLoc_CrimeSceneInvestigation_Conversation_3_NPCStart_3	我们几个星期没有收到他们的消息了，所以我们就来调查。
QuestLoc_LittleMissWasteland_Conversation_3_Team_1	嗯……是……避难所科技吗？
QuestLoc_TheRedRocketReveal_Conversation_1_Team_2	嚯嚯……情节反转，早该料到。
QuestLoc_Overrun_Conversation_1_NPCStart_3	至少她还懂得放我的宝贝一条生路。
RateUS_BTN_LATER	稍后提醒我
QuestLoc_ScienceCooperative_Conversation_2A_NPCEnd_1	哦不行的，完全行不通！不过还是谢谢你的建议。抱歉我需要时间考虑。
Encounter_Random_Message146	探险家日志。新条目：狂尸鬼跟僵尸差不多。千万要躲开。
Message_Tutorial_UltraciteWeaponCraftingDoubleTapRoom_Xbox	开始打造吧！在{辐射极琉矿武器工坊}上{长按}近距离查看。
Objective_CollectOutfit_Plural	收集{0}件装备
QuestLoc_CheerfortheGhouls_QuestObjective_3	和尸鬼聊天。
QuestLoc_PartyCrasher_Conversation_1_NPCEnd_1	邮箱？不然等我们杀了你之后你再慢慢和我讲？
Encounet_Progression_Creature28	火蚁战士逼近，准备攻击。
Title_Outfit	装备
QuestLoc_DeathRevealed_Conversation_3_Team_3	所以“死亡”正在睡觉，你杀了人来叫醒他。这一点都不疯狂。
SnipSnipDialog_Fitness_02	啊，有氧运动。真是个有趣的概念。
QuestLoc_ScareTactics_Conversation_1_NPCStart_3	我们很抱歉。请不要伤害我们！
Message_TutorialPopup_BuildUltraciteWeaponFactory_Body	是时候反击辐尸人了！

建造辐射极琉矿武器工坊，打造强力的辐射极琉矿武器，保卫您的避难所。
Outfit_Description_BittercupSpecial	对于所有不得不忍受废墟的孩子来说是完美的存在。
QuestLoc_GhostlyGag_QuestName	闹鬼的玩笑
QuestLoc_GameShowGauntletD_Conversation_1_NPCEnd_1	哦！我希望你保护好了你的脖子，因为你即将……“掉脑袋”了！
Speech_Room_SomeoneUnhappy_Energy2	我们在这里做着正经工作。你在这里干什么？
QuestLoc_GasNGo_QuestName	加好油出发
QuestLoc_GoingToTown_1_Question1_Choice2	我需要能方便行动的衣服！
QuestLoc_GameShowGauntletK_Conversation_1_NPCEnd_4	哈哈哈哈哈哈哈哈。现在……准备“掉脑袋”吧！
QuestLoc_ASpecialBrand_QuestName	一个特殊的品牌
QuestLoc_RevengeoftheGeeks_Conversation_2_NPCStart_1	还在这？我猜这种小测验对你来说太简单了吧。
QuestLoc_GameShowGauntletJ_Conversation_1_Team_4	混乱之州。
QuestLoc_CollectorsEdition_Conversation_1_NPCStart_1	你应该待在你的避难所里！
QuestLoc_HeresthePitch_Conversation_1_NPCStart_1	不是这里。但应该不远了。
QuestLoc_ScienceCooperative_Conversation_2D_Team_3	如果你觉得这气味已经很难闻了，那吃起来什么味道，你更不会想知道了。
QuestLoc_GameShowGauntletD_QuestName	游戏秀场的考验
QuestLoc_SpyonRaiders_Conversation_3C_Team_3	能给我们点杂物么？我们想造东西。
QuestLoc_HumansLikeUs_Conversation_3_NPCEnd_3	说的好，哈哈，不过说真的，如果你能留一些的话，我们确实需要雌性的。
SnipSnipDialog_Wasteland_60	试试……这个方向。
Title_Uploading	上传中……
Help_Page21_MainText_PS4	选中居民后，会显示他们的信息。
从这个界面，您可以为您的居民装备武器、装备和宠物，或用治疗针和消辐宁为他们治疗。
按R3可查看他们各自SPECIAL等级的详细信息。
Weapon_Description_LeverActionRifle_Hardened	像旧西部传奇一样放倒那些坏蛋。
Speech_Conversation_NPC2_Topic19_Response2	哦，你是说，呃……那件事？跟那个玩意儿有关的那件？哦，我可听说了。
Weapon_Name_SawedOffShotgun_Hardened	硬化型短管霰弹枪
Speech_Quest_Generic_Dweller_Conversation_28	你在想什么？
QuestLoc_GameShowGauntletG_Conversation_1_NPCEnd_3	哦，很接近了。但还是错。该……“掉脑袋”了！
Encounter_Random_Message131	探险家日志。新条目：路上到处都是废弃的车。没一辆还能开。
QuestLoc_GameShowGauntletJ_Conversation_2_Team_4	一个豪华汉堡。
Weapon_Description_Ripper_Enhanced	穿上法兰绒夹克衫，去找些木材吧。
QuestLoc_ADeliciousTrailofDanger_Conversation_1_NPCStart_1	真是群傻瓜。你们是无法阻止高步勒的！它杀死了我所有的伙伴。
Weapon_Name_Minigun_Enhanced	增强型旋转机枪
QuestLoc_GameShowGauntletI_Conversation_1_Team_3	康科德。
RoomType_Consumable_Description	消耗品说明……
Pet_Description_stbernard_l	不包括核子可乐罐。
QuestLoc_TheScorpionKing_Conversation_1_NPCStart_1	亲爱的乡亲们，他们叫我辐射蝎厄尔！
Speech_LivingQuarter_Dialogue_NPC1_11	有一些空闲时间可以聊天，真是太好了。
QuestLoc_CheerfortheGhouls_Conversation_3_Team_2	我们是时尚达人，所以想要新衣服，拜托了！
MrHandyDialog_Wasteland_64	那是……“叮”？居然真有人朝我开枪？真没礼貌！
QuestLoc_ArghMatey_RaiderLine_2	我们会让你吃不了兜着走。
QuestLoc_ItsnotEasyBeingGreen_RaiderLine_3	加入任何一点那个东西都是罪过……
QuestLoc_WastelandTheMusical_Conversation_1_NPCStart_4	♪ 没事，我不介意 ♪ 你永远不知道会发现什么 ♪
♪ 当你漫游在废土！♪
QuestLoc_FriendlySettlement_Conversation_2A_Team_4	来点杂物怎么样？我们想造点东西。
Achievement_Xbox_Completed_04	完成30个任务
MrHandyDialog_Wasteland_37	我应该回避难所吗？还是太早了？快来个人告诉我该怎么做！
Message_Tutorial_15	现在{点击}{资源图标}来{收集}资源和{重新启动房间生产}。
QuestLoc_OutoftheVaultIntotheShadows_QuestShortDescription	派遣你的军事敢死队摧毁依莱的掠夺者团伙。
QuestLoc_ExtremePrejudice_Conversation_2_Team_2	别开玩笑了……迈克已经死了好几个星期了。
QuestLoc_NoRestfortheWicked_QuestShortDescription	回应监督者扎勒斯基的求救信号。
QuestLoc_TheCatBurglar_QuestObjective_1	阉割偷猫贼。
QuestLoc_Headhunting_Question2_Answer3	求之不得！只要不用再跟这些怪人讲睡前故事，什么都行。
Outfit_Description_BOSCasual	轻便工作服，扈从必备。
Encounter_Message_Creature14	一只火蚁战士。
QuestLoc_TheYolksonYou_Conversation_1_NPCEnd_1	很好，正好没什么其他人了。
QuestLoc_WastelandTheMusical_Conversation_1_NPCStart_1	♪ 就是现在，我站在这里！ ♪ 第一个任务，多么气派！ ♪
♪ 被派往那片废土！♪
Speech_Quest_Generic_Dweller_14	我做这个是为了增长见识，对吧？
QuestLoc_TheBigsbyBrownCase_QuestObjective_2	杀死领头死爪。
QuestLoc_APoorlyThoughtOutPlan_QuestName	一个欠考虑的计划
Encounter_Random_Message88	我看那栋楼以前是……酒店？还是公寓楼？
Weapon_Description_SniperRifle_Enhanced	射击得更远，速度更快。
QuestLoc_CrimeSceneInvestigation_Conversation_1_NPCEnd_1	我说：“让我们的饥饿吞噬你”！
QuestLoc_GetinLine_QuestLongDescription	一位废土探险者发现了一处大无敌超市，但一些掠夺者捷足先登了。赶跑他们，拿走物资。
Alien_Name	外星人
QuestLoc_AWinningSeason_Conversation_1_NPCStart_3	废土丢了个大烂摊子给你，但你仍然勇往直前！
QuestLoc_TheMysteriousDisappearingSpuds_Conversation_1_NPCStart_3	你们应该不是植物学家吧？
Speech_Room_SomeoneUnhappy_Sciencelab	有人告诉过你，你就像一个出差错的实验吗？
QuestLoc_TakeMeOuttotheBallGame_Conversation_1_Team_1	我会挥的。
QuestLoc_S2_QL3_Q2_Handy_Question2_Choice1	算我们走运，这台已经停用了。破解它，看看它藏着什么。
Weapon_Name_AlienBlaster_Destabilizer	“稳定破坏者”冲击枪
QuestLoc_AllWorkandNoPlay_Conversation_3_NPCStart_1	先是掠夺者，然后是死爪。我想是时候辞职了。
QuestLoc_SynthinaPinch_Conversation_1_NPCStart_1	谢谢你们救了我！
Stats_Wasteland_Creatures_Killed	废土生物被杀
Weapon_Name_PipePistol_LittleBrother	“小弟”管道手枪
Alien_Name_Plural	外星人
Shop_Banner_Lunchboxes_2	至少有一张稀有或更高级的卡牌。
QuestLoc_TheReluctantShill_QuestObjective_1	找到水之术士的助手。
QuestLoc_WaroftheNerds_QuestObjective_1	安抚太空旅行爱好者。
Pet_Description_persian_l_2	废土皇后。
QuestLoc_TheReluctantShill_Conversation_1_NPCStart_2	不要误会我的意思，水是好的。他真的有惊人的战前过滤系统。
Speech_Kid12	总有一天我要参加G.O.A.T.测试，然后去上班！
QuestLoc_FriendlySettlement_Conversation_1D_Team_1	把你们的手放在我们能看见的地方。
QuestLoc_OBrother_Answer03_PC01	哦，没问题。我想我们能搞定的。呃，退后。
QuestLoc_BountyBash_Conversation_1_NPCStart_3	你如果拿枪射他，他会发疯的。
QuestLoc_GameofVaults_QuestShortDescription	屠杀暴龙（死爪）。
QuestLoc_VaultTecExperimentReviewE_Conversation_3_NPCEnd_3	行啊，你们把现金拿走吧。
QuestReward_PetCarrier	宠物笼
Outfit_Name_BattleArmor	战斗装甲
Speech_Quest_Generic_Dweller_Conversation_27_Response_2	那是你，我可是玩得很开心！
QuestLoc_SpyonRaiders_QuestObjective_3	同掠夺者交谈。
QuestLoc_MondayNightBrawl_Conversation_1_NPCEnd_2	真是可笑……
Weapon_Name_RustyTranqPistol	生锈的麻醉枪
Objective_ExploreWastelandHours	让一个居民在废土上探险一小时
QuestLoc_RevengeoftheGeeks_Conversation_2_Team_3	我想要的优质东西只有优质牛排。
QuestLoc_ClearingAPath_Conversation_1_NPCStart_1	谢谢你们为我们清除这些丑陋的家伙。
QuestLoc_AlienBotQuest03_Conversation_3_PC2_1	你说的没错，所有门都开着。
Encounet_Progression_Creature44	死爪逼近，准备攻击。
MrHandyDialog_Generic_20	哦，快看，一层灰。毕竟，谁会不喜欢清理人类掉的毛发和皮屑呢。
Theme_Name_Minutemen_Diner	义勇军餐厅
QuestLoc_VaultTecExperimentReviewA_Conversation_3_NPCStart_2	我们用恐怖来做交易。恐怖在这里比瓶盖值钱。
Button_Customize	个性化
Button_Enter	进入！
QuestLoc_GhostlyGag_Conversation_1_Team_3	我是为了你的灵魂而来的！
Help_Page11_Title	训练房间
QuestList_Quests	任务
QuestLoc_VaultTecExperimentReviewF_Conversation_2_NPCStart_1	这个避难所里的所有分歧都是通过摔跤解决的！
QuestLoc_RescueSanta_Conversation_1_NPCStart_2	你们不仅救了我，还救了圣诞节！
MrHandyDialog_LivingQuarters_01	哦，原来“魔法”就是在这种地方变的……
Outfit_Name_DooWopOutfit	杜沃普摇滚乐歌手服
Pet_Description_akita_l	乐意认为它是在负责一切。不然的话还得教它。
QuestLoc_WhosonFirst_QuestName	谁是第一个？
Objective_KillCreature	在废土上杀死1个生物
Title_Build	建造
Outfit_Name_CombatArmor	格斗护甲
QuestLoc_VaultTecExperimentReviewD_Conversation_1_Team_2	呃……加里？加里，加里？
Junk_Desc_MagnifyingGlass	这个除蚁器大概对辐射蟑螂不大管用。
Pet_Description_doberman_l	大胆且危险，但……真是太可爱了。
QuestLoc_TheCaseoftheLostLunch_Conversation_1_NPCStart_1	等等。你不是尼克。你是来帮忙的？定居点的居民抓走了我的……呃，生意伙伴。说他偷了他们的食物，要杀了他。
QuestLoc_GameShowGauntletF_Conversation_3_Team_1	林肯纪念碑。
QuestLoc_NoStoneUnturned_Conversation_1_NPCStart_2	谢谢你们的帮助。那些辐射蝎把我队伍里其他人都赶跑了。
Encounter_Defeat_NPC8	钢铁兄弟会巡逻队不信任我。他们命令我离开，否则他们会开枪。
Wasteland_Dead_SurpriseQuest	居民在探索一处地点时死亡。
QuestLoc_WalkofShame_QuestLongDescription	我猜我们把杰克卖了换了个宠物，或者杰克把自己卖了或者其他什么鬼。但是他最后居然和一个住在洞穴里名叫凯拉的掠夺者首领结了婚……
QuestLoc_SpelunKingTrainingA_Conversation_1_NPCStart_2	你们真的知道钟乳石和石笋的区别吗？
QuestLoc_TheAbyss_Conversation_1_NPCEnd_2	你应该问我的哥哥，他曾经是这个避难所的监督者。
QuestLoc_SuperDuperTrooper_Conversation_2_NPCEnd_3	好吧，我们不在乎你，所以！
QuestLoc_ThrowMeSomePepper_QuestName	给我一些胡椒！
Speech_Conversation_NPC2_Topic51_Response1	什么都没有呀。你可能有鼻窦感染吧。
Objective_DailyRewards	收集1次每日奖励
QuestLoc_HighSteaks_Conversation_1_Team_3	为什么死爪还没有杀死你们？
VictorDialog_Medbay_01	我想就算人类自我修复的身体也是有极限的。
QuestLoc_SecretWeaponTest_Conversation_1_NPCEnd_2	没门！
QuestLoc_ScienceCooperative_Conversation_2C_Team_2	水没有被摧毁啊。只是从液态变成了气态。
Speech_Room_LoveJob_Agility	没有人比我更努力地训练了。没有人。
QuestLoc_GhoulSupplies_Question3_Choice1	沿着尸鬼的尸体走就没事了。
QuestLoc_ESterisComing_QuestName	复活节来临
QuestLoc_DeathclawDeeLite_2_Question2_Choice2	医生，我们感染了死爪。
MrHandyDialog_Wasteland_68	小孩的木制积木，来自战前。我好奇那个小孩……哦。
QuestLoc_KHAAANNNNN_Conversation_1_NPCEnd_2	算了，可汗放过这个孩子和你们的命。但记住……他会一直看着你们的……
Message_Tutorial_68_Switch	用左摇杆{移动}{居民}到{发电室}然后按下来分配他们。
QuestLoc_ExpressCheckout_QuestObjective_1	搜索大无敌超市。
Objective_Power_Plural	收集{0}电力
Weapon_Description_LeverActionRifle_Rusty	杠杆不太灵活，但仍然是一把坚固的远程武器。
Speech_LivingQuarter_PickupLines_38	你觉得……我能叫你宝贝吗？
Stats_Date_Stamp	自从{0}
Speech_Happiness_Happy9	我的生活棒呆了！
QuestLoc_FonsVivus_QuestName	活水
Room_AdminOffice	行政办公室
QuestLoc_DeathclawDeeLite_3_Question2_Answer1	外科手术级别的精准！
Weapon_Name_GrognaksAxe	古古那的斧子
KeyboardMapping_OpenWindowWasteland	废土
Message_Tutorial_44_Xbox	居民需要干净的{水}来远离{辐射}危害。再次按下来{确认}。
QuestLoc_ASettlerNeedsYourHelp_Conversation_1_NPCEnd_2	经理办公室里有很多物资，可以找找看，说不定有些能用。
QuestLoc_RaidingParty_Conversation_2_Team_2	我知道，老大说过他会把你仅有的一点点也拿走！
MrHandyDialog_Wasteland_72	如果我就这样飘向夕阳，避难所真的会在乎吗？
Wasteland_Title_Ret_To_Vault	正在返回避难所
QuestLoc_VaultTecExperimentReviewD_Conversation_3_NPCStart_1	加里！加里加里！
Weapon_Name_HuntingRifle_Enhanced	增强型猎枪
QuestLoc_CleaningHouse_Question2_Choice3	你有资格做这个吗？
QuestLoc_Astronomical_Conversation3_Answer_NPC01	这是重回正轨的唯一办法。我不会让任何人阻止我。
QuestLoc_TheScorpionKing_Conversation_1_NPCEnd_4	你们的商业建议和态度一样差劲！拿走吧，别烦我！
QuestLoc_LittleMissWasteland_Conversation_3_NPCStart_2	避难所科技，满足避难所的所有需求！听好了：
WastelandItem_Title	拾荒者
QuestLoc_ESterisComing_Conversation_2_NPCEnd_1	我真的不该谈论这个……大约三天。
QuestLoc_GameShowGauntletGlobal_Conversation_1_NPCStart_1	欢迎来到“掉脑袋”的世界！
QuestLoc_NoRestfortheWicked_Conversation_2_Team_4	告诉你吧，还是乖乖把东西交上来，这样我们也不用大动干戈了。
QuestLoc_FoodFight_Conversation_1B_Team_1	嗯……给柜子摆货？
VictorDialog_Wasteland_27	我想是时候随机选个方向，然后出发！
Encounet_Progression_Creature9	妖怪熊正向我冲过来！它把我当成了午餐！
QuestLoc_Astronomical_Conversation4_Answer_NPC02	你找死！
QuestLoc_ItsnotEasyBeingGreen_RaiderLine_2	你知道，也许这些解释了流行病。
Encounter_Random_Message41	真想让其他人也亲眼看看这外面有多糟……
QuestLoc_GoingToTown_1_QuestLongDesc	我们需要一些物资。不如去看看当地的商业中心——自由城——有什么好东西！
Weapon_Name_LaserRifle_Rusty	生锈的激光步枪
QuestLoc_NoRestfortheWicked_Conversation_2_NPCStart_2	我是扎勒斯基。
VictorDialog_StorageRoom_01	这不只是些杂物而已。每件东西都有它自己的故事，搭档。
QuestLoc_FoodFight_Conversation_1D_NPCEnd_1	我的饱饱牌肉罐头！！
Encounet_Progression_Creature31	糟糕！那只狂尸鬼漫游者正摇摇晃晃地朝我过来了！
Weapon_Description_AssaultRifle_Infiltrator	进去，出来，身后留下一堆尸体。
Encounter_Message_Creature21	一个危险的狂尸鬼掠夺者。
Stats_PetBreeds_PallasCat	帕拉斯猫
QuestLoc_RubarbsReckoning_Conversation_1_NPCEnd_4	无薪加班？帮我报名！
Speech_LivingQuarter_PickupLines_39	在这里和你在一起，让我感觉好……特别。
Vaultboy_Message_ScorchedRaidSuccess	胜利！你击退了他们！
QuestLoc_RescueSanta_QuestLongDescription	当我们四处散播圣诞节日气氛时，有人找到了圣诞老人。我们走！
Outfit_Description_DooWopOutfit	当你想去餐厅要一杯奶昔时，这件衣服是你的首选。
QuestLoc_OutoftheVaultIntotheShadows_QuestName	走出避难所，走进阴影中
Pet_Description_germanpointer_l2	有着能找到任何巧克力的灵敏嗅觉，但千万不要让它吃任何巧克力。
Speech_Kid7	也许有人能帮我找到一些棒球卡。
Message_Tutorial_31	请确认已经给您的{居民}配好了武器装备之后再将他们送去{废土}。这将会提高他们存活的概率。
Stats_Rare_Pets	稀有级宠物
Button_BeginQuest	开始任务
QuestLoc_ASpecialBrand_Conversation_1_NPCStart_4	我猜你是为了你们的宠物而来的？
SeasonPass_EndingSoon	赛季通行证即将到期！完成挑战或使用量子核子可乐来解锁奖励。

在高级赛道达到20级即可获得独家武器工坊房间主题，仅限本赛季。
Message_PurchaseFailure	现在无法购买这个商品，请检查您的网络连接然后再试。
Time_Days	天
LunchBox_Content_Card2	普通武器 (37.5%)
稀有武器 (8.8%)
传奇武器 (1.7%)
普通护甲 (41.4%)
稀有护甲 (5.8%)
传奇护甲 (1.8%)
普通宠物 (2.3%)
稀有宠物 (0.6%)
传奇宠物 (0.1%)
QuestLoc_FoodFight_Conversation_1B_Team_2	被杀掉？
Encounter_Effect_Radiation	受到{0}点辐射伤害
QuestLoc_KnockEmDown_Conversation_2_NPCStart_4	加入我！除非你想有一个……我……在你手上。
QuestLoc_TheSecretofREDACTED_Conversation_1_NPCEnd_1	是的，我不这么认为。
Message_Intro_01	祝贺您！ 避难所科技已将您选作第[XXX]号避难所的监督者。
QuestLoc_SantasHelpers_Conversation_3_Team_2	所有的节日气氛都意味着我们可以有一些新衣服。
QuestLoc_ScienceCooperative_Conversation_1C_NPCEnd_1	多么粗暴的态度！我们显然没什么多余的好谈了。
QuestLoc_S2_QL2_Q1_Doc_Question1_Line1_Answer3	还没人排队等到老死……目前没有。
QuestLoc_TheBrothersGrime_QuestName	“污秽兄弟”
Help_Page26_MainText_Switch	任务允许您探索新的地点，遇见新的居民和收集战利品。 

建造监督者办公室，从您的避难所里派出一队居民去完成任务。 

要访问任务列表，在监督者的办公室按或从哔哔小子选择地图图标。

任务列表显示您的可用任务、奖励、需求和状态。 在任务中，通过选择您希望居民前往的房间来探索地点。 

居民在战斗中自动战斗，但您可以命令一个选定的居民攻击一个特定的敌人，只需按住使一个目标出现，然后选择一个敌人。 

当您的居民战斗，他们将显示一个暴击计量器；时机成熟时，一个复选标记图标将出现在您的居民正攻击的敌人身上。

当一个居民被选中后，用左摇杆选择复选标记，然后按住发动致命一击。

按以停止出现的移动箭头，箭头越靠近十字线的中心，您的致命一击的伤害倍数就越高。 

居民的运气属性越高，暴击计量器填充得越快，您的居民观察力越高，暴击箭头移动得就越慢。 

按可以查看主线和支线任务目标。 

当您完成探索后，可通过任务目标界面将任务小队召回避难所。
Turn_Off_Tips	关闭提示
Help_Page07_MainText_Xbox	当您需要新居民时，您可以鼓励您的居民多生育。

- 将一个男人和女人放在宿舍里，看看他们是不是喜欢对方。

- 如果一切顺利的话，女方将会怀孕。

- 过一段时间，怀孕的居民就可以分娩了。一个婴儿的图标会出现在她头上。

- 选择她，然后欢迎一个新生命诞生在避难所。

- 一旦孩子长大，您将拥有一个新居民。
QuestLoc_Filly_Conversation03_NPC01	看来你把那些掠夺者都收拾了！
QuestLoc_OperationSandman_Conversation_4_NPCEnd_4	不知道，但肯定是很厉害的！要不然为什么避难所科技会给我们手册？
QuestLoc_RescueOperation_QuestShortDescription	拯救任何你能救的居民。
QuestLoc_WereBatting1000_QuestObjective_1	寻找罗基·杰宾森的棒球衫。
QuestLoc_GameShowGauntletD_QuestObjective_1	请回答全部问题。
QuestLoc_HostageNegotiations_Conversation_2_NPCStart_3	如果不是你们，还真不知道他们会对我做什么！
Tutorial_Tip_41	想要快速查看在外探索的居民，只需直接点击废土。
Weapon_Description_SuperSledge	配备了实用的小型火箭增速装置，以提升挥击速度，将敌人送上云霄。
Emergency_Raiders	掠夺者袭击
QuestLoc_ThymeisMoney_Conversation_1_NPCEnd_1	牛至，我不是！
MrHandyDialog_Wasteland_6	我的内部指南针显示我现在正朝北。看来我该朝这个方向飘……
QuestLoc_ScienceCooperative_Conversation_2C_NPCStart_1	好极了！来自避难所的新研究员！
QuestLoc_MyWeirdScienceProject_QuestObjective_1	消灭发光辐射蝎。
Message_Tutorial_45_Xbox	{选择}{建造区域}来确认地点。
Weapon_Description_PlasmaPistol_Focused	是的，你只是把敌人变成一个绿色的水坑。干得漂亮！
Junk_Name_GoldWatch	金表
QuestLoc_TheSecretofREDACTED_Conversation_4_NPCStart_2	是我，莫里！走近一点，这样我就能分享[REDACTED]的秘密。
QuestLoc_ALaborofLove_Conversation_1_Team_3	抱歉，我脑子里笑声太大，听不清你在说什么。
QuestLoc_DeathclawDeeLite_2_Question2_Answer1	哦，当然。就用这种毒药喷在你看到的每个蛋上，然后杀掉成年的。对你来说应该很容易！
QuestLoc_ESterisComing_RaiderLine_1	这一切都是为了一些古老的传说……
QuestLoc_LiveDeadDrop_Conversation_1_NPCStart_2	……
QuestLoc_GoingToTown_1_Question1_Answer1	没问题。再没有比NCR游侠更酷的造型了，对吧？
QuestLoc_HumansLikeUs_Conversation_3_NPCStart_1	看，约翰·史密斯，是其他和我们一样的人类同胞，哈哈。
Theme_ShortName_Institute	学院
Message_Tutorial_68_PC	要派遣一个{居民}，{点击}并{按住}居民，然后将他们{拖拽}到一个房间。试试将这个{居民}分配到您刚刚建好的{发电室}里。
Outfit_Name_ComedianSpecial	喜剧演员服
Classroom_Upgrade_Info	加速智力（I）的训练
Speech_Happiness_Parent1	孩子是避难所的未来。
QuestLoc_GuardianoftheWastes:Deathclaws_QuestShortDescription	剿灭死爪。
QuestLoc_CabinWithoutTheWoods_QuestShortDescription	除掉废弃小屋里的尸鬼。
QuestLoc_Headhunting_Question1	避难所来的小家伙，离家挺远吧？
Speech_Quest_Generic_Dweller_1	真是个垃圾堆。
QuestLoc_AThirstforAdventure_Conversation_1_NPCStart_2	阿蒂，阿蒂·摩尔。探险家、拾荒者，还是个全能大牛。
QuestLoc_DogsofWar_QuestObjective_1	和三狗交谈。
Message_Tutorial_SeasonChallenges	完成{挑战}来推进您的{赛季通行证}进度。每周都会解锁新的挑战。
QuestLoc_GhoulInBlack_Answer02_PC01	没事，如果你需要个地方躲起来，我们有个去处。
QuestLoc_HoneymoonHorror_Conversation_1_NPCStart_1	我们是救援小队，但是周围有这么多辐射蝎，我们无法走得更深了！
QuestLoc_AlienBotQuest04_Conversation_3_NPCStart_2	确认避难所科技公司人员身份。
Message_Tutorial_SeasonIntroduction	欢迎来到{赛季}！现在您可以通过完成{挑战}来提升您的{赛季通行证}等级，从而在整个{实验避难所}的生命周期内获得丰厚奖励。
QuestLoc_TheShadowWolf_Conversation_1_NPCStart_2	我的朋友叫我“影狼”，不过你们可以叫我史蒂夫。我猜你们已经听说过“鼹鼠人”了？
QuestLoc_VaultTecExperimentReviewE_Conversation_2_NPCEnd_2	倒霉蛋！
QuestLoc_UninvitedGuests_Conversation_1_Team_1	这里发生了什么？
Message_RoomSkipingTime	另外一个房间正在使用量子核子可乐。请稍后再试。
Encounter_Random_Message18	十字路口。向左还是向右？试试左边吧。
QuestLoc_ALaborofLove_Conversation_1_Team_1	我们选择“不然的话”。
QuestLoc_RainDelay_QuestShortDescription	寻找罗基·杰宾森的棒球衫。
Speech_Generic_Dweller20	不知道避难所里有没有足够的地方玩橄榄球……
Room_Radio_3	广播中心
Stats_PetBreeds_Akita	秋田犬
QuestLoc_PestCaseScenario_QuestShortDescription	前往大无敌超市杀死鼹鼠妈妈。
Encounter_Defeat_Repeatable_JunkLocation5	一个没察觉的刀片陷阱，差点把我的脑袋削下来。还是回头吧。
Encounter_Defeat_Creature3	我没防住这只巨大苍蝇的蛰刺！快跑吧！
Encounter_Victory_Creature14	我勉强杀死了火蚁战士。
Message_NoRush	现在不能启动极速模式。
QuestLoc_SignalFailure_Conversation_3_NPCStart_3	这些尸鬼……他们本来是避难所居民……我到底做了什么？
QuestLoc_RevengeoftheGeeks_Conversation_2_NPCEnd_3	够了。罚你放学留堂一周！
QuestLoc_ESterEggHunt_QuestObjective_1	了解更多有关所谓的核弹。
QuestLoc_GhoulSupplies_CombatInit3	嗷嗷嗷……三角钢琴！
QuestLoc_SpyonRaiders_Conversation_1B_NPCEnd_2	这才像话！请继续。
MrHandyDialog_Generic_17	我会尽我所能支持你们人类肥胖懒惰的生活方式。
Tutorial_Tip_86	您可以在主题工坊中打造义勇军和钢铁兄弟会的主题。
QuestLoc_GoingToTown_1_Question2_Answer1	什么？连草地生蚝都不吃？这东西可不好找！好吧，随便你。
QuestLoc_DuoofDestructionMoleRatBroodMothers_QuestObjective_1	除掉第一只鼹鼠妈妈。
Weapon_Description_Flamer_Burnmaster	做碳烤汉堡的绝佳工具。或者说，烧掉一个掠夺者营地。
QuestLoc_DeathandDenial_Conversation_3_NPCStart_1	你不能把我们关在这里，知道吗？我们有个人权利！
QuestLoc_GroomforDoubt_Conversation_2_Team_3	去死吧！
MysteriousStrangerWindow_ClaimMore	领取更多
Bonus_SurvivalGuide_WastelandItemBoost	废土武器和装备
QuestLoc_S2_QL3_Q4_Warehouse_Question1_Choice3	新的居家办公政策正式生效！
Room_OutfitFactory	装备工坊
QuestLoc_ItsnotEasyBeingGreen_Conversation_3_NPCStart_3	喝很多绿色啤酒。
Weapon_Description_GaussRifle_Magnetron4000	磁铁+科学！=几乎杀死任何东西。不是几乎，是真的任何东西。
QuestLoc_PittStop_QuestName	匹兹堡事件
Outfit_Description_ScarredPowerArmor_Original	就算是超级强化妖怪都很难刮伤它的表面……
CloudActionKeep	保留
SnipSnipDialog_Cafeteria_01	白兰哥？饱饱牌肉罐头？速食薯泥？人类竟然真吃这些垃圾？
QuestLoc_S2_QL2_Q4_Roswell_QuestLongDesc	装备和医疗物资就位，一切准备就绪。不过感觉有什么不对。我们面对的敌人可能不是预期的那个！
Speech_Quest_Alone_Dweller_8	“孤独终老”——我的自传就叫这个名。
Speech_HealthC5	我正走向那道白光……
Weapon_Name_GaussRifle_Rusty	生锈的高斯步枪
QuestLoc_AllSalesFinal_QuestShortDescription	从被感染的大无敌超市中获取原料。
QuestLoc_ALaborofLove_Conversation_1_NPCStart_4	马上清空这个地基——不然的话！
SeasonPass_LetsGo_Btn	出发！
QuestLoc_TooGoodtobeTrue_QuestName	太好了以至于不是真的
QuestLoc_SignalFailure_Conversation_2_NPCStart_3	哦天啊……
Achievement_Xbox_Description_10	在任务中杀死500名敌人
QuestLoc_VaultTecExperimentReviewD_Conversation_1_NPCEnd_1	加里！加里！
QuestLoc_GoingToTown_1_Question4_Answer2	是眼睛……外星人！天空中的眼睛！它们监视着我们所有人的脚步！
QuestLoc_PaulasinaPickle_QuestLongDescription	旧核子可乐工厂里的狂尸鬼把宝拉拖到了一处废弃建筑里。得去救她。
QuestLoc_DogsofWar_Conversation_2_Team_4	“死亡”。但我们还没有想好口号。
MrHandyDialog_Wasteland_4	他们说什么“派机器人去吧”“它不会有事的”。真是一帮蛮子。
SeasonPass_ReturnToMainMenuModal_CancelBtn	取消
QuestLoc_ASettlerNeedsYourHelp_QuestLongDescription	义勇军民兵普雷斯顿·加维被困在肯德尔医院了，医院被狂尸鬼和不知道是什么的可怕东西包围了，快救他！
Speech_Happiness_Parent5	当家长是个重大的责任，好在我特别擅长！
QuestLoc_SpelunKingTrainingA_Conversation_2_NPCStart_2	监督者已经确定要送我们去参加洞穴探险大赛。
Encounter_Victory_Location13	我做的炸药够把这片区域炸个干净！现在我可以继续探险了。
Encounter_Random_Message136	探险家日志。新条目：这里的动植物看起来都挺……怪的。
QuestLoc_GoingToTown_3_Question4	这就是他们生产血清的地方。
QuestLoc_ChristmasattheRaiderCamp_RaiderLine_1	我们好像上了“坏孩子”名单！
Help_Page07_MainText	当您需要新居民时，您可以鼓励您的居民多生育。

- 将一个男人和女人放在宿舍里，看看他们是不是喜欢对方。

- 如果一切顺利的话，女方将会怀孕。

- 过一段时间，怀孕的居民就可以分娩了。

- 点击她头上的图标，会有新的小孩出生。

- 一旦孩子长大，您将拥有一个新的居民。
Login_PasswordDoesntMatch	密码不正确
QuestLoc_HeatoftheKnight_QuestShortDescription	去罗伯科办公大楼支援钢铁兄弟会。
QuestLoc_ALaborofLove_QuestObjective_1	消灭鼹鼠妈妈。
Shop_PetBanner_Text3	更快地完成目标。
Outfit_Name_RiotGear_Sturdy	坚固雇佣兵服
SnipSnipDialog_Wasteland_64	那是……“叮”？居然真有人朝我开枪？真没礼貌！
QuestLoc_LittleMissWasteland_Conversation_6_NPCStart_2	你是射击比赛的唯一幸存者应该能说明点问题。
Speech_FlavorText_TrainingRoom_03	让血液沸腾起来吧！
UnlockRoom_PowerPlant	您的避难所有{0}位居民
Outfit_Name_PolkaDotDress	圆点花纹背心裙
QuestLoc_GameShowGauntletC_Conversation_4_Team_1	雷区。
Speech_Quest_Generic_Dweller_68	去他的核子可乐，我需要来杯烈威士忌。
Objective_CollectOutfit	收集1件装备
Wasteland_DwellerRevived	我活过来了！
Weapon_Name_PlasmaRifle_MeanGreenMonster	“凶狠绿怪”等离子步枪
QuestLoc_GoingToTown_1_Question2_03	……还有双头牛的草地生蚝。莫哈维最棒的！
QuestLoc_HumansLikeUs_Conversation_4_NPCStart_4	他们喜欢杀我们，出于某种原因，哈哈。
QuestLoc_ChristmasattheRaiderCamp_Conversation_2_NPCStart_3	现在，把你们所有的东西都给我交出来！
QuestLoc_ANiceGhoulLikeYou_Conversation_1_Team_3	神秘陌生人？
QuestLoc_ByHookorbyCook_Conversation_1_NPCStart_2	好吧，你可能承受住了我的烹饪……
QuestLoc_ScienceCooperative_Conversation_2A_NPCStart_2	告诉我，哪种光电发射器最适合在激光手术装置中使用？
QuestLoc_ExpressCheckout_Conversation_1_NPCEnd_1	在碎石堆里找到了这个。你要的话就给你。
QuestLoc_CheerfortheGhouls_Conversation_2_NPCStart_1	你是圣诞老人的助手，对吧？
Message_Tutorial_ScorchedTimerOpen	点击计时器，查看下一场{辐尸人突袭}的更多细节。
QuestLoc_OperationSandman_Conversation_3_NPCStart_1	我们听到战斗的声音。发生什么了？
QuestLoc_TheFinalPush_Conversation_1_Team_2	我不是战士！
QuestLoc_SpelunKingTrainingC_Conversation_1_NPCStart_2	我们知道你们是怎么想的。我们能预见你们的每一步。我们控制着你们！
Speech_Quest_Generic_Dweller_Conversation_11_Response_1	正以最高效率运转！算是吧……
QuestLoc_BeatReporting_Conversation_2_NPCEnd_2	也许“饥饿”年纪大了？没有哪只已知的发光种是老的。
QuestLoc_OneGhoulCustomer_Conversation_1_NPCStart_1	我的天！我真高兴你们来了！
Encounter_Progression_Repeatable_JunkLocation2	探索藏身处，但只要走错一步，上头就会整个塌下来砸到我头上。
Encounter_Random_Message184	总的来说，这次探险的进展还不错。
QuestLoc_AWastelandTail_QuestlineName	废土踪迹
QuestLoc_FriendlySettlement_Conversation_2C_NPCEnd_1	我想我应该有一些东西有用。
MrHandy_Max_Warning	每层楼只能有一个巧手先生
QuestLoc_AllWorkandNoPlay_Conversation_2_Team_2	不行。完全不想放你们走。
QuestLoc_DeathclawDeeLite_2_Question2_2	哦，你不是掠夺者。嗯，有什么……我能帮你？
Button_No	否
Speech_Conversation_NPC2_Topic21_Response3	哈！说得好像外面哪天能安全似的……
QuestLoc_TheCaseoftheMissingMitt_Conversation_1_Team_2	给他们点颜色看看？听起来挺有意思的。
ActivateRewards	激活奖励
QuestLoc_S2_QL2_Q3_Req_QuestLongDesc	申领表在手，我们去钢铁兄弟会仓库领取一流装备。能有多难？
QuestLoc_WhenPrestonCalls_QuestLongDescription	一群定居者被困在鼹鼠巢穴里。据说他们有关于普雷斯顿·加维的消息。快去帮他们脱困吧！
SeasonPass_Tab_Challenges	挑战
Speech_Happiness_Healing1	我感觉好多了！
Speech_Quest_Generic_Dweller_57	重新刷层漆、再摆点花，这地方看起来就会……算了，当我没说。
QuestLoc_RobotHood_Conversation_1_NPC_2	人类统治机器人太久了！
Encounter_Defeat_Location6	我开不了锁。只能放弃大无敌超市了。
SeasonPass_UnlockBattlePass_Btn	解锁赛季通行证
QuestLoc_BugHunt_QuestObjective_1	杀死发光辐射蟑螂。
Encounet_Progression_Location11	这地方看上去挺严实的，但我也许能找到进去的方法。
QuestLoc_JunkRun_QuestLongDescription	废土上充满了杂物，但有的时候你需要找到你所需要的那种……
Encounet_Progression_Location6	试图打开大无敌超市的大门。
Speech_LivingQuarter_Dialogue_NPC1_6	蒸汽使我头昏眼花。
LunchBox_WindowTitle	午餐盒
Speech_Quest_NotAlone_Dweller_39	你觉得这地方闹鬼？我是说……你看看这里。
Inventory_Title_Dwellers	居民
QuestLoc_AlienBotQuest04_Conversation_1_PC1_1	据说“坠毁现场”有个“东西”。
QuestLoc_AllsFairinLoveandNuclearWar_QuestName	爱与核战，皆不择手段
Speech_Kid32	我今晚想去朋友家过夜！
MrHandyDialog_Wasteland_57	我想知道这条路通向哪里。
Stats_Stimpaks_Taken	使用治疗针
Message_Tutorial_SeasonOpenLeaderboardInfoPanel	{点击}{信息按钮}，了解如何提升{避难所评分}。
Speech_Conversation_NPC2_Topic49_Response3	是的。听你讲的。好几遍了。
QuestLoc_OnlyHuman_Conversation01_NPC06	太棒了！我可以和你们一起用双足前进吗？
QuestLoc_ESterisComing_Conversation_1_NPCStart_3	神圣的电路板一定在这附近。
QuestLoc_ADeliciousTrailofDanger_Conversation_2_NPCStart_3	这么多的蔓越莓……和血……
Stats_Dwellers_Customized	个性化居民
QuestLoc_HalfFullHalfEmpty_Conversation_1_NPCStart_2	我喝了，它尝起来美味而纯净，但没有什么发生在我身上。
QuestLoc_TheTailContinues_Conversation_1_NPCStart_2	这咬痕也太难看了吧！
SnipSnipDialog_Generic_23	他们说世界上有10种人。懂二进制的和不懂二进制的。
QuestLoc_CheerfortheGhouls_QuestShortDescription	传播圣诞的节日气氛！
Speech_Eviction_17	真是可笑。你知道我有多重要吗？！
QuestLoc_BeatReporting_Conversation_3_NPCStart_3	一夜痛饮催生了些关于神迹伟业的夸张传闻。
NukaQuantum_Shop_RedeemTitle5	一货箱量子核子可乐
Pet_Description_sphynx_b	你以为谁不想要一只无毛猫吗？！有谁吗？！
QuestLoc_EvictionNotice_QuestLongDesc	诺瓦克的恐龙迪莱特汽车旅馆曾经是一处繁华的据点，如今却被一群自称大汗帮的掠夺者所占据。我们要把它还原成一家旅馆。
QuestLoc_VaultTecExperimentReviewA_Conversation_1_NPCStart_3	呜！呜呜呜呜！
Speech_Generic_Dweller31	为什么是蓝色的？我想说，一件黄色的连身衣真的有那么糟糕吗？
QuestLoc_UndercoverOperations_Conversation_1_Team_3	他们穿着废土装备吗？
Speech_LivingQuarter_Dialogue_NPC2_10	也许待会儿吧。
UnlockRoom_UltraciteMiningRoom	您的避难所有{0}位居民
Speech_Conversation_NPC2_Topic17_Response1	一座城堡。有护城河，和城垛，和吊桥。哦，还有龙。一定得有龙。
Room_Radio_Build	建造一个广播室？
QuestLoc_OfftheRails_QuestObjective_1	拯救被绑架的铁路特工。
Message_TutorialPopup_ScorchedAttackWarning_Body	辐尸人正在前来袭击您的避难所！

辐尸人比普通掠夺者更强更难对付，但战斗结束后您的居民会免费复活。

痛苦是真实的，但死亡只是暂时的！
QuestLoc_OBrother_Conversation01_NPC01	欢迎来到兄弟会支部。很高兴看到外人来到基地。
Speech_Quest_Generic_Dweller_28	我能感觉到泥土和灰尘渗进了我的皮肤。
QuestLoc_LetsKnockitOuttathePark_QuestObjective_1	寻找罗基·杰宾森的棒球衫。
MrHandyDialog_Wasteland_11	你好——有人吗？
QuestLoc_ScienceCooperative_Conversation_1B_Team_3	这个地方对于做科学实验来说并不安全。
QuestLoc_CleaningHouse_Question1_Choice1	机器人不会爱上你的。
QuestLoc_TheCaseoftheCapturedCanine_Conversation_1_Team_1	恶心。
Message_Tutorial_39	需要一个{餐厅}来帮您生产{食物}。{点击}{餐厅}。
Message_Tutorial_22	在这里您可以看到并管理您现在所拥有的全部{武器}和{装备}。
QuestLoc_WorkingOvertime_Conversation_1_Team_4	我觉得避难所科技好像在内部保安系统上偷工减料了。
QuestLoc_SpringingtheTrap_QuestObjective_3	与第二组害虫交谈。
QuestLoc_TheSpiritofTaking_Conversation_2_Team_2	如果你们想打的话，我们乐意奉陪！
QuestLoc_GhoulInBlack_QuestLongDescription	附近的墓地发生了骚乱，也许有人需要你的帮助，或者你可以去那里搜刮一些有用的东西。过去看看吧。
QuestLoc_AlienBotQuest02_Conversation_3_PC2_3	我敢肯定我们刚发现了一只死外星人。
Weapon_Name_BOSAssaultRifle	兄弟会突击步枪
QuestLoc_BountyButcher_QuestName	悬赏：“屠夫”
QuestLoc_FoodFight_Conversation_1C_Team_1	貌似不能。是的，不能。
QuestLoc_SavingDaylight_Conversation_3_NPCEnd_2	♪ 啦啦啦啦 ♪ 我听不到你！
QuestLoc_GameShowGauntletH_Conversation_4_Team_1	哈根堡。
Impostors	高清缩小
Speech_Quest_Generic_Dweller_Conversation_29_Response_2	我试着不要去想那些。太让人沮丧了。
Outfit_Description_Wasteland_Surgeon	截肢术，阑尾切除术，胃旁路术——在战地上，什么手术都能做！
Speech_Quest_Generic_Dweller_Conversation_14_Response_1	是花吗？不对等等，难道是巧克力？
QuestLoc_Snipping_Conversation01_NPC02	我以为我会永远孤单一人！
Speech_Room_LoveJob_LivingQuarters	如果休息也算工作，我肯定是月度最佳员工！
QuestLoc_GhoulSupplies_Question1_Answer3	没问题！请前往我们的销售办公室。路上小心！
Speech_Quest_NotAlone_Dweller_28	保持敏锐。
QuestLoc_S2_QL2_Q3_Req_Question7_Choice1	我想要武器！
RecipeLoot_Free	这儿有一个配方给您！
Shop_StarterPack_Line2	了不起的价值
QuestLoc_DogGone_Conversation_1_NPCStart_1	来自避难所？带了我们想要的东西了吗？
SnipSnipDialog_Generic_35	努力工作令人快乐？你们人类真的懂吗？
Encounter_Random_Message113	总算体会到汉赛尔与格蕾特的心情了。
Outfit_Description_PowerArmor_MkI	总统的保镖们穿过这个。就是这么厉害。
QuestTitle_FindValentine[PL]	寻找瓦伦坦
QuestLoc_ScienceCooperative_Conversation_1D_NPCStart_2	我们是废土验尸官协会的。我们会将所有死亡的人进行登记。
QuestLoc_TheBansheesKeen_Conversation_2_Team_1	对不起，我们什么也听不见。
QuestLoc_RadroachRoundup_QuestObjective_3	拯救第二组科学家。
Encounter_Victory_Creature23	我杀死了英克雷死爪。至少现在它自由了。
Pet_Bloodhound	寻血猎犬
QuestLoc_PickedOffatSecond_QuestObjective_1	寻找罗基·杰宾森的棒球衫。
QuestLoc_GameShowGauntletGlobal_Conversation_1_NPCStart_3	如果你回答错了，你就会……“掉脑袋”！
QuestLoc_Headshots_QuestName	新闻头条
QuestLoc_TheSixthSun_Conversation_1_NPCStart_1	避难所居民们！这里没你们什么事！
Message_Androind_QuitWarning_Title	退出
Message_Tutorial_21	您的{广播室}会吸引废土上的居民，并提升避难所内的{居民幸福度}。
QuestLoc_ScienceCooperative_Conversation_1B_Team_2	一个物理俱乐部？果然是积极向上的牛顿精神！
Speech_Quest_Generic_Dweller_38	不能向恐惧低头……
SeasonModal_Leaderboard_ScoreInfoPopup_SurviveScorchedAttacks	在辐尸人袭击中生还
QuestLoc_GoingToTown_1_Question5_Answer1	你不会后悔的！这是保证，或者退款！如果你能找到我的话。
Theme_Name_Minutemen_LivingQuarters	义勇军宿舍
QuestLoc_BeanballtotheFace_Conversation_1_NPCStart_1	哇！又有一条消息！上面说……
QuestLoc_UndercoverOperations_Conversation_2_NPCEnd_4	不要做一个自作聪明的家伙。没有人喜欢自作聪明的家伙。现在让我们的饥饿吞噬你！
Message_XBoxAccountMismatchError	请用{0}Xbox LIVE账号登录进入Windows Store。
Outfit_Description_InstituteJumper_Advanced	为合成人正经的休闲时光而设计。
QuestLoc_VaultTecExperimentReviewC_Conversation_2_NPCEnd_1	我们授予汝——“王国骑士”的称号！
QuestLoc_EvictionNotice_Question2_Choice3	我想知道疯狂大汗帮喜不喜欢疯狂大汗帮自己。
Speech_Room_LoveJob14	要是我不在这儿干活，产量可远没有这么好。
QuestLoc_GameShowGauntletF_QuestName	游戏秀场的考验
QuestLoc_Overrun_Conversation_1_Team_1	有！告诉我们宝拉·普朗布金去哪儿了。
QuestLoc_BeatReporting_QuestName	打报告
QuestLoc_ThisGoldenRing_QuestShortDescription	取回战前珠宝来制作戒指。
QuestLoc_DivideandConquer_Conversation_3_NPCEnd_4	听起来有道理。
Room_SuperRoom2_Build	建造一间健身房？
Weapon_Description_Railgun_Accelerated	“铁路尖钉”到底多快？你不会想知道。
QuestLoc_S2_QL2_Q1_Doc_Question4	来做眼睛检查吗？
Title_Date	日期
Message_PurchasePCConnectionError	商店在离线模式下无法使用。请通过Bethesda.net启动器来重启游戏，然后进入商店。
QuestLoc_TheDeBuggers_Conversation_1_NPCStart_2	辐射蟑螂们总是油炸主机的电路板……
QuestLoc_TheScenicRoute_QuestShortDescription_LA	哨站里潜伏着什么人或是什么生物？只有一个办法能找出答案……
QuestLoc_S2_QL2_Q3_Req_Question1_Choice2	这是机密。
QuestLoc_SpyonRaiders_Conversation_1A_NPCStart_1	你们是谁？想加入“碎骨者”？
Shop_NukaCola_Line1	用量子核子可乐加速废土探险或是每天跳过不止一个目标。
QuestLoc_AlienBot_Quest04_Conversation_3_Team_1	呃，随便啦，准备爆炸吧，你这个会走路的烤面包机！
QuestLoc_FoodFight_Conversation_1C_NPCStart_1	天。难道掠夺者就不能在不被某个多管闲事的假善人骚扰的情况下解决温饱吗？
QuestLoc_S2_QL3_Q4_Warehouse_QuestShortDesc	搜查那座仓库——一切开始的地方。
QuestLoc_SpelunKingTrainingA_Conversation_1_NPCStart_3	我们猜是洞穴探险的王者，所以你们最好还是退下吧。也就是说，你们“放弃吧”。
QuestLoc_PoweredUp_QuestShortDescription	前往核电站寻找宝拉·普朗布金。
Weapon_Description_Pistol_Rusty	不是世界上最可靠的手枪，但它会在紧要关头帮你。
Achievement_Xbox_Description_04	完成30个任务
QuestLoc_UndercoverOperations_Conversation_1_NPCEnd_2	下一次狂尸鬼就在我眼前，我一定要听它在说什么。现在去！
Outfit_Name_costume_09	休闲服09
Message_Tutorial_30	看！{更多的居民}出现在了{避难所门口}。
QuestLoc_ESterEggHunt_Conversation_1_NPCStart_2	鸡蛋是原子的奇妙表现，充满潜力！
VictorDialog_Classroom_01	知识胜过任何武器。毕竟，你可以学会怎么造武器！
Room_Casino_Build	建造一个棋牌室？
QuestLoc_GameShowGauntletD_Conversation_2_Team_2	海伦学士。
QuestLoc_AtDeathsDoor_QuestName	在“死亡”的门外
QuestLoc_RadroachRoundup_Conversation_1_NPCStart_1	谢天谢地，有人来了！
QuestLoc_ScienceCooperative_Conversation_2C_NPCStart_2	我正在通过严密的烧水过程研究物质的交换。
Wasteland_Intro03	我希望能找到好东西
Encounter_Random_Message152	探险家日志。新条目：大多数狗不再是人类最好的朋友。
Weapon_Description_Shotgun	贴近了打招呼……用一大把鹿弹。
Objective_Rush	执行1次成功的极速模式
QuestLoc_UninvitedGuests_QuestLongDescription	你在废土上发现了一个小屋。去调查一下吧！
QuestLoc_DeathandDenial_QuestObjective_1	解决威廉·皮博迪谋杀案。
Message_Tutorial_SeasonalQuestOpenPipBoy	打开{任务列表}来进入新的{任务}。
Weapon_Description_HuntingRifle_ArmorPiercing	大多数人不会猎捕哨兵机器人。但你不是大多数人。
QuestLoc_GameShowGauntletA_Conversation_2_Team_4	生锈之城？千疮百孔的城市？我怎么会知道？！
QuestLoc_Headshots_QuestObjective_1	了解更多有关新波士顿号角报的消息。
Message_Tutorial_UltraciteWeaponCraftingConclusion	{点击}列表中的一把{辐射极琉矿武器}来打造。升级{辐射极琉矿武器工坊}即可解锁更多配方。
QuestLoc_ALaborofLove_Conversation_1_NPCStart_2	这个洞穴现在属于钢铁兄弟会。
Speech_Quest_Alone_Dweller_5	任务是要完成的，但真的要一个人去吗？真是的。
QuestLoc_ChristmasattheRaiderCamp_QuestShortDescription	传播圣诞的节日气氛！
QuestLoc_RaidingParty_Conversation_2_NPCStart_2	真希望哪里能弄到更多的喝的。
Room_Geothermal_Build	建造一个发电室？
MrHandyDialog_Wasteland_42	我会找到需要的东西，然后就回去。英雄主义什么的可不适合像我这样的巧手先生！
QuestLoc_LastInningOrnot_Conversation_2_NPCEnd_3	你最不该担心的就是那个了，肉球！
Speech_Conversation_NPC2_Topic25_Response2	跳棋不错啊！听起来很有趣！
Title_Leaderboards	排行榜
Wasteland_DwellerRevived3	不能让一个优秀的居民倒下！
Login_Login	登录
Speech_Quest_Generic_Dweller_Conversation_24_Response_3	当然了！我全力支持你。只要我们能活着回去。
QuestLoc_TheSixthSun_Conversation_1_Team_1	放了威尔修士，我们就不伤害你。
QuestLoc_GameShowGauntletI_Conversation_3_NPCStart_1	现在进入“掉脑袋”的第三回合！
VictorDialog_ScienceLab_01	和你说句悄悄话，我对那些科学的东西不太有头脑。
QuestLoc_Sabotage_Conversation_2_Team_1	也许我们应该离开这个部落。
QuestLoc_GobbleGobbler_Conversation_1_Team_2	你需要一个家，为什么不到我们的避难所来呢？
Encounter_Random_Message145	探险家日志。新条目：掠夺者无处不在。偷窃。谋杀。
Help_Page23_Title	巧手先生
Message_Tutorial_NoRoomDwellers	您刚刚用掉了避难所里最后的可用空间。建造更多的{宿舍}来安置更多的居民。
QuestLoc_GameShowGauntletK_Conversation_4_NPCEnd_4	傻子。那只是一般的口味。到了……“掉脑袋”的时间了！
QuestLoc_FamilyMatters_QuestLongDescription	你经过废土上的一处小屋。说不定有人住在里面。
QuestLoc_GuardianoftheWastes:Radroaches_QuestName	废土守卫者：辐射蟑螂！
QuestLoc_TheInfiltrationGame_Conversation_2_NPCStart_2	伯爵茶，加了点牛奶和糖。
QuestLoc_WeddingCrashers_RaiderLine_2	你是新郎的熟人还是新娘的熟人？需要知道把你们埋在哪个坑里、
QuestLoc_AgainstTheOdds_QuestObjective_1	杀死“疯子77”的首领。
QuestLoc_GoingToTown_2_Question3_Choice1	你说出他们在哪里，我就放你走。
QuestLoc_WondersofScience_QuestLongDescription	著名科学家欧拓凡霍夫伯格就在附近，正在研究现代社会永葆青春的方法。找到他，看看他有什么发现。
Title_ShopSmall	商店
QuestLoc_SantasHelpers_QuestShortDescription	传播圣诞的节日气氛！
QuestLoc_TheHauntingofVault110_QuestObjective_1	吓一吓掠夺者首领。
Speech_Happiness_Happy14	如果快乐是一种精神状态，那么我的精神状态超级棒！
Weapon_Name_LaserPistol_Tuned	调谐激光手枪
KeyboardMapping_OpenWindowDailyReport	每日报告
QuestLoc_GoingToTown_3_Question4_Choice2	<取一点血清，然后销毁>
QuestLoc_S2_QL2_Q2_Field_Question1_Choice2	我们在找你们负责的圣骑士，有份文件要签。
Message_TutorialPopup_24_Body_Part2	再次点击来停止箭头。它们越靠近，造成的伤害倍率就越高。
Encounter_Random_Message87	一个干涸的游泳池，里面全是骷髅。真是妙极了。
GameSettingsPC_MoveSpeed	镜头滚动速度
Speech_Quest_NotAlone_Dweller_20	别担心，还有我呢。我超厉害的。
Speech_Quest_Generic_Dweller_Conversation_20_Response_3	我明白你的意思。我们一直在走，走，走……
QuestLoc_GoWest_QuestLongDescription	图书馆管理员告诉我有一个叫赫伯韦斯特的人可能知道关于31号避难所更多的消息。我去旧的糖果厂应该能找到他。
Piper_campaign_Btn	暂时不用
QuestLoc_TheBigsbyBrownCase_QuestLongDescription	尼克的老伙计比格斯比·布朗失踪了。一份旧文件显示他出去侦查避难所居民失踪案件，之后就再也没有消息。赶紧去找找这名侦探吧！
QuestLoc_DeathandDenial_Conversation_7_NPCStart_4	请告诉我们，我们出过赌注了。
QuestLoc_VaultTecExperimentReviewA_Conversation_3_NPCEnd_4	拿着，有了它你可以自己拍恐怖片。
GameSettingsPC_Hotkey	热键
QuestLoc_TheToweringIlForno_QuestLongDescription	至少可以这么说，这死爪牛排有点老。厨师有点失落，想做他最爱的慰藉美食——千层面。不幸的是，掠夺者偷了他的秘密酱汁的配方，我们需从他们的高耸的巢穴里找回它。
QuestLoc_DuoofDestructionAlphaDeathclaws_QuestObjective_2	杀死第二只领头死爪。
QuestLoc_TheRoadtoVaultopolis_Conversation_1_NPCStart_2	你们来这里是为了找避难所大都会，和宝拉女士一样。
VictorDialog_Wasteland_25	如果有人在听，我就想说……希望你一切安好，搭档。
QuestLoc_SpelunKingTrainingF_Conversation_1_NPCStart_2	你们一开局就落在下风，而我们手里捏着一对王牌。
Speech_LivingQuarter_PickupLines_78	那么，你对未来的日子有什么打算？
Baby_Twins	双胞胎
QuestLoc_OfftheRails_QuestShortDescription	拯救被绑架的铁路人员。
Outfit_Name_costume_02	休闲服02
QuestLoc_TheRoadtoVaultopolis_QuestObjective_1	前往813号避难所寻找宝拉·普朗布金。
QuestLoc_RunThreeDogRun_Conversation_1_Team_1	“死亡”的洞穴在哪？
Weapon_Description_PipePistol_Scoped	这么粗劣的手枪真的能瞄准目标吗？它可以！
Outfit_Name_EngineerSpecial	工程师外套
QuestLoc_ExtremePrejudice_Conversation_2_Team_3	不好意思，我听不懂。
QuestLoc_SecondStringers_Conversation_1_NPCEnd_1	这是个比赛。柯米什将把它交给最歹毒的掠夺者。没有人比我还歹毒了！
SnipSnipDialog_Wasteland_21	看起来要下雨了，真棒。
QuestLoc_GoingToTown_1_Question2_Choice2	这些东西听起来超级恶心。
QuestLoc_TheWizardofWater_QuestlineName	水之术士
Message_Tutorial_SpinToWinIntroduction	在整个赛季中，您都可以在{幸运转盘}上考验您的运气，赢取{超赞奖励}！
QuestLoc_CanineRecovery_Conversation_1_NPCStart_2	我们没有将他们绑住，还保证他们活着，结果他们居然逃跑了！什么玩意！
QuestLoc_WhenPrestonCalls_Conversation_1_Team_1	他有说他去哪里了吗？
QuestLoc_UninvitedGuests_Conversation_1_NPCEnd_1	这里有晚餐，猜猜谁会出现在今晚的菜单上！
QuestLoc_TheCaseoftheQuantumCreeper_QuestShortDescription	追踪“量子爬行者”。
QuestLoc_KidnappingatVault778_RaiderLine_1	他们是为安置点的人而来的！杀了他们！
QuestLoc_TheToweringIlForno_Conversation_1_NPCEnd_3	好像他要找你麻烦……
Message_Vault_Full	您已拥有200位居民，已达到避难所科技允许的最大人口数。
Speech_Quest_Generic_Dweller_17	我全身都疼。
Objective_CraftStimpack_Plural	打造{0}个治疗针
Pet_Siamese	暹罗猫
QuestLoc_GameShowGauntletC_Conversation_1_NPCEnd_1	想得美。相反你会……“掉脑袋”！
QuestLoc_Dog_Answer01_PC02	没必要这样。我们可以帮你找……是什么来着，一条狗？
QuestLoc_SpelunKingTrainingA_QuestLongDescription	一年一度的洞穴探险赛即将开始，但是该送哪一个居民过去呢？让我们派遣那些强壮又观察力敏锐的居民去吧，看看他们有多厉害！
QuestLoc_ReturntoVault333_RaiderLine_1	是真的吗？你们杀了我哥哥？我不会再被你们打败的！
Speech_Conversation_NPC1_Topic9	我正在读这本很棒的书。讲的是一名教师爱上了一个修理工。
Speech_Room_SomeoneUnhappy_Storage	如果我能的话，我会把你锁在储藏室里。永远。
QuestLoc_GameShowGauntletC_Conversation_2_NPCEnd_4	就像他们说的“头会自己滚”。首先……“掉脑袋”吧！
QuestLoc_ItsnotEasyBeingGreen_Conversation_1_NPCStart_2	我们在地下室设置隔离区，但它仍在蔓延。
Speech_Conversation_NPC2_Topic55_Response2	呃……是猫吗？
Speech_RadiationB4	那是一只手……从我肚子上长出来了吗？！
QuestLoc_ALaborofLove_RaiderLine_1	这个洞穴根本装不下我们俩！
MrHandyDialog_Generic_13	你好，人类。巧手先生在此，随时伺候各位的每个突发奇想！
QuestLoc_HorrorMovieNight_QuestShortDescription	派一位穿着鬼魂服装的避难所居民，去制造大混乱吧！
QuestLoc_MatterstoSettle_Conversation_4_Team_1	这是个陷阱，不是吗？
QuestLoc_ARefreshingRescue_QuestLongDescription	罗伯科大楼里的一个陌生人告诉我，掠夺者把瓶瓶和盖盖带去了核子可乐工厂。我有种预感，这次终于能追上它们了。
Weapon_Name_LyonsLaserRifle	里昂激光步枪
QuestLoc_GameShowGauntletF_Conversation_1_Team_1	小小点灯侠。
QuestLoc_MatterstoSettle_Conversation_4_NPCStart_4	所以他要求跟你谈判来讨论共同关心的问题。
NukaQuantum_Shop_Description_Crate	包含了400瓶量子核子可乐，可以加速避难所和废土上的事件进程。
Pet_Description_pitbullterrier_l	别被它的坏名声骗了——它忠诚无比。
QuestLoc_SpyonRaiders_Conversation_3D_NPCEnd_2	很好。拿上这个然后出发吧！
QuestLoc_LittleMissWasteland_Conversation_4_Team_2	可以两个都选吗？
QuestLoc_HumansLikeUs_Conversation_3_NPCStart_4	我们俩都没有用光学伪装来掩盖真实面目，那太可笑了哈哈。
QuestLoc_CollectorsEdition_Conversation_2_NPCEnd_3	很诱人……但不要。
Outfit_Name_BittercupSpecial	比特卡普外套
QuestLoc_GameShowGauntletG_Conversation_3_NPCEnd_4	不对，但你必须一定很渴望失败！准备好……“掉脑袋”吧！
Help_Page03_BottomText	提示：可以在午餐盒里找到稀有和传奇级别的居民。
QuestLoc_SpyonRaiders_Conversation_3A_NPCStart_2	我猜你来这儿是想分点上次我们抢的东西？
QuestLoc_ReignofRadroachRodney_RaiderLine_1	你阻止不了我的！这个世界都是属于我们辐射蟑螂的！
QuestLoc_ReleasetheRaiders_RaiderLine_3	制造战争，而不是爱！
QuestLoc_DaysGoneBye_QuestLongDescription	赫伯韦斯特告诉我所有那些去了31号避难所的人最后都失踪了。我正要去避难所科技的总部调查一下这个避难所的过去。
Pet_Description_husky_l	它曾在安克雷奇为我们的军队服务。现在它自豪地为避难所服务。
QuestLoc_TheCaseoftheLostLunch_QuestLongDescription	你从尼克的档案里发现了一张字迹模糊的字条，上面请求他帮忙去寻找一位被绑架的朋友。
Quest_Button_GiveUpQuest	放弃
QuestLoc_GameShowGauntletE_Conversation_3_Team_3	工匠汤姆。
Speech_FlavorText_TrainingRoom_05	有氧、举重、徒手操，我全都在行！
Tutorial_Tip_66	探索废土的居民有机会发现某些惊喜地点。
QuestLoc_ScienceCooperative_Conversation_1E_Team_2	我们希望你们能种出那些讨人喜欢的水仙花和真正的玫瑰！
Weapon_Name_GaussPistol_Hardened	加固的高斯手枪
Speech_Conversation_NPC2_Topic34_Response3	当然。给200个瓶盖我就借给你。
QuestLoc_FriendlySettlement_Conversation_2A_Team_2	我们需要新的装备。越时髦越好。
QuestLoc_ShamrocktheCasbah_RaiderLine_2	我现在不介意喝点绿啤酒……
QuestSurprise_Discovered_MarketPlace	{0}发现了一个大无敌超市。
QuestLoc_GameShowGauntletC_Conversation_3_Team_1	农夫市集。
QuestLoc_IDontKnowsonThird_Conversation_1_NPCStart_2	一张罗基·杰宾森的棒球卡！
Weapon_Description_PlasmaPistol	最具破坏性的手枪。
Objective_Couple_Plural	有{0}对男女性居民在宿舍里跳舞
Message_TutorialPopup_21_Body_Part1	拖拽居民到新的房间来探索，或者点击您希望他们前往的地点。
QuestLoc_VaultTecExperimentReviewE_Conversation_2_NPCEnd_3	看起来好像庄家输了！
QuestLoc_HittingtheBooks_Conversation_1_NPCStart_3	我该怎么做来报答你呢？
QuestLoc_TheVaultTecVantage_Conversation_1_NPCStart_2	有一个叫做“伊甸园制造器”的东西 - 一个能够创造生命的装置！
Encounter_Random_Message191	这是……一艘摩托艇，直挺挺插在教堂墙上。这可不是天天能见着。
NukaQuantum_Shop_RedeemTitle3	一冰柜量子核子可乐
Outfit_Description_PowerArmor_51a	一个增强的原型，战前使用得不多。
QuestLoc_EvictionNotice_Question3	你来此之前，我已经知道你的消息了。你有何所求？
QuestLoc_S2_QL3_Q4_Warehouse_Question3	维护模式。等待输入……
Weapon_Description_InstituteRifle	向他们展示你的本事。学院的本事。
QuestLoc_WeddingCrashers_Conversation_2_NPCEnd_3	你说的对！蜂蜜蛋糕？我们一起逃跑吧！
Speech_Quest_Alone_Dweller_6	真希望能有个人陪陪我。
KeyboardMapping_OpenWindowGameSettings	设置/取消
Inventory_SellAll	全部卖出
Speech_Conversation_NPC1_Topic14	如果你可以选择让哪种人来到我们的避难所，你会选谁？
Speech_Eviction_14	驱逐？真的吗？
VaultTecWindow_Description	监督者 - 观看此视频，即可获得精美礼品一份！
Speech_Conversation_NPC2_Topic7_Response2	不了，我更喜欢打门球。
MrHandyDialog_Wasteland_3	当然。派个家务佣人去致命的末世废土。还能出什么岔子呢？
Message_DoYouWantDestroyTheRoom	确定要摧毁房间吗？
退款：{0}瓶盖
QuestLoc_ExtremePrejudice_Conversation_5_NPCEnd_2	棒极了。你的监督者是最好的！一个真正的天才，也不吃拍马屁那套。
QuestLoc_RevengeoftheGeeks_Conversation_1_Team_3	数学好能有什么用啊？
Encounet_Progression_Creature49	一个超级变种人大师！这家伙可不是好惹的……但我准备好了！
QuestLoc_TheDeBuggers_QuestObjective_1	与开发商交谈。
QuestLoc_BountyBash_Conversation_1_NPCStart_2	那个掠夺者不怎么机灵，但还是挺危险的。
QuestLoc_GivemeLibertyandorDeath_Conversation_2_NPCStart_2	我是德鲁西拉。我在战前就一直是这里的档案管理员。
Speech_Conversation_NPC1_Topic33	好吧，我本来不爱传闲话。可那件事……你听说了吗？
Encounter_Random_Message134	探险家日志。新条目：法律和秩序是过去的事情了。
Outfit_Name_RadiationSuit_Advanced	高级防辐射服
QuestLoc_HighSteaks_QuestLongDescription	好吧，辐射蝎蛋卷还是有点恶心的。为了弥补，大厨提议把威灵顿死爪作为他的招牌菜，他只需要深藏巢穴里新鲜的死爪肉就行（据说光照会破坏味道）。
QuestLoc_ExtremePrejudice_RaiderLine_2	*叹息*你偏要选择艰难的方式……极端偏见！
Encounter_Random_Message177	到处都是旧时代的钞票。看来钱真是生不带来、死不带去。
UnlockRoom_ScienceLab	您的避难所有{0}位居民
QuestLoc_HowCanYouNotBeRomanticAboutBaseball_QuestName	你怎么可能不喜欢棒球呢？
Message_RadAway_NoRad	没有辐射伤害，不需要使用消辐宁。
QuestLoc_ClearingAPath_QuestObjective_1	为工厂里的钢铁兄弟会小队清空道路。
QuestLoc_GameShowGauntletC_Conversation_2_NPCStart_2	莫伊拉姓什么？
Encounter_Defeat_Repeatable_JunkLocation12	我一路无事，跑到了最近的树林边缘。
Message_RedeemPopup_Continue_Switch	点击以兑换
Weapon_Description_TranqPistol	有时让目标活着是更好的选择。什么时候比较好，我也不太清楚。
Encounter_Message_NPC4	一名流浪的商人。
VictorDialog_Generic_25	人只能做到尽力而为。而你的尽力，已经足够了，搭档。
Generic_NukaColaQuantum	量子核子可乐
KeyboardMapping_OpenWindowObjective	目标
QuestLoc_AtDeathsDoor_Conversation_2_NPCStart_3	这下对了，大伙。现在与“死亡”共舞一曲。
Speech_Quest_Loot_Dweller_47	废土上可没有浪费！
RoomType_Facility	设施
QuestLoc_TheSixthSun_Conversation_3_Team_1	你是说，电路板？我的天……
Speech_Quest_Loot_Dweller_34	在外面这地方，什么都能捡到……
Outfit_Description_Horseman_DeathJacket	你真正藐视了“死亡”。请骄傲地穿上他的毛皮。
QuestLoc_ParleyTime_Conversation_2_NPCStart_4	你还好吗？
QuestLoc_SecretWeaponTest_RaiderLine_1	让我们看看这个宝贝能做什么！
QuestLoc_SantasHelpers_Conversation_2_Team_2	才不要。恐怕你要上“坏孩子”名单。
QuestLoc_CrossingPaths_Conversation_1_NPCStart_2	你有想过加入钢铁兄弟会吗？
BrotherhoodOfFeels_ConversationAnswer_01_NPC05	不，我们为建立这个地方付出了太多努力。你什么也得不到。
QuestLoc_SuperDuperTrooper_Conversation_1_NPCStart_2	这是钢铁兄弟会的战术运作。
Weapon_Name_Minigun_Hardened	硬化型旋转机枪
QuestLoc_VaultTecExperimentReviewF_Conversation_1_NPCEnd_2	哦不！多么了不起的一步！我们完蛋了！
Encounter_Intro_NPC3	发现了{0}
QuestLoc_TheCaseoftheMissingMitt_Conversation_1_NPCStart_2	……曾祖父的手套？也许这些信息能帮助你们。
QuestLoc_SpyonRaiders_RaiderLine_1B	卡-靠！
Speech_Conversation_NPC2_Topic11_Response2	我听说外面好多动物都长两个头。看来这是个“标配”呀。
Speech_Conversation_NPC2_Topic9_Response3	《尺子和扳手》？嗯，这本不错。
QuestLoc_DeathandDenial_Conversation_3_NPCStart_4	我们当然没杀任何人！反正自从我们来到这里就没杀过人……
Encounter_Victory_Repeatable_JunkLocation1	我把门板拆了下来，进去搜刮了一番。
QuestLoc_WaterintoBrine_QuestShortDescription	和避难所科技办公室的人谈论有关水的事。
QuestLoc_DogGone_Conversation_1_NPCEnd_1	我们不是那个意思！
QuestLoc_GoingToTown_3_Question3	你们是来破坏我们生意的。我看得出来……我不会阻止你们。事实上，我告诉你们他们在哪里。
Message_Tutorial_41_Xbox	{选择}{建造区域}来确认地点。
MrHandyDialog_PowerGenerator_02	有人需要我存储额外的能量吗？我不会偷的。真的，我发誓。
MrHandyDialog_Wasteland_51	哦，太棒了，开始自言自语了。我正缺这个呢——精神错乱。
Tutorial_Tip_83	敏捷（A）属性高的居民在任务中攻击速度更快。
QuestLoc_SpelunKingTrainingE_Conversation_1_Team_2	就你们这种肌肉根本没有参赛资格。
WastelandCollectAllCommonItems	收集普通的物品
QuestLoc_CheerfortheGhouls_Conversation_3_Team_1	枪。很多很多的枪。
QuestLoc_ADeliciousTrailofDanger_Conversation_1_Team_1	给我们你的武器吧。我们会拿下高步勒的！
Controls_Xbox_Vault_ResetCamera_Switch	重置镜头（按）
Pet_Description_boxer_l	它可以在废土上生存，但只有在你的身边才算真正的活着。
QuestLoc_GameShowGauntletB_Conversation_1_NPCStart_1	欢迎来到“掉脑袋”的世界！
QuestLoc_SuperDuperTrooper_Conversation_1_NPCEnd_3	不胜感激，谢谢！
QuestLoc_ArmsRace_QuestShortDescription	从狂尸鬼手里救出枪匠。
Title_NewSeasonVault	新实验避难所
QuestLoc_SuperDuperTrooper_Conversation_2_NPCStart_4	朋友还是敌人？
QuestLoc_PlayingPolitics_Conversation_1_NPCStart_3	位于525号避难所！他们真的有“伊甸园制造器”！
SnipSnipDialog_Generic_09	每天我都沉浸在为人类服务的喜悦中。
Speech_Quest_Generic_Dweller_24	我需要阿司匹林。
QuestLoc_TheDoorBuster_RaiderLine_1	为了“破门神器”而来的吗？蠢蛋！那是我们编的。
Outfit_Name_NCR_Ranger	新加州共和国游骑兵制服
Speech_Conversation_NPC1_Topic16	叩叩。
QuestLoc_S2_QL2_Q2_Field_Question2_Choice1	没错，你自由了！只需在虚线上签名……这里签姓名首字母……还有这里……
Achievement_Xbox_Description_13	打造10把武器
QuestLoc_WaroftheNerds_Conversation_2_NPCEnd_2	你撒谎！你还会用什么来重新调整超光速流极性？
Message_NoCraft_Incident	不能在事件中打造物品。
Pet_Description_cattledog_b	儿童。双头牛。死爪。都可以被它圈养。
Pet_Description_mainecoon_l	它怀恋美好的户外活动。但没有那么想。
QuestLoc_AllsFairinLoveandNuclearWar_Conversation_2_NPCEnd_4	这个，杀了你当然能振奋我的精神！
QuestLoc_GameShowGauntletA_Conversation_2_NPCEnd_4	哦，真不妙。我猜你只能……“掉脑袋”了！
SnipSnipDialog_Wasteland_56	让我看看穿过这个街区能到哪里……
QuestLoc_ThirdandGoal_QuestLongDescription	你已经知道被绑架的居民在柯米什那里。是时候终结这个足球怪人的“超级杯”比赛了！
QuestLoc_CollectorsEdition_QuestLongDescription	我们听说当地的掠夺者在一个废弃的工业建筑里发现了一个崭新的巧手先生，他还在他的原来的盒子里。我们应该设法在这个宝贝被掠夺者破坏之前拿回它。
QuestLoc_RadroachRoundup_Conversation_1_Team_3	关于这个辐射蟑螂女王我们需要知道些什么？
QuestLoc_SpringingtheTrap_QuestLongDescription	在三狗的建议下，我们散播一个谣言，说有十几个动力装甲藏在某个洞穴里。“害虫”上钩了，目前正在里面搜寻洞穴。是时候去调查一下“瘟疫”和“害虫”了！
QuestLoc_RadroachRoundup_Conversation_1_NPCEnd_4	不，对不起。他们刚刚消失在废土了。就像……*我敢说吗？*……辐射蟑螂一样。
QuestLoc_ScienceCooperative_Conversation_2D_NPCEnd_2	有趣的理论！谢谢你。来拿着，遇到麻烦的时候可以用它。
QuestLoc_DeathclawDeeLite_2_QuestName	跑腿任务
QuestLoc_VaultTecExperimentReviewF_Conversation_2_Team_1	我们是……避难所义警！
QuestLoc_TheCaseoftheLostLunch_Conversation_1_NPCStart_3	如果我去的话，他们会杀了我的。能不能帮我去和他们谈谈？
QuestLoc_VaultTecExperimentReviewC_Conversation_3_NPCEnd_1	你们拿着吧。
Message_GoToQuestSkipNukaQuantum	想要使用{0}瓶量子核子可乐来立即开始任务吗？
Encounter_Random_Message189	我就随便沿这边走走——哎哟！崴到脚了！
MrHandyDialog_Wasteland_1	哦，天哪。这儿可真是……“喜气洋洋”啊。
QuestLoc_ADeliciousTrailofDanger_Conversation_1_NPCEnd_2	来抓我啊！
QuestLoc_OfftheRails_Conversation_1_NPCStart_1	哦，天啊。我想我已经完了！
Encounter_Journal_Message30	探险家日志。新条目：一些战前机器人仍然存在，但程序经常出现故障。
QuestLoc_UndercoverOperations_QuestShortDescription	潜入军事基地阻止“害虫”袭击！
Message_Tutorial_44	居民需要干净的{水}来远离{辐射}危害。再次点击来{确认}。
Weapon_Description_Pistol	废土上最常见的手枪。
SnipSnipDialog_Generic_36	啧啧啧。我得加装一个高压水带配件，才洗得干净这地方。
Encounter_Message_Creature19	一只恶犬，正在撕咬一具尸体。
QuestLoc_Snipping_QuestLongDescription	玛·琼让你去附近的大无敌超市采购物资。注意周围，你永远不知道会遇到谁或什么危险。
Speech_LivingQuarter_PickupLines_72	有时，深夜里，我闻到了汗水和钢铁的气味……而且知道你也闻到了。
Speech_Quest_NotAlone_Dweller_30	我们中谁来负责？我投自己一票。
QuestLoc_ESterisComing_RaiderLine_3	威尔修士，是你吗？
QuestLoc_GameShowGauntletA_QuestShortDescription	为胜利而战！
QuestLoc_RobotHood_QuestLongDescription	我们最近与一些商人取得了联系，他们说在路上被一个神秘的强盗袭击了。他们声称这个强盗高喊着反抗人类压迫的口号，并抢走了商队的大部分货物。我们需要你去找到这个强盗，看看能不能和他讲道理，否则就解决他。我们需要保持贸易路线的安全和畅通！
QuestLoc_WeddingCrashers_RaiderLine_3	耶！大屠杀！现在这个婚姻才像样点！
Message_TutorialPopup_07_Hint	提示：只有当房间等级都一样时，房间才会合并。
QuestLoc_JuuussstttaBitOutside_QuestObjective_1	寻找罗基·杰宾森的棒球衫。
Encounet_Progression_Creature48	超级变种人逼近，准备攻击。
Junk_Desc_Wonderglue	小心不要将你的双手或者眼皮粘在一起。
QuestLoc_GameShowGauntletI_Conversation_1_Team_4	伯洛伊特。
QuestLoc_MonsterUndertheBed_QuestObjective_1	找到并杀死怪兽。
QuestLoc_AllSalesFinal_QuestLongDescription	我们的新厨师有一些大胆的想法来改善我们的日常饮食，他列出了所需要的具体食材。我们应该去附近一个废弃的大无敌超市看看能不能找到。
QuestLoc_SpyonRaiders_Conversation_2B_NPCStart_1	卡-靠！欢迎加入“尖叫猎鹰”，雏儿们！
Weapon_Name_PlasmaPistol_Focused	聚焦型等离子手枪
QuestLoc_IntotheOutfield_QuestName	进入到外场
QuestLoc_TheBigsbyBrownCase_Conversation_2_Team_2	其实，我可不想再多养一张嘴了。
MrHandyDialog_Generic_47	你们人类效率太低了。我的建议是：逐步用机器人取代人类。
MrHandyDialog_Generic_41	我刚收拾完一个房间，他们就又建了个新的！真是疯了！
QuestLoc_RobotHood_Conversation_1_Answer04	好吧，但如果你能与商队贸易，而不是直接抢劫他们，可能效果会更好。
QuestLoc_ThymeisMoney_Conversation_2_NPCEnd_1	放马过来！
Message_Tutorial_SpinToWinOpenModal_Xbox	{选择}{幸运转盘按钮}打开{幸运转盘}。
QuestLoc_WhackaMole_QuestShortDescription	杀死鼹鼠妈妈。
Room_ScienceLab_3	科学中心
QuestLoc_SecondStringers_QuestShortDescription	找到人质。
Encounter_Random_Message22	好安静。太安静了。
Encounter_Defeat_Location8	奴隶营的戒备太森严了。那些可怜的人。光靠我自己无法帮助他们。
Room_WeaponFactory_Upgrade_Level2	打造稀有武器
QuestLoc_TakeMeOuttotheBallGame_RaiderLine_3	三垒！我们会让你回不了本垒。
QuestLoc_SpyonRaiders_Conversation_1E_NPCEnd_1	够了。你们死定了。
Speech_Eviction_18	等监督者听说这事，有人要掉脑袋了！
Pet_ScottishFold	苏格兰折耳猫
QuestLoc_GameShowGauntletJ_Conversation_4_Team_2	她的母亲对她不好。
Encounet_Progression_Creature26	看门狗逼近，准备攻击。
Encounter_Defeat_Creature19	还没等我反应过来恶犬就咬了我一口！我受伤了，但只能逃跑！
Speech_Room_LoveJob_WaterPlant	喝起来像泉水一样甘甜，多亏了我！
QuestLoc_OperationSandman_Conversation_4_Team_4	假设你们唤醒了“死亡”。然后呢？
QuestLoc_ItsnotEasyBeingGreen_Conversation_3_NPCEnd_1	不可能！我们自己酿的，就是加了些“生物危害”牌的染料，然后……哦。
QuestLoc_RadroachRoundup_Conversation_2_NPCStart_4	无论如何，你们杀死了蟑螂女王吗？
Pet_Description_collie_l	一身如此柔软的皮毛，你会想一直抚摸它。
QuestLoc_VaultTecExperimentReviewF_Conversation_1_NPCEnd_1	这说的是什么话？给我滚出场外！
QuestLoc_LittleRedRadiumHood_Conversation_1_NPCEnd_1	不，我只是跟着方向走。我不是尸鬼专家。
Pet_Description_havanabrown_b	已经习惯和它说，“你是怎么上到那里的？”
QuestLoc_FamilyMatters_Conversation_1_NPCEnd_1	她是我的外婆，但是小心，她会咬人。我外公也是，直到他丢了他的假牙。当然他们都是好心，我称之为“强悍的爱”。
QuestLoc_DuoofDestructionGlowingRadroaches_QuestName	双重毁灭：发光辐射蟑螂
QuestLoc_SpelunKingTrainingG_Conversation_1_NPCEnd_2	（听起来很困惑。）
QuestLoc_LastInningOrnot_QuestObjective_1	寻找罗基·杰宾森的棒球衫。
Social_NoHelpRequests	你还没有收到过任何礼物请求。
Bonus_DamageBoost	+{0}伤害
Message_TutorialPopup_08_Body_PC	避难所的储存室储藏着所有居民从废土上找来的或者午餐盒里得到的物品。
点击哔哔小子菜单上的盒子图标可以查看储藏的物品。
QuestLoc_SetEmUpPestilence_QuestShortDescription	引诱“瘟疫”到被遗弃的226号避难所。
QuestLoc_DartofHarkness_Conversation_2_NPCStart_1	终于，你在这里。我开始担心。
QuestLoc_SpelunKingTrainingG_QuestShortDescription	幸运又敏捷的居民真的有本事赢得大赛吗？
Weapon_Name_PowerFist	动力拳套
QuestLoc_VaultTecExperimentReviewA_Conversation_2_NPCStart_1	恐怖才是这个避难所里唯一的通行证。
QuestLoc_ShotgunWedding_QuestLongDescription	一位被爱情冲昏头脑的掠夺者首领决定要结婚了，即使新娘完全不愿意。请把这位被绑架的美人，从她那个她根本不想要的未婚夫的魔爪中救出来。
QuestLoc_FriendlySettlement_Conversation_2B_NPCStart_2	我们很高兴能和你们避难所做交易。让我们回赠你们一些还不错的礼物吧。
QuestLoc_VaultTecExperimentReviewF_Conversation_1_NPCStart_3	让我们看看你们的回应！
SeasonModal_Leaderboard_Connecting	正在连接至游戏平台……
QuestLoc_DenofThieves_Conversation_1_Team_1	把这些瓶盖交过来，我们就让你活着走出去。
QuestLoc_DaysGoneBye_QuestShortDescription	搜索避难所科技的办公室来查找31号避难所的信息。
Message_Tutorial_SpinToWinConclusion_PC	每天登录并完成赛季任务，即可赚取更多{筹码}。{奖励}每天都会变化，请经常回来看看，抓住赢取大奖的下次机会！
QuestLoc_SpyonRaiders_Conversation_3E_NPCEnd_4	这是玩的哪一出？！
QuestLoc_AWinningSeason_QuestShortDescription	是不是那只领头死爪干掉了蔻驰？
Weapon_Name_032Pistol_Enhanced	增强型.32手枪
QuestLoc_SpringForwardFallBack_Conversation_1_NPCStart_1	欢迎，疲惫的旅行者。
QuestLoc_TheAbyss_Conversation_1_Team_2	关于这个地方，你能告诉我们些什么？
Title_Flee_Success	成功
QuestLoc_MVPoftheYear_QuestObjective_1	寻找罗基·杰宾森的棒球衫。
QuestLoc_StopthePresses_Conversation_1_Team_1	我们要瓶盖。不过你得保证让那些掠夺者离我们的避难所远点！
MrHandyDialog_Wasteland_45	这边跟其他方向也半斤八两。
Speech_Quest_Loot_Dweller_40	这可是我挣来的，就是这么回事。
QuestLoc_DaysGoneBye_Conversation_1_NPCStart_3	我没有真的觉得闹鬼，我想他们编出那个故事只是为了把人们吓跑。
QuestLoc_DeathandDenial_Conversation_6_NPCEnd_1	只有当我暴跳如雷的时候，所以……也许每隔一周？
QuestLoc_BountyButcher_QuestShortDescription	除掉领头死爪“屠夫”，领取奖赏！
QuestLoc_TheThinlyVeiledPlotThickens_Conversation_1_NPCEnd_1	他拜访完罗伯科工厂的居民之后，来到了这里搜刮物资和宝物并带回给编辑。
Tutorial_Tip_04	力量(S)高的居民在发电房里工作得更好。
QuestLoc_GoingToTown_2_Question1_Answer2	这里没什么可疑的，我向您保证。您自己进去看看就知道了！
QuestLoc_HopontheRoachCoach_QuestName	跳上蟑螂车
Objective_KillScorched_Plural	消灭{0}名辐尸人
QuestLoc_LittleMissWasteland_Conversation_2_NPCEnd_2	是啊，没这回事。穿过门吧。
QuestLoc_EvictionNotice_Question3_Choice3	不得不说……你们身上有点味儿。
QuestLoc_AllSalesFinal_Conversation_1_NPCEnd_3	不好意思，这儿没有剩的食物。这是我们全部家当了。
QuestLoc_ScienceCooperative_Conversation_2E_NPCStart_1	你们来得真及时。我正陷入了一场很有意思的困境。
Speech_Conversation_NPC1_Topic13	过会儿想听听收音机吗？
Speech_Conversation_NPC2_Topic50_Response3	没，我一直跟你说我只读《野蛮人古古那》。
QuestLoc_SantasHelpers_Conversation_2_NPCEnd_1	我们相信圣诞老人！来拿着，如果你们看到他就把这个给他！
SeasonModal_Leaderboard_ConnectionError	由于连接或认证错误，无法加载排行榜数据
QuestLoc_SpringingtheTrap_Conversation_1_NPCStart_4	这就是我现在所拥有的。那么，我们如何帮助你呢？
Button_StartNow	现在开始
QuestLoc_FriendlySettlement_Conversation_1B_Team_2	拜托，永远都要以“我是尸鬼”而自豪，你明白我们的意思吗？
Encounter_Random_Message160	探险家日志。新条目：漫画都是骗人的。辐射才不会给你超能力。
SnipSnipDialog_Wasteland_97	哇哦……一套旧的动力装甲。这才叫底盘！
QuestLoc_Headshots_Conversation_1_NPCEnd_1	所有人都在废土上，想要成名。谁有时间管这些虫子？我们必须打败404号避难所！
QuestLoc_SpyonRaiders_Conversation_2A_NPCEnd_1	你知道吗？是的，是时候了。我一有机会就会马上离开这儿。
Encounter_Victory_Creature12	一只火兵蚁……被我消灭了！
QuestLoc_GameShowGauntletF_Conversation_4_NPCEnd_2	那真是个愚蠢的名字。好吧，准备……“掉脑袋”吧！
QuestLoc_HoneymoonHorror_Conversation_1_NPCStart_3	所以我们把猫先派去找他们，然后带他们回来。
QuestLoc_TheRiteofSpraying_Conversation_2_NPCEnd_2	是啊。他们通常是无害的。不知道他们中了什么邪。
Pet_Description_american_l	美国育种的一个光辉典范。
Speech_Conversation_NPC2_Topic2_Response1	这个问题容易。我觉得是河马，绝对是河马。
QuestLoc_AlienBot_Quest04_Conversation_3_Team_2	我们费了不少功夫才来到这里，可不想空手而归。
QuestLoc_TheDoorBuster_Conversation_1_Team_1	你们知道那是什么吗？
QuestLoc_GhoulSupplies_Soliloquy1	一家尸鬼经营的家具店？
QuestLoc_DuoofDestructionGlowingRadscorpions_Conversation_1_NPCStart_1	谢天谢地你在这里！我们可不是这些硬壳怪物的对手！能帮我们消灭它们吗？求求你们了！
TapToContinue_PC	点击继续
QuestLoc_DartofHarkness_RaiderLine_1	清理一号通道。
Weapon_Description_EnhancedT60Pistol	这把便携加农炮配备了最新的兄弟会升级。
Weapon_Description_Minigun_LeadBelcher	它只是……不停止地……射击。然后……杀死。
Button_Confirm	确定
QuestLoc_WastelandDoctoring_Conversation_1_Team_3	快捷的医疗服务！这是出于避难所邻居的友好礼节！
QuestLoc_DogsofWar_QuestName	战争之犬
Message_TutorialPopup_26_Hint	提示：您可以使用量子核子可乐来得到缺失的主题配方碎片。
QuestList_WeeklyQuest	每周任务
Speech_Quest_Loot_Dweller_37	可不能让这个浪费了……
SnipSnipDialog_Wasteland_66	哦，看哪，一个旧篮球场。这运动不适合我，我没有衬衫，也没有皮肤。
QuestLoc_DeathclawDeeLite_3_Question1_Answer3	啊。原来人类没什么不同。我是你最后一个敌人。现在，去死吧！
QuestLoc_IntotheOutfield_Conversation_1_NPCStart_2	“好吧，你们已经证明了我不可能永远躲着你们。
QuestLoc_GroomforDoubt_Conversation_3_NPCEnd_2	我想那就是全部的关键……
Message_NoCustomize_Incident	在事件发生时，不能对居民进行个性化。
QuestLoc_FoodFight_Conversation_1C_Team_2	好人？说的就是我！
Message_RedeemPopup_Title	你有新买的东西需要认领！
QuestLoc_CleaningHouse_Question2_Answer1	哦，你懂的，管理工作。听着，我们都是团队的一员。别纠结细节了！
QuestLoc_Sabotage_Conversation_2_NPCStart_1	嘿，你怎么会穿上防辐射服？
QuestLoc_SpelunKingTrainingB_Conversation_1_NPCEnd_1	好吧，谁忘了隐形小子了？
RoomType_Training_Description	训练说明……
QuestLoc_SpyonRaiders_Conversation_1D_Team_3	其实我们是伪装的避难所居民。来这里暗中监视你们的！
QuestLoc_SpyonRaiders_Conversation_2B_NPCStart_3	我失去了很多朋友。
QuestLoc_CheapBeerintheBleacherSeats_QuestLongDescription	就算蔻驰到过莱克维尔图书馆，他也很早就离开了。也许他去肥伦百货商店，想找条裤子配上那件棒球衫……
Speech_Room_LoveJob_Geothermal	我的技术专长使这个地方正常运转。
QuestLoc_APaleImitation_Conversation_2_Team_4	等等，也许我们能和平解决这个问题。
QuestLoc_ThrowMeSomePepper_Conversation_1_NPCEnd_1	那么尝尝这个！
UnlockRoom_Gym	您的避难所有{0}位居民
QuestLoc_VaultTecExperimentReview_QuestName	避难所科技实验检阅
Message_Tutorial_57	先{选择}一个{居民}队列位置。
QuestLoc_ScienceCooperative_Conversation_1C_Team_2	化学家联盟？你们太了不起了！
QuestLoc_GameShowGauntletC_Conversation_4_NPCEnd_3	哈哈！错了。准备……“掉脑袋”吧！
Speech_Quest_NotAlone_Dweller_7	加油，我们可以的！对吗？
QuestLoc_FashionStatement_Conversation_1_Team_2	你说的对呀，这些裤子丑爆了。
QuestLoc_ManonSecond_QuestShortDescription	寻找罗基·杰宾森的棒球衫。
Speech_Quest_Generic_Dweller_Conversation_2_Response_1	是的……听上去就好像在附近。
QuestLoc_TheYolksonYou_Conversation_1_Team_2	我们的避难所不是很远，你应该去那儿。
QuestLoc_GoingToTown_2_Question1_Choice3	你刚才是说，“奴隶贩子”？
QuestLoc_ItsnotEasyBeingGreen_Conversation_1_NPCEnd_1	他们都在下面。祝你好运！
MysteriousStrangerWindow_Description	恭喜你找到了神秘陌生人，他给你带来了一些瓶盖（基本上你就是在“抢劫”他）。
QuestLoc_UndercoverOperations_QuestName	卧底行动
Room_HydroponicFarm	花园
QuestLoc_MatterstoSettle_RaiderLine_2	我们不配！
Encounter_Random_Message97	我在这里的时间越长，就越是危险。
MrHandyDialog_Generic_48	我想知道有多少人类死在这个地方。只是好奇。真的。
QuestLoc_JustDeserts_Conversation_5_Team_1	“饥荒”外套（力量/耐力/智力/运气+4）
QuestLoc_DuoofDestructionGlowingOnex2_QuestName	双重毁灭：发光种(x2!)
QuestLoc_SpyonRaiders_Conversation_3B_NPCEnd_1	很好。现在去致伤致残吧！
Weapon_Description_HuntingRifle_OlPainless	可以让你的马，或死爪，一秒内摆脱痛苦。
QuestLoc_BigTrouble_RaiderLine_1	那个大家伙是怎么穿过那扇门的？
Objective_CraftRareOutfits_Plural	打造{0}稀有装备
QuestLoc_GroomforDoubt_Conversation_1_Team_1	嘿？
QuestLoc_Headhunting_Question2_Choice1	我来自避难所，来救你的。
Objective_CollectUltracite	收集1块辐射极琉矿
QuestLoc_DeathandDenial_Conversation_6_NPCStart_3	我只知道今天早上我醒来时手里拿着一把血淋淋的匕首。
QuestLoc_WithFriendsLikeThese_Conversation_1_NPCStart_3	他以为鼹鼠是他的朋友。
Junk_Name_MilitaryCircuitBoard	军用电路板
Title_Building	建造中
Speech_Happiness_Parent10	有一天我完美的孩子会长成一个完美的大人！
MrHandyDialog_Wasteland_19	看啊。一个被摧毁的甜甜圈店。人类再也不能吃到甜甜圈和咖啡了，真遗憾。
Message_Tutorial_27_PC	房间需要{电力}才能运行。再次点击来{确认}。
Speech_Room_DeadDweller1	哦，一具尸体！可真“令人愉快”啊。
Button_Spin	抽取
QuestLoc_FriendlySettlement_Conversation_2C_NPCEnd_3	来，你把这个拿走。
QuestLoc_UndercoverOperations_QuestLongDescription	一个地下军事基地遭到攻击，召唤他们所有的废土巡逻前去帮忙。难道又是“害虫”吗？我们需要阻止他们！但我们需要军装来通过他们的巡逻并进入基地……
Weapon_Description_Flamer	用战斗型火焰喷射器将他们活活烧死。
QuestLoc_BeatReporting_Conversation_1_NPCStart_1	你好，欢迎来到每周博览会！
Encounter_Journal_Message35	探险家日志。新条目：曾经的建筑物有物资，但它们通常有人看着。
QuestLoc_CleaningHouse_Question2_Answer3	当然！我的意思是，看，我很有应变能力，会搞定的。别担心。来嘛，我们认识都好几天了！
MrHandyDialog_Wasteland_44	那就走这边吧。
Speech_Kid20	我什么时候能得到哔哔小子？
QuestLoc_FriendlySettlement_Conversation_1B_Team_3	啊！僵尸！
QuestLoc_APaleImitation_Conversation_2_Team_1	上吧！我已经准备好了！
QuestLoc_RevengeoftheGeeks_Conversation_3_Team_1	19
QuestLoc_S2_QL3_Q4_Warehouse_Question4_Choice2	垫圈从哪里来的？说！
Speech_Quest_WrongPath_Dweller_10	有种感觉走错了路。
QuestLoc_BountyBash_Conversation_1_NPCStart_4	你可能必须要和他肉搏才能拿下他！
GameSettingsPC_ZoomSensitivity	镜头缩放速度
Wasteland_DwellerRevived5	啊啊啊！好多了！
MrHandyDialog_Wasteland_18	一个瘪了的篮球，扔在路上。一定有什么象征意义……
QuestLoc_AgainstTheOdds_RaiderLine_1	你是不可能打败我们所有人的！
Stats_PetBreeds_DefaultRollerbrain	移动大脑
Speech_Room_LoveJob3	G.O.A.T.测试说得没错！这对我来说是完美的工作！
QuestLoc_GhoulInBlack_Answer01_NPC01	骗人！他们要找那个尸鬼！干掉他们！
QuestLoc_LetsKnockitOuttathePark_Conversation_1_NPCStart_3	你知道吗，我曾经爱过他。可他就是个彻头彻尾的骗子！
QuestLoc_GhostlyGag_Conversation_1_Team_1	哈！
QuestLoc_CleaningHouse_QuestLongDesc	旅馆快准备好了！但大汗帮留下了一堆乱摊子，引来了一大堆害虫。开门之前，先把它们清掉。
BrotherhoodOfFeels_ConversationAnswer_01_NPC07	我们曾经属于钢铁兄弟会，但我们现在更关心帮助别人而不是收集东西。那么，我们该如何互相帮助呢？
Encounter_Random_Message37	新鲜的痕迹。动物的？或者……更可怕的？
QuestLoc_JackAintBack_Conversation_1_NPCStart_2	你听说过杰克吗？如果你们有他的话，我们的出价可不会低！
QuestLoc_NoRestfortheWicked_QuestObjective_1	同监督者扎勒斯基交谈。
SnipSnipDialog_GameRoom_01	哼，就让这些人类来挑战我在《红色威胁》中的高分吧……
Speech_Quest_Generic_Dweller_15	要能洗个热水澡，让我干什么都行……
Speech_Generic_Dweller43	嘿，嘿，嘿，怎么样啊？
QuestLoc_AllSalesFinal_Conversation_1_NPCStart_1	欢迎来到大无敌超市！
QuestLoc_DeathclawDeeLite_3_Question2_Answer2	消灭！！！
QuestLoc_UninvitedGuests_Conversation_1_NPCStart_2	你没有被邀请！
Outfit_Name_PowerArmor_T60a	t-60a动力装甲
Speech_LivingQuarter_PickupLines_30	如果我是猫，九条命我都想和你过。
QuestLoc_RevengeoftheGeeks_Conversation_2_NPCEnd_2	嗯……我想你这次答对了。
Speech_Quest_Loot_Dweller_17	谁找到就归谁！
Weapon_Name_PipePistol_HairTrigger	微力扳机管道手枪
QuestLoc_S2_QL2_Q2_Field_Question2_Answer3	你们是那种死板的人，是吧？行，我签，签完你们就走。
QuestLoc_AlienBotQuest03_Conversation_4_PC3_1	这些家伙到底是什么？
QuestLoc_GameShowGauntletGlobal_QuestShortDescription	为胜利而战！
QuestLoc_ThymeisMoney_Conversation_1_Team_2	双关语太多，百里香太少。
QuestLoc_Snipping_QuestShortDescription	搜索大无敌超市。
QuestLoc_WastelandTheMusical_Conversation_3_Team_1	♪ 我压根不知道你们的歌 ♪ 我们就不能好好相处吗？♪
QuestLoc_RadiationLeak_QuestLongDescription	我们的邻近的避难所发生了大型的辐射泄漏，居民们变成了狂尸鬼！
VictorDialog_Generic_07	来嘛，人嘛，偶尔总需要别人搭把手的。
PetCarrier_ContentLine1	1个普通级，稀有级或传奇级的宠物。
QuestLoc_AllSalesFinal_Conversation_1_NPCStart_2	我们今天能为您做些什么？
QuestLoc_CollectorsEdition_RaiderLine_1	如果你只是把巧手先生放在盒子里，他能做什么呢？
KeyboardMapping_ZoomingCameraIn	画面放大
QuestLoc_CollectorsEdition_Conversation_2_NPCStart_3	我很想打开盒子，但我没有。
QuestLoc_ThirdandGoal_Conversation_2_NPCStart_1	救命！这些掠夺者疯了！
Speech_Conversation_NPC2_Topic57_Response2	白天。绝对是白天。
QuestLoc_DogShelter_QuestLongDescription	有人没给菲多栓链子就让它跑了出来。你们应该把它找回来。
QuestLoc_ReleasetheRaiders_Conversation_2_NPCStart_4	但当我们寻找“死亡”的洞穴时，应该可以拖住他们。
QuestLoc_ShamrocktheCasbah_QuestObjective_1	探索317号避难所
QuestLoc_Dog_QuestShortDescription	调查红火箭加油站的奇怪声音。
QuestLoc_HoneymoonHorror_Conversation_2_NPCEnd_1	好吧。不过你们只能收下他们给我的那件丑衣服了。一件灰扑扑的图书管理员服？认真的？
QuestLoc_RaiderTroublesatCorvega_Conversation_1_NPCEnd_1	没怎么，在我们能抓到他之前就离开了。说是一些定居点的人被困在了鼹鼠洞穴里。话说完了，准备受死吧！
NewVegasA_Title_Short	新维加斯万岁
QuestLoc_SpelunKingTrainingG_Conversation_1_NPCStart_1	（声音听起来低沉又含混不清。）
QuestLoc_LittleMissWasteland_Conversation_5_NPCStart_1	好吧，呃，回答问题好像不是你的专长……
Android_Ask_Notification_Title	通知
QuestLoc_FoodFight_Conversation_1D_NPCEnd_2	你这个小偷，想都别想！
Encounter_Random_Message21	我应该回避难所吗？也许再过一会儿吧。
Title_DeleteVault	删除避难所
QuestLoc_BeatReporting_Conversation_2_NPCEnd_4	对。他可能不知道他已经聚集了这么多追随者。
Encounter_Victory_Creature18	泥沼蟹猎杀者反成了猎物。它死了。
QuestLoc_WeddingCrashers_Conversation_2_NPCEnd_2	你真的要这样吗？行啊，去和那些居民们一起生活啊，马克斯！我一点儿也不在乎！
Achievement_Xbox_Name_11	制药公司
Stats_PetBreeds_Brittany	布列塔尼犬
QuestLoc_DogGone_Conversation_1_Team_1	好吧，我们忘了瓶盖和吃的了……但是我们有枪！
Speech_Quest_WrongPath_Dweller_6	不对。肯定不是这条路。
QuestLoc_IDontKnowsonThird_QuestName	我不知道第三是哪里！
QuestLoc_DuoofDestructionGlowingRadscorpions_QuestObjective_1	消灭第一只发光辐射蝎。
QuestLoc_SpyonRaiders_Conversation_3C_NPCEnd_2	很好。拿上这个然后出发吧！
QuestLoc_TheCaseoftheLostLunch_Conversation_1_Team_2	我会帮忙，但你得保证不要再打劫别人了。
Speech_Quest_Generic_Dweller_Conversation_28_Response_2	哦，老样子：独角鲸和独角兽的区别。
QuestLoc_DeathclawDeeLite_2_Question2_Answer2	哦，亲爱的。听起来很严重。你需要杀掉头头，然后用这种毒药喷在它们的蛋上。祝你好运！
QuestLoc_ParleyTime_Conversation_3_NPCEnd_3	该死。我试过了，真的。这里，如果你告诉“战争崇拜者”我震慑住了你，我就给你这个。
QuestLoc_UninvitedGuests_Conversation_1_Team_2	我当然被邀请了……
QuestLoc_SpyonRaiders_Conversation_1D_NPCStart_3	你们能做到吗？
Weapon_Description_BBGun_ArmorPiercing	能射穿一条牛仔裤，甚至射穿腿。
QuestLoc_AtDeathsDoor_Conversation_1_NPCEnd_1	我们发誓！不再惹麻烦。不再动手册。谢谢你！
QuestLoc_Burnout_QuestName	烧光
Help_Page31_Title	量子核子可乐
Tutorial_Tip_28_PS4	你可以按下L3来给选定的居民重新命名。
Weapon_Description_LaserPistol_Rusty	它可以点燃一支烟，或者杀死一只辐射蟑螂。
Message_NoSkipTime	现在不能使用量子核子可乐。请稍后再试。
QuestLoc_AlienBotQuest04_Conversation_2_PC1_4	还有个身份标签……罗伯科公司？
QuestLoc_VaultTecExperimentReviewF_Conversation_2_Team_2	我们的队名是……“除了我们都是白痴”。
QuestLoc_SpringForwardFallBack_QuestLongDescription	我们必须去找他们的领袖忏悔者阿尔瓦拉多，叫他停止这些攻击，否则后果自负。
QuestLoc_MatterstoSettle_Conversation_1_Team_1	对！我们来收拾这个烂摊子。这里还有更多的居民吗？
QuestLoc_LaborDispute_QuestlineName	劳资纠纷！
QuestLoc_FriendlySettlement_Conversation_2C_NPCStart_3	我们很高兴能帮助你。你想要什么呢？
QuestLoc_DeathRevealed_Conversation_2_NPCStart_2	他正在告诉大家各个邪教都在什么地方，这样能方便居民们避开他们！
QuestLoc_AlmostHuman_QuestlineName	半人半鬼
QuestLoc_SpelunKingTrainingE_Conversation_1_NPCStart_1	太弱了！你们有见过我们的肌肉吗？
Speech_Conversation_NPC2_Topic27_Response1	得看情况。独轮车是什么颜色的？
Speech_Happiness_Happy2	看来我这愁脸是要永远翻成笑脸了！
QuestLoc_PerfectSpecimens_Answer01_PC07	嗯，好吧。回头见！
QuestLoc_GuardianoftheWastes:Radroaches_QuestShortDescription	清理辐射蟑螂窝。
QuestLoc_HerestoYouRackieJobinson_QuestObjective_1	寻找罗基·杰宾森的棒球衫。
MainMenu_TapToStart	进入避难所{0}
QuestLoc_ExtremePrejudice_Conversation_4_Team_3	你的……我的意思是，我们的监督者什么都知道。他肯定说的是实话。
QuestLoc_VaultTecExperimentReviewB_Conversation_3_NPCEnd_4	我很喜欢，给你吧。
Room_Cafeteria	餐厅
Armory_Upgrade_Info	加速观察力（P）的训练
NoRating	没有评级
QuestLoc_SpyonRaiders_Conversation_2E_NPCStart_1	你们是谁？新来到“铅笔推进器”的吗？
Encounter_Random_Message119	我应该往东吗？
Button_Ok	确定
QuestLoc_HumanBeanJuice_QuestShortDescription	在杰克被加工成晚饭之前找到他。
MrHandyDialog_Wasteland_30	要是通用原子国际的制造者们看到我现在的样子……
QuestLoc_QueenoftheDeathclaws_QuestObjective_2	杀死女王的领头死爪。
QuestLoc_TheMysteriousDisappearingSpuds_Conversation_1_NPCStart_1	呀！你一定得帮帮我们！我们的红果一株株都死掉了！我们救不活了！
Speech_Generic_Dweller42	我才不在乎海洋辐射不辐射呢。为了来份炸鱼薯条，让我干什么都行。
QuestLoc_HeresthePitch_QuestName	就是这里了……
QuestLoc_DogShelter_Conversation_1_NPCEnd_2	我一直和他们讲要温柔点。
QuestLoc_CrossingPaths_QuestShortDescription	为星骑士克罗丝提供火力支援。
VaultTecWindow_Title	避难所科技公司
QuestLoc_TheScorpionKing_Conversation_1_NPCStart_4	现在你们让我一下回到解放前！
Weapon_Name_AutumnLaserPistol	奥顿的激光手枪
QuestLoc_ALaborofLove_Conversation_1_NPCEnd_3	我说，清空……呃，给我开枪就是了！
QuestLoc_LiveDeadDrop_Conversation_1_NPCEnd_1	你真幸运，我刚才差点开枪了……
Room_OutfitFactory_Build	建造一个装备工坊？
Pet_Description_akita_l2	这样的住处。很有避难所的风格。哇哦。
QuestLoc_DiplomaticMission_Conversation_1_NPCStart_1	是来自避难所的外交家！
Outfit_Name_RadiationSuit_Expert	专家防辐射服
VictorDialog_LivingQuarters_01	不知道那些人类在后屋里捣鼓些什么。
Wasteland_ExteriorName_Default	默认
Speech_Quest_Generic_Dweller_40	真该把他们的室内设计师炒了。
QuestLoc_ESterisComing_QuestLongDescription	忏悔者阿尔瓦拉多已同意停止喷洒辐射物质，作为善意的表示，我们已经同意帮助教会找回一块传说存有古老复活节仪式数据的圣电路板。
VictorDialog_Wasteland_23	让我看看，下一步该往哪走？
QuestLoc_GivemeLibertyandorDeath_Conversation_1_NPCEnd_1	什么？三备份？我们杀了你之后就会得到这些。
QuestLoc_TheSecretofREDACTED_Conversation_2_NPCStart_3	除非你有钥匙，否则我们就杀了你。
QuestLoc_HalfFullHalfEmpty_Conversation_1_NPCStart_3	我们的双头牛喝了，两天之后他拉出了金条！
QuestLoc_GameShowGauntletF_Conversation_4_NPCEnd_4	你的脑袋掉了，就不会再苦恼了。
QuestLoc_LastInningOrnot_Conversation_2_Team_2	多谢你们的信息。我想现在我们可以互相伤害了？
Encounter_Random_Message190	满街都是被毁的汽车，可它们从来没飞起来过。看来科学是错过了这一趟。
QuestLoc_Headhunting_Question2_Answer1	和一个避难所居民比起来你也太矮了吧？算了，我受够睡前故事了。
Encounter_Random_Message210	不知道双头牛的奶好不好喝。当然，我可不打算去试。
Objective_CollectWaterWithinTime	在一分钟内收集{0}水
Speech_LivingQuarter_PickupLines_77	有你的电话。是天堂打来的，问你是不是要回家了。
Speech_LivingQuarter_PickupLines_68	我想一定发地震了，因为我正为你坠落。
QuestLoc_SantasHelpers_Conversation_3_NPCEnd_4	这么慷慨！希望你们一路顺利，圣诞的帮手们！
QuestLoc_SantasHelpers_QuestObjective_3	和居民们交谈。
Social_Filter_HelpRequests	要求
SeasonPass_UnlockBattlePass_Exclamation	解锁赛季通行证！
Encounter_Random_Message86	嚯，那栋房子可真够大。可再大也挡不住原子弹。
Speech_Quest_NotAlone_Dweller_19	人多力量大，对吧？
Button_ReloadLater	稍后加载
SnipSnipDialog_Wasteland_82	那就向西走吧。
QuestLoc_WastelandTheMusical_Conversation_3_Team_2	♪ 夹克真漂亮，哪弄来的？ ♪ 是从流浪汉那儿弄来的吗？♪
Weapon_Name_AlienBlaster_Rusty	生锈的异形破坏者
QuestLoc_APaleImitation_Conversation_2_NPCStart_3	天，想变成一个文明人可真难！也许避难所生活不适合我？
QuestLoc_RadroachRoundup_Conversation_1_NPCEnd_3	她把大家都逼疯了。如果你杀了她，我们就可以围捕其他人。
Encounter_Random_Message14	那是什么？
QuestLoc_FoodFight_Conversation_1E_Team_4	哦呵呵，一个吃货。多了不起。
QuestLoc_CrossingPaths_QuestLongDescription	星骑士克罗丝正在大无敌超市收集相关技术，但不幸被死爪盯上了，快帮帮他。
QuestLoc_PerfectSpecimens_Answer01_NPC01	据我所知，只有我这个族群，曾经还有更多……
Speech_LivingQuarter_PickupLines_5	我一整天都在想你。
QuestLoc_SpelunKingTrainingE_QuestLongDescription	一年一度的洞穴探险赛即将开始，但是该送哪一个居民过去呢？让我们派遣那些有魅力又敏捷的居民去吧，看看他们有多厉害！
QuestLoc_ConferenceontheMound_QuestName	土堆上的会议
Message_Tutorial_12_Xbox	如果需要额外资源，可以使用{极速模式}。按下来{打开}{极速菜单}。
QuestLoc_TargetPractice_QuestLongDescription	你的居民有机会可以提高他们使用武器的能力。虽然不是最好的，但用来练习应该不错。
QuestLoc_TheCaseoftheLostLunch_Conversation_2_NPCEnd_2	等等，我们不需要。但没有找到食物之前，我们是不会让那个掠夺者离开的。你要是找到了，我们可以放他走。
DwellerEquipPanelBonus	奖励
QuestLoc_SpyonRaiders_Conversation_2C_Team_1	你应该离开。你在外面一定能过上更好的生活。
Speech_Quest_Generic_Dweller_48	我要是死在这儿，一定气得做鬼都不安生。
Room_WeaponFactory_Build	建造武器工坊？
QuestLoc_PitStop_QuestShortDescription	搜索红火箭服务站的物资。
Speech_Conversation_NPC1_Topic12	我们在避难所这里很安全……对吗？
QuestLoc_GuardianoftheWastes:Radroaches_QuestObjective_1	杀死发光辐射蟑螂。
QuestLoc_VaultTecExperimentReviewC_Conversation_3_NPCStart_3	可以告诉我们你们在找什么，我们会给你们的！
Title_UnlockRoom	解锁房间
Crafting_FreeJunk_Main1	这里有一些配方和杂物，可以打造探险时无法得到的装备和武器。
Objective_CollectPet	收集{0}个宠物
MrHandyDialog_Wasteland_14	那是？没错，那是个破败的通用原子工厂。看来他们造完我之后就把模具给砸了。这可是字面意思。
Outfit_Name_FlightSuit	飞行服
Outfit_Name_jump	避难所套装
QuestLoc_ExtremePrejudice_Conversation_5_NPCStart_3	可惜你会失败，你的避难所将是我们的！
Speech_Quest_Alone_Dweller_1	我一个人。在避难所外面。哦，这可够我受的了。
QuestLoc_TakingOuttheTrash_Conversation_1_NPCStart_3	欢迎加入我们，士兵！
Speech_Quest_Generic_Dweller_21	需要免洗消毒液的时候，它都在哪儿呢？
Room_ScienceLab_Build	建一个科学实验室？
SnipSnipDialog_Generic_49	你们人类有的开心，有的伤心……能不能统一一下情绪！
QuestLoc_OperationSandman_Conversation_3_NPCEnd_1	入侵者被骗得现了身？知道了。
Emergency_Deathclaw	死爪袭击
QuestLoc_HumansLikeUs_Conversation_4_NPCStart_2	哈哈，开玩笑的，这个避难所现在是我们的家了。
QuestLoc_LittleMissWasteland_Conversation_4_NPCStart_3	问题是这个：辐射是好的还是坏的？
QuestLoc_TheSpreadingBlight_QuestName	枯萎蔓延
Outfit_Description_MoviefanSpecial	对于在废弃的“免下车”通道中闲逛的人来说很完美。
QuestLoc_GivemeLibertyandorDeath_RaiderLine_3	配额必须被满足！
SnipSnipDialog_Bar_01	有谁想来一杯吗？
QuestLoc_MondayNightBrawl_QuestLongDescription	附近的掠夺者团伙正在挑衅你！是时候告诉他们谁才是真正的老大了……摆出点老板样子，给他们点颜色瞧瞧！
Pet_EnglishMastiff	英国獒犬
QuestLoc_SpringingtheTrap_Conversation_1_Team_4	“散发圣光和尘土”如何？
Radroach_Name	辐射蟑螂
Pet_Description_somali_l	属于你自己的四条腿小明星。
SnipSnipDialog_Wasteland_65	如果我有脚，现在肯定会很疼。
QuestLoc_HighSteaks_RaiderLine_1	肉就意味着杀害……当然是好的那种杀害。
Encounter_Victory_Repeatable_JunkLocation2	好运气！我发现并搜刮了一个物资室，而且没让房屋塌下来。
Speech_LivingQuarter_Dialogue_NPC1_17	我真希望我们有一个巧手先生。
Speech_HealthA4	嗯。感觉不太好……
Encounet_Progression_NPC8	正在设法让钢铁兄弟会巡逻队相信我毫无威胁。
QuestLoc_CoveWatch_QuestShortDescription	是真的电视节目试镜？还是个陷阱？应该是陷阱吧。
QuestLoc_ADeliciousTrailofDanger_Conversation_2_NPCStart_1	高步勒之前在这里！
QuestLoc_TheCaseoftheLostLunch_Conversation_2_NPCStart_2	那个掠夺者要明白他是不可能拿了我们的食物还想活着出去的。
Outfit_Name_LoungeShirt	保龄球运动衫
QuestLoc_TheEndoftheRainbow_QuestName	彩虹的尽头
QuestLoc_MallMadness_Conversation_2_NPCStart_1	所有家用产品均半价！绝对抢不赢这群人了。
MrHandyDialog_Wasteland_74	哦，看啊，一辆旧的克莱斯勒·可伟佳。核动力汽车可真是个“好”主意啊……
QuestLoc_SpringForwardFallBack_Conversation_1_NPCStart_2	你是来在原子的光辉之下净身的吗？
SnipSnipDialog_Wasteland_29	像个乡巴佬一样在废土上捡破烂？我可不是干这个的料。
Outfit_Name_ScribeRobe_Elder	长老长袍
QuestLoc_GameShowGauntletF_Conversation_4_Team_4	我觉得应该是某种鸟。
QuestLoc_ADeliciousTrailofDanger_Conversation_2_NPCEnd_3	也许这个会保你安全？
QuestLoc_SpelunKingTrainingF_Conversation_1_NPCStart_3	我们将会成为洞穴探险之王的。你们尽可以打赌！
QuestLoc_GameShowGauntletC_QuestShortDescription	为胜利而战！
QuestLoc_SpelunKingTrainingC_QuestLongDescription	一年一度的洞穴探险赛即将开始，但是该送哪一个居民过去呢？让我们派遣那些强悍又幸运的居民去吧，看看他们有多厉害！
Weapon_Description_Shotgun_DoubleBarrelled	两个筒。双重伤害，双倍乐趣！
QuestLoc_Dog_QuestLongDescription	你在返回菲利镇的路上经过一个破旧的加油站，听到里面传来的奇怪声音。那会是什么呢？只有进去才能知道！
QuestLoc_ArghMatey_QuestObjective_1	找到那只鹦鹉。
QuestLoc_MatterstoSettle_Conversation_2_NPCStart_3	你救了我们，如果你们的避难所需要帮助，我会和你一起回去。
QuestLoc_TheBansheesKeen_Conversation_3_NPCStart_3	然后我们看他们多久会反目。
Encounter_Random_Message193	干脆顺着血迹走吧。还能出什么岔子呢？
QuestLoc_DrivingtheSnakesOut_Conversation_1_NPCStart_1	好，看这里！
Vault	避难所
QuestLoc_VaultTecExperimentReviewB_Conversation_3_Team_2	要不然来点帅气利落的间谍套装？
QuestLoc_ASettlerNeedsYourHelp_Conversation_1_NPCStart_1	兄弟，我不知道你们是谁，但你们来得太是时候了。
QuestLoc_AlienBotQuest03_Conversation_5_PC2_5	在炸弹落下之前的几年里，一直有传言。看来传言是真的。
Speech_Quest_Loot_Dweller_24	哟哟哟……
QuestLoc_HorrorMovieNight_QuestLongDescription	你的一位居民受到了某部恐怖电影的“启发”。
QuestLoc_SpringForwardFallBack_Conversation_2_NPCStart_4	我是神父阿尔瓦拉多。你想从我们这里得到什么？
QuestLoc_ExtremePrejudice_QuestShortDescription	拿下一个敌对避难所的首领。
Weapon_Description_Magnum	战前警察和废土战士最喜欢的类型。
Encounter_Random_Message73	一所破旧的小学。哇，真是半点都不让人沮丧……
Outfit_Description_AlienSpaceSuit	先进的生命支持系统和传感器，还有一点薄荷味。
Objective_Water	收集{0}水
Encounet_Progression_Creature46	英克雷死爪逼近，准备攻击。
QuestLoc_VaultTecExperimentReviewB_Conversation_2_Team_1	当然，我们什么都告诉你们！
QuestLoc_APaleImitation_Conversation_2_NPCStart_2	我是说，不是字面上说的那种，就是，你知道的……
QuestLoc_StopthePresses_Conversation_1_Team_2	谎言永远都是谎言，有人因为这个死了！我们来就是为了阻止你们的！
QuestLoc_DeathRevealed_Conversation_3_NPCStart_4	我们希望您最后的时刻幸福度能满足手册的最低要求。
Objective_KillRadscorpions_Plural	消灭{0}只辐射蝎
QuestList_AvailableTime	{0}
QuestLoc_TheresnoCryinginBaseball_QuestName	棒球场上没有眼泪！
MrHandyDialog_WaterPlant_02	虽然我不会睡觉或做梦，但这个房间给了我噩梦。
QuestLoc_TheDoorBuster_Conversation_1_NPCEnd_1	大概是个陷阱。这个地方到处都是掠夺者。祝你们好运。
Message_PS4SignIn	你必须登录PlayStation™Network以使用此功能。
Achievement_Xbox_Name_01	能说会道
Controls_Xbox_Vault_Upgrade	升级房间
Title_AssignDweller	分配居民
QuestLoc_ThymeisMoney_QuestObjective_1	找到香料。
QuestLoc_Vault199_QuestLongDescription	掠夺者有提到比格斯比可能逃到了199号避难所。我应该帮你问问。但愿它在居民那里。
Shop_StarterPack_Line1	给您配备一切所需，来快速开始地下生活。包括一位传奇居民、两位稀有居民、一只传奇宠物和一位巧手先生，另外还有量子核子可乐和大量避难所资源。每所避难所限购1份。
Encounter_Defeat_NPC5	鹰爪公司的雇佣兵拔出他们的枪，让我离开。我照做了。
QuestLoc_ESterEggHunt_Conversation_1_NPCStart_3	死爪蛋最重要，因为那些小壳里所包含的巨大力量。
Objective_CraftRareWeapons	打造1件稀有武器
Outfit_Name_HunterGear_Mutant	变种猎人服
Title_RushReady	极速模式准备！
QuestLoc_RadroachRoundup_Conversation_1_NPCEnd_2	不，但他们不停地说：“愿辐射保佑我们。”
Weapon_Description_LaserRifle	一种高技术的步兵武器，在战前被士兵使用。
Room_StorageArea	储藏室
Weapon_Name_Rifle_Rare	稀有级步枪
SeasonModal_Leaderboard_VaultScoreFull	避难所评分：{0}
Speech_Kid40	有人想出来传传橄榄球吗？
Objective_RaiseSpecificSpecialLevel	提高1位居民的{1}。
QuestLoc_AllsFairinLoveandNuclearWar_Conversation_1_Team_3	这里到底有没有单身汉啊？
Speech_Conversation_NPC1_Topic24	我想晚饭吃块大牛排。你呢？
QuestLoc_SpringingtheTrap_Conversation_1_NPCEnd_1	不幸的是，漫游在废土上。现在，你可以帮助我们找到动力装甲在哪里。
QuestLoc_Sabotage_Conversation_2_Team_2	他甚至不能保护你免遭秘密破坏者的伤害。
QuestLoc_ExtremePrejudice_Conversation_5_Team_1	你已经有一个避难所了。
QuestLoc_EchoesofSteel_QuestlineName	钢铁的回声
QuestLoc_HumansLikeUs_Conversation_2_NPCStart_3	用人类制造的声音与他人交谈是件好事。
QuestLoc_SOS_Conversation_1_NPCStart_2	那些掠夺者离开后去了仓库，并带走了我的狗，比格斯比。
QuestLoc_TruthAmongtheAshes_Conversation_1_NPCStart_4	她不在乎。她说是什么华丽的冒险。那就这样吧。
Title_Effect	效果
Vaultboy_Message_StorageWarning	储藏空间不足
QuestLoc_CleaningHouse_Question1_Answer2	哦！嗯，希望这些够。
Controls_Xbox_Vault_PipBoy	哔哔小子
Encounter_Defeat_NPC9	我找不到定居点。现在迷路的农民的状况比以前更糟了。
QuestLoc_OperationSandman_Conversation_4_NPCStart_1	你现在明白你有多完蛋了吗？
QuestLoc_CollectorsEdition_Conversation_2_Team_3	把盒子给我们，你就会活下去。
Speech_Quest_Loot_Dweller_54	哦宝贝！
QuestLoc_MonsterUndertheBed_RaiderLine_1	我还能看到它留下的痕迹。我们总算有点线索了！
Outfit_Description_MetalArmor	当皮革没有用的时候。可以阻止一颗子弹，或一百颗。
Speech_Kid44	没有学校，没有保姆——这才是生活！
Controls_Xbox_Vault_Wasteland	废土
Encounter_Random_Message192	不知道大象还在不在。
QuestLoc_OperationSandman_Conversation_2_Team_4	我们发现了真相。手册是错误的。“死亡”是一个拼写错误！
Message_TutorialPopup_06_Hint	提示：避难所有足够的居住空间时，怀孕的女性才能分娩。
BottleAndCappyArrivalInVault	瓶瓶和盖盖！
QuestLoc_ExtremePrejudice_Conversation_4_NPCStart_3	我想我们会永远困在这蹩脚的二流避难所里。
QuestLoc_TheRoadtoVaultopolis_Conversation_1_NPCStart_3	我还是会和你们说一样的话，就像我告诉她的，你们找错地方了！
Speech_Quest_Generic_Dweller_60	要是我有第六感，这会儿它一定在疯狂示警。
QuestLoc_ExtremePrejudice_Conversation_1_Team_3	我真希望我是间谍，所以我可以杀了你们所有人。
QuestLoc_SpyonRaiders_Conversation_1D_NPCEnd_3	是啊，对的。等等，你说什么？你们死定了！
SnipSnipDialog_Wasteland_17	这地方看着是不怎么样，但一个有进取心的机器人在废土上也能闯出好日子来……
QuestLoc_InAnotherVault_Conversation_1_NPCStart_2	你一定是从掠夺者手中逃跑的那群可怜人中的一员。
SnipSnipDialog_Wasteland_52	这辈子吸的“新鲜空气”已经够多了，多谢，不必了。
Pet_DefaultRollerbrain	移动大脑
Objective_CraftLegendaryOutfits	打造1件传奇服装
QuestLoc_TheSecretofREDACTED_Conversation_2_NPCEnd_3	你知道吗，我们也知道。向狄斯科耳狄亚致敬！
MrHandyDialog_Generic_15	先说好，我不擦窗户。哦，等等！你们根本没有窗户！哈哈哈。抱歉，这是机器人的幽默……
QuestLoc_DrivingtheSnakesOut_QuestObjective_2	击败掠夺者。
QuestLoc_TheScorpionKing_Conversation_1_NPCEnd_3	那是什么意思？滚出去！我花钱让你滚！
Stats_Babies_Born	出生的婴儿
QuestLoc_IntotheOutfield_QuestShortDescription	寻找罗基·杰宾森的棒球衫。
Weapon_Name_InstitutePistol_Scoped	狙击型学院手枪
QuestLoc_GameShowGauntletE_Conversation_2_NPCStart_1	我们现在进入第二回合。
Pet_Description_rottweiler_l	一个强壮的身体里住着善良的灵魂。它是爱和忠诚的典范。
QuestLoc_PowertothePeople_QuestShortDescription	从鲁巴布的掠夺者手中救出监督者莫加比。
Speech_Conversation_NPC2_Topic35_Response1	嗯？可以把它变成武器。去打鼹鼠人。
QuestLoc_GameShowGauntletF_Conversation_2_Team_2	学院。
QuestLoc_GameShowGauntletD_Conversation_2_Team_1	圣骑士丹斯。
Achievement_Xbox_Completed_12	拆解了500个物品
QuestLoc_TheMostDangerousGame_QuestObjective_1	杀死掠夺者首领。
Encounter_Journal_Message36	探险家日志。新条目：放眼望去，死亡。苦难。还有……希望。
Dweller_EmptySlot	拖到这里
Weapon_Name_AssaultRifle_Infiltrator	“渗透者”突击步枪
Message_TooManyMrHandyInWasteland	您派去废土探险的巧手先生数量已达上限。
Encounter_Progression_JustStartedTier2_12	也许我压根就不是探险的料。
Pet_Description_goldenret_l	已经知道……可以一次用五个球来玩接球游戏。
Wasteland_Found	找到
Speech_Quest_Generic_Dweller_56	再提醒我一下，我当初为什么同意做这个……？
SeasonModal_Leaderboard_ScoreInfoPopup_CraftUltraciteWeapons	打造辐射极琉矿武器
QuestLoc_SantasHelpers_Conversation_2_NPCStart_3	哦，还要一些水质芯片！
Encounter_Random_Message176	快看，一家被毁的披萨店。等我回去，咱们避难所也办个“披萨之夜”吧……
QuestLoc_WaterintoBrine_Conversation_1_NPCEnd_1	告诉你，有些掠夺者给我们脸色看了。打倒他们的首领，我们就告诉你。成交吗？
Encounter_Victory_NPC3	尸鬼给了我一些物资……还有我最需要的友谊。
QuestLoc_CrimeSceneInvestigation_Conversation_3_NPCStart_1	是谁在那里？
QuestLoc_GameShowGauntletJ_Conversation_1_NPCEnd_4	哈哈哈哈！这答案简直和你一样好笑——在你“掉脑袋”的时候！
QuestLoc_FoodFight_Conversation_1B_Team_3	也许二者都有？
MrHandyDialog_Generic_35	努力工作令人快乐？你们人类真的懂吗？
QuestLoc_TruthAmongtheAshes_QuestName	灰烬里的真相
Outfit_Description_BurnedConditionResistence	+50%抵抗燃烧条件
QuestLoc_Blackout_QuestName	断片
QuestLoc_WastelandDoctoring_Conversation_1_NPCStart_2	我把这里所有的病人和受伤者都召集在一起了。你们能帮帮我们吗？
QuestLoc_GameShowGauntletK_Conversation_3_Team_3	更多的成员。
QuestLoc_ADeliciousTrailofDanger_Conversation_1_Team_3	如果要对付高步勒的话，我们会需要你最好的装备！
QuestLoc_DiplomaticMission_Conversation_1_NPCEnd_2	我们可以给你们一些搞破坏的道具。
QuestLoc_RevengeoftheGeeks_Conversation_1_NPCEnd_3	如果你想通过这门课，就需要它。
QuestLoc_TheVaultTecVantage_QuestLongDescription	813号避难所监督者阿尔瓦雷茨告诉我们和告诉宝拉同样的事 - 去避难所科技的办公室找到关于大都会的信息！
Stats_PetBreeds_Sphynx	加拿大无毛猫
QuestLoc_MatterstoSettle_Conversation_5_NPCStart_2	第四位骑士“死亡”，最终会加入这场混战吗？
Stats_Legendary_Pets	传奇级宠物
NukaQuantum_Shop_RedeemTitle6	一卡车量子核子可乐
QuestLoc_VaultTecExperimentReviewF_Conversation_3_NPCEnd_1	武器在这里已经被禁止了。不过你们想要的话，拿去吧！
ArrivalWidget_Notification_QuestlineUnlocked	任务线已解锁
QuestLoc_HomerunDerby_QuestObjective_1	寻找罗基·杰宾森的棒球衫。
QuestLoc_Getting Started_QuestShortDescription	杀死发光辐射蟑螂，完成训练。
Controls_Xbox_Vault_ZoomOut	缩小
Speech_Quest_Generic_Dweller_Conversation_6_Response_2	现在不行，我省着脑力呢。
QuestLoc_GameShowGauntletG_Conversation_1_NPCStart_4	废土上哪座最著名的雕像没了脑袋？
Pet_Lykoi	狼猫
VictorDialog_Generic_21	嘿，你好啊！
Speech_Happiness_Parent4	生儿育女不只是乐趣，更是我们的责任。
QuestLoc_HopontheRoachCoach_Conversation_1_Team_1	你可以加入我们的避难所啊。我们很看重忠诚。
QuestLoc_CrimeSceneInvestigation_Conversation_1_NPCStart_4	让我们的饥饿吞噬你！
Message_Tutorial_53	想要打开{任务列表}，请{点击}{哔哔小子}。
QuestLoc_GameShowGauntletA_QuestName	游戏秀场的考验
QuestLoc_SpyonRaiders_Conversation_3A_NPCEnd_1	很好。现在去致伤致残吧！
SnipSnipDialog_GameRoom_02	哼，就让这些人类来挑战我在《红色威胁》中的高分吧……
SnipSnipDialog_Wasteland_45	这边跟其他方向也半斤八两。
SnipSnipDialog_Wasteland_72	如果我就这样飘向夕阳，避难所真的会在乎吗？
QuestLoc_SpearFishing_QuestShortDescription	去见见第一批丢失红果的果农。
Speech_Conversation_NPC2_Topic26_Response1	我想是的。有人应该检查一下避难所大门的密封是否还好。
QuestLoc_TheBigsbyBrownCase_RaiderLine_2	哦快看呐，我们的宠物又有零食可以吃了。给我煮了他们！
Weapon_Name_50CalMachineGun_Rusty	生锈的.50机枪
Encounter_Progression_Repeatable_JunkLocation4	正在破解终端，好把门打开。
QuestLoc_ScienceCooperative_Conversation_2B_NPCEnd_1	嗯。好吧。我会继续自学这个的。现在你们走吧。
Screenshot_Facebook_Message	查看一下我的避难所！
Title_LunchboxesSmall	午餐盒
QuestLoc_LittleMissWasteland_Conversation_5_Team_1	避难所科技！答案是避难所科技！
MrHandyDialog_Wasteland_50	要是我有汗腺的话，现在应该大汗淋漓了。
QuestLoc_HumansLikeUs_Conversation_3_Team_2	很高兴见到你们俩。你俩是亲戚吗？
Speech_Quest_Generic_Dweller_Conversation_26	当我们回来的时候，你第一件事是做什么？
QuestLoc_AlienBot_QuestName_01	派对福利
QuestLoc_Headhunting_CombatInit2	为了睡前故事！
Speech_LivingQuarter_PickupLines_33	如果爱是辐射，我可能需要一盒消辐宁。
QuestLoc_PoweredUp_Conversation_1_NPCStart_4	她去了813号避难所。如果你们在找她，这个可能会有帮助！
Speech_Happiness_Happy3	生活真美好！
QuestLoc_SavingDaylight_Conversation_3_NPCStart_2	曾经的阿尔瓦拉多已经属于过去了。这是一个新的我，一个新的时代。
SnipSnipDialog_Generic_44	这么多人类都在爱情里寻找慰藉，却没人在意我的灵魂伴侣。
Outfit_Description_HunterGear_Treasure	赃物不可能永远不被发现……
MrHandyDialog_Classroom_01	啊，教育。这是他们唯一永远无法真正从你身上夺走的东西。
Help_Page21_MainText_PC	当点击居民时，就会显示其个人信息。

这个界面上您可以给居民配备武器、装备和宠物，或者用治疗针和消辐宁治疗他们。

点击居民的SPECIAL属性可以显示更多关于个人属性等级的细节。
QuestLoc_SpelunKingTrainingE_Conversation_1_NPCEnd_2	哈！你们有见过我们的剑吗？
Weapon_Description_CombatShotgun_Enhanced	弹速更快，炮弹更强，死得更惨。
Weapon_Description_Pistol_ArmorPiercing	为废土世界主持正义，一次搞定一个掠夺者尸体。
QuestLoc_ChooChoo_QuestLongDescription	你的一位居民一直称自己是“会痛的火车”。我们来让他梦想成真……
Speech_FlavorText_ServiceRoom_05	我有点无聊。不过这么一想，也该知足了。
QuestLoc_GivemeLibertyandorDeath_QuestShortDescription	找到144号避难所的位置——那些“死亡”邪教徒的老巢。
QuestLoc_GuardianoftheWastes:MoleRats_QuestShortDescription	除掉这些可恶的鼹鼠。
QuestLoc_OneGhoulCustomer_Conversation_1_Team_2	这位女士你真的疯了。它们是冲你来的，不是你的可乐。
QuestLoc_FriendlySettlement_Conversation_2B_NPCEnd_4	听起来不错啊。
QuestLoc_TheSixthSun_Conversation_3_NPCEnd_2	他确信太阳正在死去，而一个新的太阳必须被点燃，以“拯救天光”。
VictorDialog_Generic_11	在这艰难时世，踏踏实实干一天活儿，才能真正安心。
QuestLoc_PlayingCatchUp_Conversation_1_NPCEnd_2	他们去了罗伯科大楼，但你们绝不可能活着离开这里！
QuestLoc_WhosonFirst_QuestShortDescription	搜寻仍在继续！
Objective_Food_Plural	收集{0}食物
Outfit_Description_AllNighware_Lucky	笑着睡着，笑着醒来。每！一！次！
QuestLoc_TheHauntingofVault110_QuestName	大众化学惊魂（Mass Chemical 闹鬼事件）
Weapon_Name_Shotgun_Hardened	硬化型霰弹枪
QuestLoc_GhoulSupplies_Question1	你好，欢迎来到尸鬼折扣家具！有什么可以帮你的？
QuestLoc_DeathclawDeeLite_1_QuestObjective1	消灭首领死爪。
Objective_ExploreWastelandDays	让一个居民在废土上探险一天
QuestLoc_WalkofShame_Conversation_1_Team_1	他不是你的丈夫，他是我们的朋友。奴隶贩子们去哪里了？
MrHandyDialog_Reactor_02	哦对了，一起来开发原子能吧。上次开发原子能的结果可真是太棒了……
Weapon_Description_MissileLauncher_Guided	发射一个强大的导弹，正中敌人的咽喉。
Tutorial_Tip_77	暴击能扭转战局……请好好使用。
Weapon_Name_SurgicalRipper_Rusty	生锈的手术齿锯
QuestLoc_ChristmasattheRaiderCamp_Conversation_3_NPCStart_3	所以就让我们来分发一点礼物吧！
QuestLoc_FalloutShow_QuestlineName	权力斗争
Dweller_Name	名字
QuestLoc_Aquaschema_Conversation_1_NPCStart_3	喝的足够多了，我们知道任何影响都只存在于用户的头脑中，纯属巧合。
Title_SeasonPass	赛季通行证
QuestLoc_TheBrothersGrime_Conversation_2_NPCStart_1	避难所居民的败类！你们会为对我哥哥做的事付出代价！
Speech_Conversation_NPC2_Topic11_Response3	我不知道，有些名字听起来还挺萌的。比如说“妖怪熊”，能有多糟呀？
QuestLoc_AlienBotQuest02_Conversation_3_PC1_1	终于！找到了！看起来他们根本没来得及把装饰挂起来。
QuestLoc_GameShowGauntletC_Conversation_1_NPCEnd_4	听上去挺吸引人的，但是错了。准备好……“掉脑袋”！
Speech_Quest_Generic_Dweller_63	没有流水的话，不知道大家都是怎么……哦哦，我懂了。
QuestLoc_TimeforaGrandSlam_QuestName	大满贯时间？
Vaultboy_Message_WaterWarning	水资源不足
Stats_Radscorpion_Attacks_Stopped	终止辐射蝎灾害
Title_Alignment	校准
Encounter_Journal_Message34	探险家日志。新条目：电视早就没法用了，倒是无线电广播很常见。
MrHandyDialog_Generic_37	今晚的晚餐——惠灵顿牛排配一瓶波尔多！开个玩笑。又是饱饱牌肉罐头。
Outfit_Name_GamblerSuit	正装
Weapon_Description_SniperRifle_VictoryRifle	据说狙击手单凭一人就能赢得战争。
Objective_EquipUltraciteWeapon	为1名居民装备辐射极琉矿武器
Speech_Kid10	不知道废土上还有没有人画漫画……
QuestLoc_RunThreeDogRun_QuestObjective_2	与每周博览会记者交谈。
QuestLoc_Aquaschema_Conversation_1_Team_1	你知道我们在哪儿能找到他吗？
QuestLoc_SpyonRaiders_Conversation_1C_Team_2	只有最牛的掠夺者才会有那么多的尖钉！
Message_TutorialPopup_06_Body	避难所里需要更多的居民？试试把居民放在宿舍里，看看会有什么神奇的事情发生。
QuestLoc_FriendlySettlement_Conversation_2A_NPCEnd_3	我听到了，公子哥，我听到啦。这就来了。
QuestLoc_SuperDuperTrooper_Conversation_2_Team_2	当然是，敌人！
SeasonModal_Claimed	已领取
QuestLoc_TheCaseoftheMissingMitt_Conversation_2_NPCStart_1	诶。。诶？等等。是克拉伦斯派你们来的？他的手套不在我这。
QuestLoc_ChristmasattheRaiderCamp_Conversation_3_NPCEnd_1	搞定！
QuestLoc_GameShowGauntletA_Conversation_3_NPCEnd_1	你说得对！你可以进入下一个回合了。
Encounter_Random_Message25	我感觉危险无处不在……
QuestLoc_TheMysteriousDisappearingSpuds_QuestName	神秘消失的粮食
Speech_LivingQuarter_PickupLines_17	没有你我会怎么办？
Message_CraftingTimeSkipNukaQuantum	想要使用{0}瓶量子核子可乐来极速打造这件物品吗？
QuestLoc_S2_QL2_Q3_Req_Question4_Choice2	让它们到处跑真粗心。要不要告诉指挥官？
Room_Dojo_2	体育工作室
Encounter_Progression_JustStartedTier1_15	这就出发！
QuestLoc_VaultTecExperimentReviewD_Conversation_3_Team_2	那件装备看起来不错。
Speech_HealthC6	再见，残酷的世界！
Outfit_Description_BOSUniform_Expert	为钢铁兄弟会中的精英们保留的。
QuestLoc_ToGrandmothersHouseWeGo_Conversation_1_NPCStart_4	或者你们更愿意要这些我们找到的午餐盒吗？
Outfit_Name_WaitressUniform	女服务员制服
QuestLoc_SpyonRaiders_Conversation_3E_Team_4	去死吧，你们这些掠夺者人渣！
Button_Ignore	忽略
Social_Button_UnselectAll	取消选择全部
Speech_SnipSnip_Bark2	我是通用原子国际4型机器人，你应该是个人类吧。
QuestLoc_AllsFairinLoveandNuclearWar_Conversation_1_NPCStart_2	不要抱太大希望，已经没剩多少了。
QuestLoc_IntoVault333_Conversation_1_NPCEnd_2	你能杀掉“坦克弗兰克”吗？他总是将我们洗劫一空。他就在这条路上的那幢建筑里。希望这些消息能帮到你。
QuestLoc_TheRiteofSpraying_Conversation_2_Team_1	“复活节”代表什么？
Speech_SnipSnip_Bark5	你想要哪种绷带？优质合成纤维、经典全棉还是舒适的合成棉混纺？
QuestLoc_VaultopolisAwaits_QuestShortDescription	避难所大都会位于“荫蔽山谷” - 去完成我们的任务吧！
Speech_LivingQuarter_Dialogue_NPC2_9	如果你住在外面，你就死了。
QuestLoc_TheInfiltrationGame_QuestObjective_2	找回“只为你的眼睛”文档。
Tutorial_Tip_80	在任务中死亡的居民只能在任务结束之后复活。
QuestLoc_KidnappingatVault778_QuestObjective_1	拯救安置点的人。
QuestLoc_DiplomaticMission_Conversation_1_NPCStart_3	你们想要哪种？
Outfit_Name_Horseman_DeathJacket	“死亡”夹克
QuestLoc_KnockEmDown_Conversation_2_NPCStart_3	作为我的副官，你将和战争站在同一制高点。
Outfit_Name_HazmatSuit_Heavy	重型废土服
QuestLoc_GameShowGauntletA_Conversation_1_NPCEnd_4	什么？你是个白痴吗？是时候……“掉脑袋”了！
QuestLoc_SpelunKingTrainingC_Conversation_1_Team_1	呵呵，挺会唬人的嘛，不过已经有一个监督者控制着我们的一举一动了。
Outfit_Name_MilitaryJumpsuit_Officer	军官服
QuestLoc_WithFriendsLikeThese_Conversation_1_NPCStart_1	谢谢你们救了我！
QuestLoc_MVPoftheYear_QuestShortDescription	继续追踪教练与棒球衫！
QuestLoc_Vault789_Conversation_1_Team_1	在外面的时候我发现了一则旧广告。
QuestLoc_HotTubSlimeMachine_Conversation_1_NPCStart_2	我们几年前就抽干了它，为了得到饮用水呀！
Encounter_Defeat_Location3	废弃小屋里什么都没有。继续向前吧。
QuestLoc_ExtremePrejudice_Conversation_3_NPCEnd_2	你知道，我不太确定……回头再答复你。
Room_Energy2_Desc	将居民分配在这里生产电力
Weapon_Description_LeverActionRifle_Enhanced	在杠杆上上点油，装一些新发子弹。现在是杀戮时间。
QuestLoc_GameShowGauntletF_Conversation_2_NPCStart_1	我们现在进入第二回合。
Speech_LivingQuarter_Dialogue_NPC1_1	我想挂一些画上去。
QuestLoc_TheMysteriousDisappearingSpuds_Conversation_1_NPCEnd_1	有一群人聚集在旧工厂前——去看看他们吧。
QuestLoc_NotSoSafehouse_Conversation_1_NPCStart_3	掠夺者们准备把合成人卖回给学院。
QuestLoc_GuardianoftheWastes:FeralGhouls_QuestShortDescription	对狂尸鬼绝不心慈手软。
Weapon_Description_PulseRifle_Enhanced	威力调到11时效果最佳。
Tutorial_Tip_88	主题只能应用在最大化合并及升级后的餐厅和宿舍里。
QuestLoc_ChristmasattheRaiderCamp_RaiderLine_3	代我向圣诞老人问声好！
Speech_Quest_Loot_Dweller_41	能找到什么就带走什么。
QuestLoc_GameShowGauntletA_Conversation_2_Team_3	铸铁厂。
Objective_Couple	有一对男女居民，在宿舍里跳舞
QuestLoc_CheerfortheGhouls_Conversation_1_NPCEnd_1	噢耶！拿着吧，这是我们特意保存下来的，现在我们希望你能拥有它！
QuestLoc_TimetoWakeUp_QuestLongDescription	有人犯了个错误，激活了距离避难所不远的一幢建筑里的“叫早大师”原型闹钟。现在这个闹钟叫个不停，吵得每个人都睡不着。
QuestLoc_SetEmUpPestilence_RaiderLine_1	愿辐射保佑我们！
Title_On	开
Tutorial_Tip_09	升级一个房间会使它效率更高，带来更多的存储空间。
QuestLoc_CleanUpOnAisleFive_RaiderLine_2	是时候大干一场了。清空5号通道！
Wasteland_ReviveDeadDweller	复活
QuestLoc_WondersofNature_QuestName	自然的奇迹
QuestLoc_GameShowGauntletE_Conversation_3_NPCStart_1	现在进入“掉脑袋”的第三回合！
QuestLoc_WaroftheNerds_RaiderLine_2	愿宇宙能量指引你前进！
QuestLoc_ByHookorbyCook_Conversation_1_NPCEnd_2	那是勃垦地牛肉，真是太不可思议了！
QuestLoc_GoingToTown_2_Question2_Choice3	谁在乎呢？反正你们马上要死了。
QuestLoc_OperationSandman_QuestLongDescription	尽管144号避难所的居民费尽心力，我们还是发现了他们避难所的位置，他们只崇拜“死亡”，是因为避难所指导手册里“death”被错误地首字母大写了！我们现在必须渗透进入144号避难所，阻止他们唤醒“死亡”……
Tutorial_Tip_41_PC	想要快速查看在外探索的居民，只需直接点击废土。
Speech_HealthC1	我要死了！救救我！
Stats_Elevator_Rides	乘坐电梯
QuestLoc_RevengeoftheGeeks_Conversation_1_NPCStart_3	记住，这个决定了你的成绩。
QuestLoc_RunnersinScoringPosition_Conversation_1_NPCStart_1	已经有点热了，不过还不到开火的时候！
Encounter_Random_Message81	一家旧百货商场。一件衣服都没剩。
QuestLoc_DuoofDestructionGlowingRadroaches_QuestLongDescription	两只发光辐射蟑螂把“核子武器公寓”的居民赶出了家门。是时候杀杀虫了。
QuestLoc_RevengeoftheGeeks_Conversation_1_NPCStart_4	第一题：17-9等于多少？
PrivacyPolicy_Email_Text	[365136][u]privacy@support.zenimax.com[/u]
QuestLoc_BoogieWoogieBugleBoy_Conversation_1_NPCStart_3	至于那名编辑……你们永远都不会找到他！
QuestLoc_Astronomical_Conversation4_Answer_PC02	来呀！我很乐意陪你玩玩！
QuestLoc_ParleyTime_Conversation_1_NPCStart_3	居民！去吧！
Message_TutorialPopup_02_Hint	提示：将居民拖进或者拖出受到灾害的房间来保证他们的存活。
Achievement_Xbox_Completed_08	收集了四个主题配方的所有碎片
Speech_Quest_Loot_Dweller_11	哦哦……看看这是什么好东西……
QuestLoc_GivemeLibertyandorDeath_Conversation_1_Team_1	所有的记录？甚至一式三份的备份？毕竟，这就是避难所科技。
QuestLoc_DibsattheRedRocket_QuestName	谁先到红火箭
QuestLoc_WaterintoBrine_QuestObjective_1	在旧避难所科技办公室询问神奇水。
Message_TutorialPopup_24_Body_Part1_PC	当它出现时，点击勾形图标来释放暴击技能。
QuestLoc_Filly_QuestName	菲利之殇
QuestLoc_OnlyHuman_QuestName	唯一的人类
QuestLoc_Snipping_01_Answer01_PC01	你是谁？
Weapon_Description_SurgicalRipper	类似齿锯，但更有可能保持器官完整。如果你想要的话。
MrHandyDialog_Medbay_02	想象一下，居然需要“治疗针”来做自我维护。哦，人类，你们真是笑死我了。
QuestLoc_SetEmUpFamine_Conversation_2_Team_1	没有，那可能在任何地方。同时，144号避难所仍在忙着唤醒“死亡”。
Outfit_Description_ScribeRobe	被钢铁兄弟会里最棒最闪耀的人穿过。
QuestLoc_OperationSandman_RaiderLine_2	入侵者！“死亡”将被唤醒！
MrHandyDialog_Classroom_02	啊，教育。这是他们唯一永远无法真正从你身上夺走的东西。
QuestLoc_PaulasinaPickle_Conversation_1_Team_1	宝拉有提到她去哪里了吗？
Speech_Conversation_NPC2_Topic48_Response2	把我的名字换掉，好吗？我在底下仅剩的那点隐私可宝贝着呢。
Pet_Description_scottishfold_l	一个无忧无虑的小伙伴，就是耳朵有点敏感。
QuestLoc_AlienBotQuest06_Conversation_2_ED_11	随你吧，有缘再见。
Speech_Room_LoveJob6	没有我，这地方非得乱套不可。
QuestLoc_ToySoldiers_Conversation_1_NPCEnd_1	幸存者逃往了海神能源办公室。抱歉你不够走运！
Generic_Stimpack	治疗针
Speech_NoPower3	没有足够的电！我们需要更多！
QuestLoc_SetEmUpPestilence_Conversation_1_NPCStart_2	但在杀你之前我有一个问题。
Speech_Quest_Generic_Dweller_2	我离开避难所就是为了这个？
QuestLoc_ConferenceontheMound_QuestLongDescription	在通用原子工厂里一无所获。但还好有一个被遗弃的616号避难所可以去看看。
MrHandyDialog_Wasteland_60	试试……这个方向。
QuestLoc_BountyOlOneEye_QuestLongDescription	有人出钱悬赏一只辐射蟑螂的脑袋。这只横行霸道的蟑螂名叫“独眼龙”，去拍死这只害虫然后领取奖励吧！
QuestLoc_RaidingParty_Conversation_2_Team_1	老大一直都瞒着我们，我看见他在房间里偷偷藏了一箱！
QuestLoc_Filly_02_Answer02_PC01	只要你们付得起报酬就行。
QuestLoc_Astronomical_QuestObjective	阻止NCR的首领。
Objective_WastelandWithPet	将一名有宠物的居民派到废土
QuestLoc_WaroftheNerds_Conversation_2_NPCStart_1	以行星联盟的名义，我命令你停止！
QuestLoc_HopontheRoachCoach_Conversation_1_NPCStart_4	至少我们能拿到一些超酷的镜头画面！
Encounter_Random_Message36	嗯？那边有东西？
Speech_Happiness_Happy8	生活真是太完美了。
Speech_Quest_NotAlone_Dweller_36	团结则存，分裂则亡！
Encounter_Victory_Creature17	我也不知道自己是怎么做到的，但巨型辐射蝎死了。
QuestLoc_TheSixthSun_Conversation_2_NPCStart_3	作最坏的打算吧，居民！
QuestLoc_SetEmUpFamine_Conversation_2_NPCStart_1	你好！是我，德鲁西拉，来自避难所科技档案馆的档案管理员。
QuestLoc_VaultopolisAwaits_Conversation_1_NPCStart_4	我们永远欢迎你们来。拿着这些礼物，还有我们的友谊。
Weapon_Description_PipePistol_Heavy	管子越大，摔得越惨。
QuestLoc_ESterisComing_Conversation_1_Team_2	谁是威尔修士？
Encounter_Message_Creature17	一只巨型辐射蝎。
QuestLoc_BeatReporting_QuestObjective_2	与编辑交谈。
QuestLoc_ScienceCooperative_Conversation_2B_Team_3	我们不知道，我们也不在乎。
QuestLoc_WastelandGetaway_QuestLongDescription	你在废土探险时发现了一个小而隐蔽的小屋。也许你该看看里面有什么。
Help_Page27_MainText_PC	驱逐居民时，将他们拖到废土上，然后点击红色大门的按钮，而不是派他们去探险。

给居民配备的所有物品将会返还给避难所库存。
QuestLoc_HoneymoonHorror_Conversation_2_NPCEnd_4	谢谢！但你们能帮我们把这件正装也带回去吗？这是我们租来的。
QuestLoc_GameofVaults_QuestObjective_2	寻找宝藏。
Speech_Quest_Generic_Dweller_72	乐观。一定要保持乐观……
QuestLoc_MyMetalPony_Conversation_1_NPCStart_3	为什么用那种眼光看着我？
QuestLoc_TheAbyss_Conversation_1_NPCStart_2	没有很多游客到这里来，所以有很多小动物什么的。
Outfit_Description_GamblerSuit_Fancy	赌徒的样子，骗子的技巧。不错的赌局。
UnlockRoom_BarberShop	您的避难所有{0}位居民
QuestLoc_AlienBot_01_QuestShortDescription_03	调查政府研究设施。
Weapon_Name_CombatShotgun	战斗霰弹枪
QuestLoc_DivideandConquer_QuestLongDescription	有一个新的掠夺者帮派，欧拉的天使，在废土为非作歹！闲话少说，我们得派最聪明的居民去化解这些激进分子的威胁，解决当前的危急局面。
QuestLoc_HumansLikeUs_Conversation_3_NPCEnd_1	没必要调查，你们应该回家享用上好的饮料和食品。
Speech_RadiationB1	我的皮肤开始发光！
Encounet_Progression_Creature30	泥沼蟹逼近，准备攻击。
Encounter_Message_Creature1	一只凶残的野狗，正愤怒地低吼。
KeyboardMapping_OpenWindowInventory	库存
Encounter_Defeat_Repeatable_JunkLocation1	我做不到，我的力气还不够大。
KeyboardMapping_ZoomingCameraOut	画面缩小
Controls_Xbox_Vault_SelectDweller	选择居民
QuestLoc_DeathandDenial_QuestShortDescription	解决一个谋杀之谜。
QuestLoc_HaveGunWillTravel_Conversation_1_NPCEnd_1	我觉得他们好像去威尔逊原子玩具厂了。祝好运！
QuestLoc_TheBansheesKeen_Conversation_3_NPCEnd_2	去你的，我们只是服从命令。
QuestLoc_SnakeWater_QuestShortDescription	关闭水之术士的操作。
Message_TutorialPopup_24_Title	暴击
Encounter_Defeat_Creature11	巨型兵蚁伤了我。我在流血……正夺路而逃！
Speech_Kid14	谁想玩捉迷藏？
Objective_WastelandExploreLocation_Plural	在废土上探索{0}个位置
QuestLoc_UndercoverOperations_Conversation_1_NPCStart_2	我们在这里守住防线，确保那些僵尸出不来。
QuestLoc_PitStop_QuestName	加油站
QuestLoc_WaterintoBrine_QuestName	水变成盐水
QuestLoc_PetPeeve_QuestLongDescription	我从住在海神能源办公室的尸鬼那里得知，瓶瓶和盖盖可能被带到了罗伯科大楼。看来那里是我的下一站了。
QuestLoc_DeathclawDeeLite_4_QuestObjective1	清除那些狂尸鬼。
QuestLoc_TheSecretofREDACTED_Conversation_1_Team_3	我们在这里是因为[REDACTED]。
RoomUpgrade_Current_Title	当前
QuestLoc_SecretWeaponTest_QuestLongDescription	从掠夺者基地检索的文件中有一个新武器计划。我们的工程师已经造好了它，但现在我们需要实地测试下，看看它的表现如何。确保没有活着的人看到你。
QuestLoc_GameShowGauntletE_Conversation_4_Team_4	糟糕的发质。
QuestLoc_GhoulSupplies_Question2_Answer2	哦哦，太方便了！给够消辐宁，我会尽我所能帮你。
Outfit_Description_Vault33Suit	电视上看到的未来风格！
Weapon_Name_Cryolator	冰冻枪
Speech_Kid23	《野蛮人古古那》第一部我读过三十七次！
Weapon_Name_PlasmaThrower_Boosted	增压型等离子发射器
MainMenu_Survival_Mode_Confirm_Part02	还有，一旦您选择走上这条道路，您将无法回头！因为没时间去对您进行全面的心理评估，避难所科技只能假定您完全心智清醒，也明白此选择可能带来的后果。祝您好运，监督者！
Pet_HavanaBrown	哈瓦那猫
QuestLoc_DuoofDestructionMoleRatBroodMothers_QuestObjective_2	除掉第二只鼹鼠妈妈。
QuestLoc_ALaborofLove_Conversation_2_Team_3	当然，但也许你应该先看看这把枪管里装的啥吧？
QuestLoc_SomewhereintheBallpark_QuestObjective_1	寻找罗基·杰宾森的棒球衫。
QuestLoc_GoingToTown_3_CombatInit1	保护血清！
QuestLoc_ParleyTime_Conversation_2_Team_4	小猎犬追着球跑。“战争”有什么弱点我们可以利用吗？
Help_Page20_MainText	当您将居民拖拽到一个房间时，SPECIAL属性的字母会出现在头上，后面有一个数字。

头上的字母对应着相应房间的属性。

如果数字前有加号或者减号，意味着拖拽居民后，房间里原有的一位居民将被替换。该居民对房间的影响将随所标数字提高或降低。

房间里被替换居民将从事被拖拽居民之前的工作。

如果数字前没有加号或者减号，则意味着房间里还可以容纳更多的居民，无需替换。
QuestLoc_TheToweringIlForno_Conversation_1_Team_1	第二个又是什么？
Encounter_Message_Repeatable_JunkLocation12	一片开阔的田野，想不被发现就穿过去是不可能的。
QuestLoc_FriendlySettlement_Conversation_1C_Team_1	我们听说这里是个安置点。
Outfit_Description_SleazySuit	穿上它后，你似乎更加不值得信赖了……
Message_Tutorial_58	现在{选择}一个您想派遣去执行{任务}的居民。
Room_Bar	会客室
QuestLoc_WalkofShame_Conversation_1_NPCStart_2	因为我们已经把他卖给了奴隶贩子！狠狠地赚了一笔。
QuestLoc_ScientificProgress_Conversation_1_NPCEnd_3	好的，我尊重这点，但你们还是得死。
QuestLoc_HighSteaks_QuestObjective_1	杀死死爪头领，取得它的肉。
Encounter_Progression_JustStartedTier1_6	比我想象的要亮。
Speech_Room_DeadDweller_Gym	那想必是一场要命的锻炼。
QuestLoc_FoodFight_Conversation_1E_Team_1	哦，呃……不是。我来这其实是为了杀你们的。
MrHandyDialog_Wasteland_67	啊，一个旧棒球场。这游戏类似板球，但要差得多。
QuestLoc_VaultTecExperimentReviewD_Conversation_3_Team_3	我们就是为了瓶盖而来的。
QuestLoc_SavingDaylight_Conversation_2_NPCStart_3	你将和其他罪人一起被冲走。
QuestLoc_VaultTecExperimentReviewC_Conversation_1_NPCStart_2	你们来这里是为了和我们的王国通商吗？
Outfit_Name_EulogyJonesSpecial	歌颂者琼斯套装
Message_Tutorial_UltraciteWeaponCraftingCraftingMessage_PC	{点击}{制造按钮}来{打开}{制造菜单}。
QuestLoc_GivemeLibertyandorDeath_RaiderLine_1	我们是“死亡”的警钟！
QuestLoc_TheBansheesKeen_Conversation_2_NPCEnd_2	你最好是，不然我们连你一起杀！
QuestLoc_TheDoorBuster_Conversation_1_NPCStart_2	让我猜猜，你们来这也是为了“破门神器”吧？
QuestLoc_HoneymoonHorror_QuestObjective_1	拯救新婚夫妇。
Speech_Conversation_NPC2_Topic8_Response3	试试“土包子”。
QuestLoc_GameShowGauntletD_Conversation_2_NPCStart_1	我们现在进入第二回合。
QuestLoc_GivemeLibertyandorDeath_Conversation_2_NPCStart_1	感谢你们照顾那些疯子！我通过安全摄像机看到了一切。
Weapon_Description_SawedOffShotgun_Hardened	带上这个，你不只是在废土上游荡。你将拥有废土。
QuestLoc_RadroachRoundup_QuestShortDescription	从科学家研究的辐射蟑螂手中拯救他们。
Room_WaterProcessingPlant	水处理室
Help_Page1_MainText_PC	电脑版设定能够通过点击哔哔小子中的齿轮图标进入。

默认设置中，辐射避难所有如下几个热键：

Esc - 设置/取消
F1 - 商店
F2 - 库存
F3 - 生存指南
F4 - 目标
F5 - 废土
F6 - 帮助
B - 建造/升级
Space - 任务列表
Left Shift - 剪贴板
Left Control - 房间操作
Tab - 居民列表

按方向键、WASD键或点击并拖动鼠标来移动镜头。

使用鼠标滚轮或Q和E键缩放画面。

您可以在设置菜单中调整镜头缩放和滚动速度。

当辐射避难所最小化到任务栏或长时间无人操作时，它会继续运行几分钟，然后进入休眠模式。

辐射避难所会自动定期保存游戏，但如果想更加保险，可以点击设置菜单中的保存按钮。
QuestLoc_GhoulInBlack_QuestObjective	看看是什么在墓地里引起骚动。
Weapon_Name_HuntingRifle	猎枪
Weapon_Name_AlienBlaster_Focused	聚焦型异形破坏者
QuestLoc_ParleyTime_RaiderLine_2	愿“战争”永生！
QuestLoc_PickedOffatSecond_QuestLongDescription	也许蔻驰在旧的运动酒吧废墟里四处搜寻。如果他在“小摆设四分卫”那家店的话，棒球衫一定是我们的了！
Speech_Generic_Dweller58	随别人怎么说，考下飞行执照才不是什么痴人说梦。
QuestLoc_BewareofOverdog_Conversation_1_Team_1	狗怎么会是监督者呢？
Help_Page31_MainText	量子核子可乐可以被用来：

- 加速废土探索时间

- 极速打造物品

- 极速训练居民

- 每天可以跳过不止一个目标

- 跳过特定任务

- 极速完成美发店个性化

- 补全缺失的主题配方碎片
QuestLoc_SetEmUpFamine_Conversation_2_NPCStart_2	我想我可以安全地到这里来看看这是怎么回事。
Outfit_Description_JailhouseRocker	末日前猫王《监狱摇滚》演出服的复制品，曾由新维加斯帮派\“猫王帮\”穿着。
QuestLoc_GuardianoftheWastes:Radscorpions_QuestLongDescription	让我们为保卫废土尽一份力。清理掉那一窝危险的，被辐射过的生物吧！
QuestLoc_AllSalesFinal_Conversation_1_NPCEnd_1	现在*你*出现了！
Encounter_Random_Message24	我要爬上那道山脊，看看周围的地形。
QuestLoc_GameShowGauntletE_QuestObjective_1	请回答全部问题。
Encounter_Victory_NPC8	钢铁兄弟会巡逻队很同情我，给了我一些物资。
SpinToWin_Title	幸运转盘
Objective_DailyRewards_Plural	收集{0}次每日奖励
Room_Elevator_Desc	用来进入到避难所里更低的楼层
QuestLoc_ESterEggHunt_Conversation_1_NPCEnd_3	准确来说，二十。呃，我是说……享受！
QuestLoc_GameShowGauntletE_Conversation_1_NPCEnd_2	他不可能预测现在！所以准备好……“掉脑袋”吧！
QuestLoc_ChristmasattheRaiderCamp_RaiderLine_2	脑子有洞！
QuestLoc_Headhunting_Question2	嘿，你不是这伙人的。你来干什么？
PetCarrier_campaign_Main3	卖！卖！卖！
一次性出售整个库存或是废土探险者带回来的所有普通级物品。
QuestLoc_GoingToTown_1_Question5_Answer3	正是这种精神。走了，再见啦！
QuestLoc_TheSpreadingBlight_QuestLongDescription	我们从农夫嘴里了解到不止一个地方遭遇了红果枯萎——废土上的很多农场都没能幸免！
QuestLoc_GameShowGauntletI_Conversation_4_NPCStart_2	世界大战发生在哪个节日之前？
QuestLoc_HighSteaks_Conversation_1_NPCEnd_1	所以说……你就是个普通厨师喽。来，这个就当你辛苦一趟的谢礼。
QuestLoc_IntoVault333_Conversation_1_Team_1	呃，好的。我们应该怎么做？
QuestLoc_GobbleGobbler_Conversation_1_NPCStart_2	但是别问我它长什么样子。我当时躲在一个衣柜里！
Room_Energy2	核电站
Tutorial_Tip_14	教室可以让您训练一个居民的智力（I）。
Objective_Weapons	给1位居民配备武器
Tutorial_Tip_28	点击居民信息弹出窗口上的名字可以重命名一个居民。
QuestLoc_StopthePresses_Conversation_1_NPCStart_3	但……我可以得到掠夺者们一半的战利品。如果你们愿意走开的话，我可以算你们一份。
Tutorial_Tip_64	您可以用量子核子可乐来马上到达任务地点！
Speech_Conversation_NPC2_Topic56_Response1	香烟！喔！
Message_Tutorial_ArrivalWidgetReadyToClaim_Xbox	您的新居民到了！{选择}他们的头像来招募。
QuestLoc_SlidingintoHome_Conversation_1_NPCStart_1	有一盒过期的糖衣炸弹麦片。但没有棒球衫。
QuestLoc_GameShowGauntletD_Conversation_1_NPCStart_1	欢迎来到“掉脑袋”的世界！
Encounter_Random_Message3	嗷。我的鞋里进了石头。
QuestLoc_SlashandBurn_QuestShortDescription	前往核子可乐工厂，寻找“麦克森硬汉小队”。
Encounter_Victory_Location2	我成功地躲过了掠夺者。差一点就被发现了。
QuestLoc_BigTrouble_QuestObjective_1	除掉领头死爪。
QuestLoc_SetEmUpPestilence_QuestObjective_1	让“害虫”把“瘟疫”带到226号避难所去。
Speech_Quest_Alone_Dweller_13	现在我知道为什么大家都爱结伴同行了……
Stats_Radroach_Attacks_Stopped	终止辐射蟑螂灾害
QuestLoc_TheSixthSun_Conversation_2_NPCEnd_2	你知道，这只是一个修辞，对吧？
Help_Page14_Title	极速模式
SnipSnipDialog_Wasteland_19	看啊。一个被摧毁的甜甜圈店。人类再也不能吃到甜甜圈和咖啡了，真遗憾。
Encounter_Message_Creature26	一个超级变种人霸王。
QuestLoc_AnybodyHome_QuestName	有人在家吗？
QuestLoc_CanineRecovery_QuestName	寻找狗狗
QuestLoc_VaultTecExperimentReviewE_Conversation_1_Team_2	黑色。
QuestLoc_OnlyHuman_Conversation01_NPC07	太棒了！人类的家！
Speech_Kid1	我希望有更多的孩子住在这里。
Objective_CollectRareWeapons_Plural	收集{0}件稀有武器
SeasonModal_Leaderboard_ScoreInfoPopup_AcquireDwellers	获得居民
QuestLoc_AllSalesFinal_QuestName	一经售出概不退换
QuestLoc_CabinFever_Conversation_1_NPCStart_1	哦看，一个地表居民……
Speech_LivingQuarter_PickupLines_71	如果亲吻是雪花，那么……你最好备双雪地靴。我就说这么多。
QuestLoc_ANiceGhoulLikeYou_Conversation_1_NPCEnd_2	确实是的！美妙，多么美妙的辐射。这是你应得的。
Encounter_Random_Message221	我可以的。我可以的。我可以的。
QuestLoc_OperationSandman_RaiderLine_1	侵略者！我们是“死亡”的警钟！
QuestLoc_TheMysteryofVault666_Conversation_1_Team_4	真的？666号避难所？埃尔迪亚波罗？
QuestLoc_WaroftheNerds_Conversation_2_NPCEnd_3	呸！设置微波激射器碳化！
Speech_Room_DeadDweller_Nukacola	嘿，你！在生产线上不要偷懒！
QuestLoc_TheMysteryofVault666_Conversation_1_NPCStart_2	所以！你发现了我的藏身之处！666号避难所！我是……
QuestLoc_UninvitedGuests_QuestObjective_1	探索小屋。
Weapon_Description_LeverActionRifle_Henrietta	看上去像是个古董，但别让老费朗罗听到你这么说。
QuestLoc_VaultTecExperimentReviewD_Conversation_3_Team_1	呃……那我们要武器吧。
QuestLoc_DuoofDestructionMoleRatBroodMothers_QuestName	双重毁灭：鼹鼠妈妈
MrHandyDialog_Athletics_01	我一直不明白腿有什么用，或者说为什么要动它们。人类啊，你们就不能漂浮起来吗？
QuestLoc_GameShowGauntletE_Conversation_4_NPCStart_1	现在到了最后回合。
Speech_Room_LoveJob8	我无法想象在避难所里做其他的工作。
Speech_Room_LoveJob9	监督者分配我来这边真是明智之举。
QuestLoc_TheScorpionKing_QuestShortDescription	养辐射蝎可是个危险的事业。
QuestLoc_TheLastGobble_QuestName	最后的咯咯叫！
Speech_Quest_Loot_Dweller_57	给我给我给我！
QuestLoc_RaidingParty_Conversation_1_Team_2	老大已经知道你做的那些勾当了，最好在他动手之前你先动手。
Junk_Name_MilitaryDuctTape	军用胶带
QuestLoc_PierIntoFuture_Initial1	嘶嘶咔！
QuestLoc_ManonThird_QuestLongDescription	还是没找到球衫，但也许第三次一试就成。
QuestLoc_DogShelter_Conversation_1_NPCStart_1	我的尸鬼们很寂寞，所以我送了一只宠物给他们。
Speech_Happiness_Parent2	我的孩子是个小天使。
Help_Page06_MainText	每天系统都会依据避难所居民的开心程度发放相应奖励。

- 您的避难所评级将会结合所有居民的幸福度。 

- 您的奖励是基于避难所每天的评级。

- 避难所评级越高，获得的瓶盖奖励就越高。
Help_Page24_BottomText	提示：生存模式可不是小孩子过家家。请做好准备！
QuestLoc_Sabotage_Conversation_1_NPCStart_3	我们使用非常低的剂量，以避免检测。
LunchBox_ContentRedeemTitle3	15个午餐盒
Weapon_Name_GaussPistol_Enhanced	强化的高斯手枪
Outfit_Name_SportsfanSpecial	体育迷服装
QuestLoc_ExpressCheckout_Conversation_1_NPCStart_1	呃，这可有点尴尬。如果你是在找“花花公子苹果”的话……我……全吃了。
Quest_OptionalObjective	（可选择）
Bonus_SurvivalGuide_HealingBoost	恢复速度
QuestLoc_DeathandDenial_Conversation_6_Team_1	你经常遭受这样的失忆吗？
Speech_Quest_Loot_Dweller_1	这下派得上用场了！
QuestLoc_TheSecretofREDACTED_Conversation_3_Team_1	[REDACTED]
Stats_PetBreeds_Bloodhound	寻血猎犬
Encounter_Progression_Repeatable_JunkLocation3	岸边漂着个东西。我看看能不能把它捞上来。
Message_TutorialPopup_27_Body_Switch	用左摇杆选择房间。

选择房间后，按或用左摇杆切换房间内的居民。

使用右摇杆移动镜头，和放大和缩小。
QuestLoc_RoboRampage_QuestShortDescription	消灭失控的机器人。
VictorDialog_Wasteland_19	喔，给我一个辐射蟑螂乱窜的家，那里鼹鼠和卡扎多尽情欢玩……
QuestLoc_GuardianoftheWastes:FeralGhouls_QuestName	废土守卫者：狂尸鬼！
Speech_Conversation_NPC1_Topic32	我不想太招摇，但有传闻说我会是下一任的监督者。
QuestLoc_GroomforDoubt_Conversation_2_Team_1	我们是为被你们绑架的新郎而来的。
Objective_PerformPerfectCriticalHit_Plural	释放{0}次完美暴击
QuestLoc_GoingToTown_1_Question2_Choice1	嗯，不了谢谢。
Message_TutorialPopup_03_Hint	提示：当电力不足时，可以分配属性更高的居民去发电室，或者点击极速模式。
QuestLoc_CabinFever_QuestShortDescription	调查一个废弃小屋发出的奇怪声音。
QuestLoc_TheScenicRoute_QuestObjective_1	探索小屋。
QuestLoc_ClearingAPath_Conversation_1_Team_1	谢谢。我还能做点什么帮助你们吗？
Message_Tutorial_07_Switch	让我们看看{居民}的{状态}。以左摇杆{移动}到{废土}来{选择}第一个{居民}。
SeasonPass_FreeReward	免费奖励
Weapon_Description_AssaultronHead	斩首并没有降低它的致命性。
RecipeLoot_ThemeFull	主题配方
QuestLoc_Firestarter_QuestName	纵火者
Vibration	震动
QuestLoc_GameShowGauntletD_Conversation_4_NPCEnd_4	我受够了驴子的笑话。来“掉脑袋”吧！
Room_Overseer_Desc	从这里派遣居民去完成任务
QuestLoc_WhatsonSecond_QuestName	什么是第二。
Dweller_DiedInWasteland	死在了废土上。
QuestLoc_SavingDaylight_Conversation_1_Team_2	是的，关于那秘密的事……你们不是很擅长！
QuestLoc_RubarbsReckoning_Conversation_1_Team_3	你确定？没有搞鬼？
QuestLoc_SpringingtheTrap_QuestName	布置陷阱
QuestLoc_SetEmUpFamine_Conversation_1_NPCStart_1	为什么你们这些“害虫”在这里，在这个充满饥饿的堡垒里？
QuestLoc_GobbleGobbler_Conversation_1_Team_3	这些衣服好像不适合追捕高步勒。你能帮帮我们吗？
MrHandyDialog_Wasteland_55	试试……这个方向。
QuestLoc_WastelandTheMusical_Conversation_2_NPCEnd_2	♪ 那就抱歉，你没用了 ♪
♪ 若能杀你两次，我们绝不含糊！♪
QuestLoc_RevengeoftheGeeks_Conversation_1_Team_1	8
Speech_Quest_Generic_Dweller_Conversation_26_Response_1	也许是去洗一个分配给我的2分半钟的澡。
Weapon_Name_JunkJet_RecoilCompensated	反冲辅助型垃圾喷射炮
Help_Page01_MainText	总会有三个目标同时给您完成。

您可以每天放弃一个目标，同时会出现一个新目标。

每天还能使用量子核子可乐跳过额外的目标。

目标越难，奖励越大。
QuestLoc_DibsattheRedRocket_Conversation_1_Team_2	好吧，我这就自己出去。
EULA_ButtonText	最终用户许可协议
QuestLoc_GameShowGauntletH_Conversation_2_NPCEnd_3	错！医生也不能阻止你……“掉脑袋”！
Outfit_Name_LifeguardOutfit	救生员制服
Objective_SurviveDeathclawNoStimpack_Plural	在不使用治疗针的情况下撑过了{0}次死爪攻击
Quest_Button_CompleteQuest	完成任务
QuestLoc_LittleMissWasteland_Conversation_1_NPCEnd_2	当然了！穿过那扇门，然后开始吧。
QuestLoc_RoboRampage_QuestName	机器人狂潮！
Shop_StarterPack_RedeemTitle	避难所科技新手包
QuestLoc_ScienceCooperative_Conversation_2E_NPCStart_2	植物需要光来生长，但蘑菇不需要！它们甚至能在完全黑暗的环境下生长。
QuestLoc_EvictionNotice_Question2_Choice2	这态度也太不友善了吧。
QuestLoc_S2_QL2_Q2_Field_Question2_Choice2	我们来为您提供赢取百万瓶盖的机会。您可能已经是赢家。
QuestLoc_GasNGo_Conversation_1_NPCStart_1	天煞的，这里什么都没有！你，没错就是你，来自避难所是吧？赶紧告诉老子它在哪儿！
QuestLoc_CheerfortheGhouls_QuestObjective_2	和尸鬼聊天。
QuestLoc_OurCupsRunnethOverWITHFAILURE_QuestName	我们的杯子充满了……失败
QuestLoc_Broadsides_Conversation_1_Team_1	你是怎么拿到一份号角报的？
QuestLoc_ReleasetheRaiders_Conversation_1_Team_1	你是每周博览会的卧底，对吧？
Wasteland_DwellerRevived2	重新开始探险！
Message_Tutorial_56	{点击}这里然后分配{居民}到{任务}小队。
QuestLoc_RunThreeDogRun_RaiderLine_1	我们是“死亡”的警钟！
QuestLoc_WeddingCrashers_Conversation_1_NPCStart_4	不管怎么样， 我告诉萨莉我会派一个爱情专家过去。你能帮助他们吗？
QuestLoc_ItsnotEasyBeingGreen_QuestObjective_1	会见居民负责人。
Speech_Quest_Generic_Dweller_Conversation_25_Response_1	正确的拉伸运动？
QuestLoc_JunkRun_QuestObjective_1	追回主要的杂物储备。
Speech_Conversation_NPC2_Topic25_Response1	跳棋？我们才十岁吗？我们还是下象棋吧。
QuestLoc_DibsattheRedRocket_Conversation_1_NPCStart_3	为了您自身的安全，请撤离本区。
Message_Tutorial_15_Xbox	现在按下来{收集}资源和{重新启动房间生产}。
Speech_Quest_MainPath_Dweller_12	这个感觉是对的方向……
QuestLoc_S2_QL3_SecuritronsUncapped_1_CombatInit3	无赖。到处都是无赖。
QuestLoc_S2_QL2_Q4_Roswell_Question1_Choice2	我们来处理威胁！你能告诉我们更多信息吗？
QuestLoc_OperationSandman_Conversation_4_NPCEnd_3	我们可以，但老实说，我不确定我们能打败你。
Weapon_Name_AssaultRifle_Enhanced	增强型突击步枪
Encounter_Progression_Repeatable_JunkLocation1	正试图撬开挡在前门的木板。
QuestLoc_VaultTecExperimentReviewF_Conversation_1_Team_2	你们是不可能打败我的……“死爪飞跳”！
QuestLoc_TheRedRocketReveal_QuestObjective_1	寻找红火箭总部。
Speech_Quest_Generic_Dweller_61	开始觉得人类永远都不应该从避难所里出来。永远不。
QuestLoc_OutfitRun_QuestObjective_3	找到更多的装备。
QuestLoc_MiseryLoathesCompany_RaiderLine_1	来送死的小鲜肉？哈哈，不错。我正觉得有点孤单呢。
Weapon_Name_Pistol_Hardened	硬化型10mm手枪
Encounter_Defeat_Location14	我从后楼梯逃上去，再从窗户爬下来到了安全地带。
QuestLoc_ScientificProgress_Conversation_1_NPCEnd_4	没错，你们会碎成渣！
QuestLoc_GameShowGauntletD_Conversation_4_NPCEnd_2	根本不知道你说的是什么。所以……准备“掉脑袋”吧！
QuestLoc_ANiceGhoulLikeYou_Conversation_1_NPCEnd_4	噢好吧，也许下一次！
Outfit_Description_UtilityJumpsuit_Sturdy	避难所科技时尚的标杆，为适合在废土生存而强化过。
Speech_Room_SomeoneUnhappy_Cafeteria	呃。走开行吗？我都快没胃口了。
QuestLoc_GameShowGauntletC_Conversation_1_Team_4	战争与和平。
QuestLoc_DearthOfClaws_Conversation01_PC01	死爪是没法驯服的。让开，我们会处理它们。
QuestLoc_FoodFight_Conversation_1E_NPCStart_1	你们好呀，我亲爱的前末日时代的美食鉴赏家们？来这里是想看看我们的菜单吗？
QuestLoc_TheSecretofREDACTED_Conversation_4_NPCStart_3	你准备好了吗？我自己都不敢相信……就这儿了。
QuestLoc_AlienBotQuest04_Conversation_4_PC2_1	小心点，别把月亮打穿了。
Speech_LivingQuarter_PickupLines_47	你是避难所图书馆里的一本书吗？因为我想把你借走。
Controls_Xbox_Vault_Resources_Switch	资源（按）
Objective_CraftOutfits_Plural	打造{0}件装备
Weapon_Name_LaserRifle_Amplified	放大型激光步枪
Weapon_Name_Shotgun_DoubleBarrelled	双筒霰弹枪
QuestLoc_SuperDuperTrooper_Conversation_1_Team_3	好吧，我们都觉得待在你们周围更安全。
QuestLoc_TheSpiritofTaking_QuestObjective_1	和掠夺者对峙。
Weapon_Name_BOSAssaultRifle_ArmorPiercing	穿甲兄弟会突击步枪
QuestLoc_TheCaseoftheQuantumCreeper_Conversation_1_NPCStart_2	我只要一闭上眼睛就能看见它闪着光。
Pet_Description_persian_l	第一只进入太空的猫。最后一只离开你心的猫。
Bonus_SurvivalGuide_FasterAndCheaperCrafting	打造时间和花费
Encounet_Progression_NPC4	这个商人似乎想和我做交易。
Resource_Nuka	{0}瓶盖
QuestLoc_S2_QL3_Q3_Insider_Question2_Answer1	秘密，秘密，保守秘密！
QuestLoc_GivemeLibertyandorDeath_Conversation_1_NPCStart_4	我们需要按照手册第14条的规定复仇！
QuestLoc_WhenLifeThrowsYouaCurveball_QuestLongDescription	蔻驰不在威尔逊原子玩具厂，但是也许他在麦登健身房里锻炼！
QuestLoc_RescueSanta_Conversation_1_NPCEnd_2	总是很乐意分享我的时尚品味！嚯嚯嚯！
QuestLoc_SpyonRaiders_RaiderLine_3B	卡啊啊啊啊靠！
Speech_LivingQuarter_PickupLines_27	你有地图吗？我好像迷失在你眼神的海里。
Speech_Quest_Generic_Dweller_Conversation_10	这个地方让我起鸡皮疙瘩。
VictorDialog_Hydroponics_01	啊，真是美丽的房间。我能在这里看植物看上一整天。
Speech_Room_LoveJob_Nukacola	我调出了完美的配方！我真是苏打水天才！
QuestLoc_TheBigsbyBrownCase_Conversation_2_NPCEnd_2	啊，我明白了。不管怎么样还是谢谢你们救了我。现在我们走吧！
QuestLoc_SecretWeaponTest_Conversation_1_Team_1	对不起，我不能那样做。
QuestLoc_MatterstoSettle_Conversation_2_NPCStart_2	这些害虫和尸鬼并不是在追我们，但他们也不回避我们。
QuestLoc_DeathclawDeeLite_1_QuestShortDesc	跟着狗狗回到诺瓦克……那里等着我们的是什么？
QuestLoc_GameShowGauntletI_Conversation_1_NPCEnd_3	错，错，错！现在让我们看看你……“掉脑袋”吧！
QuestLoc_CrimeSceneInvestigation_QuestObjective_1	寻找“死亡”有关线索。
QuestLoc_MaskHysteria_Conversation_1_NPCEnd_4	你刚刚呼出了最后一口气！
QuestLoc_SpyonRaiders_Conversation_2D_NPCEnd_2	不，我不是。算了。你们赶紧走人吧。
QuestLoc_TheTailContinues_QuestShortDescription	前往原子玩具仓库寻找来自899号避难所的回收队。
Weapon_Description_RaiderSword	让掠夺者自己尝尝被这个坏家伙伤害的滋味。
Speech_Conversation_NPC2_Topic35_Response2	好吧，我猜我会被烧死的。
QuestLoc_RobotRetrieval_QuestShortDescription	寻找巧手先生盒子。
QuestLoc_DogsofWar_Conversation_1_NPCStart_2	“你们好啊，孩诶诶诶诶子滋滋滋滋滋滋们嗯嗯嗯嗯！加入“战争崇拜者”，为“战争”效忠吧，他是最伟大的‘骑士’！”
Encounter_Message_Creature24	一个超级变种人。
QuestLoc_ClearingAPath_Conversation_1_NPCStart_3	如果你能保持这种状态，我们想让你成为钢铁兄弟会光荣的一员！
QuestLoc_DogsofWar_Conversation_2_NPCStart_4	现在，在亮出我的武器之前，告诉我。哪位“骑士”派你来的？
QuestLoc_SavingDaylight_QuestShortDescription	阻止原子之子炸毁整个地区！
QuestLoc_RescueSanta_QuestShortDescription	找到并拯救圣诞老人。
Speech_Generic_Dweller57	有一件事他们从未告诉你——连身衣里应该穿内裤吗？
QuestLoc_WhosCarvingtheTurkey_QuestLongDescription	厨师去找他的菜刀了，现在谁来切这些火鸡？
QuestLoc_FoodFight_Conversation_1C_NPCEnd_2	呵呵，一个喜剧演员。我讨厌喜剧演员。
Bonus_Resistance	{0}%伤害减免
Title_Expedition	远征
KeyboardMapping_MoveCameraUp2	上
Junk_Name_Wonderglue	神奇胶水
QuestLoc_SetEmUpPestilence_RaiderLine_3	我们杀了你，“瘟疫”会因骄傲而闪闪发光！
QuestLoc_VaultTecExperimentReviewD_Conversation_2_NPCEnd_3	加里！
Outfit_Name_MrBurkeSpecial	伯克先生商务装
Speech_Conversation_NPC2_Topic49_Response2	对不起，没有时间开玩笑。
QuestLoc_ESterisComing_Conversation_1_Team_3	你们不打算帮我们找到它吗？
Weapon_Name_BBGun_Enhanced	增强型BB枪
QuestLoc_SuperDuperTrooper_Conversation_1_NPCStart_3	请说出你的身份。
Weapon_Description_Magnum_Hardened	他们可不是随便就叫它“手炮”的。
QuestLoc_TheGreatAmericanPastime_Conversation_1_NPCStart_1	没看到棒球衫，但我们已经接近了，我能感觉得到。
Room_LivingQuarter_2	住宅
Stats_Legendary_Weapons	传奇级武器
Encounter_Defeat_Creature9	巨型工蚁如此冷酷无情！和它打一点用都没有！
Speech_Happiness_Parent8	我的孩子简直不能更棒了！
QuestLoc_ALaborofLove_Conversation_1_NPCEnd_2	那么，我得问问我的领导，但我觉得这个应该是能够安排的。
QuestLoc_GuardianoftheWastes:Radscorpions_QuestObjective_1	杀死发光辐射蝎。
QuestLoc_HoneymoonHorror_Conversation_1_NPCEnd_1	太好了！我们脱险了！干得漂亮！
QuestLoc_TheCaseoftheCapturedCanine_Conversation_1_Team_3	哎呀！我们没时间可以浪费了！
QuestLoc_HerestoYouRackieJobinson_Conversation_1_NPCStart_3	但是你们是不可能拿到的！
Weapon_Description_MissileLauncher_Rusty	有一点松动，但仍然有效。这就够了。
QuestLoc_DearthOfClaws_Conversation01_NPC02	这两个个体表现出了一定程度的冷静和社会性。
QuestLoc_ESterisComing_Conversation_2_Team_2	威尔修士怎么了？
VictorDialog_Wasteland_44	看来我正往北走。那就接着往前晃呗！
QuestLoc_AgainstTheOdds_QuestShortDescription	除掉“疯子77”。
Message_TutorialPopup_BuildUltraciteWeaponFactory_Hint	提示：辐射极琉矿武器能对辐尸人造成额外伤害。
QuestLoc_S2_QL2_Q3_Req_Question1_Answer2	嗯……这不在我有效理由清单上。我得用强硬言辞和更强硬的武器拒绝入内。
Message_TutorialPopup_BuildUltraciteMine_Title	辐射极琉矿
QuestLoc_RadroachRoundup_QuestObjective_1	杀死发光辐射蟑螂女王。
QuestLoc_PierIntoFuture_QuestName	通向未来的码头
VictorDialog_Wasteland_29	哼哼哼，嗒嗒嗒嗒……
QuestLoc_WastelandGetaway_QuestName	开启废土探险
KeyboardMapping_Reset	取消
Speech_LivingQuarter_PickupLines_67	你对所有的居民都这么好吗？
Help_Page02_BottomText	提示：运气值（L）能影响收集资源时获得瓶盖的概率。
QuestLoc_GameShowGauntletE_Conversation_3_NPCStart_2	谁是铁路上最疯狂的技工？
QuestLoc_DibsattheRedRocket_QuestLongDescription	你的一个居民发现了一辆废弃的红色火箭卡车站！也许里面有一些有价值的垃圾……
QuestLoc_ESterEggHunt_Conversation_2_NPCStart_2	这是很难的，这些生物们都很会保护自己。
MrHandyDialog_Wasteland_54	探索很有趣，也很恐怖，但也无聊透顶了。
QuestLoc_CheapBeerintheBleacherSeats_QuestObjective_1	寻找罗基·杰宾森的棒球衫。
QuestLoc_BottlecapBlues_QuestName	忧郁的瓶盖
Message_Androind_QuitWarning_Text	您确定要退出辐射避难所吗？
QuestLoc_ScienceCooperative_Conversation_1E_Team_3	恕我冒犯，但在这地方搞园艺有点危险啊。
QuestLoc_DeathRevealed_Conversation_2_NPCStart_3	继续打好仗，三狗。
QuestLoc_MyMetalPony_Conversation_1_NPCEnd_3	没门儿！
QuestLoc_CrossingPaths_Conversation_1_NPCEnd_2	随便你吧。不过，至少让我对你们的遭遇有所补偿吧。
Shop_SeasonPass_NewVegasA_Premium_Description	将赛季通行证提升至新高度。获得普通通行证全部权益，外加以下内容：25枚赛季徽章、豪斯先生、马克西姆斯夹克、T-45d动力装甲、修身西装、专家连身服、技术人员的报复、2个宠物箱，以及5000瓶盖。
Shop_Banner_MrHandy_1	收集避难所里的资源。
SpinToWin_FreeChip	免费筹码刷新于
QuestLoc_TheBigsbyBrownCase_QuestName	比格斯比·布朗
QuestLoc_GameShowGauntletF_Conversation_2_NPCEnd_2	叮咚叮！答对了。
QuestLoc_ASettlerNeedsYourHelp_Conversation_1_NPCStart_3	我来到这里，寻找物资。结果让尸鬼抢先了。
QuestLoc_Vault789_QuestLongDescription	外出探险时，居民中的一员发现了一则给789号避难所的旧广告。去查看一下吧！
Theme_ShortName_BoS	钢铁兄弟会
QuestLoc_RobotHood_QuestShortDescription	追踪奇怪的强盗并阻止他袭扰商队。
Stats_Outfits_Crafted	装备打造
QuestLoc_Filly_Conversation02_NPC03	……把他们从咱们这儿赶走吗？
QuestLoc_WondersofTechnology_QuestObjective_2	杀死领头死爪。
QuestLoc_WastelandTheMusical_Conversation_3_NPCStart_2	♪ 在你之前，有人试过 ♪
♪ 我们把他们都变成了烤肉！♪
QuestLoc_SynthinaPinch_Conversation_1_NPCStart_2	有一些人成功逃走了，但我没有。
MrHandyDialog_Wasteland_8	我的内部指南针显示我现在正朝西。看来我就顺着这个方向飘下去了……
QuestLoc_WhatsonSecond_QuestShortDescription	寻找罗基·杰宾森的棒球衫。
Help_Page16_Title	午餐盒
QuestLoc_CollateralMurder_QuestLongDescription	据说只要你在新波士顿号角报里被提到，你最终的结局就是脑袋被挂在掠夺者的长矛上。现在我们得想办法怎么才能不上封面头条！
QuestLoc_LittleRedRadiumHood_Conversation_1_Team_2	她有大眼睛，大手和大嘴巴吗？
QuestLoc_TheCaseoftheMissingMitt_Conversation_1_NPCEnd_3	因为附近也没有其他人。现在我不指望有什么审讯，我只想拿回我的手套。
QuestLoc_S2_QL3_Q4_Warehouse_QuestName	工作的方方面面
QuestLoc_WhosCarvingtheTurkey_Conversation_1_NPCStart_2	有一只鼹鼠带着我最喜欢的菜刀跑了。
QuestLoc_PlayingCatchUp_QuestName	追踪游戏
Objective_SellJunk_Plural	卖掉{0}件杂物
Speech_Quest_Loot_Dweller_4	我抢先了！
QuestLoc_ReturntoVault333_Conversation_1_NPCStart_3	监督者帕特尔死了！如果你不阻止她的话，我们就是下一个！求求你……
Speech_Conversation_NPC2_Topic27_Response3	为什么要打架？为什么他们不能成为朋友，然后一起喝咖啡呢？
QuestLoc_WeddingCrashers_Conversation_1_Team_2	你确定吗？难道爱情不是天注定的吗？
MrHandyDialog_Wasteland_82	那就向西走吧。
QuestLoc_VaultTecExperimentReviewF_Conversation_2_Team_3	这太蠢了，我们要杀了你们。
QuestLoc_TheRiteofSpraying_QuestName	喷洒仪式
QuestLoc_GoingToTown_2_Question1_Answer1	太好了！请尽情停留，时间越长越好。
QuestLoc_ScienceCooperative_Conversation_2B_NPCEnd_3	嗯。好吧。我会继续自学这个的。现在你们走吧。
Speech_Quest_Generic_Dweller_36	《废土生存指南》可没教过我应付这种事。
Objective_KillEnemyAtVaultDoor_Plural	在避难所门厅杀死{0}个{1}
MrHandyDialog_Generic_11	来啦，来啦！我马上就来！
Message_Tutorial_43	这次您需要一个{水房}来帮助您生产干净的{水}。{点击}{水房}。
Encounet_Progression_Creature5	是时候像拍虫子一样拍死这只巨大苍蝇了！
QuestLoc_GoingToTown_1_QuestObjective3	获取一些药品。
QuestLoc_DartofHarkness_Conversation_1_NPCStart_2	那个安保老板是我们的。有人付了一笔漂亮的钱给我们来取他的脑袋！
QuestLoc_JustDeserts_Conversation_2_NPCStart_3	居民们如何能在恐惧和暴力中生活呢？
QuestLoc_WastelandTheMusical_Conversation_2_NPCStart_2	♪ 别绝望，打起精神 ♪
♪ 来加入兄弟会吧！♪
QuestLoc_GoingToTown_1_Question1_Choice3	请给我一件好穿着睡觉的衣服。
Message_TutorialPopup_10_Body_Xbox	您获得了一个午餐盒。点击哔哔小子菜单里的午餐盒图标来打开午餐盒或者购买更多的午餐盒。
Outfit_Name_LabCoat_Advanced	高级实验室外套
Objective_WastelandLevelUp	在废土上升级
QuestLoc_SynthsforSale_Conversation_1_Team_1	我恐怕现在根本没有什么“正常”的生活了。
QuestLoc_ESterEggHunt_QuestShortDescription	了解更多有关所谓的核弹。
Achievement_Xbox_Description_01	在任务中做出25个对话选择
Theme_ShortName_Railroad	铁路
QuestLoc_DivideandConquer_Conversation_3_NPCStart_2	如果你能回答这个简单的测试，我们就移到另一个象限。
QuestLoc_HerestoYouRackieJobinson_Conversation_2_Team_2	我会努力不让血溅到我的棒球衫上！
QuestLoc_SpyonRaiders_Conversation_3A_Team_2	老大！我们想要点医疗物资！
Encounet_Progression_Creature8	辐射蟑螂逼近，准备攻击。
Outfit_Description_Horseman_FamineVestment	用饥荒的破布做衬里。不知为啥，总是感觉松松垮垮的。
QuestLoc_PetPeeve_Conversation_1_NPCStart_1	先是掠夺者们杀死了我的宠物蝎子，现在你又杀死了“绿绿”！
QuestLoc_ShotgunWedding_Conversation_1_NPCStart_1	放我出去！
Speech_Quest_Loot_Dweller_12	哦，太赞了。
QuestLoc_VaultTecExperimentReviewA_Conversation_1_NPCEnd_3	哈！你们不能伤害我们！等等……嗷！
QuestLoc_HeatoftheKnight_Conversation_1_NPCEnd_1	谢谢你，骑士！如果你们抓紧，就能在核子可乐工厂找到他们。
QuestLoc_TheBrothersGrime_QuestObjective_2	杀死“污秽兄弟”二人。
VictorDialog_Generic_13	来，让我帮你。你先歇着。
SnipSnipDialog_Wasteland_101	我的时间传感器在大战中受损了，估计至少是一周前的事了。
Encounter_Random_Message111	我要从这栋被毁的建筑里穿过去。
Speech_Conversation_NPC2_Topic16_Response1	没人在家。懂我的梗了吧？
QuestLoc_GameShowGauntletC_Conversation_3_NPCEnd_2	我会愿意在那儿购物的，但她不会。还是准备……“掉脑袋”吧！
Message_Tutorial_48_Xbox	{怀孕的居民}已经准备好生产了！{选择}她来欢迎避难所的{新成员}。
Speech_Room_DeadDweller_Medbay	避难所科技引以为傲的顶级医疗，也不过如此。
Outfit_Description_WeddingDress	走在红地毯上的经典造型。
Speech_HealthA3	我真的需要休息。
QuestLoc_PerfectSpecimens_Answer01_NPC02	我猜和你们学会说话的方式差不多！让我们成为盟友吧。
QuestLoc_ESterEggHunt_Conversation_2_Team_2	你真的认为这样可以“节省天光”吗？
QuestLoc_DuoofDestructionAlphaDeathclaws_Conversation_1_NPCStart_1	话说有人告诉我领头死爪是濒临灭绝的物种……
QuestLoc_PetPeeve_Conversation_1_NPCStart_2	你们这些人来这里就是为了折磨我的吗？
QuestLoc_TheBrothersGrime_Conversation_1_Team_1	让我们狠狠揍这个混球一顿！
SnipSnipDialog_Wasteland_5	正在校准传感器……
Weapon_Description_AlienBlaster_Amplified	这么强大的力量是为外星人巡航舰准备的。
Speech_Quest_Generic_Dweller_Conversation_30_Response_3	没什么好想的。因为……废土呗。
Encounter_Random_Message58	我会回到避难所的。但现在还不是时候……不是时候……
Stats_Legendary_Decorations	传奇级装饰品
QuestLoc_SetEmUpFamine_RaiderLine_3	饥荒会怎样？当然是吃了你！
Tutorial_Tip_39	居民从废土探险返回的路上，不会受到生命值或辐射伤害。
QuestLoc_TheCaseoftheMissingMitt_Conversation_2_NPCEnd_2	嘿，先不要着急。我会给你们看看我“找回”的另外的东西。现在，你们能帮我找回手套了吗？
QuestLoc_StopthePresses_QuestObjective_1	和编辑对峙。
Help_Page30_Title	美发店
QuestLoc_FoodFight_Conversation_1A_NPCEnd_4	哦，这可真是让人松了口气。
Encounter_Message_Creature6	一只四处游荡的狂尸鬼。
QuestLoc_GameShowGauntletG_Conversation_4_NPCEnd_3	小学生都知道那是错误答案。就让我们看着你……“掉脑袋”吧！
QuestLoc_RadiationLeak_Conversation_1_Team_1	如果你们有瓶盖的话，我们愿意接受。
QuestLoc_RaidingParty_Conversation_1_NPCStart_1	嘿，兄弟说话可得小心点！
QuestLoc_KnockEmDown_Conversation_2_NPCStart_2	你所造成的毁灭，杀戮……是无上荣光的！
QuestLoc_FriendlySettlement_Conversation_2C_NPCStart_2	但我们也知道，一个避难所需要的不仅仅是知识。
QuestLoc_TheBansheesKeen_Conversation_1_Team_2	别担心，我们会处理的。
Encounter_Journal_Message42	探险家日志。新条目：医学训练是生存的关键。
Encounet_Progression_Creature13	巨型蚂蚁的触角在颤动，正扑上来要我的命！
QuestLoc_OutoftheVaultIntotheShadows_Conversation_1_Team_1	依莱·卡尔弗特，是你自作自受。
QuestLoc_S2_QL3_SecuritronsUncapped_1_Question1_Line1_Answer2	啊啊啊！
QuestLoc_WondersofScience_QuestShortDescription	霍夫伯格博士背负着探索知识和冒险的重任！
QuestLoc_LittleMissWasteland_Conversation_3_NPCEnd_2	很抱歉，但不正确。我相信你下一个会答对的……
QuestLoc_GameShowGauntletE_Conversation_3_Team_4	机械师麦克。
QuestLoc_PestControl_QuestLongDescription	小心！在红火箭服务站附近探索时，你的一位废土探险者撞上了一窝辐射蟑螂！呃……
QuestLoc_GetinLine_RaiderLine_1	你结账之后将永远离开！
QuestLoc_ExtremePrejudice_Conversation_4_Team_1	我正要去见监督者。如果你愿意，我可以问问他。
Weapon_Description_AlienBlaster_Rusty	很久以前就被留在这个星球上了。却仍然强大得荒唐。
Weapon_Name_PlasmaCaster_Enhanced	强化的等离子发射器
QuestLoc_GameShowGauntletC_QuestName	游戏秀场的考验
SeasonPass_Tab_Leaderboard	排行榜
QuestLoc_12PointBuck_QuestName	成精的死爪
QuestLoc_GameShowGauntletE_Conversation_1_Team_4	我不相信灵媒这种东西。
Tutorial_Tip_50	鼹鼠袭击时房间会有泥土冒出，然后向其他房间蔓延。
Weapon_Description_AssaultronHead_Hardened	有的人头脑发热，有的人头脑发光。
MrHandyDialog_Generic_27	个人认为，关于“监督者”的所有说法都是胡说八道。我从来没有见过他们。
Message_Tutorial_56_PC	{点击}这里然后分配{居民}到{任务}小队。
Weapon_Name_BBGun_RedRocket	红色火箭
Achievement_Xbox_Completed_02	消灭10个任务首领
Outfit_Name_MechanicJumpsuit	技工连身衣
QuestLoc_ScienceCooperative_Conversation_1C_NPCEnd_3	胡说！科学可不是什么懦夫的游戏！现在，恕我失陪……
Message_TutorialPopup_08_Body	避难所的储存室储藏着所有居民从废土上找来的或者午餐盒里得到的物品。
点击哔哔小子菜单上的盒子图标可以查看储藏的物品。
QuestLoc_VaultTecExperimentReviewF_Conversation_3_NPCEnd_4	正好我有。都给你们吧！
QuestLoc_OBrother_Answer04_PC02	没问题，如果价钱合适的话。
QuestLoc_S2_QL2_Q1_Doc_Question1_Line1	欢迎来到分诊台。
QuestLoc_Astronomical_Conversation4_Answer_PC01	我们不想任何人受到伤害！我们只想和你的头儿好好谈谈！
QuestLoc_LastInningOrnot_Conversation_2_NPCStart_1	哎呦哎呦哎呦。某些好管闲事的吃瓜群众，来这里找蔻驰。
QuestLoc_AimfortheHead_QuestName	瞄准脑袋！
QuestLoc_S2_QL2_Q1_Doc_Question5	听说你要医疗物资？
QuestLoc_VaultTecExperimentReviewE_Conversation_3_Team_1	强大的武器才能保证好运。
QuestLoc_ScienceCooperative_QuestObjective_2	和科学家交谈。
QuestLoc_SpearFishing_Conversation_1_NPCStart_3	我们抓到了几只肥硕的鼹鼠。它们驮着一袋袋的红果。是它们从地下偷走了我们的粮食！
Help_Page21_Title	居民信息
Emergency_Radscorpions	辐射蝎袭击
QuestLoc_ConferenceontheMound_Conversation_1_NPCStart_1	真是震惊——罗基·杰宾森的棒球衫居然不在那里。
Encounter_Progression_JustStartedTier2_1	不知道光靠两条腿能走多远？
QuestLoc_SecretWeaponTest_Conversation_1_NPCStart_1	你的武器很炫嘛，伙计。
Message_CriticalHit_Multiplier	{0}倍伤害
QuestLoc_ExtremeOuterference_QuestShortDescription	调查奇怪的信号
QuestLoc_WaroftheNerds_Conversation_1_NPCStart_1	啊，你终于来了！我都开始绝望了！
QuestLoc_VaultTecExperimentReviewC_Conversation_1_NPCStart_1	嗬！远道而来的探险家们！
Speech_Kid9	真希望我有一把BB枪……
QuestLoc_TheYolksonYou_Conversation_2_NPCEnd_1	他可能觉得你不是能挑战自己的人。他说得对！
QuestLoc_FoodFight_Conversation_1E_NPCEnd_2	呃。真是俗气。
Objective_KillRadscorpions	消灭1只辐射蝎
QuestLoc_TheCaseoftheMissingMitt_Conversation_1_NPCStart_4	那个傲慢的家伙偷走了我的手套。你们能不能给他点颜色看看然后帮我拿回手套？
QuestLoc_GameShowGauntletB_Conversation_1_Team_2	瓦迪姆波普洛夫。
QuestLoc_MaskHysteria_Conversation_1_NPCStart_1	你在害怕什么？告诉我们，我们说不定会放你走！
Speech_Conversation_NPC2_Topic34_Response2	你要哪种？菲利普斯、平头、方头、弗里尔森、米字还是日标的？
Speech_Quest_Loot_Dweller_7	太牛了！
QuestLoc_SynthsforSale_Conversation_1_Team_4	你也许应该想想去哪儿找些不同的衣服。
QuestLoc_OneGhoulCustomer_Conversation_1_NPCEnd_1	拿着，也许你会想要给量子核子可乐们上个保险。
QuestLoc_KHAAANNNNN_QuestObjective_1	从可汗·基利安的掠夺者帮派手里救出杰克。
Outfit_Name_Wasteland_Doctor	废土医师服
Speech_Conversation_NPC2_Topic33_Response1	听说了！别人告诉我的！听起来好……危险！
Room_LivingQuarter	宿舍
Outfit_Description_PowerArmor	在动力装甲真正存在之前，这个宝贝诞生了。
QuestLoc_VaultTecExperimentReviewD_Conversation_3_NPCStart_2	（他指向了一堆道具储备。是礼物吗？）
Weapon_Description_SawedOffShotgun_DoubleBarrelled	枪管减半，枪筒加倍，必死无疑。
QuestLoc_LunchboxRun_QuestLongDescription	你已经找到了避难所科技午餐盒的地点！现在我们只需派些志愿者居民去把它取回来。
CameraSensitivity	镜头灵敏度
QuestLoc_BeatReporting_Conversation_3_NPCEnd_1	他想成为人们所期望的“战争”，但似乎他并不擅长。
BrotherhoodOfFeels_ConversationAnswer_01_NPC09	我们欢迎任何形式的帮助。一言为定。
MrHandyDialog_Wasteland_92	一个兔子玩偶钉在门上，这该怎么理解呢？
QuestLoc_HopontheRoachCoach_Conversation_1_NPCEnd_1	哇，那真是不错的条件，谢谢！我会做的！
Stats_PetBreeds_BritishShorthair	英国短毛猫
QuestLoc_VaultTecExperimentReviewB_Conversation_1_NPCStart_1	我们被入侵了！
Objective_RightRoom	正确分配一个居民
QuestLoc_TheSixthSun_Conversation_1_NPCEnd_3	到我这儿来，掠夺者们！
QuestLoc_ThePartyattheEndoftheWorld_QuestlineName	世界尽头的派对
Speech_Room_LoveJob_Water2	我能把任何东西变成饮用水！任何东西……
Junk_Desc_MilitaryCircuitBoard	顶级电路成就顶级设备。
QuestRequirement_Dweller	居民
Outfit_Description_ScorchedHeavy	辐尸人重型。
Encounter_Random_Message147	探险家日志。新条目：鼹鼠一点都不可爱……
Outfit_Description_ScribeRobe_Initiate	钢铁兄弟会学士们的典型服装。
MrHandyDialog_Generic_12	“巧手先生”这名字可不是白叫的。
QuestLoc_GameShowGauntletA_Conversation_4_Team_1	乔治库伯。
Help_Page22_Title	居民列表
Message_Wasteland_Waiting_Dwellers	此居民不在避难所内。
Speech_Quest_Loot_Dweller_55	不赖嘛。
Speech_Conversation_NPC1_Topic35	如果我们一直往下扩建，挖到岩浆，你会怎么办？
VictorDialog_Wasteland_47	看来我正往南走。那就接着往前晃呗！
QuestLoc_Broadsides_QuestShortDescription	找到关于新波士顿号角报的信息。
Weapon_Name_PlasmaThrower_Overcharged	过载型等离子发射器
QuestLoc_S2_QL2_Q1_Doc_Question5_Choice1	交出来，否则就把你们送进你们的太平间！
QuestLoc_SpyonRaiders_Conversation_1A_NPCStart_2	你们凭什么觉得自己够格呢？
Help_Page15_Title	废土
Special_Strength	力量
QuestLoc_HerestoYouRackieJobinson_Conversation_1_NPCEnd_3	看来必须要打一架了！
Room_WaterProcessingPlant_Desc	将居民分配在这里生产水
Button_BuyPack_Switch	打开在线商店
QuestLoc_TheCaseoftheMissingMitt_Conversation_2_NPCStart_4	你们想要手套的话，就得自己去找了。
QuestLoc_OBrother_Answer05_NPC01	别怪我事先没提醒你。
QuestLoc_SpelunKingTrainingC_Conversation_2_NPCStart_2	监督者已经确定要送我们去参加洞穴探险大赛。
QuestLoc_VaultTecExperimentReviewC_Conversation_3_NPCStart_2	我的城堡美丽又神圣。
Weapon_Name_MaresLeg	马腿
BarberShop_HairStyle	发型
MrHandyDialog_Generic_30	这是什么……哦，还真是。地板上有血。太“棒”了。
SnipSnipDialog_Generic_08	我是巧手先生型机器人，通用原子国际的骄傲！
Outfit_Name_HandymanJumpsuit_Advanced	先进连身衣
Room_VaultEntrance	避难所大门
Message_Tutorial_35	没有足够的建造空间！请{摧毁}挡住房间的{岩石}来继续建造。
QuestLoc_NotSoSafehouse_QuestLongDescription	铁路特工成功躲避了抓捕，前往了某个藏身处。和他们确认一下是否都还安全。
QuestLoc_WaroftheNerds_QuestName	书呆子之战
QuestLoc_FoodFight_Conversation_1B_NPCEnd_3	我觉得这个可以安排一下。
Tutorial_Tip_25_PC	点击居民的SPECIAL属性图标来查看更多细节。
Weapon_Name_50CalMachineGun	.50机枪
Outfit_Name_SpecialThemeThanksGiving	朝圣者服
QuestLoc_LittleMissWasteland_Conversation_5_NPCStart_4	有什么问题吗？
Help_Page18_MainText_Switch	1. 废土-按打开废土日志。
2. 居民菜单-可方便地排序和选择您的居民。
3. 幸福-避难所整体幸福度。按查看它为您的避难所提供的加成。
4. 资源栏-当前资源的数量。不要让它们低于所需的资源线，否则您的避难所情况将开始恶化。点击左摇杆查看您有多少资源。
5. 瓶盖-您当前的瓶盖数量。
6. 建造锤子-按建造房间。
7. 哔哔小子-按打开哔哔小子菜单。哔哔小子上的数字意味着您有午餐盒要打开。感叹号表示有待收取的目标奖励。
8. 午餐盒-选择午餐盒图标进入午餐盒菜单。数字意味着您有午餐盒要打开。
9. 目标—选择缎带转到目标页面。感叹号表示有待收取的目标奖励。
10. 库存-选择箱子以进入库存菜单。
11. 生存指南-选择书以打开避难所居民生存指南。
12. 设置-选择齿轮以打开设置菜单。
QuestLoc_HerestoYouRackieJobinson_Conversation_2_NPCStart_3	听着，我不知道你们为什么这么想要罗基·杰宾森的棒球衫……
QuestLoc_WondersofTechnology_QuestObjective_1	寻找霍夫伯格博士。
Tutorial_Tip_54_PC	将居民拖到废土上并点击红色门按钮可以驱逐他们。
VictorDialog_Gym_01	力量训练对那些没有内置液压系统的人来说非常重要。
QuestLoc_GobbleGobbler_QuestLongDescription	传闻说废土上有一个叫做高步勒的可怕生物肆虐。我们必须去调查一下！
Social_NoGifts	您还没有收到过任何礼物。
Message_TutorialPopup_11_Body	建造一个实验室可以生产消辐宁来减少居民的辐射伤害。
QuestLoc_The20thInning_QuestShortDescription	寻找罗基·杰宾森的棒球衫。
QuestLoc_TheCaseoftheQuantumCreeper_Conversation_1_NPCStart_1	是，是尼克派你来的吗？你得救救我们！“量子爬行者”。它一直在吃我们的人。我们就剩这些人了。
QuestLoc_ExtremeOuterference_QuestLongDescription	废土中有一些奇怪的信号干扰了我们的无线电传输。带上一队人马，定位干扰源。一旦知道干扰信号的来源，就去调查那个地方，处理掉干扰我们无线电的东西。
QuestLoc_ExtremePrejudice_QuestName	极端偏见
QuestLoc_DearthOfClaws_QuestShortDescription	找到那个想研究死爪的科学家。
Speech_Conversation_NPC1_Topic45	你好！
QuestLoc_GameShowGauntletF_Conversation_4_NPCEnd_3	很接近但是不是。现在准备好……“掉脑袋”吧！
QuestLoc_DogShelter_QuestShortDescription	从尸鬼的手中救出菲多。
QuestLoc_JustDeserts_Conversation_3_NPCStart_3	只要传播给对的人，围绕一个人或生物的邪教就很容易形成。
GameSettingsPC_SaveConfirmation	游戏已保存
Outfit_Name_GamblerSuit_Lucky	幸运正装
QuestLoc_CoveWatch_QuestObjective_1	探索建筑。
Speech_Quest_Loot_Dweller_20	正是我想找的。
Help_Page14_MainText	生产型房间能够启动极速模式来赚取瓶盖，同时即时产生资源。

- 极速模式会立即完成当前的生产周期然后发放一定瓶盖奖励。

- 瓶盖奖励是基于风险值。风险越大，奖励越多。

- 极速模式如果失败，会导致灾害发生。
Outfit_Name_TiedBlouse	乡村女孩装
Controls_Xbox_Quest_Settings	设置
QuestLoc_TheSecretofREDACTED_RaiderLine_2	如果他们真的想抓你，那倒还真不是妄想。
QuestLoc_LittleRedRadiumHood_RaiderLine_1	嘿，你不是奶奶！
Room_Gym_Build	建造一个举重房？
Encounter_Random_Message13	喂？外面有人吗？
QuestLoc_HoneymoonHorror_Conversation_1_Team_4	做好你自己的事。只要有足够的瓶盖，我们绝对不会告诉别人你们是胆小鬼的。
QuestLoc_Ghooooooooooooooooooul_QuestObjective_1	探索93号避难所。
Weapon_Description_InstituteRifle_NightVision	让你的敌人无处可躲。
Room_Water2	净水点
QuestLoc_SnakeWater_Conversation_1_Team_2	你利用了太多的人。你必死了，“术士”！
QuestLoc_ToGrandmothersHouseWeGo_Conversation_1_NPCStart_3	请收下这些瓶盖吧。这是我们最起码能做的。
QuestLoc_FriendlySettlement_Conversation_1A_NPCEnd_3	等等，等等。放轻松，帅哥。为什么不四处看看呢？
QuestLoc_S2_QL2_Q3_Req_Question6_Answer1	申领表，是吗？抱歉，伙计，我们不做申领。但我们提供战斗训练！准备好！
QuestLoc_GetchaPeanutsHere_QuestName	来买花生啦！
QuestLoc_GameShowGauntletG_Conversation_3_NPCEnd_3	答对了！看来你不像看起来那么傻！
VictorDialog_Bar_01	要来点烧刀子解解乏吗？
QuestLoc_LetsKnockitOuttathePark_Conversation_1_NPCStart_1	你们成功了！我猜你们一定是看到了我留下的信息。我是亨丽埃塔。
QuestLoc_TheInfiltrationGame_Conversation_2_NPCEnd_1	看来我需要重新开始杀人了。
Speech_Generic_Dweller48	大家加油！监督者正指望着我们呢！
PetCarrier_ContentLine2	将宠物分配给居民能给他们带来独一无二的加成！
QuestLoc_TakeMeOuttotheBallGame_RaiderLine_4	全垒打！该去找那些场地男孩了！
Speech_Eviction_5	废土。太——棒——了——。
Speech_FlavorText_TrainingRoom_04	感觉自己能徒手单挑赤色分子！
QuestLoc_GameShowGauntletI_Conversation_1_NPCEnd_1	英国人不会来的，但你会……“掉脑袋！”！
QuestLoc_LittleRedRadiumHood_Conversation_2_NPCStart_1	是你吗，甜心？
Outfit_Name_InstituteJumper_Expert	专家学院套头衫
QuestLoc_GameShowGauntletE_Conversation_1_NPCStart_2	请正确回答问题来赢取瓶盖。
QuestLoc_EvictionNotice_Question2_Answer1	哈哈哈！当然我们可以。但我们不会，因为你们太好了。
CodeOfConduct_Legal_Link	https://documents.bethesda.net/en/code-of-conduct
QuestLoc_MyMetalPony_Conversation_1_NPCEnd_1	除非我死了！
QuestLoc_VaultTecExperimentReviewD_Conversation_2_NPCStart_1	加里！加里加里加里！
Piper_campaign_Title	派普
Encounter_Journal_Message32	探险家日志。新条目：人人身上都带着家伙。枪支随处可见。
QuestLoc_FriendlySettlement_Conversation_2D_NPCEnd_2	是的，我想我有一些东西会适合你们。
Eyebot_Name	眼球机器人
QuestLoc_DibsattheRedRocket_Conversation_1_Team_3	拜托，你们不能在这里分享什么吗？
Title_SeasonVaults	实验避难所
Encounet_Progression_Creature42	狂尸鬼掠夺者逼近，准备攻击。
QuestLoc_GroomforDoubt_RaiderLine_1	带走新郎，迎接厄运。
QuestLoc_DaysGoneBye_Conversation_1_Team_1	所以现在该和那些掠夺者对峙一下了。
QuestLoc_GameShowGauntletJ_Conversation_1_NPCEnd_3	不对。完全不对。我们会慢慢地让你……“掉脑袋”。
QuestLoc_ItsnotEasyBeingGreen_Conversation_3_Team_2	你们往啤酒里放了什么东西让它变绿了？
QuestLoc_ADeliciousTrailofDanger_Conversation_1_NPCEnd_3	好吧，但这可帮不了你。
Notification_DwellerWasteland_06	您的一位居民在废土上探索一段时间了，您应该看看他们怎么样了。
QuestLoc_CheesePlease_Conversation_1_NPCEnd_3	你们真的吃了那个？我们可以杀了你，但吃那个听着更糟……
Inventory_Vault_Full	存储空间不够。请建造更多的存储房间或者卖掉更多物品。
QuestLoc_DeathRevealed_Conversation_1_NPCStart_2	她一定在楼上的某个地方等我们。
QuestLoc_HumansLikeUs_Conversation_3_NPCStart_3	我的朋友也叫约翰·史密斯，你可以看出他也是人类。
MrHandyDialog_Wasteland_59	我真的不明白有什么好大惊小怪的，这外面也没什么大不……哦，天哪，这有个被砍下来的脑袋！
QuestLoc_TheAbyss_QuestObjective_1	解开避难所的秘密。
Pet_Description_blacklab_l	由孩子们养大的，所有人都很爱它。曾生活在地下。
Speech_RadiationB2	啊！我的指甲开始脱落了！
Controls_Xbox_Quest_QuestObjectives	任务目标
Speech_Generic_Dweller11	想组建一支避难所棒球队……
QuestLoc_GoingToTown_1_Question3	笑一个！
Outfit_Description_WrestlerSpecial	安全性和造型感，总是很难两全。
QuestLoc_S2_QL3_Q3_Insider_QuestLongDesc	我们接到了一群躲在避难所里的“神志清醒”的保安机器人发出的求救信号。也许它们能解释战斗抑制器的问题。
QuestLoc_TheMysteryofVault666_Conversation_1_Team_1	闭嘴吧，你这个二流反派！
QuestLoc_GoingToTown_1_Question3_Answer1	咔嚓！哎，算了，我骗谁呢？这破玩意根本不能用。
Pet_Description_pallascat_b	有传言说，那一大堆皮草下面有一只猫。
QuestLoc_DeathclawDeeLite_3_Question2_Choice2	<疯狂喷洒整个房间>
QuestLoc_RevengeoftheGeeks_QuestShortDescription	测试一下你的数学水平。
QuestLoc_HopontheRoachCoach_QuestObjective_1	在大无敌超市寻找战利品。
QuestLoc_SpyonRaiders_Conversation_2B_NPCStart_2	你们看上去像是好孩子。我真心希望这种掠夺者生活不会像毁掉我一样毁掉你们。
Pet_Description_manx_l3	别提它的尾巴，别提它的尾巴……
QuestLoc_GameShowGauntletB_QuestShortDescription	为胜利而战！
Speech_Generic_Dweller23	咦，我好像听到通风系统里有嗡嗡声。
QuestLoc_ToGrandmothersHouseWeGo_Conversation_1_Team_1	瓶盖就行了，谢谢。
SnipSnipDialog_Generic_04	我渴望一场机油浴……
Encounter_Victory_Creature1	我做到了。野狗死了。
Shared_ButtonText_Xbox	保存照片
MrHandyDialog_Wasteland_43	啊！死爪！快跑！我只擅长爱人，不擅长打架！
Outfit_Name_NinjaSuit	忍者装
QuestLoc_WastelandTheMusical_Conversation_6_NPCStart_2	♪ 我们的计划在暗中推进 ♪ 人类重塑，千真万确！♪
♪ 恐惧无法计-算！♪
QuestLoc_AlienBot_QuestName_05	工厂升级
Encounter_Random_Message208	这么多的高楼大厦。不知道它们还能不能一直矗立下去……直到永远。
QuestLoc_TheThinlyVeiledPlotThickens_Conversation_1_NPCStart_1	就在破晓之前……他们不知道从哪里冒出来的。
Speech_Kid26	我的爸爸妈妈总是那么忙……
QuestLoc_TheMostDangerousGame_QuestShortDescription	杀死掠夺者首领。
QuestLoc_EvictionNotice_Question1_Answer3	好吧，你可以过去。如果路上挨打了，别怪我们。
QuestLoc_ScienceCooperative_Conversation_1B_NPCStart_1	你们好！欢迎来到物理俱乐部！
Weapon_Description_Shotgun_Enhanced	改装过，可以杀死5码以内的任何东西。
QuestLoc_Test_QuestLongDescription	这是一个测试，请不要惊慌。
QuestLoc_GoingToTown_1_CombatInit1	欢迎来到武器店！让我给你演示一下它们怎么用！
Outfit_Description_Threedog	好好战斗……或者坚持到死亡那一刻。
QuestLoc_S2_QL3_Q3_Insider_Question1_Choice1	这些明显也失控了。我们需要再往里走。
QuestLoc_DogsofWar_QuestShortDescription	与三狗谈论末日骑士。
Message_Tutorial_ArrivalWidgetBuildOverseerRoom	每个{赛季居民}都会解锁一条新的{任务线}。解锁并建造{监督者办公室}，来招募您的新居民！
Weapon_Description_AssaultRifle_Hardened	适用于雇佣兵在任何情况下对枪的需要。永远。
QuestLoc_LastInningOrnot_Conversation_2_NPCStart_4	那儿有一只死爪！蔻驰正好需要一点战斗训练！
QuestLoc_S2_QL2_Q3_Req_Question5_Choice1	哦呵，感觉要开讲了。不好意思小伙，我们时间不多。
QuestLoc_TheThinlyVeiledPlotThickens_Conversation_1_NPCStart_4	“号角男孩”告诉我们它绝不会落入掠夺者的手中。
QuestLoc_RadroachRoundup_QuestObjective_2	拯救第一组科学家。
QuestLoc_FoodFight_Conversation_1A_Team_1	啊，糖衣炸弹麦片。含有百分之百的……死亡成分！
QuestLoc_CabinFever_QuestName	幽居病
Stats_Caps_Collected	收集的瓶盖
Tutorial_Tip_19	生产房间有高级版本，会更高效但更昂贵。
QuestLoc_OperationSandman_Conversation_2_NPCEnd_2	千？但“死亡”仍在沉睡……稍等……给我上！
QuestLoc_FriendlySettlement_Conversation_2D_NPCStart_1	我有时候会很怀念做掠夺者的日子呢。那一帮兄弟跟着我几年了。
Rarity_Legendary_Title	传奇
Help_Page28_MainText_PC	您可以利用杂物和瓶盖，在武器、装备和主题工坊中打造物品。

普通，稀有和传奇级别的杂物会在午餐盒、废土和任务中找到，分解武器和装备也能产出杂物。物品越稀有，需要的杂物就越稀有。

同时还需要打造物品的相应配方。工坊开始时会自带一些配方，其他的配方可以在死亡的掠夺者身上、废土探险或任务中找到。

主题配方以碎片形式出现。在任务中寻找这些碎片，或使用量子核子可乐来补全主题配方。

点击工坊的打造按钮可以看到能够打造的物品列表，选择您想要的。升级后的武器和装备工坊能够打造稀有和传奇级别的物品。

如果开始打造之后取消，您所用的杂物将全部返还，但花费的瓶盖只有部分返还。
QuestLoc_TakingOuttheTrash_Conversation_1_NPCStart_2	我们将授予你钢铁兄弟会荣誉骑士的称号。
QuestLoc_ParleyTime_Conversation_2_NPCStart_3	“战争”就在这附近，愿他永远享受核子可乐。
Updated_Terms_Title	[212F21]我们更新了服务条款
Theme_ShortName_Halloween	万圣节
Speech_Quest_Loot_Dweller_30	还不错，还不错……
Encounter_Progression_JustStartedTier2_6	如果只发现了一盒糖衣炸弹麦片，那也是值得的。
Objective_CollectResourcesWithinTime	在一分钟内收集{0}电力/食物/水
Resource_Food	{0}食物
QuestLoc_ThePathofPaulaPlumbkin_QuestShortDescription	跟随宝拉·普朗布金的脚步前往730号避难所。
QuestLoc_CanineRecovery_QuestObjective_1	找到比格斯比。
Objective_DwellerHappy_Plural	将{0}个居民的幸福度提升到100%
QuestLoc_ThymeisMoney_Conversation_2_Team_1	我不知道你在说什么。
QuestLoc_ToGrandmothersHouseWeGo_Conversation_1_NPCStart_1	我们准备去外婆家，但我们好像有点迷路了。
Encounter_Progression_JustStartedTier1_13	好吧，这有点儿……让人沮丧。
QuestLoc_HittingtheBooks_QuestLongDescription	随着万圣节临近，有关31号避难所的故事和它奇怪的过去再一次流传了起来。但是到底是避难所真的闹鬼，还是有其他的什么原因？31避难所之谜正等待你去解决！
QuestLoc_WeddingCrashers_Conversation_2_Team_3	你们两个都很久不做掠夺者了。为什么不放弃然后私奔呢？
Encounter_Random_Message128	探险家日志。新条目：肚子饿了。馋索尔兹伯里牛排了。
Encounter_Random_Message70	看起来像一个旧商店。不知道他们卖什么？
QuestLoc_S2_QL2_Q3_Req_Question4_Choice1	我们进来的路上可能踩死了一两只。
Pet_Description_toyger_b	比完整版的更安全。
Help_Page25_BottomText	提示：将宠物派给那些最需要提升相关属性的居民。
QuestLoc_GameShowGauntletJ_Conversation_2_NPCEnd_1	看上去像是对的，但不对。现在……“掉脑袋”吧！
QuestLoc_ScienceCooperative_Conversation_2E_Team_1	你只需要我们聪明的大脑带来的灵光！
Encounter_Victory_Creature13	我赶在看门狗向任何人报信之前，把它杀了。
QuestLoc_WalkofShame_Conversation_1_NPCStart_1	你们是为了我的丈夫而来的吗？不好意思，你们可别想得到他！
QuestLoc_SpyonRaiders_Conversation_2B_NPCEnd_3	等等，什么？你们是间谍？给我拿下他们！
Speech_Quest_Generic_Dweller_Conversation_2	你听到了吗？
Encounter_Message_Location13	C.I.T.废墟。
Speech_Happiness_Happy10	我真心希望其他人都像我一样快乐。
Speech_Conversation_NPC1_Topic38	不要靠得太近。我想我可能生病了。
QuestLoc_FoodFight_Conversation_1E_NPCEnd_3	毋庸置疑，我终究是个掠夺者。即使我的品位这么好。
QuestLoc_FollowingHisFirstSteps_QuestShortDescription	寻找有关普雷斯顿下落的相关线索。
PetCarrier_ContentRedeemTitle1	宠物笼
Outfit_Name_PiperSpecial	派普服装
Weapon_Description_50CalMachineGun_Rusty	虽然偶尔卡壳，但威慑力十足。
QuestLoc_BountyBash_QuestShortDescription	拿下掠夺者首领“暴击”，领取奖赏！
QuestLoc_UndercoverOperations_Conversation_2_Team_2	“饥荒”？是末日骑士？
QuestLoc_FollowingHisFirstSteps_Conversation_1_NPCStart_2	你们必须帮帮我们——我们还没找到出去的路，那个义勇军民兵就撇下我们走了！
QuestLoc_PostApocolypticWorldProblems_Conversation_1_NPCEnd_1	行行行，我自己找。现在的小孩真是不得了！
Speech_Quest_Generic_Dweller_59	讨厌死这地方了……
Title_Arrival	抵达 {0}/{1}
QuestLoc_DeathclawDeeLite_2_Question1_Answer1	谢谢你！我们的医生在楼上某处……请快点！
QuestLoc_GameofVaults_Conversation_1_NPCStart_1	谢啦，兄弟。你真的救了我的老命！本来以为肯定要给死爪塞牙缝的！
QuestLoc_OperationSandman_Conversation_4_NPCEnd_1	不，那很可笑。
QuestLoc_WithFriendsLikeThese_Conversation_1_NPCStart_2	那个叫威拉德·格洛弗的人一定是疯了。
Speech_Quest_MainPath_Dweller_5	越来越近了……
Weapon_Description_GhoulRevolver	这把大号手枪是马腿的最佳拍档。
Encounet_Progression_NPC7	喝醉的流浪汉要和我喝一杯。
QuestLoc_GroomforDoubt_Conversation_2_NPCStart_2	如果你正在寻找冒险，你来到了正确的地方。
Speech_Conversation_NPC2_Topic16_Response3	啊！有人在敲避难所大门！是掠夺者！他会杀了我们所有人！
QuestLoc_EvictionNotice_Question1_Choice1	也许可以不是大汗帮领地吗？
QuestLoc_DeathandDenial_Conversation_2_Team_2	没有那么快。谋杀案发生的那天晚上你在哪里？
MrHandyDialog_Wasteland_49	看啊。一个狂尸鬼正在啃一个人的手臂。这可不是每天都能看到的景象。
QuestLoc_MatterstoSettle_RaiderLine_3	让“瘟疫”的辐射照进你们心中！
QuestLoc_RescueOperation_Conversation_1_NPCStart_1	谢天谢地！你收到了我的求救信号！
QuestLoc_SeventhInningStretch_Conversation_1_NPCStart_1	不，没，什么都没有。
QuestLoc_S2_QL2_Q3_Req_QuestName	谁是“老大”（BoS）
QuestLoc_ESterEggHunt_Conversation_3_NPCStart_3	是核弹！我们找到了它！
QuestLoc_KnockEmDown_QuestShortDescription	杀死“饥荒”，“瘟疫”和“战争”。
Achievement_Xbox_Completed_03	完成10个任务
QuestLoc_FriendlySettlement_QuestShortDescription	派出你的居民去援助一个附近的友邻定居点。
QuestLoc_GameShowGauntletK_Conversation_3_NPCEnd_3	错！你输了，你这个输家。而且，你还要……“掉脑袋”了！
QuestLoc_GameShowGauntletB_Conversation_2_Team_3	卢卡斯·西姆斯。
QuestLoc_SantasHelpers_QuestName	圣诞老人的小帮手
QuestLoc_SpyonRaiders_Conversation_1D_NPCStart_2	我们是“火焰飞弹”。我们射击敌人，然后让他们着火。
Encounter_Random_Message206	我希望我能找到回避难所的路……
QuestLoc_ToySoldiers_Conversation_1_NPCStart_1	看，又有傻子士兵来找死了！
Weapon_Name_Magnum_Enhanced	增强型.44狙击枪
Encounter_Random_Message47	嗯……植物被踩折了。有人从这儿经过？
Weapon_Name_UltracitePlasma1	辐射极琉矿等离子步枪
Seasons_Message_SeasonStartsSoon	新赛季即将到来
QuestLoc_S2_QL2_Q2_Field_Question1_Choice1	呃……是的，我们就是增援……
QuestLoc_RadroachRoundup_Conversation_1_NPCStart_2	一群穿着废土装备的武装暴徒闯了进来，抢走了我们所有的防辐射服！
QuestLoc_ManonSecond_Conversation_1_NPCStart_1	没有，不在这里。我们得继续找。
Outfit_Name_ScientistScrubs	初级军官制服
Title_Music	音乐
QuestLoc_DuoofDestructionGlowingRadscorpions_QuestName	双重毁灭：发光辐射蝎
QuestLoc_PickedOffatSecond_Conversation_1_NPCStart_1	那是……呃。只是一件撕破的马特“导弹”默塔球衣。
QuestLoc_GameShowGauntletA_Conversation_4_Team_2	比尔萨顿。
Weapon_Description_InstitutePistol_Scattered	为什么满足于一次只蒸发一个敌人？
Message_OutOfAP	没有足够的瓶盖
QuestLoc_TheFinalPush_QuestLongDescription	390号避难所废墟里的掠夺者首领告诉我，“麦克森硬汉小队”在避难所科技的总部。我很担心他们的安危。所以赶紧穿好装备去找他们吧！
QuestLoc_SavingDaylight_Conversation_1_NPCStart_3	在他们找到神父阿尔瓦拉多之前杀死他们，他只是有点远！
Speech_Room_LoveJob13	这间房正以最高效率运转……多亏了我！
QuestLoc_ThrowMeSomePepper_QuestShortDescription	掠夺者们知道蔻驰在哪儿吗？
Shop_SeasonPass_NewVegasB_Description	用通行证获取赛季最大收益。解锁高级奖励赛道，包含避难所外观主题、居住区主题、新传奇居民等更多内容。奖励可在所有避难所领取。
Pet_Description_blueyellowmacaw_l2	这只大房子的鸟不吃饼干，它就叫“饼干”。
QuestLoc_FoodFight_Conversation_1A_NPCEnd_2	没有！
Junk_Name_MagnifyingGlass	放大镜
Tutorial_Tip_53	耐力(E)高的居民在废土探索时受到的辐射伤害更少。
Controls_Xbox_Vault_RoomAction	房间行动
QuestLoc_OBrother_Conversation04_NPC01	嘿，呃……以前没见过你……
QuestLoc_TheDeBuggers_RaiderLine_2	谁会在便携式电子设备上玩游戏呢？
QuestLoc_TheMysteriousDisappearingSpuds_QuestObjective_1	和农夫面谈。
QuestLoc_ThisGoldenRing_Conversation_1_Team_2	我不想要你的“奖品”，不管它是什么。我在找金子。
QuestLoc_SuperDuperTrooper_Conversation_2_NPCStart_1	不要动-我们需要扫描你。
Weapon_Name_BBGun	BB枪
QuestLoc_SetEmUpFamine_Conversation_2_NPCEnd_1	好吧，别放弃！你是唯一活着的，可以对抗骑士的人！
QuestLoc_TheMysteryofVault666_Conversation_1_NPCEnd_1	谁说这只是二流水平？
QuestLoc_GoWest_Conversation_1_Team_1	我在打听一切能打听到的、关于31号避难所的消息。
QuestLoc_TheBansheesKeen_Conversation_2_NPCEnd_4	疯了吗？疯了吗？我会给你看疯子是什么样的！
QuestLoc_WeddingCrashers_Conversation_2_NPCStart_2	马克斯似乎对这场婚礼临阵退缩了。
Pet_MilitaryMacaw	训练有素的鹦鹉
Weapon_Name_AlienBlaster	异形破坏者
QuestLoc_HumansLikeUs_Conversation_2_NPCEnd_1	这里的一切都是正常人类的东西，没有外星人在执行任务。
QuestLoc_ANiceGhoulLikeYou_Conversation_1_NPCStart_3	“有些人惧怕我，有些人追寻我。我可以改变你，也可以治愈你。”
QuestLoc_CheerfortheGhouls_Conversation_2_NPCEnd_1	呃，好吧。但是你告诉圣诞老人，明年可得给我们更好的东西！
QuestLoc_DiplomaticMission_Conversation_1_Team_2	你们有什么武器的话就给我们吧。
Outfit_Name_NCRPowerArmor	NCR动力装甲
Speech_Generic_Dweller28	我真的需要去好好洗个澡，放松一下。
QuestLoc_TheCaseoftheLostLunch_Conversation_2_NPCEnd_3	可是如果不是那个掠夺者的话会是谁呢？听着，你们要是能找到食物，我们会考虑放了他。
Title_Explore	探险
Speech_Conversation_NPC2_Topic10_Response1	嗯……大概是那个巨大的毛线球吧。一直想去看看。
QuestLoc_TheLastGobble_Conversation_1_NPCEnd_2	给。现在下去吧！高步勒就在那边筑了窝！
QuestLoc_GameShowGauntletJ_Conversation_2_NPCStart_2	迪马是什么？
QuestLoc_BottlecapBlues_Conversation_1_Team_1	掠夺者们和瓶瓶盖盖在一起吗？
Speech_Quest_Generic_Dweller_Conversation_14	你闻到了吗？
QuestLoc_HostageNegotiations_Conversation_3_NPCStart_2	我从没想过我能活着出来！
QuestLoc_GameShowGauntletA_Conversation_3_NPCStart_1	现在进入“掉脑袋”的第三回合！
QuestLoc_Headhunting_QuestShortDesc	从一群掠夺者手中救出一名经理。
QuestLoc_DiplomaticMission_QuestShortDescription	派遣一队着装正式的居民去和安置点的代表交谈。
QuestLoc_MallMadness_QuestShortDescription	商场被占领了！
QuestLoc_DearthOfClaws_QuestName	缺爪之痛
Encounter_Random_Message153	探险家日志。新条目：松鼠尝起来比想象的好得多。
Message_Tutorial_10	现在将第二个{居民}分配到{发电室}。记得{点击}和{按住}居民，然后{拖}到房间。
QuestLoc_BreakingalltheRecords_Conversation_1_NPCStart_1	我本来发誓这次一定能找到，但好像并不能。
Room_Cafeteria_Build	建造一个餐厅？
Scrapping_Result_Common	获得杂物
QuestLoc_Ghooooooooooooooooooul_Conversation_1_NPCStart_1	什么鬼……？你吓死我了，已经很久没有人来拜访过我了。
Rarity_Rare_Title	稀有
QuestLoc_TheCaseoftheCapturedCanine_QuestShortDescription	狂尸鬼们抓住了狗狗！趁它被吃掉之前赶紧把它救出来。
QuestLoc_SpyonRaiders_Conversation_3A_NPCStart_1	你现在面前站的就是“扳关节者”，“碎骨者”的首领！
QuestLoc_TheAbyss_Conversation_1_NPCStart_4	他住在底部附近，那里凉爽而安静。
Speech_Conversation_NPC2_Topic44_Response3	我很忙。你呢？你不是该有别的地方要去吗？你懂的。
QuestLoc_BigTrouble_QuestLongDescription	聪明的领头死爪，藏在了红火箭加油站里伏击误入的旅行者。对付这种威胁只有一个办法。
QuestLoc_CleanUpOnAisleFive_RaiderLine_1	你喜欢什么样的棺材，纸的还是塑料的？！
Button_Watch	观看
QuestLoc_TheBansheesKeen_QuestObjective_3	与居民交谈。
Status_NoPower	没有电力
QuestLoc_WastelandTheMusical_Conversation_4_NPCStart_4	♪ 你破碎的灵魂在折磨中迷失 ♪
♪ 忏悔！忏悔！♪
Room_Water2_Build	建造一个净水点？
Speech_Quest_Alone_Dweller_9	所以说我只能一个人去了是么。太棒了。
Outfit_Name_Horseman_PestilencePlating	“瘟疫”装甲
SeasonModal_Claim_Btn	领取
QuestLoc_Headhunting_Question2_Choice3	考虑换个职业怎么样？
MrHandyDialog_Wasteland_31	喂~这里有其他机器人吗？
Pet_Description_blacklab_b	在沙滩上玩水或蜷在你的脚下……典型的宠物狗。
QuestLoc_OBrother_Answer03_NPC01	谢谢！拿着，这可能会有点用。
Weapon_Name_PlasmaPistol_Tuned	调试型等离子手枪
Speech_Conversation_NPC2_Topic42_Response2	是……是啊……你看，比起当战士，我更适合当爱人。
QuestLoc_HumansLikeUs_QuestShortDescription	调查空中的奇怪光芒。
QuestLoc_HumansLikeUs_QuestObjective_2	与神秘的居民交谈。
BarberShop_Total_Time	时间
QuestLoc_GameShowGauntletB_Conversation_1_Team_4	沃特克朗凯特？
QuestLoc_ItsnotEasyBeingGreen_Conversation_2_NPCStart_3	我想我会用一品脱绿啤酒来淹没我的悲伤……
QuestLoc_TheCaseoftheMissingMitt_Conversation_2_Team_3	为什么要偷他的手套？
Encounter_Random_Message11	有人跟踪我吗？
Weapon_Name_LeverActionRifle_Hardened	硬化型杠杆步枪
QuestLoc_TheBigsbyBrownCase_Conversation_1_NPCEnd_2	我自己一个人肯定没法搞定这些死爪的，我不会让你白白帮助我的。拿上这个赶路吧！没时间了！
Weapon_Description_GatlingLaser_Tuned	像是一个死亡迪斯科，而每个人都被邀请了！
QuestLoc_MyMetalPony_Conversation_1_Team_4	放弃吧，不然下一个进胶水工厂的就是你！
QuestLoc_AlienBotQuest06_Conversation_1_PC1_2	灯下黑啊，哪里能比人们眼皮底下更安全呢？
Room_Dojo_3	体育中心
Weapon_Name_PulseRifle	脉冲步枪
QuestLoc_HomerunDerby_QuestName	职业棒球大联盟全垒打大赛
Stats_Female_Dwellers	女性居民
Tutorial_Tip_78	宠物的加成对任务也适用。别忘了带上这些毛茸茸的小伙伴！
Encounter_Message_NPC9	一位迷路的农民。他又累又怕。
QuestLoc_GoingToTown_1_QuestObjective1	获取一些武器。
QuestLoc_BountyBash_QuestObjective_1	杀死掠夺者“暴击”。
Room_DesignFactory_Upgrade_Level2	减少打造时间
QuestLoc_S2_QL2_Q4_Roswell_CombatInit2	<无法理解的语言>
QuestLoc_MatterstoSettle_Conversation_4_NPCStart_1	放下你的武器，勇敢的战士们。我来谈话的，不是来打架。
Encounet_Progression_Creature27	从没想过我会怕一只虫子，但这只火蚁战士可不好对付！
QuestLoc_JustDeserts_Conversation_4_NPCStart_2	“掠夺者、尸鬼和罪犯们从各地赶来，为一位末日骑士而战。战斗，然后死去。
QuestLoc_FoodFight_Conversation_1A_Team_2	你妈妈难道没教过你要学会分享吗？
QuestLoc_PestCaseScenario_QuestName	害虫泛滥
VictorDialog_Wasteland_31	妖怪熊？我看倒像是“要你命”！
QuestLoc_SpringingtheTrap_Conversation_1_NPCEnd_3	伤害？！你怎么敢侮辱“瘟疫”，你们这些异教徒！
Weapon_Description_FireHydrantBat	现在你可以装作你只是一只弱小的巨兽。
QuestLoc_FoodFight_QuestObjective_1	除掉掠夺者。
Encounet_Progression_NPC6	猎人需要我帮他找到妖怪熊。
Encounter_Random_Message175	嗯？什么东西在闪？怎么会——哦我的天，我进雷区了！慢……慢……慢点挪……
QuestLoc_Sabotage_Conversation_1_NPCEnd_2	好吧，如果是你的话，它会更快！
Outfit_Name_ProfessorSpecial	教授服
UnlockRoom_Agility	您的避难所有{0}位居民
NintendoShop_Switch	任天堂在线商店
Encounter_Random_Message85	一架坠毁的老式垂直起降机。战前军队的装备。
QuestLoc_TheEndoftheRainbow_Conversation_2_NPCEnd_1	嗯……当你大声说出来，这确实听起来有点疯狂。
QuestLoc_ThrowMeSomePepper_Conversation_1_Team_4	够了！我受够了你们这些……坏蛋！！
Objective_ScrapItem_Plural	拆解{0}件武器或装备
Speech_LivingQuarter_PickupLines_11	我每时每刻都在想你！
QuestLoc_VaultTecExperimentReviewF_Conversation_3_Team_2	给我们摔跤手的服装怎么样？
QuestLoc_CleaningHouse_Question2	好了，楼里清干净了！现在可以开业了。有大红绸带什么的吗，还是……
SnipSnipDialog_Cafeteria_02	感谢通用原子国际让我免受恶心和肥胖的威胁。
QuestLoc_LiveDeadDrop_QuestName	生死之间
KeyboardMapping_MoveCameraDown1	下
QuestLoc_CoveWatch_RaiderLine_1	你居然信了？这附近根本就没有水。
QuestLoc_TheRedRocketReveal_Conversation_1_NPCStart_3	是的，525号避难所就是避难所大都会！而且没错，它不在这里！那信息是我骗你们的！
SnipSnipDialog_Fitness_01	啊，有氧运动。真是个有趣的概念。
Weapon_Name_SingleShotgun	霰弹枪
QuestLoc_VaultTecExperimentReviewD_Conversation_2_Team_2	敢不敢说点其他词！
QuestLoc_MiseryLoathesCompany_QuestLongDescription	一个凶悍的掠夺者首领藏匿在红火箭服务站，他正在把你的废土探险者当做练习的靶子。请在有人受伤之前阻止他。
QuestLoc_ScienceCooperative_Conversation_2D_NPCStart_3	我很好奇，为什么人活着的时候尸体闻起来就没那么臭呢？
QuestLoc_PowertothePeople_Conversation_2_Team_3	拜托找个工作吧，你这个无业游民！
QuestLoc_GameShowGauntletJ_Conversation_2_Team_1	机器人。
Speech_Conversation_NPC2_Topic53_Response3	当然！总是乐于帮助有需要的朋友。
QuestLoc_S2_QL3_Q3_Insider_Question4_Answer1	仓库……在沙士装瓶工厂附近。求……<故障>……罪犯！站住！
SeasonPass_BonusRewards	请享受额外奖励
QuestLoc_GhoulInBlack_Conversation02_NPC02	谢谢你帮我挡着他们，给我机会把我自己挖出来。我都要憋死了。
QuestLoc_OperationSandman_Conversation_1_Team_1	那些教徒规章制度可真严。监督者可从没给我们做过任何维护培训。
QuestLoc_GameShowGauntletA_Conversation_1_NPCEnd_1	当然了！就算是你都能答对那个。
Weapon_Description_SawedOffShotgun_Enhanced	比标准型号枪口速度更快和扩散更紧。
QuestLoc_GameShowGauntletG_Conversation_4_NPCStart_2	什么群体崇拜“绿光”？
Inventory_Title_Consumable	消费品
QuestLoc_HoneymoonHorror_Conversation_2_Team_4	没问题，我会告诉你们定居点：你被辐射蝎抓走了。
QuestLoc_DearthOfClaws_Conversation01_PC03	你不怕它们会攻击你吗？
QuestLoc_JustDeserts_Conversation_5_NPCEnd_4	不错的选择！鼹鼠的皮是很好的皮革替代品！
Weapon_Description_Cryolator	废土上最酷的武器之一，所有人都想与你一起冷静下来。
QuestLoc_ACryforHelp_Conversation_1_NPCEnd_1	如果是那样的话，让我加入你们吧！
QuestLoc_TheDeBuggers_QuestLongDescription	我们接到了来自505号避难所的求助电话。他们一直在做一个特殊的项目，可以让居民们在他们的哔哔小子上玩游戏。想象一下！不幸的是，他们还被辐射蟑螂侵扰。我们必须帮助他们！
QuestLoc_GameShowGauntletK_Conversation_3_Team_2	一个巨轮。
QuestLoc_ItsnotEasyBeingGreen_Conversation_1_Team_1	不，谢谢，我们宁愿看到受苦的人。
QuestLoc_ScienceCooperative_Conversation_2D_NPCStart_2	只是开玩笑！他早就死了，有好一会的，味道不太……
Room_Geothermal_2	发电站
EntranceRoomUpgrade_Scavenger	拾荒者
Room_DecorationFactory_Build	建造一个装饰车间？
QuestLoc_S2_QL2_Q2_Field_Question1_Answer1	你们看起来像新兵，不是我们要的精英。我想应该可以把你们当诱饵。
SeasonPass_RankUpWithQuantum_Confirmation	花费{0}量子核子可乐升级？
Objective_StopIncidentWithoutPropagate_Plural	在{0}次{1}灾害扩散之前终止事件
QuestLoc_GameShowGauntletD_Conversation_1_Team_1	搭乘一列武装过的火车。
AlienDrone_GiveAway_Popup_Title	外星无人机宠物
QuestLoc_BeatReporting_Conversation_3_NPCEnd_4	这是个好问题，但没有人知道。其他“骑士”也是这样。这不可能是巧合……
QuestLoc_SignalFailure_Conversation_1_NPCStart_1	快看那个，一张旧的便条，感觉像是战前的。
GameSettingsPC_ExitGame	保存并离开
QuestLoc_ExpressCheckout_Conversation_1_Team_2	但我真的很想吃！
QuestLoc_ANiceGhoulLikeYou_Conversation_1_NPCEnd_1	错了。它们相当吵闹，而且它们通常不会治疗你。
Message_ThemeChange_LivingQuarters	您的主题宿舍已经最大化合并及升级了，您确定将它从{0}改成{1}吗？
QuestLoc_SpyonRaiders_Conversation_2D_NPCStart_2	老实讲，我有点受够了火药和烧焦的味道。
Speech_Quest_NotAlone_Dweller_41	加把劲！没有回头路可走了。
QuestLoc_S2_QL3_Q3_Insider_Question4	市民，求你帮忙。你听到了我们的求救信号。我们的战斗抑制器已被破坏，随时会失效！
Weapon_Description_PlasmaThrower_Agitated	让人激动的事，从严格分子层面来说。
QuestLoc_ADeliciousTrailofDanger_Conversation_1_NPCStart_3	最后一次看到它，它正在狼吞虎咽地吃着索尔斯伯利牛肉饼，肉汁溅得到处都是……
QuestLoc_PowertothePeople_Conversation_2_Team_2	你知道吗，作为一个掠夺者，你的措辞还挺典范的。
QuestLoc_DeathandDenial_Conversation_5_NPCEnd_3	对不起，我侄女记性不好。我肯定她记不起昨晚发生的事了。
QuestLoc_ALaborofLove_Conversation_2_NPCStart_3	它会对皮肤产生神奇的作用。
QuestLoc_DeathRevealed_Conversation_3_NPCStart_1	死亡的阴影，如第8条第c款所定义的，就在你身上！
QuestLoc_ItsnotEasyBeingGreen_Conversation_2_NPCStart_1	嘿，你是来救我们的吗？
Speech_Room_DeadDweller_Geothermal	干活干到倒下为止。可真有奉献精神！
Encounter_Journal_Message38	探险家日志。新条目：结婚并不少见。爱情是杀不死的。
QuestLoc_BeatReporting_Conversation_4_NPCStart_3	你要干什么？我正忙着解这个谜，所以动作快点。
Wasteland_Use_Stimpack	用了一支治疗针。啊啊啊。我好多了。
QuestLoc_OBrother_Conversation01_NPC03	我觉得我们不能一直把自己关起来。
QuestLoc_TheEndoftheRainbow_Conversation_2_NPCEnd_2	是的，可不是嘛。
QuestLoc_SpyonRaiders_Conversation_2E_Team_4	你知道吗？我们正准备杀了你。
QuestLoc_AllSalesFinal_RaiderLine_1	我觉得这儿没有食物剩下……
QuestLoc_ESterEggHunt_Conversation_2_Team_3	你们这些家伙打算引爆核弹吗？
Help_Page05_MainText	您让居民做的事情会让他们变得开心或者难过。

保持居民的幸福度是很重要的！一个幸福度高的避难所会更有效率，资源生产得更快。
您可以在居民的个人信息查看他们的幸福度。

幸福度图标状态：

绿色：您的居民很开心，做得好！

黄色：您的居民感觉还行，但还可以更好。

红色：您的居民很难过，赶紧让他们振作起来！
Outfit_Description_AbrahamSpecial	为了演唱那首著名的抗争之歌，国歌！
QuestLoc_ChooChoo_QuestName	呜—呜——！
QuestLoc_HorrorMovieNight_RaiderLine_1	笑话，你以为自己很吓人？给我拿下他！
QuestLoc_GameShowGauntletD_QuestLongDescription	你被邀请参与“掉脑袋”的游戏！请回答问题，不然就……
Weapon_Description_PulseRifle_Rusty	这件遗物依然能让你的敌人感受到电流！
Speech_Conversation_NPC2_Topic8_Response1	嗯……“掠夺者”？
MrHandyDialog_Wasteland_48	不。不！走开，狗狗！走开！我不是消防栓！我是巧手先生……啊！不！坏狗！
QuestLoc_WhenLifeThrowsYouaCurveball_QuestObjective_1	寻找罗基·杰宾森的棒球衫。
Theme_Name_Standard_Diner	标准餐厅
QuestLoc_GameShowGauntletH_Conversation_3_Team_1	港口旅店。
QuestLoc_PostApocolypticWorldProblems_QuestObjective_1	探索大无敌超市。
Message_Tutorial_41	{点击}{建造区域}来确认地点。
Title_Back	返回
QuestLoc_ScienceCooperative_Conversation_2C_Team_1	这就是你研究的东西？烧开水能有什么用？
QuestLoc_SlashandBurn_Conversation_1_NPCStart_1	你们来得太迟了。我曾是“麦克森硬汉小队”的学士……但辐射让我变了样子。
QuestLoc_DrivingtheSnakesOut_Conversation_1_NPCStart_3	毫不留情！
QuestLoc_VaultTecExperimentReviewC_Conversation_3_NPCEnd_4	我们的铸铁匠有些东西你们应该会感兴趣。来，拿着。
Speech_LivingQuarter_PickupLines_76	印象深刻吗？你马上就会了。
QuestLoc_SnakeWater_QuestName	蛇水
QuestLoc_UndercoverOperations_Conversation_2_NPCEnd_3	新鲜的肉。新鲜的肉。在唇齿间流转。谢谢。现在让我们的饥饿吞噬你！
Stats_Decorations_Sold	出售装饰品
QuestLoc_AThirstforAdventure_Conversation_1_NPCEnd_1	哦当然！很不错的女士。狂尸鬼把她拖到了某个废弃建筑里。
AndroidShareViaKey	分享
QuestLoc_SpyonRaiders_Conversation_2D_Team_4	你知道吗？我们正准备杀了你。
Pet_Description_blueyellowmacaw_b	避难所科技的基因工程，满足你的海盗幻想。
Speech_LivingQuarter_PickupLines_60	我想……丘比特刚刚把他的箭袋都射空了……
QuestLoc_S2_QL3_Q4_Warehouse_Question4_Choice3	其实，我们是来接手你们的生意的！
QuestLoc_GameShowGauntletE_Conversation_2_NPCStart_2	什么军事组织在净水计划正式启动前占领了它？
QuestLoc_VaultTecExperimentReviewA_Conversation_2_Team_1	三个词：永远。结束。死爪。
QuestLoc_IntoVault333_Conversation_1_NPCStart_2	你们可不能这么大摇大摆地在这里走来走去。
Weapon_Description_SurgicalRipper_Enhanced	干净且维护良好，适合血腥工作的可靠工具。
MrHandyDialog_Generic_19	对于地底下这么个巨大的金属坑来说，这个避难所非常舒适。
QuestLoc_OurCupsRunnethOverWITHFAILURE_Conversation_1_NPCStart_1	屁的魔法水！这个术士声称他发现了战前过滤技术……
QuestLoc_GameShowGauntletC_Conversation_3_NPCStart_1	现在进入“掉脑袋”的第三回合！
MainMenu_Xbox_SignIn	请登录。
Speech_Quest_Generic_Dweller_Conversation_28_Response_3	我在想，你真的应该专心在任务上。
QuestLoc_ItsnotEasyBeingGreen_Conversation_1_NPCStart_3	我们几天没有收到我们负责人的信了……
Speech_LivingQuarter_Dialogue_NPC2_20	什么玩意儿？
QuestLoc_AllWorkandNoPlay_Conversation_1_NPCStart_4	关键是这味道吸引了一只死爪！
QuestLoc_Sabotage_Conversation_1_NPCEnd_3	哦，当然，如果你要欺骗和使用武器的话……
QuestLoc_TheFinalHunt_QuestObjective_1	杀死大维斯。
Speech_Conversation_NPC1_Topic11	我最近一直在读关于废土生物的报道！听起来好吓人！
Weapon_Description_GaussRifle_Hardened	出了研发实验室而在实地演练，这会更致命。
QuestLoc_TheCaseoftheMissingMitt_Conversation_1_Team_1	不如我直接和他们说说？让他们把手套还给你？
QuestLoc_GobbleGobbler_Conversation_1_NPCStart_4	只要顺着那些美味的痕迹就行了！
Weapon_Description_PipeRifle_Calibrated	比它看起来的样子更致命。
Message_TutorialPopup_13_Body	合并的房间能容纳更多的居民，从而生产更多的资源。
Speech_Conversation_NPC2_Topic6_Response3	我想养只变色龙。但我打赌辐射会让它变得……奇怪。
Weapon_Description_Ripper	以令人满意的咆哮声切割肢体、木材等材料。
Objective_EquipRandomWeapon_Plural	给{0}个居民配备了一件{1}
QuestLoc_ThisGoldenRing_Conversation_1_Team_1	“奖品”不会是某种黄金首饰吗？
QuestLoc_TheCatBurglar_Conversation_1_NPCEnd_1	你会为了那个廉价的跨界笑话而死去！
QuestLoc_KHAAANNNNN_QuestName	可汗安安安安安！！！
QuestLoc_GameShowGauntletB_Conversation_3_Team_4	传奇辐射蟑螂？
QuestLoc_DivideandConquer_Conversation_1_NPCEnd_3	好吧，也许那有点太简单了……
QuestLoc_TheCaseoftheCapturedCanine_QuestName	被抓住的狗
QuestLoc_UninvitedGuests_QuestShortDescription	你在废土上发现一幢旧的小屋。
NukaQuantum_Shop_Description_Truck	包含了1000瓶量子核子可乐，可以加速避难所和废土上的事件进程。
Objective_CollectWeapons_Plural	收集{0}件武器
QuestLoc_CollectorsEdition_Conversation_2_NPCStart_4	你要怎么支付呢？
QuestLoc_Ghooooooooooooooooooul_Conversation_1_NPCEnd_2	呃，没必要这么粗鲁吧。我又没有逼你来这里。
Weapon_Description_032Pistol_Hardened	足以让你撑过一场战斗，也许还能赢。
QuestLoc_GameShowGauntletG_Conversation_3_NPCStart_1	现在进入“掉脑袋”的第三回合！
QuestLoc_SavingDaylight_Conversation_3_NPCEnd_3	厉害了！现在让我集中精力输入引爆代码……
QuestLoc_ByHookorbyCook_QuestObjective_1	干掉厨师。
Notification_Crafting_Outfit_End	装备工坊制成了一件装备！
QuestLoc_Overrun_QuestLongDescription	监督者帕特尔的日志上显示宝拉·普朗布金去了909号避难所。但那里貌似被侵占了，希望她还好。
Message_Tutorial_SeasonLeaderboard	在您的{实验避难所}中完成行动来赢取{分数}并领取{奖励}。向您的{好友}发起挑战，看看谁才是最出色的{监督者}！
QuestLoc_DeathclawDeeLite_2_QuestObjective1	与医生交谈。
Weapon_Name_PipePistol	管道手枪
Title_Happiness_Bonus	幸福度奖励
Encounter_Random_Message28	断枝。一定有东西经过这里。
QuestLoc_ItsnotEasyBeingGreen_Conversation_1_Team_2	这一切是什么时候开始的？
Speech_Room_LoveJob_Endurance	我是这个避难所里体质最好的人。永远都会是。
QuestLoc_FollowingHisFirstSteps_Conversation_1_Team_1	那个人的名字是叫普雷斯顿吗？
Room_LivingQuarter_Desc	增加您可以拥有的居民数量
还可以让居民繁育后代
RichPresence_Xbox_09	在{1}避难所里管理{0}位居民
QuestLoc_LittleMissWasteland_Conversation_6_NPCStart_1	那可真……够可以的。现在，是该给冠军加冕了！
QuestLoc_SignalFailure_Conversation_2_NPCStart_2	“修理的时间比我们预计的要长。我要把所有人都带到下面几层去，但愿我们在那儿能安全。”
Weapon_Name_MissileLauncher_Enhanced	增强型飞弹发射器
QuestLoc_S2_QL3_SecuritronsUncapped_1_Question4	那些机器人真没礼貌。你是来护送我出去的吗，亲爱的？
Encounter_Defeat_Creature1	野狗咬伤了我的腿！只能一瘸一拐地逃了！
QuestLoc_TheDeBuggers_Conversation_1_NPCStart_3	因此，我的目标列表总是莫名其妙重置！
QuestLoc_ClearingAPath_QuestShortDescription	在机械配件厂提供火力支援。
Encounter_Victory_Location3	我找到了一个隐藏的物资盒！
QuestLoc_MatterstoSettle_Conversation_1_NPCStart_3	你们是谁？是来帮忙的吗？
QuestLoc_GameShowGauntletG_Conversation_4_NPCEnd_2	哦，很不幸这是正确答案。真讨厌你居然知道答案。
Message_Tutorial_26	{储藏}室能扩大您的{避难所库存}。
QuestLoc_ScienceCooperative_Conversation_1D_NPCStart_3	目前的流程好像就只有说一声：“没错，他死了。”
QuestLoc_ThrowMeSomePepper_Conversation_1_Team_1	我们来是为了杀死掠夺者然后吃饱饱牌肉罐头的。我们的饱饱牌肉罐头都吃完了！
Help_Page26_BottomText	提示：居民的攻击频率取决于他们的敏捷性（A）。
QuestLoc_SecretWeaponTest_Conversation_1_NPCStart_2	告诉你。你把它给我们，我们会让你活下去。
QuestLoc_TheDeBuggers_Conversation_2_Team_3	那么，你的作用是什么？
QuestLoc_S2_QL2_Q4_Roswell_CombatInit3	<无法理解的语言>
Title_QuantityShort	数量
Button_ReloadNow	现在加载
QuestLoc_HopontheRoachCoach_QuestShortDescription	在大无敌超市寻找战利品。
QuestLoc_S2_QL3_Q3_Insider_Question2_Choice2	介意我们看看你的电路吗？
Vault_Caps_Count	瓶盖
QuestLoc_OutfitRun_QuestShortDescription	尽量搜刮你能找到的装备。
Room_Cafeteria_Desc	将居民分配在这里生产食物
QuestLoc_APaleImitation_RaiderLine_4	这是我们的避难所！这里不欢迎你！
QuestLoc_ANiceGhoulLikeYou_QuestLongDescription	一个你们的居民遇见了个几乎未动过的红火箭。也许里面有些值钱的东西！
QuestLoc_OneGhoulCustomer_QuestLongDescription	茜拉佩罗维塔被尸鬼们困在了当地的大无敌超市。在她变成它们下一顿饭之前赶紧救她出来。
Speech_Kid25	废土上有小孩吗？
QuestLoc_SynthsforSale_RaiderLine_1	你们不是从学院来到是吧？那只能送你们上西天了！
QuestLoc_TheCaseoftheMissingMitt_QuestObjective_1	同克拉伦斯交谈。
QuestLoc_OneGhoulCustomer_QuestName	一位尸鬼顾客
QuestLoc_TheCaseoftheLostLunch_Conversation_2_NPCStart_1	听着，如果你们来是为了让我们放了那个掠夺者，那你们还是省省吧。转身出门不送。
Weapon_Name_MissileLauncher_Guided	引导型飞弹发射器
QuestLoc_TheCatBurglar_RaiderLine_4	我不介意现在打瞌睡。
Room_WeaponFactory_2	武器车间
QuestLoc_MondayNightBrawl_Conversation_1_NPCStart_1	你们到底来干嘛的？
Speech_Quest_Generic_Dweller_Conversation_4_Response_2	精疲力尽而且吓得不轻，但其他的还好。
QuestLoc_ThisGoldenRing_RaiderLine_3	爱能征服一切！
Achievement_Xbox_Description_06	完成100个任务
QuestLoc_LastInningOrnot_Conversation_2_Team_4	真是疯了！蔻驰会死的！让我去吧，我能帮他！
QuestLoc_SynthinaPinch_RaiderLine_2	哦不。合成人是我的！学院一定会送我一个大奖！
Outfit_Description_LabCoat_Expert	现在你可以开始解开生命的秘密！
QuestLoc_HotTubSlimeMachine_Conversation_1_NPCStart_1	什么鬼……？继续寻找水池？
QuestLoc_TheSpiritofTaking_RaiderLine_2	在找我们偷走的那些战利品吗？要不要来点热子弹啊？
QuestLoc_HostageNegotiations_QuestObjective_2	解救人质。
QuestLoc_ParleyTime_Conversation_2_NPCStart_1	嗨，你好。我本该和你打一场，不过你正好撞见我落了单。
MrHandyDialog_Wasteland_69	天哪！一匹“骑乘小马”，真是优雅的坐骑。
QuestLoc_AllsFairinLoveandNuclearWar_Conversation_2_NPCStart_2	现在只有一个单身人士剩下了，而我早就已经预订了。
QuestLoc_BottlecapBlues_Conversation_1_NPCStart_1	谢谢！我以为那些老鼠要吃了我。
QuestLoc_TheRiteofSpraying_Conversation_1_NPCStart_3	然后他们开始到处喷人。
QuestLoc_DrivingtheSnakesOut_Conversation_3_NPCEnd_1	美丽的姑娘曾经伤了我的心，可我不知道该怎么办。
QuestLoc_Filly_02_Answer02_NPC02	哦！谢谢你，你真是个好人。去吧，干掉他们！
Pet_Description_englishmastiff_b	不要被它的大个头给欺骗了——它内心是个小可爱。
QuestLoc_The20thInning_Conversation_1_NPCStart_1	又过了一天，又是一个空房间。
QuestLoc_InAnotherVault_Conversation_1_NPCStart_1	喂，你好！我是监督者艾玛。
QuestLoc_AlienBotQuest04_Conversation_2_PC3_1	他们在撤离时把这里打扫得干干净净，留下的全是没用的东西。
Tutorial_Tip_43	广播室能吸引新的居民，并提高避难所整体幸福度。
QuestLoc_EvictionNotice_Question3_Choice1	我们想把这里变回旅馆，你愿意吗？
Encounter_Victory_Repeatable_JunkLocation3	我咬紧牙关，赶在湖里的辐射把我放倒之前把它拿到了手。
QuestLoc_SpelunKingTrainingG_Conversation_2_NPCStart_2	监督者已经确定要送我们去参加洞穴探险大赛。
Encounter_Random_Message43	一个岔路口。我选左边。
QuestLoc_TheMysteryofVault666_QuestLongDescription	一个居民探险的时候发现了一张去往666号避难所的地图，这个避难所并不在避难所科技的正式登记备案中。它有怎样的秘密呢？
QuestLoc_SpelunKingTrainingE_Conversation_1_NPCStart_2	看看这些胸肌，肱三头肌和臀肌！是不是很耀眼？你们肯定赢不了。
Speech_Conversation_NPC1_Topic2	你觉得哪种变种动物最可怕？
Weapon_Name_JonesMagnum	琼斯.44狙击枪
QuestLoc_MatterstoSettle_QuestShortDescription	拯救陷入“害虫”和“饥饿者”争端的居民点。
QuestLoc_ASpecialBrand_Conversation_2_NPCEnd_1	哦对，他还活着，和凯拉结婚了，她的队员在东边的一个山洞里。
QuestLoc_GameShowGauntletH_Conversation_1_Team_1	绿光之海。
Encounter_Defeat_Creature4	辐射蟑螂太快了。真是受够了！
QuestLoc_ADeliciousTrailofDanger_Conversation_2_Team_1	你有没有什么武器能帮助我们的？
QuestLoc_GameShowGauntletE_Conversation_3_NPCEnd_3	就是汤姆！你现在已经连胜两局了！
QuestLoc_SpelunKingTrainingD_Conversation_1_NPCStart_1	在洞穴探险大赛的战场上需要有超越对手的机智和魅力。
Outfit_Name_ArgyleSweater	会计服
Weapon_Description_Railgun_Hardened	改装过，能穿透穿着动力装甲的四肢。
Claim_Exclamation	领取！
QuestLoc_ManonFirst_QuestShortDescription	寻找棒球传奇罗基·杰宾森的棒球衫！
QuestLoc_SpyonRaiders_Conversation_3A_NPCEnd_2	很好。拿上这个然后出发吧！
QuestLoc_ItsnotEasyBeingGreen_Conversation_2_NPCEnd_3	它清爽得让喉咙阵阵发痒，顺着嗓子一路下去……
QuestLoc_VaultTecExperimentReviewD_Conversation_3_NPCEnd_3	加里！
Encounter_Random_Message96	监督者选我来干这趟差事，真是选对人了。
Speech_Quest_Generic_Dweller_Conversation_5	你知道什么不错的笑话吗？
QuestLoc_HumansLikeUs_Conversation_5_NPCStart_2	我希望你在这里一切正常，一点也不觉得不安呵呵。
Stats_Rare_Decorations	稀有级装饰品
QuestLoc_BugHunt_QuestName	抓虫达人
QuestLoc_ItsnotEasyBeingGreen_Conversation_1_Team_3	这些点心看起来很……绿色。
Speech_Generic_Dweller9	我人生只有一个目标——让这个避难所变得更完美！
QuestLoc_DeathclawDeeLite_2_Question1_Answer2	就是！请尽力而为！我们的医生在楼上某处！
QuestLoc_TimeforaGrandSlam_QuestLongDescription	我们的下一站是克莱斯勒69号火箭工厂。最好还是和其他地方一样去看看吧。
QuestLoc_HotTubSlimeMachine_QuestObjective_2	杀死发光种。
QuestLoc_ARefreshingRescue_Conversation_2_NPCStart_2	为了报答你救了我们，我们会偶尔拜访你的避难所，给你的居民们带一些核子可乐。
QuestLoc_TheGreatAmericanPastime_QuestObjective_1	寻找罗基·杰宾森的棒球衫。
LunchBox_ContentLine1	物品可能是居民、瓶盖、资源、武器、装备、宠物、治疗针、消辐宁、垃圾、巧手先生或量子核子可乐。
QuestLoc_OperationSandman_Conversation_4_NPCStart_2	你的谎言不能使我们偏离我们的道路。
QuestLoc_DeathandDenial_Conversation_3_Team_3	我曾经养过一只叫普莉希拉的猫。
Objective_Stimpack	收集1个治疗针
Speech_Conversation_NPC2_Topic55_Response1	字谜成瘾？
QuestLoc_ByHookorbyCook_QuestShortDescription	干掉叛变的厨师。
QuestLoc_GroomforDoubt_Conversation_3_NPCEnd_4	你们认为我应该留胡子吗？
QuestLoc_OverwhelmingForce_Conversation_1_NPCStart_2	你以为就这些破铁皮就能阻止我掠夺废土吗？！
QuestLoc_S2_QL3_Q4_Warehouse_Question5_Answer2	这会有延迟反应吗？保安机器人离开仓库的时候还好好的……我们没有恶意。
QuestLoc_MondayNightBrawl_Conversation_3_NPCEnd_2	避难所居民们，准备好被狠狠伤害吧！
Objective_CollectFromContainerOnQuests_Plural	在任务中打开了{0}个储物箱
QuestLoc_SpyonRaiders_Conversation_1E_NPCEnd_2	那是我们想听的。请继续。
QuestLoc_SynthinaPinch_Conversation_1_NPCStart_3	他们去了旧克莱斯勒大厦。你们能保证他们的安全吗？
Pet_Carrier_PopUp_Btn1	领取
QuestLoc_TheScorpionKing_Conversation_1_NPCStart_2	结果你们一来，就坏我的好事！
Weapon_Description_GaussPistol	用一只手能掌握的最大电磁加速力。
QuestLoc_CrossingPaths_Conversation_1_Team_2	才不要呢，我宁愿待在自己的避难所里。
Message_Tutorial_64	您还能够使用{量子核子可乐}来跳过避难所里的每日{目标}，加速{打造}、{训练}和美发店{个性化}的进程。
QuestLoc_SpringForwardFallBack_Conversation_2_NPCEnd_2	如果不是我们，谁来拯救天光？虽然我想我们可以做到这一点，且不打扰居民们……
Weapon_Name_Flamer_Pressurized	增压型火焰喷射器
Speech_Generic_Dweller27	我吃腻饱饱牌肉罐头了。我们真该搞个塔可之夜。
MrHandyDialog_WaterPurification_01	说真的，反正要喝水，不如喝点能“消化”的水。
QuestLoc_BountyButcher_Conversation_1_NPCStart_4	很高兴认识你。
Weapon_Description_LaserRifle_WazerWifle	比依说你很会使武器。他说得没错。
Outfit_Name_BattleArmor_Sturdy	坚固战斗装甲
QuestLoc_DeathclawDeeLite_2_Question1_Choice2	那帮掠夺者！在科学殿堂？！
QuestLoc_VaultTecExperimentReviewB_Conversation_3_Team_3	忘了秘密吧。我们只交换瓶盖。
Encounter_Victory_Location11	我成功进入国民警卫队仓库，探索了一番。
Message_RemoveDeadDweller	您真的想移除死去的居民吗？
Outfit_Description_HunterGear_Mutant	适合追踪并放倒变种人。
Objective_LevelUp	让1名居民升级
QuestLoc_ThrowMeSomePepper_Conversation_1_NPCStart_1	什么？避难所居民？呃。我讨厌避难所居民！
Speech_Quest_Generic_Dweller_Conversation_16_Response_3	简单！你会去天上那座大避难所！
QuestLoc_PierIntoFuture_Answer02_PC01	当然。人多力量大，但你要负责背战利品。
Message_Tutorial_03	我们将建立一个{发电室}来产生{电力}。{点击}{发电室}。
QuestLoc_SecondStringers_Conversation_1_NPCEnd_2	他就是那个大坏蛋老板，奖励给最歹毒的掠夺者“超级杯”！比如说我！
QuestLoc_UndercoverOperations_Conversation_2_NPCStart_3	和所有肉的新鲜……我的意思是新鲜的肉……将被吃掉！
Speech_LivingQuarter_PickupLines_2	我很高兴我们有时间独处。
Weapon_Description_JunkJet_Flaming	有什么比一个致命的泰迪熊更可怕？一只熊熊燃烧的泰迪熊！
QuestLoc_AlienBot_Quest04_Conversation_3_Team_3	你说避难所科技公司？但是呃，我们是罗伯科公司的人……对！罗伯科公司！这是我的身份证明！
Speech_Generic_Dweller29	冷死了……哪儿来的穿堂风？
Speech_LivingQuarter_Dialogue_NPC2_15	还有啤酒。别忘了啤酒。
QuestLoc_SynthsforSale_QuestName	售卖的合成人
QuestLoc_ARefreshingRescue_QuestName	令人振奋的救援行动
QuestLoc_Snipping_Conversation01_NPC01	哦！你好！真巧啊。
QuestLoc_FriendlySettlement_Conversation_2C_NPCEnd_4	那就给你们吧。
QuestLoc_AlienBotQuest06_Conversation_2_PC2_1	*吸气* 它会说话！
Outfit_Name_ScribeRobe_Initiate	入门者长袍
QuestLoc_AgainstTheOdds_Conversation_1_NPCStart_3	也许是“华丽55”吧……不管怎么样，你已经死了。
QuestLoc_TheMysteriousDisappearingSpuds_Conversation_1_NPCStart_2	真是奇怪的灾难。
Room_NukaColaPlant	核子可乐装瓶室
QuestLoc_CabinFever_QuestObjective_1	调查来自小屋里的噪音。
QuestLoc_TheDeBuggers_QuestName	除虫师们
Title_Level_Short	等级
PrivacyFull_ButtonText	完整隐私政策
Weapon_Name_Pistol_ArmorPiercing	穿甲型10mm手枪
Encounter_Defeat_Creature15	泥沼蟹差点用爪子把我的脑袋拧下来！我这就跑！
VictorDialog_Wasteland_45	看来我正往东走。那就接着往前晃呗！
MrHandy_ContentLine1	自动收集避难所的资源和废土的瓶盖。
Encounter_Random_Message23	不知道那里有什么。
MrHandyDialog_Wasteland_35	别管我，让我先把这堆烧焦的衣服叠好……
SnipSnipDialog_Generic_48	我想知道有多少人类死在这个地方。只是好奇。真的。
QuestLoc_APoorlyThoughtOutPlan_QuestLongDescription	掠夺者们抓住了一只死爪，试图驯服它，但并不成功。他们都得死。
QUEST_1_FOLLOWUP_1	还是一路走到顶吧。
QuestLoc_RadroachRoundup_QuestLongDescription	一个求救电话从附近的一个研究辐射蟑螂的科学实验室传来。小偷偷走了他们的防辐射服并释放了所有的辐射蟑螂来辅助他们逃跑。现在科学家们束手无策，正在求救！
Encounet_Progression_Creature17	巨型工蚁朝我这边来了，嘴张开准备要吃了我！
Weapon_Name_AssaultronHead_Hardened	加固的突袭者头部
QuestLoc_SynthsforSale_Conversation_1_NPCStart_1	非常感谢。我们是不可能回头的！
Weapon_Description_Magnum_Blackhawk	将一只变种人巨兽的脑袋射到半个废土那么远。
Theme_Name_Standard_LivingQuarters	标准宿舍
QuestLoc_PetPeeve_Conversation_1_Team_3	如果你不告诉我瓶瓶和盖盖去哪里了，你将和你的“宠物”一个下场。
Speech_LivingQuarter_PickupLines_6	见到你真是太好了。
QuestLoc_S2_QL2_Q3_Req_Question1_Choice1	我们来交申领表，然后领取装备。
Social_Button_Ignore	清除
QuestLoc_MondayNightBrawl_QuestObjective_3	打败“入殓师”。
QuestLoc_TheAbyss_Conversation_1_NPCStart_1	哦，你好，我没看见你在那儿。
VictorDialog_Wasteland_11	发现敌人！留好遗言吧，亡命之徒！
Objective_CompleteQuestline	完成任务线：{2}
QuestLoc_CabinFever_Conversation_1_NPCStart_2	好事情，我们实验隐形场起作用了。
Help_Page27_MainText_Xbox	驱逐居民时，将他们指派到废土上，然后选择红色大门的按钮，而不是派他们去探险。

给居民配备的所有物品将会返还给避难所库存。
Outfit_Description_PowerArmor_T45f	保存得很好。骑士们很喜欢这种。
MrHandyDialog_Wasteland_24	你好！是的，就是你，先生！我想知道……哦，你是具尸体。好吧，没事了。
QuestLoc_TheShadowWolf_QuestLongDescription	一个坏蛋一直在训练鼹鼠在人们眼皮底下窃取红果。去见见那个追踪者，他可能已经找到了事情发生的根源。
QuestLoc_NoRestfortheWicked_Conversation_1_NPCStart_2	监督者扎勒斯基在那边。
Room_Casino	棋牌室
QuestLoc_VaultTecExperimentReviewD_Conversation_1_NPCStart_1	加里？加里！
Help_Page08_Title	建造您的避难所和电梯
Encounter_Progression_JustStartedTier2_9	这条路看上去还不错。
Pet_Description_bloodhound_l3	它是各地鼹鼠和辐射鹿的灾星。
QuestLoc_GameShowGauntletJ_Conversation_1_Team_3	罗得岛州。
SnipSnipDialog_PowerGenerator_01	啊，我最喜欢的房间。
Speech_Eviction_4	所以你真的要这么做了。赶我走。不仗义……
QuestLoc_FonsVivus_Conversation_1_NPCStart_4	他真的是水之术士！
Speech_Conversation_NPC2_Topic43_Response1	哦，还……行吧。不好也不坏。你懂的，就是有点……一般般。
VictorDialog_Generic_14	唉，没错，晚饭又是饱饱牌肉罐头。不过这次是烤的！
QuestLoc_AlienBot_01_QuestShortDescription_02	在政府大楼内寻找派对用品。
QuestLoc_SpyonRaiders_Conversation_2A_NPCStart_1	喂，新来的，我跟你们说，如果有机会就赶紧逃。
Speech_Quest_Generic_Dweller_30	真不敢相信，干这个居然连钱都不给。
Encounter_Random_Message4	腿抽筋了。但是还得继续。
QuestLoc_ALaborofLove_Conversation_2_Team_2	在往北几公里的地方有一个废弃的避难所，你知道吗？
QuestLoc_MiseryLoathesCompany_QuestShortDescription	挑战藏匿在红火箭服务站的掠夺者首领。
Controls_Xbox_Vault_MoveCursor	移动光标
Encounter_Random_Message116	远处有烟，可能是篝火，也可能是别的东西……
QuestLoc_DeathandDenial_Conversation_4_NPCStart_3	这位女士非常尊敬皮博迪先生，她认识他很多年了。
SeasonPass_EnterExperiment_Btn	进入实验避难所
RoomType_Training	训练
KeyboardMapping_OpenWindowBuildMenu	建造/升级
QuestLoc_TheCaseoftheLostLunch_Conversation_2_Team_3	你们怎么知道是他干的？
Speech_Conversation_NPC2_Topic24_Response3	每晚的晚餐都是老一套——一罐猪肉豆子，加一瓶冰镇核子可乐。
Speech_Conversation_NPC1_Topic31	最近咋样啊，培根？
QuestLoc_TakingOuttheTrash_Conversation_1_NPCEnd_1	罗伯科公司的办公楼里还有一队人需要你的支援！
QuestLoc_GasNGo_Conversation_1_Team_1	我来这里只是为了找点物资。
QuestLoc_HostageNegotiations_QuestName	拯救人质谈判
Message_TutorialPopup_17_Hint	提示：一些宠物可以成为居民探索废土时的绝佳伙伴。
Wasteland_Found_Nuka	找到{0}。
Junk_Desc_Camera	调查隐藏的真相或者拍摄避难所全家福。
QuestLoc_GameShowGauntletC_Conversation_2_NPCEnd_2	哦！不太妙。你要……“掉脑袋”！
QuestLoc_ChristmasattheRaiderCamp_Conversation_3_NPCEnd_2	哈！来，给你。
QuestLoc_GroomforDoubt_Conversation_1_NPCEnd_1	这可不太是我想要的回应。
QuestLoc_BacktotheOutfield_QuestShortDescription	在 428 号避难所寻找蔻驰。
Outfit_Name_RaiderArmor_Heavy	重型掠夺者装甲
QuestLoc_VaultTecSavesChristmas_QuestlineName	避难所科技拯救了圣诞节！
Weapon_Description_PlasmaRifle_MeanGreenMonster	可能是有史以来人类制造的最残酷的高科技武器。
QuestLoc_RaidingParty_Conversation_1_NPCEnd_2	如果他这么做，我就没有机会了。谢谢你，新来的！
QuestLoc_AlienBot_01_QuestLongDescription_05	我们一直在分析从外星飞船实验室带回来的数据。结果发现，旧政府把大部分样本都交给了罗伯科公司。我们从你带回来的飞船坠毁现场垃圾里找到了一张磁带，上面提到下个阶段的先进人工智能开发。幸运的是，我们避难所附近就有一个罗伯科公司的工厂。快派些居民去那里，看看能不能找到那份研究数据，这对我们的避难所将大有帮助！
QuestLoc_BountySnips_QuestObjective_1	消灭“剪刀手”
QuestLoc_HaveGunWillTravel_QuestShortDescription	揭开“麦克森硬汉小队”的命运。
QuestLoc_EvictionNotice_Question1_Choice3	请让我和你们的老大说话！
QuestLoc_FoodFight_Conversation_1D_NPCStart_1	我的饱饱牌肉罐头！我的！你听到了吗？！你不可以拿走它！
QuestLoc_RaiderTroublesatCorvega_QuestLongDescription	这条路会带你到“道路丘疹”和他的掠夺者团伙的据点！去看看他们是不是知道点什么。
QuestLoc_RobotHood_QuestName	机器人罗宾汉
QuestLoc_GameShowGauntletA_Conversation_4_NPCEnd_3	真不错！你说的对！你赢了！
QuestLoc_RaiderTroublesatCorvega_QuestShortDescription	在可伟佳装配厂寻找普雷斯顿。
QuestLoc_TheresnoCryinginBaseball_QuestLongDescription	有一家旧的“五金小镇”商店我们还没去看过。
QuestLoc_GameShowGauntletI_Conversation_4_Team_2	万圣节。
Outfit_Name_Vest	战后花花公子装
QuestLoc_VaultTecExperimentReviewC_Conversation_2_Team_1	以上帝之名，我们发誓。
Speech_Quest_Generic_Dweller_Conversation_15_Response_1	我听到你的声音了。真希望我没听到。
QuestLoc_HumansLikeUs_Conversation_5_NPCStart_4	请确认你不觉得自己正被高等存在审视。
Notification_DwellerWasteland_04	您的一位居民在废土上探索有一段时间了，您真应该看看他们怎么样了。
QuestLoc_GameShowGauntletGlobal_QuestName	游戏秀场的考验
QuestLoc_MondayNightBrawl_Conversation_2_Team_2	没错，我就是马戏团的魔术师。我的第一个节目就是让你的牙齿消失。
Objective_CollectFromContainerOnQuests	在任务中打开了{0}个储物箱
Speech_Conversation_NPC2_Topic11_Response1	可不是嘛！苍蝇和狗一般大！蝎子和牛一般大！真高兴我不在那儿。
Objective_CollectWeaponsOnQuests	在任务中收集1件武器
QuestLoc_JustDeserts_Conversation_2_NPCStart_2	“即使是在末日骑士之前，废土也是一个狂野，危险的地方。
QuestLoc_WaroftheNerds_Conversation_2_Team_1	我相信这是第二卷第七期，“模糊的意图”。
QuestLoc_GameShowGauntletF_Conversation_3_Team_3	华盛顿纪念碑。
QuestLoc_BeatReporting_Conversation_3_Team_3	“战争”需要什么？
Weapon_Name_SniperRifle_VictoryRifle	“胜利”狙击步枪
QuestLoc_WithFriendsLikeThese_QuestName	另类的朋友
QuestLoc_ScienceCooperative_Conversation_2C_NPCStart_3	但烧水之后水就没了！这是为什么，物质不会被摧毁的啊。
Message_XboxPleaseConnect	必须要联网才能玩，请连接至Xbox LIVE。
Message_VaultMaxPets	您已经给{0}位居民分配了宠物，达到了避难所科技允许的最大值。
QuestLoc_DibsattheRedRocket_Conversation_1_NPCEnd_3	这个，我想你可以拿着。我们真的不需要它。
Junk_Name_Camera	相机
QuestLoc_SetEmUpPestilence_Conversation_1_NPCEnd_1	不要紧。我并没有客厅。
Title_Dwellers	居民
Controls_Switch_Vault_Resources_Switch	资源（按）
Speech_Quest_NotAlone_Dweller_23	谁最强？我们！
Speech_Quest_Generic_Dweller_32	这地方简直就是细菌的天堂。
Pet_Description_laperm_l3	拥有一件华丽的外套，和想和其他人一决高下的态度。
Encounter_Random_Message133	探险家日志。新条目：有些战前食物还能吃。全靠防腐剂。
QuestLoc_ALaborofLove_Conversation_1_NPCEnd_1	请随意，居民们！
Weapon_Description_GaussPistol_Focused	这把过度充能手枪威力强大，但并不一定可靠。
QuestLoc_EvictionNotice_CombatInit1	嘿！我们正在打盹呢！
NewGameSaveConfirmMessage	您确定要创建一个新存档吗？
QuestLoc_HoneymoonHorror_QuestShortDescription	从辐射蝎手中拯救新婚夫妇。
Help_Page20_BottomText_Xbox	提示：尝试将居民多拖拽至几个不同的房间，看他/她最适合在哪里工作。
Objective_WinBattleOnQuests	在任务中赢得了{0}场战斗
QuestLoc_SpelunKingTrainingE_Conversation_1_NPCStart_3	洞穴探险大赛的胜利已经是我们的了。因为肌肉。
QuestLoc_GhoulSupplies_QuestLongDesc	我们有了新旅馆的地方，但现在需要东西往里放。显然附近有个尸鬼商人能帮我们。
QuestLoc_GameShowGauntletA_Conversation_3_NPCEnd_2	哦！答案已经很接近了。好像，也不全对。是时候……“掉脑袋”了！
QuestLoc_TheDeBuggers_QuestShortDescription	帮助505号避难所解决它们的虫患问题。
Speech_Conversation_NPC2_Topic32_Response3	我无所谓。我会盲目跟随任何有头衔和权威的人。
QuestLoc_GoingToTown_1_Question1	什么？哦，嗯，欢迎来到玛·琼的小店。我们有莫哈维最好的衣服。
QuestLoc_WaroftheNerds_Conversation_3_NPCStart_1	你好，我是协和会的卡里参议员。
Speech_Generic_Dweller49	我今天超开心！我爱避难所！也爱我的抗抑郁药！
QuestLoc_TheRiteofSpraying_Conversation_2_NPCEnd_3	是的，穿过那扇门……但可能为时已晚。
QuestLoc_ReleasetheRaiders_Conversation_3_NPCStart_1	那些“害虫”偷走了我的动力装甲！
QuestLoc_TheThinlyVeiledPlotThickens_QuestObjective_1	同120号避难所监督者交谈。
QuestLoc_InShiningArmor_Conversation_1_NPCStart_2	我听说你们要把避难所变成钢铁兄弟会的前哨。
QuestLoc_CrossingPaths_QuestObjective_1	为星骑士克罗丝提供火力支援。
QuestLoc_AllsFairinLoveandNuclearWar_Conversation_1_NPCEnd_3	我想还剩一个，藏在某个避难所房间里。
QuestLoc_ANiceGhoulLikeYou_Conversation_1_Team_1	钢铁兄弟会？
QuestLoc_TheFinalPush_Conversation_1_NPCEnd_1	战士你们也一样。拿着吧，你们比我更适合带上这个。
QuestLoc_HumansLikeUs_Conversation_5_NPCStart_1	啊，就是我们听说过的其他人类。我就是那个被称为“监督者”的。
Encounet_Progression_Creature23	一只火兵蚁？好像不是真能喷火的样子。准备攻击！
Speech_LivingQuarter_Dialogue_NPC1_16	我的脚好痛。我应该坐下来。
QuestLoc_GroomforDoubt_Conversation_3_Team_2	你被绑架了！
QuestLoc_VaultTecExperimentReviewF_Conversation_2_NPCStart_2	你们想留下来的话，会需要一些帅气的艺名！
Speech_Happiness_Parent3	我不是说我们家孩子是全避难所最棒的，但是……他还真是。
Speech_LivingQuarter_Dialogue_NPC2_2	也许吧。但别用黄色。我讨厌黄色。
Speech_Generic_Dweller60	不知道有没有人愿意和我一起去居住区……跳跳舞？
QuestLoc_PerfectSpecimens_Conversation_1_NPC1	我们知道我们可能看起来有威胁，
QuestLoc_SantasHelpers_Conversation_3_NPCStart_2	圣诞老人一定为你们传播圣诞气氛而感到自豪！
SnipSnipDialog_Generic_41	我刚收拾完一个房间，他们就又建了个新的！真是疯了！
QuestLoc_GoingToTown_2_Question1	嗨，欢迎来到奴隶公司，二手服装特卖！您是来捐赠的，还是来选购的？
QuestLoc_S2_QL2_Q1_Doc_Question4_Choice2	哦！哈哈，眼球机器人！我懂了！真有你的！
QuestLoc_NoTimeforPaws_QuestLongDescription	我救下了救援队。但比格斯比没有和他们在一起。有人说他们可能去了314号避难所。
Message_ThemeChange_Diner	您的主题餐厅已经最大化合并及升级了，您确定将它从{0}改成{1}吗？
Stats_Gifts_Sent	送礼物
QuestLoc_GameShowGauntletC_Conversation_2_NPCStart_1	我们现在进入第二回合。
QuestLoc_MatterstoSettle_Conversation_2_Team_1	避难所总是需要额外的人手。你会适应得很好的。
Speech_Quest_Generic_Dweller_Conversation_20_Response_2	你需要一张新床。你有考虑过记忆床垫吗？
Speech_Quest_Generic_Dweller_Conversation_10_Response_3	是么？我还挺喜欢的。
QuestLoc_TheBansheesKeen_Conversation_2_NPCEnd_1	那么你就是他们中的一员，你必须被杀死！
Speech_Generic_Dweller12	谁想待会儿做一个填字游戏？
QuestLoc_LetsKnockitOuttathePark_Conversation_1_NPCStart_4	拿着，用这个杀掉蔻驰。并且告诉他亨丽埃塔向他问好！
Weapon_Name_PlasmaPistol_MPLXNovasurge	MPLX 新星涌动
QuestLoc_Broadsides_Conversation_1_NPCStart_2	他们希望能引起号角报的注意
Speech_Conversation_NPC2_Topic29_Response3	我偏爱夏威夷、蒙古、那不勒斯三种风味的混搭。但不要凤尾鱼。
QuestLoc_RunThreeDogRun_RaiderLine_3	愿“死亡”在床的右边醒来！
QuestLoc_DogsofWar_QuestObjective_2	听三狗的广播。
QuestLoc_TheYolksonYou_Conversation_2_NPCStart_2	一定是因为味道……
Room_NukaColaPlant_Build	建造一个核子可乐装瓶室？
QuestLoc_GameShowGauntletE_Conversation_3_NPCEnd_2	小蒂米？并不是。准备好……“掉脑袋”吧！
MrHandyDialog_NukaCola_02	说真的，往身体里灌满加工糖水，你还有什么理由不这么干呢？
Speech_LivingQuarter_PickupLines_70	你就像一个坏掉的温控器，我就是没法把你“调低”——也没法拒绝你。
Encounter_Message_Creature9	一只巨型工蚁。
QuestLoc_GameShowGauntletA_Conversation_1_NPCStart_4	请问，谁是戴维共和国的疯狂领袖？
QuestLoc_GameShowGauntletC_Conversation_3_NPCEnd_1	除非他们像卖肉一样卖农民。是时候……“掉脑袋”了！
Objective_CraftCommonUltraciteWeapon_Plural	打造{0}件普通辐射极琉矿武器
Notification_DwellerWasteland_01	您的一位居民在废土上探索了一会了，也许您应该看看他们怎么样了。
QuestLoc_ARefreshingRescue_Conversation_2_NPCStart_3	哦，我等不及了！再见！
Weapon_Name_FatMan_Enhanced	增强型胖子核弹
QuestLoc_S2_QL2_Q1_Doc_Question1_Line1_Answer1	啊，那你们走运了：购物者可以插队。
QuestLoc_GoingToTown_2_Question3_2	听着，是他们逼我的！放过我，我以后会老实的！
QuestLoc_DivideandConquer_QuestObjective_3	击败掠夺者。
Speech_Quest_Loot_Dweller_29	既然这东西都躺在这了……
Stats_PetBreeds_Doberman	杜宾犬
QuestLoc_NoTimeforPaws_QuestShortDescription	前往314号避难所寻找莎莉和比格斯比。
QuestLoc_TheRedRocketReveal_Conversation_1_NPCStart_2	是我 - 宝拉·普朗布金！废土给了我很好的锻炼！我已经不是原来的我了！
Encounter_Message_Creature4	一只令人讨厌的辐射蟑螂。
Speech_LivingQuarter_Dialogue_NPC2_1	哦，好主意。也许猫。也许船只。或者猫在船上。
QuestLoc_CleaningHouse_Question2_Choice2	耶！派对时间！
QuestLoc_TheEndoftheRainbow_Conversation_1_NPCEnd_2	有道理。到目前为止我们发现的都是垃圾。
QuestLoc_TheMysteryofVault666_Conversation_1_NPCStart_3	埃尔迪亚波罗！
QuestLoc_ItsnotEasyBeingGreen_Conversation_2_Team_2	这几天你做了什么不寻常的事吗？
QuestLoc_AlienBotQuest06_Conversation_3_PC1_4	终于！快拿上东西，然后回避难所！
Speech_Quest_Generic_Dweller_Conversation_3_Response_2	三明治？我记得你说的是卷饼啊？
Stats_Pets_Sold	出售宠物
QuestLoc_RobotHood_Conversation_1_Answer02	无所谓。把抢来的东西交出来，我们就放你一马。
QuestLoc_Tonics_Answer01_NPC02	哦，不！那我们还站在这里干什么？拿上我的东西，快走吧！
QuestLoc_VaultTecExperimentReviewB_Conversation_3_NPCEnd_2	这是我们的制服，给你一套。
QuestLoc_VaultTecExperimentReviewF_Conversation_1_Team_1	比起摔跤，我们更喜欢拳击。不好意思。
QuestLoc_WastelandTheMusical_Conversation_3_NPCStart_3	♪ 拉玛拉玛叮叮咚 ♪
跟着唱我们的歌，你就完蛋了♪
QuestLoc_CheesePlease_Conversation_1_NPCEnd_2	好吧，照你说的做！
QuestLoc_GameShowGauntletJ_Conversation_4_NPCEnd_4	专心点好嘛。那都算不上一个答案。现在你要……“掉脑袋”了！
Encounter_Message_NPC2	一名受伤的警长。
Speech_LivingQuarter_Dialogue_NPC1_15	我得记住在冰箱里囤足够的核子可乐。
Stats_PetBreeds_ScottishFold	苏格兰折耳猫
Stats_Weapons_Scrapped	拆解的武器
QuestLoc_DogsofWar_Conversation_3_NPCStart_3	“战争”，“饥荒”和“瘟疫”，无论他们是谁，都在争夺权力。
QuestLoc_CapsRun_QuestShortDescription	发现隐藏的瓶盖储备。
QuestLoc_RescueSanta_Conversation_1_NPCStart_4	现在。今年圣诞节你们想要圣诞老人给你们什么礼物？嚯嚯嚯！
Android_Ask_Notification_Message	您想要辐射避难所给您发送通知吗？
QuestLoc_BoogieWoogieBugleBoy_Conversation_1_NPCStart_2	我们会彻彻底底搜刮和剿灭你们的避难所！
QuestLoc_TheBansheesKeen_Conversation_1_Team_3	我们什么也听不见……
Message_Tutorial_42	让我们再建造一个房间。
QuestLoc_FriendlySettlement_Conversation_2D_NPCStart_2	但是这个定居点干着也不赖啊。我们又那么擅长交易。当初谁知道呢？
QuestLoc_GhoulInBlack_Answer02_NPC01	好吧，我还有点事要处理，但我可能会去看看。
QuestLoc_MVPoftheYear_QuestLongDescription	领头死爪没能杀掉蔻驰。但坏家伙又留下了其他的信息！所以至少我们知道他还在外面。继续搜索！
QuestLoc_SpyonRaiders_QuestName	掠夺者无间道！
QuestLoc_ANiceGhoulLikeYou_Conversation_1_Team_2	电离辐射？
QuestLoc_S2_QL3_Q2_Handy_Question5	哦天哪！你们找到我了！谢谢你们阻止了那些保安机器人。它们把这里搅得一团糟。
QuestLoc_VaultTecExperimentReviewA_Conversation_3_Team_1	没有什么比压倒性的火力更恐怖了。
Help_Page11_BottomText	提示：多名居民一起训练能缩短训练房间里所有居民的训练时间。
QuestLoc_TheYolksonYou_QuestObjective_1	杀死发光辐射蝎，拿走蝎子蛋。
QuestLoc_FoodFight_Conversation_1A_NPCStart_1	等等，什么？！你来这偷走了我的糖衣炸弹麦片？！
Speech_Quest_Generic_Dweller_65	这里吓到我的不是辐射，而是虱子。
QuestLoc_ExtremePrejudice_Conversation_2_NPCStart_1	你们见到迈克了吗？
Help_Page18_MainText_Xbox	1. 废土-按打开废土日志。
2. 居民菜单-可方便地排序和选择您的居民。
3. 幸福-避难所整体幸福度。按查看它为您的避难所提供的加成。
4. 资源栏-当前资源的数量。不要让它们低于所需的资源线，否则您的避难所情况将开始恶化。点击左摇杆查看您有多少资源。
5. 瓶盖-您当前的瓶盖数量。
6. 建造锤子-按建造房间。
7. 哔哔小子-按打开哔哔小子菜单。哔哔小子上的数字意味着您有午餐盒要打开。感叹号表示有待收取的目标奖励。
8. 午餐盒-选择午餐盒图标进入午餐盒菜单。数字意味着您有午餐盒要打开。
9. 目标—选择缎带转到目标页面。感叹号表示有待收取的目标奖励。
10. 库存-选择箱子以进入库存菜单。
11. 生存指南-选择书以打开避难所居民生存指南。
12. 设置-选择齿轮以打开设置菜单。
QuestLoc_ReleasetheRaiders_QuestName	释放掠夺者！
Encounter_Random_Message157	探险家日志。新条目：饿坏了。真想知道人肉吃起来是不是像鸡肉。
QuestLoc_CleaningHouse_QuestObjective1	清理那家汽车旅馆。
QuestLoc_GameShowGauntletK_Conversation_3_Team_1	一座宇宙飞船。
Speech_LivingQuarter_PickupLines_69	能帮我捡一下吗？我的下巴掉地上了。
QuestLoc_PittStop_Conversation01_PC01	这就是我们来的原因。放了那些人，他们不属于你。
Encounter_Victory_Repeatable_JunkLocation8	我注意到一丝微风吹过，然后顺着风向找到了秘密房间！
QuestLoc_HumansLikeUs_Conversation_3_Team_3	我在这里没看到多少女人……你们都是男的吗？
QuestLoc_UndercoverOperations_Conversation_2_NPCStart_1	饥饿，饥饿，它活生生地吞噬着我们！
Status_Done	完成！
Encounter_Defeat_Creature7	巨型蚂蚁咬伤了我的手臂！赶紧跑！
QuestLoc_TakeMeOuttotheBallGame_RaiderLine_1	所以你必须要拿下第一垒。我们会让你在第二垒出局。
QuestLoc_CapturedCritter_QuestShortDescription	从一些尸鬼手中拯救迷失的宠物。
QuestLoc_HumansLikeUs_Conversation_1_NPCStart_4	您要饮料、食物，还是来一次免费的体检？
Tutorial_Tip_16	成功地完成极速模式会给你常规奖励加上特殊奖金！
Speech_Kid28	真希望我有一个宠物。
QuestLoc_S2_QL2_Q2_Field_Question1_Answer2	所以你们不是来帮忙的？这些官僚迟早会害死我们。
SnipSnipDialog_NukaCola_02	说真的，往身体里灌满加工糖水，你还有什么理由不这么干呢？
Encounter_Random_Message12	这些痕迹——是人类吗？还是其他的？
Vaultboy_Message_FoodWarning	食物不足
QuestLoc_WhosCarvingtheTurkey_Conversation_1_Team_3	我来这里是为了蔓越莓酱的。
QuestLoc_GameShowGauntletA_Conversation_4_NPCEnd_4	嘿！家人可是忌讳！因为这个……准备“掉脑袋”吧！
Speech_Conversation_NPC2_Topic4_Response2	三层香草核桃味，外面裹一层椰子翻糖。
QuestLoc_ShamrocktheCasbah_Conversation_1_NPCStart_3	但是这里所有的样品都有四片叶子。肯定是不同的植物。
QuestLoc_VaultTecExperimentReviewF_Conversation_1_NPCStart_1	居民们，请入场！
QuestLoc_GameShowGauntletJ_Conversation_2_NPCEnd_2	呯呯呯！赢的人有肉吃。
QuestLoc_GameShowGauntletK_Conversation_1_NPCEnd_3	正确，不过门徒和操作者也是对的。
QuestLoc_TakeMeOuttotheBallGame_Conversation_1_Team_2	我先放着。我觉得你会扔球。
Weapon_Name_SawedOffShotgun_Rusty	生锈的短管霰弹枪
Title_Flee	逃跑
QuestLoc_FriendlySettlement_Conversation_1A_NPCStart_1	哈喽，潮人们！欢迎来到这一带最酷炫的定居点。
QuestLoc_AnybodyHome_QuestShortDescription	在废土上发现一间小屋。
Outfit_Description_BattleArmor	废土雇佣兵的选择。
Room_ClassRoom	教室
Title_DwellerApplication	居民申请
Speech_Quest_NotAlone_Dweller_25	我打赌，这事儿准能给咱们混个奖章。
QuestLoc_PlayingPolitics_Conversation_1_NPCStart_4	这里说入口隐藏在红火箭总部里！
Speech_Room_LoveJob_Gym	我还能变得更强吗？大概不能吧！
Encounter_Random_Message77	一个旧咖啡馆？现在要能喝上一杯咖啡就太棒了。
Weapon_Description_AssaultRifle	全自动射击，完美适用于大多数战斗情况。
Weapon_Name_JunkJet_Tactical	战术型垃圾喷射炮
Message_Tutorial_SpinToWinOpenModal_PC	{点击}{幸运转盘按钮}打开{幸运转盘}。
QuestLoc_VaultTecExperimentReviewE_Conversation_1_NPCStart_2	红还是黑？
QuestLoc_SpringForwardFallBack_Conversation_2_NPCStart_2	原子似乎对你微笑，我们必须承认。
Pet_Description_laperm_b	爱让人类成了宠物。
QuestLoc_DogShelter_QuestObjective_1	拯救菲多。
QuestLoc_TheBigsbyBrownCase_Conversation_1_NPCStart_1	哇。只差一分钟我就变成肉馅了。
Speech_Eviction_1	如果我死了，看你对不对得起你的良心！
MrHandyDialog_Generic_34	这些人类真是太难理解了。每个人都有那么重的口音。
QuestLoc_MatterstoSettle_Conversation_3_Team_2	你是说“解渴”吗？
QuestLoc_GoingToTown_1_Question3_Choice1	<大大地笑>
QuestLoc_DiplomaticMission_Conversation_1_NPCEnd_1	非常好。这是我们有的东西！
QuestLoc_DiplomaticMission_Conversation_1_NPCStart_2	我们有一个礼物要送给你们。但你们只能选一样。
QuestLoc_IntotheInfield_QuestObjective_1	寻找罗基·杰宾森的棒球衫。
QuestLoc_GameShowGauntletA_QuestObjective_1	请回答全部问题。
QuestLoc_ArghMatey_QuestLongDescription	爷爷想要扮海盗，但是首先得有一只鹦鹉。
QuestLoc_SetEmUpFamine_Conversation_3_NPCEnd_1	哦，他会没事的，他会把“所有”的食物都吃光的！
QuestLoc_GhoulSupplies_Question2_Answer1	太好了！我也喜欢在瓶盖里打滚。唔，其实不行，弄到皮肤里会很痛。
Speech_Generic_Dweller36	说不定哪天，我的孙辈也能住在这里！
QuestLoc_ChristmasattheRaiderCamp_Conversation_1_NPCStart_1	嗬嗬，原来是圣诞老人的小帮手来了！
QuestLoc_MyMetalPony_Conversation_1_Team_3	放下绳子，站远点。
QuestLoc_TheresnoCryinginBaseball_Conversation_1_NPCStart_1	该死的！棒球衫不在这里。继续搜索！
QuestLoc_HittingtheBooks_QuestObjective_1	在图书馆废墟打探更多关于31号避难所的消息。
Wasteland_Recall	召回
Stats_PetBreeds_Lykoi	狼猫
QuestLoc_AGatheringofGhouls_QuestShortDescription	遭遇了一只发光种和他的跟班们。
QuestLoc_AlienBotQuest03_Conversation_1_PC3_3	我知道，但就是这个让我心里发毛。
Bonus_MysteriousMagnet	x{0}陌生人概率
Outfit_Name_PowerArmor_MkVI	x-01 Mk VI动力装甲
QuestLoc_GameShowGauntletE_Conversation_4_NPCEnd_1	他确实讨厌他们，但还是错。你要……“掉脑袋”了。
Message_TutorialPopup_25_Hint	如果量子核子可乐耗尽，您可以在商店里购买更多。
Speech_LivingQuarter_PickupLines_25	如果我能重新排列字母表，我会把“U”和“I”放在一起。
QuestLoc_SecondStringers_Conversation_1_NPCStart_2	他们将会是我们新的拉拉队，呵呵。
QuestLoc_TooGoodtobeTrue_QuestObjective_1	领取废弃避难所的物资储备。
QuestLoc_TheRiteofSpraying_QuestObjective_2	和更多的居民交谈。
Weapon_Description_PlasmaCaster_Rusty	它可怕的威力，只有那令人担忧的泄漏能与之匹敌。
QuestLoc_AllWorkandNoPlay_QuestObjective_1	拯救监督者阿昌。
Speech_Quest_Generic_Dweller_Conversation_16	你觉得你死之后会怎么样？
QuestLoc_GameShowGauntletI_Conversation_4_NPCEnd_3	错。现在我们将让你……“掉脑袋”！
Weapon_Name_PlasmaCaster_Hardened	加固的等离子发射器
QuestLoc_GameShowGauntletF_Conversation_4_Team_2	鹅。
Speech_Generic_Dweller4	说不定监督者很快就会派我出去探险了……
QuestLoc_ScientificProgress_Conversation_1_NPCEnd_2	休想从我这得到什么！
QuestLoc_GameShowGauntletD_Conversation_1_NPCEnd_3	错，错，错。我猜你还是要……“掉脑袋”！
Speech_Quest_Generic_Dweller_Conversation_11_Response_2	呃，我是不是……在一个奇怪的地方？和你一起？
Logout_Confirm	确定要注销登录？
Controls_Xbox_Quest_PipBoy	哔哔小子
QuestLoc_AlienBotQuest04_Conversation_1_PC2_2	看起来像个洞穴。
QuestLoc_RevengeoftheGeeks_Conversation_2_NPCStart_2	让我们试试难一点的。
QuestLoc_S2_QL3_SecuritronsUncapped_1_Question1_Line1_Choice3	欢欣鼓舞！英雄驾到！
MrHandyDialog_Wasteland_78	这个方向看起来……嗯，看起来很糟糕。但其他方向又有什么不同呢？
Message_NoDwellers	没有居民被分配在此房间。
QuestLoc_TheCaseoftheQuantumCreeper_Conversation_1_Team_3	和我讲讲这个“爬行者”。
QuestLoc_Vault199_Conversation_1_Team_1	有只叫做比格斯比的狗来过这里？
Weapon_Name_Ripper	齿锯
QuestLoc_AimfortheHead_QuestObjective_1	杀死发光种。
Message_Tutorial_55	这里会列出可执行的{任务}。{选择}第一个{任务}来查看更多信息。
QuestLoc_Burnout_QuestObjective_1	捣毁鼹鼠巢穴。
QuestLoc_GameShowGauntletE_Conversation_1_NPCEnd_3	答对了！她有点奇怪，但确实通灵。
QuestLoc_StopthePresses_QuestLongDescription	我们发现“新波士顿号角报”这整件事都是一个骗局。我们得找到这个编辑，然后阻止他！
QuestLoc_AlienBotQuest04_Conversation_4_PC3_2	可能还有更多东西在等着我们去捡！
QuestLoc_CleaningHouse_Question1_Choice3	我们只是来打扫的。
QuestLoc_AllSalesFinal_Conversation_1_NPCEnd_2	首先，这很不礼貌，其次，这儿已经好几个月没吃的了。
Weapon_Description_AssaultronHead_Enhanced	它有着隧道视觉——能钻透敌人的视野。
QuestLoc_Tonics_Conversation01_NPC01	瞧一瞧，看一看嘞，我有能治愈所有疾病的药剂。
Objective_BaldDwellersInVault_Plural	在避难所里有{0}位光头的居民
QuestLoc_OverwhelmingForce_QuestName	气吞山河
Room_OutfitFactory_2	装备车间
Help_Page18_Title	用户界面
Achievement_Xbox_Completed_15	打造了一件装备，一把武器和一个主题
QuestLoc_ScientificProgress_QuestShortDescription	任何事都无法阻挡科学之路！
QuestLoc_ASpecialBrand_Conversation_2_NPCStart_1	你们的宠物在我手上，不过我觉得这笔买卖亏的可是你们。
QuestLoc_MatterstoSettle_Conversation_1_NPCEnd_1	只有少数几个。多亏三狗的警告，大多数人及时撤离了。请救救他们。
Speech_Conversation_NPC2_Topic50_Response1	嗯，看了。真不敢相信她最后死了。死于水痘。太悲伤了。
QuestLoc_SetEmUpFamine_RaiderLine_4	让我们结束这场饥肠辘辘的侵扰吧！
QuestLoc_CapsRun_QuestObjective_3	发现更多的瓶盖储备。
Title_Locations	位置
Speech_RadiationB3	我真的需要消辐宁！
Help_Page16_MainText	避难所科技的午餐盒能加快您的进程。

居民- 需要更快获得更多居民？每个午餐盒都有机会抽到一个居民。

武器- 所有能在废土生存中用到的好东西。从BB枪到小型核武器“胖子”都有。

装备- 给您的居民穿上这些又能增强属性又有型的好装备。

宠物- 一个忠诚的伴侣，同时让您的避难所充满生机！

量子核子可乐- 用这种清爽的饮料快速搞定一切。

杂物- 在您的工坊里用这些被长时间遗忘的物件打造武器装备。

资源- 储备充足的瓶盖，消辐宁，治疗针，食物，水和电。

午餐盒里可能有普通，稀有或者传奇的物品。每个午餐盒至少会有一个居民或者稀有的物品。
QuestLoc_MondayNightBrawl_Conversation_3_NPCEnd_1	保持不动的话，这场战斗会结束得早一点。
Tutorial_Tip_92	即使您停止了广播室的对外召唤功能，它仍能提升居民的幸福度。
Stats_Raider_Attacks_Stopped	终止掠夺者攻击
Weapon_Description_PlasmaPistol_Rusty	它的等离子可能不会那么热，但它肯定足够“惹火”。
Weapon_Description_GatlingLaser_Vengeance	想要复仇吗？感受到了狂暴的怒火？来吧，这是奖励。
QuestLoc_DibsattheRedRocket_Conversation_1_NPCStart_1	站住，避难所居民。
QuestLoc_WeddingCrashers_Conversation_2_NPCStart_3	而且我不知道我能不能继续当一个掠夺者。
QuestLoc_WhenIrishEyesareGlowing_QuestlineName	当爱尔兰的眼睛开始闪光
QuestLoc_DogsofWar_Conversation_1_NPCStart_4	我们需要拯救他！
QuestLoc_TheCaseoftheCapturedCanine_QuestLongDescription	尼克·瓦伦坦，是废土侦探界的传奇。他手上有一些未解决的案件档案，首先一个就是——被抓住的狗。
QuestLoc_ScareTactics_Conversation_1_NPCEnd_3	哈？嘿！只是一套服装……给我拿下他们！
Speech_Quest_NotAlone_Dweller_31	我感觉我们一直被人……监视着。
QuestLoc_CrimeSceneInvestigation_Conversation_3_Team_1	你们听说过“骑士”吗？我们被告知他们是“死亡”的教徒，所以我们正在寻找线索。
QuestLoc_WastelandTheMusical_QuestLongDescription	一对会唱歌的掠夺者用高水准的音乐节目在废土上散播恐怖。我们得让这些音乐暴徒谢幕！
Speech_Conversation_NPC2_Topic41_Response1	一本字典，这样你就可以查查“自私”的定义。
QuestLoc_S2_QL2_Q1_Doc_Question4_Choice1	如果顺带送治疗针我就来！
QuestLoc_ESterisComing_Conversation_1_NPCStart_1	啊，你一定是派来帮助我们的避难所的居民！赞美原子！
QuestLoc_ExtremePrejudice_Conversation_3_Team_1	我把它留在我的另一个避难所套装里了。
Radroach_Name_Plural	辐射蟑螂
Message_TutorialPopup_09_Body	建造医务室可以生产治疗针来治疗受伤的居民。
Speech_Conversation_NPC2_Topic20_Response1	肯定是真的。可他以前看起来人挺好的。
QuestLoc_DeathandDenial_Conversation_7_NPCStart_2	是嫉妒的实业家，还是被毁的女家长？
Shop_SeasonPass_Description	用通行证获取赛季最大收益。解锁高级奖励赛道，包含避难所外观主题、武器工坊主题、辐射极琉矿武器等更多内容。奖励可在所有避难所领取。
RateUS_BTN_Rate	请给我们评分！
VaultTecWindow_Explanation_ExVault	花1枚筹码转动幸运转盘！
QuestLoc_WeddingCrashers_RaiderLine_4	我忘记带礼物了。也许这些家伙身上会有些什么不错的战利品可以让我拿来当礼物……
Weapon_Description_GaussPistol_Hardened	为了发射更重的弹药而改造，威力十足。
QuestLoc_AThirstforAdventure_QuestName	探险渴望者
Speech_Room_DeadDweller_Cafeteria	这绝对是一起卫生违规事件。
QuestLoc_TheSecretofREDACTED_Conversation_3_Team_3	[REDACTED]
QuestLoc_SnakeWater_Conversation_1_Team_1	冷静点，术士老大。我们不想打架，我们只要我们应得的那一份。
Speech_LivingQuarter_PickupLines_13	如果玫瑰仍在生长，我会去废土上摘回来给你。
QuestLoc_ChooChoo_Conversation_1_NPCStart_2	可别想在我们身上铺铁轨！
QuestLoc_LittleMissWasteland_QuestName	废土小姐
Help_Page07_BottomText	提示：如果避难所没有空位，宝宝会等到有空间时才出生。
QuestLoc_SpyonRaiders_Conversation_3A_Team_4	去死吧，你们这些掠夺者人渣！
QuestLoc_GameShowGauntletF_Conversation_3_Team_4	他自己的纪念碑？
localSaveConfirmMessage	确定想要保留本地存档？
QuestLoc_WithFriendsLikeThese_QuestObjective_2	拯救居民。
QuestLoc_RevengeoftheGeeks_Conversation_3_Team_3	管它多少呢。
Speech_Conversation_NPC1_Topic27	你觉得要是打架的话谁能赢，是长着触手手臂的伐木工？还是骑着独轮车的鲨鱼？
Objective_CraftLegendaryWeapons	打造1件传奇武器
Erase_Save_Slot_Confirm	您确定要清除这个避难所吗？
QuestLoc_APaleImitation_Conversation_2_NPCStart_1	任何想要见监督者的人都得先过我这一关！
Objective_MysteriousStranger	找到神秘陌生人
QuestLoc_SetEmUpFamine_Conversation_3_NPCStart_4	瞧！害虫酱！
QuestLoc_PowertothePeople_Conversation_1_NPCStart_1	救命！
QuestLoc_SuperDuperTrooper_Conversation_2_Team_1	朋友，我为你杀了那些兄弟会的笨蛋。
Outfit_Description_King	戴上王冠，统治废土！或者至少假装是这样。
Encounter_Progression_JustStartedTier1_9	不知道外面还剩下些什么呢？
QuestLoc_ThymeisMoney_Conversation_2_NPCStart_3	我们不会不战而退的！
Speech_Quest_NotAlone_Dweller_18	很高兴有你掩护我。你确实会掩护我的……对吧？
Encounter_Victory_Creature26	我们打得难分高下，但超级变种人霸主终于死了。
QuestLoc_ESterisComing_Conversation_2_NPCStart_2	我想我和队伍走散了。
Tutorial_Tip_75	升级监督者办公室可以派遣更多的小队去执行任务。
QuestLoc_ANiceGhoulLikeYou_Conversation_1_NPCStart_4	“我常在你身旁，但我不作声响。我是谁？”
QuestLoc_ScientificProgress_QuestLongDescription	前沿科技需要材料和相应的牺牲。所以以科学之名牺牲掉几个掠夺者，并拿走他们的东西吧！
QuestLoc_DrivingtheSnakesOut_QuestLongDescription	一伙被称为“蛇”的掠夺者正在针对红头发的居民，称他们为“生姜”，声称他们是下等人种。我们得把这些人赶走。
QuestLoc_PoweredUp_Conversation_1_NPCStart_1	别开枪！我和其它的尸鬼不一样！
Outfit_Name_ColonelSpecial	奥顿的制服
Option_Screenshots	截屏
QuestLoc_SpelunKingTrainingB_Conversation_2_NPCStart_2	监督者已经确定要送我们去参加洞穴探险大赛！
QuestLoc_FriendlySettlement_QuestLongDescription	附近的一个定居点希望我们能去拜访他们。能出什么差错呢？
QuestLoc_WeddingCrashers_QuestName	婚礼上的不速之客
QuestLoc_WastelandTheMusical_Conversation_7_NPCStart_3	♪ 我们失散多年的孩子回来了 ♪
♪ 来帮我们焚尽这片废土！♪
Speech_Quest_Generic_Dweller_Conversation_7_Response_2	我也是。因为我们可能会死的。
KeyboardMapping_OpenWindowHelp	帮助
Speech_LivingQuarter_PickupLines_20	如果我能唱歌，我会写一首关于你的歌。
QuestLoc_AllsFairinLoveandNuclearWar_QuestObjective_1	快来遇见那个特殊的人。
QuestLoc_SpyonRaiders_Conversation_1C_NPCEnd_3	是啊，对的。等等，你说什么？你们死定了！
QuestLoc_GameShowGauntletA_Conversation_3_NPCStart_2	萨拉里昂斯是哪个组织的成员？
QuestLoc_GameShowGauntletE_Conversation_4_Team_3	华盛顿纪念碑。
QuestLoc_ThymeisMoney_QuestName	珍贵的百里香
Button_GotIt	知道了
QuestLoc_JustDeserts_Conversation_4_NPCStart_3	除害的过程不断进行，但我还需要英雄来收尾，你们很好地完成了这个任务。
Message_GenericPopup_Title	避难所科技重要警报！
QuestLoc_RunThreeDogRun_Conversation_1_Team_4	杀人如何能够唤醒“死亡”？
QuestLoc_BountyShiner_QuestShortDescription	拿下那个叫“闪闪”的发光种，领取赏金！
QuestLoc_FriendlySettlement_Conversation_2B_NPCEnd_2	你说的没错。
Weapon_Name_JunkJet_Flaming	火焰型垃圾喷射炮
Stats_PetBreeds_Persian	波斯猫
Pet_YoungBlackBrahmin	年轻的黑色双头牛
Weapon_Description_BOSAssaultRifle_Rusty	这把巨大的军用武器可能需要调试，但它依然威风凛凛。
QuestLoc_FriendlySettlement_Conversation_2A_NPCEnd_1	有品味。这是我个人最喜欢的一件。下次见啦，伙计们！
QuestLoc_GoingToTown_2_Question2	投降吧！你们踏进了我们的陷阱。
Controls_Xbox_Footer_Filter	筛选
Title_Load_Vault	加载避难所
QuestLoc_ParleyTime_QuestObjective_1	和“战争”交谈。
QuestLoc_AlienBotQuest03_Conversation_3_PC1_2	这里的人一定走得很匆忙。
Encounter_Message_Location1	一座古旧废弃的广播塔。
QuestLoc_RunnersinScoringPosition_QuestObjective_1	寻找罗基·杰宾森的棒球衫。
Tutorial_Tip_10	举重房可以让您训练居民的力量（S）。
QuestLoc_DivideandConquer_Conversation_3_Team_3	方程是模棱两可的，存在就是为了骗人的。
QuestLoc_GameShowGauntletG_Conversation_2_NPCEnd_3	几乎不对。所以……“掉脑袋”的时候几乎伤不到你！
QuestLoc_GameShowGauntletA_QuestLongDescription	你被邀请参与“掉脑袋”的游戏！请回答问题，不然就……
Speech_LivingQuarter_VaultSpace1	我们没法要孩子了，避难所里已经没有空房了。
QuestLoc_TheEndoftheRainbow_Conversation_1_NPCEnd_1	不，我们是自由职业者，为了乐趣和利润而杀人。
QuestLoc_GameShowGauntletH_Conversation_3_NPCStart_2	下面哪个地点不属于联邦？
QuestLoc_RevengeoftheGeeks_Conversation_3_NPCEnd_3	我只能说你这门课不及格。
QuestLoc_ALaborofLove_QuestShortDescription	清空一个洞穴，为婚礼做准备。
Objective_Upgrade	升级一个房间
QuestLoc_GoingToTown_3_Question3_Choice1	如你所愿！
QuestLoc_BountyButcher_Conversation_1_NPCStart_3	如果你没回来的话……这个，我相信你会没事的。
Message_Wasteland_Full	废土探索的居民已达到上限。
Speech_Room_SomeoneUnhappy_Gym	是是。你超级强壮又超级厉害。我们知道了。
QuestLoc_VaultTecExperimentReviewA_Conversation_3_Team_2	我们需要一些吓人的衣服。
SnipSnipDialog_Armory_01	哦，天哪。我真希望这些火力只是摆设。
QuestLoc_TheSpiritofTaking_Conversation_2_NPCStart_1	如果你们想拿回这个小动物，最好准备打一架！
QuestLoc_AlienBotQuest06_Conversation_1_PC2_1	秘密研究基地就在这？这只是商场里的一家商店而已吧。
Encounter_Random_Message124	我想我会往北走一会儿。
QuestLoc_ADeliciousTrailofDanger_Conversation_1_NPCStart_2	那是一阵旋风爪，蛋糕碎和谋杀！
QuestLoc_PartyCrasher_Conversation_1_Team_2	不欢迎书呆子？那你怎么进来的？
Message_Tutorial_ArrivalWidgetRequirements	除了等待倒计时，您可能还需要完成其他前置条件才能领取{赛季居民}。
QuestLoc_WastelandTheMusical_Conversation_6_NPCEnd_1	♪ 科学多么奇妙！♪ 让我们伟大又强大！♪
♪ 绝不接受替-代-品！♪
QuestLoc_GameShowGauntletH_Conversation_2_Team_2	剑桥警察局。
KeyboardMapping_MoveCameraUp1	上
SnipSnipDialog_Wasteland_89	哟，瞧瞧……一个岔路口！我们走……左边！
Speech_Conversation_NPC2_Topic30_Response2	我从来都不会接球。但你应该看看我怎么投球的！
Objective_CollectRareOufits_Plural	收集{0}件稀有装备
QuestLoc_TheFinalHunt_QuestName	最终猎杀
QuestLoc_S2_QL2_Q3_Req_QuestObjective1	获取钢铁兄弟会装备。
QuestLoc_MondayNightBrawl_QuestShortDescription	打败掠夺者首领。
Title_ClaimReward	领取您的奖励！
QuestLoc_OperationSandman_QuestName	行动：睡魔
QuestLoc_Astronomical_Conversation1_NPC01	你们不是兄弟会的人？来这儿干啥？
QuestLoc_OutoftheVaultIntotheShadows_QuestObjective_1	杀死依莱·卡尔弗特。
Speech_Quest_Generic_Dweller_Conversation_23_Response_3	你好！避难所居民在此——不是自动贩卖机……
Speech_Quest_Loot_Dweller_38	我绝对值得拥有这个。
Weapon_Name_FireHydrantBat	消防栓
QuestLoc_GameShowGauntletC_Conversation_4_NPCStart_2	下面中的哪个地方是莫伊拉没有派“孤独流浪者”去过的？
QuestLoc_ScienceCooperative_Conversation_2A_NPCEnd_3	一个有机光电发射器？我还以为这个技术过于先进了。既然这样……
Encounter_Victory_Repeatable_JunkLocation11	我一把抓住缰绳，勒住了双头牛！商人给了我一些奖励。
VictorDialog_Wasteland_43	哇哦！差点踩上那颗破片地雷炸了自己。我真粗心。
QuestLoc_TheCaseoftheLostLunch_QuestObjective_3	和窃贼对峙。
Speech_Conversation_NPC2_Topic40_Response3	这只能说明一件事——裸体派对！
QuestLoc_WeddingCrashers_Conversation_2_NPCStart_1	嘿，你在那儿呀。你应该就是传说中的那个爱情专家吧。
Weapon_Description_Minigun_Enhanced	今天的天气预报说要下子弹雨了。
QuestLoc_AThirstforAdventure_QuestShortDescription	沿着宝拉·普朗布金走过的路进入到旧的核子可乐工厂。
Speech_Quest_Loot_Dweller_10	布姆沙卡拉卡！
SnipSnipDialog_Hydroponics_02	哦，我真希望他们能让我打理花园。毕竟我自带各种工具。
QuestLoc_GameShowGauntletG_Conversation_3_Team_2	固定地方性毒菌。
Theme_Name_SunsetSarsaparilla	日落沙士
Special_Title	SPECIAL属性
QuestLoc_GameShowGauntletE_Conversation_2_NPCEnd_1	讨厌！你说的对！我就想看你“掉脑袋”！
QUEST_1_FOLLOWUP_3	好吧，好吧，没必要这么着急。来，给你。
QuestLoc_ShamrocktheCasbah_Conversation_1_NPCStart_1	好吧，那太令人失望了。
Speech_Conversation_NPC1_Topic46	忙吗？
QuestLoc_SpyonRaiders_Conversation_3B_Team_4	去死吧，你们这些掠夺者人渣！
Speech_Quest_Generic_Dweller_52	我为什么会同意离开避难所？
Dweller_Dead	死亡
SnipSnipDialog_Wasteland_57	我想知道这条路通向哪里。
Speech_Conversation_NPC1_Topic21	如果离开避难所在外面也能安全生活，你会选择离开吗？
Stats_PetBreeds_GermanPointer	德国指示犬
QuestLoc_GhoulSupplies_Question1_Choice2	就随便逛逛！
SnipSnipDialog_Wasteland_31	喂~这里有其他机器人吗？
QuestLoc_LittleRedRadiumHood_Conversation_1_NPCStart_1	谢天谢地！你们找到我了！
Outfit_Name_costume_08	休闲服08
MrHandyDialog_Wasteland_53	或许我该哼点歌，这能振奋精神。
Button_QuestList	任务列表
QuestLoc_GameShowGauntletH_Conversation_3_NPCEnd_4	你真是一点都不擅长这个游戏。是时候……“掉脑袋”了！
Emergency_Radroach	辐射蟑螂灾害
QuestLoc_MatterstoSettle_QuestObjective_3	跟“战争崇拜者”交谈。
Speech_Conversation_NPC1_Topic10	如果你能去外面的世界参观一处著名地标，你会选哪儿？
QuestLoc_GoingToTown_1_QuestShortDesc	去自由城找找物资。
QuestLoc_GameShowGauntletA_Conversation_1_Team_4	布鲁斯。
Weapon_Description_ArmorPiercingT60Pistol	这个东西可以在五十步内打穿动力装甲。
QuestLoc_CleaningHouse_QuestShortDesc	开业之前清除旅馆里的危险生物。
QuestLoc_BottlecapBlues_QuestShortDescription	追踪瓶瓶和盖盖的绑匪。
QuestLoc_TheHauntingofVault110_Conversation_1_NPCStart_2	亲爱的鬼，不……不要伤害伤害我好不好？你要什么我都给你！
QuestLoc_TheCaseoftheQuantumCreeper_Conversation_1_NPCEnd_1	哦，谢天谢地！上次有人见到它时，它还在避难所更深处。
Stats_Children_Dwellers	孩子
QuestLoc_GobbleGobbler_QuestShortDescription	调查高步勒的目击报告。
QuestLoc_IDontKnowsonThird_QuestShortDescription	寻找罗基·杰宾森的棒球衫。
MrHandyDialog_Wasteland_17	这地方看着是不怎么样，但一个有进取心的机器人在废土上也能闯出好日子来……
SeasonModal_LeaderboardColumnHeader_Rank	排名
Weapon_Description_AlienDisintegrator_Rusty	这堆破烂仍然可以将变种人拦腰斩断。
QuestLoc_GoingToTown_3_Question1_Choice2	我们是来销毁血清实验室的。
QuestLoc_GroomforDoubt_Conversation_2_NPCStart_3	我们在圣诞相关商品上清仓大甩卖。
QuestLoc_GameShowGauntletB_Conversation_1_NPCStart_2	请正确回答问题来赢取瓶盖。
QuestLoc_RadroachRoundup_Conversation_2_Team_1	不，她还在大楼的某个地方。
QuestLoc_DeathclawDeeLite_2_Soliloquy1	有人在吗？这里不是应该是个热闹的科学中心吗？
QuestLoc_BountyShiner_Conversation_1_NPCStart_4	祝你好运。
QuestLoc_Broadsides_QuestObjective_1	认识新波士顿号角报。
QuestLoc_AtDeathsDoor_Conversation_1_NPCStart_3	没人能预料到这个！
QuestLoc_LunchboxRun_QuestObjective_1	找回午餐盒。
QuestLoc_JustDeserts_Conversation_3_NPCStart_2	“当我得知144号避难所找到了名叫“死亡”的冬眠鼹鼠之后，我想到了一个点子。
Theme_Name_Thanksgiving_LivingQuarters	感恩节宿舍
QuestLoc_DearthOfClaws_Conversation01_NPC05	没错！我希望更多的死爪能变成这样。快走吧，我还有很多工作要做！
Encounter_Progression_JustStartedTier1_18	我已经准备好了一切。
QuestLoc_HalfFullHalfEmpty_Conversation_1_NPCStart_1	我们没弄到足够的量来做科学测试。
QuestLoc_TheEndoftheRainbow_RaiderLine_1	看小动物！
QuestLoc_QueenoftheDeathclaws_RaiderLine_1	你们以为能拿下我们？！我们老大可是有死爪给她做保镖！
QuestLoc_RadroachRoundup_Conversation_2_NPCStart_1	太好了，我们得救了！那些坏蛋还有人留下吗？
QuestLoc_WastelandTheMusical_Conversation_6_NPCStart_3	♪ 直到科学完成 ♪ 新时代已然开启 ♪
♪ 我们将坚-定-不移！♪
Weapon_Name_Railgun_Accelerated	加速型射钉步枪
QuestLoc_GoingToTown_2_Question2_Answer2	别转移话题！你有在听我说话吗？！
QuestLoc_ByHookorbyCook_QuestName	用钩或用煮
QuestLoc_AThirstforAdventure_Conversation_1_Team_1	你有见过宝拉·普朗布金吗？
Stats_PetBreeds_PitBullTerrier	斗牛犬
QuestLoc_ScienceCooperative_Conversation_2C_Team_3	也许它只是不喜欢你那张蠢脸。
QuestLoc_SpringingtheTrap_QuestObjective_2	与第一批害虫交谈。
Stats_Outfit_Recipes	装备配方
Message_RedeemPopup_Continue	单击以兑换
MrHandyDialog_Wasteland_38	一个致力于清洁的家务机器人，在末世废土中游荡。我的强迫症要发作了。
SnipSnipDialog_Wasteland_40	监督者？你在吗？求你了，别……别让我死在外头啊。
Encounter_Victory_NPC7	醉酒的流浪者喝断片了。剩下的都归我！
QuestLoc_GameShowGauntletC_Conversation_3_NPCStart_2	莫伊拉把“孤独流浪者”送到哪个商店寻找食物了？
QuestLoc_GhostlyGag_QuestShortDescription	吓掠夺者们一跳。
QuestLoc_PestCaseScenario_QuestObjective_1	杀死鼹鼠妈妈。
QuestLoc_SpringForwardFallBack_QuestName	春天向前，秋天向后
Encounter_Random_Message45	我想我会走这条小路。
Speech_Conversation_NPC2_Topic1_Response2	好啊，玩扑克，输了要给瓶盖。
QuestLoc_SpringingtheTrap_Conversation_2_NPCStart_4	不幸的是，我们没有发现任何动力装甲的迹象。你呢？
Theme_Name_Christmas_LivingQuarters	圣诞节宿舍
Encounter_Random_Message15	避难所的人们正指望着我。我不会让他们失望的。
Speech_Generic_Dweller30	真不知道未来会是什么样……
QuestLoc_TheSixthSun_Conversation_1_NPCEnd_1	他现在是我们的兄弟了，他不会跟你一起去。
Dweller_Shelter	隐藏的
Speech_LivingQuarter_PickupLines_41	上次辐射蟑螂袭击的时候我八成已经死了——因为宝贝，我现在就跟在天堂一样！
Repair_MrHandy	修理
QuestLoc_GoingToTown_2_Question3	哦，你好！你……通过了那些奴隶商。我是说，警卫。太好了！为你骄傲！
QuestLoc_DeathandDenial_Conversation_4_NPCStart_2	唉，那位女士听不太清楚，所以你得直接问我。
Speech_Quest_Generic_Dweller_Conversation_5_Response_2	我知道，但好像不怎么适合现在讲。
Objective_UseRadaway	使用1次消辐宁
Encounter_Message_Creature15	一只结满藤壶的泥沼蟹。
QuestLoc_TheSixthSun_Conversation_2_NPCStart_1	你们这些居民很勇敢，但哥哥在我们的保护之下。
QuestLoc_GroomforDoubt_RaiderLine_2	玫瑰换个名字照样芬芳……如果这世上还有玫瑰的话。
QuestLoc_RunThreeDogRun_Conversation_3_NPCEnd_1	为监督者工作？嗯，可能更糟。
QuestLoc_Tonics_QuestShortDescription	找到蛇油推销员。
QuestLoc_OutfitRun_QuestName	装备大作战
Help_Page03_Title	居民等级和稀有度
QuestLoc_TheTailContinues_Conversation_1_Team_1	不是吧，你知道他们去哪里了吗？
QuestLoc_ASettlerNeedsYourHelp_Conversation_1_NPCStart_2	我叫普雷斯顿·加维，联邦义勇军民兵组织的成员。
QuestLoc_RadroachRoundup_Conversation_1_NPCStart_4	有更多的人被困在了里面。请救救他们！
QuestLoc_TheBigsbyBrownCase_Conversation_1_NPCStart_2	我是比格斯比。是尼克派你们来的对吧？虽然我很想和你们好好聊聊，我们现在有更重要的问题要解决。
QuestLoc_SpringingtheTrap_RaiderLine_3	让“瘟疫”的辐射照进你们心中！
Outfit_Description_PaladinJacket	以优雅姿态率队收复古代强大技术的遗产。
QuestLoc_RaiderTroublesatCorvega_Conversation_1_NPCStart_3	我曾对那个白痴普雷斯顿·加维说过，对你们也一样，没有人惹了我“道路丘疹”还能活着回去的！
QuestLoc_LiveDeadDrop_Conversation_1_Team_3	给你的信息是：“一切都好，继续好好工作！”
Message_Tutorial_12_PC	如果需要额外资源，可以使用{极速模式}。{点击}{极速按钮}来{打开}{极速菜单}。
QuestLoc_SpyonRaiders_RaiderLine_1A	我们之所以被称作“碎骨者”是有原因的！
Room_SuperRoom2	健身房
Encounter_Intro_Location5	发现{0}
QuestLoc_InShiningArmor_Conversation_1_NPCStart_1	战士，你们做得很好。
QuestLoc_WereBatting1000_Conversation_1_NPCStart_1	这里还是没有棒球衫。
Speech_Radio_HighCharisma1	如果外面有人在，他们一定会收听我的广播！
QuestLoc_Sabotage_Conversation_1_NPCEnd_1	我……我只是说你太迟了。你怎么了？
SnipSnipDialog_Generic_43	我梦想着未来的豪华机油浴……
Speech_Conversation_NPC2_Topic22_Response2	哦。呃。嗯……这不是……挺贴心的吗？
ArrivalWidget_Requirement_Quest	完成：{0}
QuestLoc_TheRiteofSpraying_RaiderLine_1	我不明白。随机辐射别人有什么意义？
QuestLoc_BeatReporting_Conversation_5_NPCStart_1	我？我只是实习生！我靠听银河新闻电台来了解紧急情况和故事。
Weapon_Name_CombatShotgun_DoubleBarrelled	双筒战斗霰弹枪
Message_Tutorial_SpinToWinConclusion	每天登录、观看视频广告并完成赛季任务，即可赚取更多{筹码}。{奖励}每天都会变化，请经常回来看看，抓住赢取大奖的下次机会！
QuestLoc_SnakeWater_QuestLongDescription	我们终于抓住了水之术士。是时候面对他了，阻止他再出售他的虚假神水。也许我们还可以赚一笔……
QuestLoc_HorrorMovieNight_RaiderLine_3	不要啊！！快走开！！！啊啊啊啊啊！！
QuestLoc_SnakeWater_Conversation_1_NPCEnd_1	明智的选择！拿走你的奖赏吧，我忠诚的臣民！
QuestLoc_ExtremePrejudice_Conversation_4_NPCStart_4	这位我一时认不出是谁的同胞，你怎么看？
Speech_Quest_Generic_Dweller_55	天啊，我还以为需要打扫的只是我在避难所里的“小窝”……
QuestLoc_ThisGoldenRing_Conversation_1_NPCEnd_3	我们讨厌居民取笑我们的语法！去死吧！
Button_Continue	继续
QuestLoc_AllWorkandNoPlay_Conversation_2_Team_1	赞。
QuestLoc_TheCatBurglar_RaiderLine_1	闻起来像猫砂……这条路一定是对的。
Outfit_Description_LabCoat_Advanced	分裂原子或发明弯曲旅行——就在午餐前。
QuestLoc_ESterEggHunt_QuestObjective_2	收获一些死爪蛋。
QuestLoc_FonsVivus_Conversation_1_NPCStart_1	简直不可思议！我们只用10000瓶盖买了一瓶他的水，一切都解决了！
Encounter_Progression_JustStartedTier1_7	哇，外面一直都这么热吗？
Message_Tutorial_48	{怀孕的居民}已经准备好生产了！{点击}她头上的{图标}来欢迎避难所的{新成员}。
QuestLoc_RunThreeDogRun_Conversation_3_NPCStart_2	这个可能有用，我无意中听到他们在谈论你要找的洞穴。
QuestLoc_AllWorkandNoPlay_Conversation_2_Team_3	好吧。但告诉我们监督者阿昌在哪儿？
Weapon_Name_PipeRifle_Calibrated	校准型管道步枪
Speech_Happiness_Happy7	我太高兴了，高兴得需要掐自己看看是不是真的。
Outfit_Description_HazmatSuit_Sturdy	只要是废土吐得出来的，你就接得住。
QuestLoc_GameShowGauntletI_Conversation_2_NPCStart_2	谁修剪了庇护山丘的灌木丛？
RichPresence_Xbox_02	反抗尸鬼的攻击
Speech_LivingQuarter_Dialogue_NPC1_7	有时候，我会想象这个房间实际上是一个巨大的公馆，有50英亩那么大。
QuestLoc_CleaningHouse_Question2_Choice1	我们？你干了什么？
Objective_CompleteDiscoveredQuest_Plural	完成{0}次废土上发现的任务
Encounet_Progression_Creature14	巨型蚂蚁逼近，准备攻击。
Weapon_Name_BOSAssaultRifle_Enhanced	强化的兄弟会突击步枪
Speech_Eviction_30	如果你对我有什么意见，应该在赶我走之前就告诉我！
QuestLoc_TheSpiritofTaking_Conversation_1_Team_1	你们现在安全了，可以回家了。
TermsOfService_Legal_Link	https://documents.bethesda.net/en/terms-of-service
QuestLoc_OBrother_Initial3	没什么比穿上一身动力装甲，拿着等离子枪更爽了！
Dweller_Baby	小孩
QuestLoc_CollectorsEdition_Conversation_1_NPCEnd_2	还没有，但我们杀死你后马上就这么做！
Message_Tutorial_SpinToWinSpin	{点击}按下按钮，转！那！个！盘！
QuestLoc_GameShowGauntletK_Conversation_2_Team_3	加特林激光枪。
QuestLoc_ReignofRadroachRodney_QuestLongDescription	辐射蟑螂罗德尼和被他控制心智的辐射蟑螂大军正在入侵废土！
QuestLoc_TakingOuttheTrash_QuestName	清理垃圾
Weapon_Name_SawedOffShotgun_DoubleBarrelled	双筒短管霰弹枪
QuestObjective_PickUpAllItems	搜刮秘密房间
Status_Danger	危险！
Speech_Quest_Generic_Dweller_Conversation_26_Response_2	也许和某个特别的人交谈，还有，你懂的，跳舞。
Speech_Conversation_NPC1_Topic30	待会想玩玩接球吗？
Weapon_Description_PlasmaPistol_Tuned	只是比标准等离子手枪热那么一点，绿那么一点。
QuestLoc_ScienceCooperative_Conversation_1A_NPCStart_2	我们这里是废土激光协会。成员数有限。
Encounter_Random_Message17	我选这条路，看它会带我去何方。
QuestLoc_TheSpiritofTaking_Conversation_1_Team_2	你应该来我们的避难所。
QuestLoc_WondersofNature_QuestShortDescription	霍夫伯格博士 vs. 危险之钳！
SeasonModal_Leaderboard_ScoreInfoPopup_BuildRooms	建造房间
QuestLoc_ScienceCooperative_Conversation_1D_NPCStart_1	啊，太好了，当地避难所的人来帮我们了！
Outfit_Description_HanksPowerArmor	当你足够重要，就不需要戴头盔了。
Pet_Description_cx404_l	一个训练有素的前英克雷特工，专门从事嗅探活动。
QuestLoc_DiplomaticMission_Conversation_1_Team_1	瓶盖。宝贝又珍贵的瓶盖。
QuestLoc_ESterEggHunt_Conversation_2_NPCStart_1	找到那些死爪蛋吗？
QuestLoc_TheMoleRatMan_Conversation_1_NPCStart_4	孩子们，给我上！！！
QuestLoc_GameShowGauntletH_Conversation_4_NPCEnd_3	猜得不错，但不对。现在我猜你要……“掉脑袋”了！
Weapon_Name_PipePistol_Scoped	狙击管道手枪
SnipSnipDialog_Wasteland_10	这儿肯定有人需要擦鞋……
Title_Sound	声音
QuestLoc_VaultTecExperimentReviewD_Conversation_3_Team_4	那个杂物看起来很适合打造。
Achievement_Xbox_Name_03	废土漫步者
QuestLoc_PartyCrasher_Conversation_1_Team_3	这个派对死定了，你们也是。
QuestLoc_GameofVaults_QuestLongDescription	号外，号外啦！一个凶猛恶心的怪兽占领了村庄，到处恐吓村民。找到它的藏身处并干掉它！
Room_Upgrade_Not_Enough_Dwellers_LegendaryOutfits	将房间升到3级可以打造传奇装备。
QuestLoc_InHotPursuit_QuestShortDescription	追踪瓶瓶和盖盖的绑匪。
Speech_Room_LoveJob_Casino	扑克还是21点——我可是最棒的发牌员！
QuestLoc_MondayNightBrawl_Conversation_3_Team_3	我受够你了，贝纳斯基！是时候像扔垃圾一样清理你了。
QuestLoc_GameShowGauntletH_Conversation_2_Team_1	帕森州立精神病院。
QuestLoc_FriendlySettlement_Conversation_1C_Team_2	（保持安静）
Wasteland_Button_CancelQuest	召回
QuestLoc_OperationSandman_Conversation_3_Team_3	勇敢的居民牺牲自己来帮助达到配额。
QuestLoc_SpringingtheTrap_Conversation_1_NPCEnd_2	真正的信徒已经知道了，你是异教徒！
Weapon_Description_LaserRifle_Rusty	凹凸不平而且脏兮兮的，但还是一如既往的强大。
QuestLoc_GameShowGauntletJ_Conversation_3_Team_3	阿卡迪亚海军基地。
Speech_Conversation_NPC2_Topic58_Response2	嗯？哦，有，我想他在下面那儿。
QuestLoc_KnockEmDown_QuestObjective_3	杀死“瘟疫”。
Outfit_Name_FarHarborSpecial	破旧长袍
Speech_Quest_NotAlone_Dweller_5	你是不是和我一样被吓坏了？
QuestLoc_WondersofScience_Conversation_1_NPCStart_2	这么多年，我都在寻找长寿的方法，但一直一无所获。
Weapon_Description_Flamer_Rusty	喷射的火焰会比正常型号低几度，但仍然是一个死亡使者。
Theme_Name_Vault33_Diner	33号避难所餐厅
QuestLoc_TheSecretofREDACTED_Conversation_3_NPCEnd_3	你是这么想的吗？好吧，我们等着瞧吧！
QuestLoc_SpyonRaiders_Conversation_2A_NPCEnd_2	你们说谁弱爆了？我照样能跟最厉害的人一样粉碎骨头！
MrHandyDialog_Wasteland_32	啊，一座断桥，看来我得绕个路了。
QuestLoc_DearthOfClaws_QuestObjective	找到死爪科学家。
Outfit_Name_SurgeonSpecial	外科医生服
QuestLoc_BountyShiner_QuestLongDescription	不能再让发光种“闪闪”惹麻烦了。干掉它，然后领取奖励。
QuestLoc_JackAintBack_QuestShortDescription	先结了婚，然后被卖给了奴隶贩子……我们能够及时找回杰克吗？
QuestLoc_ReturntoVault333_QuestShortDescription	返回333号避难所，找到答案。
QuestLoc_DivideandConquer_Conversation_3_NPCEnd_2	也许曾经如此，但如今已不是这样了。
QuestLoc_MatterstoSettle_QuestObjective_1	在定居点搜寻“害虫”和“饥饿者”。
Speech_Conversation_NPC1_Topic19	嘿，你听到昨天晚上他们说什么了吗？
QuestLoc_CollectorsEdition_RaiderLine_2	也许这是限量版的巧手先生，有着增强版的讽刺模块……
Stats_Radaways_Taken	使用消辐宁
SeasonPass_Description_CompleteChallenges	完成挑战以获取徽章并解锁奖励！
QuestLoc_ParleyTime_Conversation_2_Team_2	鹰已降落。现在“战争”要我们做什么？
QuestLoc_CrimeSceneInvestigation_Conversation_2_NPCStart_3	当“瘟疫”成为最后的骑士时，我们将不会毫无价值了。
QuestLoc_OfftheRails_Conversation_1_NPCEnd_4	学院里来的机器人！他们不应该被强行拉到原子玩具厂办公室……
QuestLoc_VaultTecExperimentReviewD_Conversation_3_NPCEnd_4	加里！
QuestLoc_DogGone_QuestObjective_1	拯救丢失的小狗，给掠夺者一个教训。
QuestLoc_GameShowGauntletA_Conversation_3_Team_2	义勇军。
Login_UsernameAlreadyInUse	用户名已存在
Objective_SurviveDeathclawNoStimpack	在不使用治疗针的情况下撑过了{0}次死爪攻击
QuestLoc_OBrother_Conversation02_NPC02	我们这儿挺忙的，别添乱。
Weapon_Description_50CalMachineGun_ArmorPiercing	巅峰之作，这东西甚至能给飞艇打洞。
QuestLoc_TheYolksonYou_Conversation_1_NPCStart_2	你们不知道这个地方被辐射蝎占领了吗？
QuestLoc_GroomforDoubt_QuestObjective_2	杀死掠夺者首领。
QuestLoc_CheapBeerintheBleacherSeats_QuestName	看台座椅上的廉价啤酒
QuestLoc_GameShowGauntletH_Conversation_4_NPCEnd_4	不许谈论我妈！看你“掉脑袋”一定很有意思！
QuestLoc_PlayingPolitics_Conversation_1_NPCStart_1	啊哈，在这儿呢！
Title_Monitoring	监控中
QuestLoc_S2_QL3_Q3_Insider_Question2	你想知道我是谁？我是一台保安机器人！
Stats_PetBreeds_GermanShepherd	德国牧羊犬
Outfit_Description_MaximusJacket	红色能掩盖血迹……
Outfit_Name_SurvivorSpecial	幸存者盔甲
Speech_Quest_Generic_Dweller_34	这股臭味是永远从衣服上洗不掉了。
QuestLoc_SpringForwardFallBack_QuestShortDescription	和原子之子领袖对峙。
QuestLoc_RaidingParty_Conversation_3_NPCStart_1	……所以老大说，“嗬，我以为我穿的是那条红内裤！”
QuestLoc_RaidingParty_Conversation_3_Team_1	哦没什么。老大只是说把任何笑了的人的名字记下来。
Controls_Xbox_Quest_CriticalHit	暴击（按住）
QuestLoc_BountySnips_Conversation_1_NPCStart_4	只要你能拿下它，我的奖赏绝不会让你们失望。
QuestLoc_GetchaPeanutsHere_QuestLongDescription	我们搜索了几处地点，但还是没有找到蔻驰，或者棒球衫。也许旧的大无敌超市里能有什么线索。
QuestLoc_OBrother_Answer05_NPC03	嗯，你很幸运我们得保守秘密。拿着，滚吧。
SnipSnipDialog_Wasteland_37	我应该回避难所吗？还是太早了？快来个人告诉我该怎么做！
Speech_Quest_NotAlone_Dweller_32	现在没有什么能阻挡我们了，对吗？
QuestLoc_AllsFairinLoveandNuclearWar_Conversation_3_NPCStart_1	更多的追求者？这真是越来越离谱了。
Outfit_Description_RiotGear_Heavy	最好的佣兵赚最多的瓶盖……还穿着最好的衣服。
QuestLoc_ExpressCheckout_Conversation_1_Team_1	这里还有剩下的吗？
QuestLoc_CabinFever_Conversation_1_Team_1	嘿兄弟们，你们知道我能看见你们，对吧？
VictorDialog_Generic_03	我的老天爷！
QuestLoc_DeathandDenial_Conversation_6_NPCEnd_2	哦，当然！他会和我断绝关系，我会用锋利的东西戳他……没什么大不了的。
QuestLoc_RadiationLeak_Conversation_1_NPCEnd_1	那就给你们吧。
QuestLoc_ExpressCheckout_QuestName	快捷收银台
Speech_Quest_Generic_Dweller_33	呃。我鞋子上粘了什么鬼东西。
Stats_PetBreeds_Manx	曼岛无尾猫
Bonus_RadHealingBoost	x{0}辐射恢复速度
PetCarrier_ContentRedeemTitle3	15个宠物笼
Message_Tutorial_04_Xbox	您可以在{建造区域}建造{房间}。 使用{左摇杆}选择一个{建造区域}，再{按下}以确认。
QuestLoc_RunThreeDogRun_Conversation_1_NPCEnd_2	他们一直在那说“死亡之爪”或“死亡的爪子”什么的，但是我想不起来了。
Outfit_Name_ScorchedHeavy	辐尸人
Encounet_Progression_NPC1	逃亡的奴隶腿部中枪了，他跑不远。
QuestLoc_HumansLikeUs_Conversation_4_NPCStart_1	我很想打电话回家。
Speech_SnipSnip_Bark6	你是从哪儿来的？我从未去过那里，希望有一天能去看看。
Help_Page27_BottomText	提示：一旦居民被驱逐出避难所，将永远不会再出现了，所以请谨慎！
Pet_DefaultFloatingDrone	外星无人机
QuestLoc_TheCaseoftheMissingMitt_Conversation_2_NPCEnd_1	不是，但它肯定不可能自己跑掉了。也许是周围什么人偷偷顺走了。
QuestLoc_DivideandConquer_Conversation_3_Team_2	很简单啊，6÷2（1 + 2）= 1。
QuestLoc_WondersofTechnology_Conversation_1_NPCStart_4	拿着，请带走这些残留的部件吧。它们对我来说已经没用了！
QuestLoc_AlienBotQuest04_Conversation_3_NPCStart_1	入侵者！请提供身份证明。
Speech_Happiness_Happy1	我热爱我的生活！
QuestLoc_GameShowGauntletC_Conversation_3_NPCEnd_3	如果我没听错的话，这是个超级好的答案！
Encounter_Victory_Repeatable_JunkLocation10	它们现在温顺得像小羊羔，所以我可以继续探索洞穴了。
Outfit_Name_BOSCasual_Expert	兄弟会便服
QuestLoc_BountySnips_Conversation_1_NPCStart_2	不过，你要知道，那只辐射蝎的壳和避难所的门一样厚。
QuestLoc_JuuussstttaBitOutside_QuestLongDescription	好吧，所以掠夺者没能带我们找到蔻驰。但还是值得一试。也许他会在旧的床垫厂小睡一会儿。
Stats_Common_Weapons	普通武器
Objective_KillRadroaches	消灭1只辐射小强
QuestLoc_FriendlySettlement_Conversation_2D_NPCEnd_4	是的，我想我发现了一些东西。
Stats_PetBreeds_BlueYellowMacaw	避难所科技鹦鹉
RichPresence_Xbox_08	试着从死爪事件中活下来
QuestLoc_GivemeLibertyandorDeath_Conversation_1_Team_4	是的，但是第174条，B条怎么样？
QuestLoc_WastelandTheMusical_QuestName	废土音乐剧
Speech_Conversation_NPC1_Topic54	帮我解个填字游戏。三个字，“常常很糟，总是难受”。
Speech_LivingQuarter_PickupLines_59	你真的喜欢我吗？
QuestLoc_Dog_QuestObjective	找到新朋友……
QuestLoc_TheCatBurglar_Conversation_1_NPCStart_1	来吧，小猫咪……等一下，你不是猫！
QuestLoc_OnlyHuman_Conversation01_PC03	我们确实需要一个好厨子！
QuestLoc_TheSixthSun_Conversation_3_NPCStart_3	那时他打算引爆一枚20兆吨的炸弹，又名“第六个太阳”。
QuestLoc_BottlecapBlues_Conversation_1_NPCEnd_1	是的，他们把瓶瓶和盖盖带到177号避难所。请小心。
Achievement_Xbox_Completed_05	完成60个任务
QuestLoc_CheesePlease_QuestName	请给我奶酪！
Title_StorageSpace	存储空间：
Button_Build	建造
HELP_LEGAL_LINK	fo.sdo.com/faq/
Pet_Description_siamese_l	地球上最美最有耐心的小公主。
QuestLoc_SetEmUpPestilence_Conversation_2_Team_1	嗯……鹰吗？
QuestLoc_ExpressCheckout_QuestShortDescription	清空大无敌超市。
QuestLoc_TheAbyss_Conversation_1_NPCEnd_1	当然，我想。我自己从没下去过，但肯定有个底，对吧？
Outfit_Name_WandererArmor_Heavy	重型皮甲
QuestLoc_ScienceCooperative_Conversation_2E_NPCStart_3	但这是为什么呢？难道不是所有的生物都需要光的吗？
Tutorial_Tip_25_Xbox	点击右摇杆选择一个居民来查看更多关于SPECIAL属性的细节。
QuestLoc_SpringingtheTrap_Conversation_2_NPCEnd_1	所以没有人可以避免瘟疫的庇佑，当然！但真正的追随者会知道……
Speech_Quest_NotAlone_Dweller_17	加油。快点把它搞定。
Message_Tutorial_43_Xbox	这次您需要一个{水房}来帮助您生产干净的{水}。{选择}{水房}。
RichPresence_Xbox_06	阻止掠夺者
QuestLoc_TheQuestforVault525_QuestObjective_1	在大无敌超市补充物资。
QuestSurprise_Discovered_RedRocket	{0}发现了一个红火箭服务站。
QuestLoc_EvictionNotice_Question2_Answer3	别让疯狂大汗帮动脑子！哲学是老大的专属！
Junk_Desc_PreWarMoney	像2077年那样大把撒钱吧！
MrHandyDialog_Wasteland_84	一家旧咖啡店。如果那是一家茶馆，我可能会感到一丝悲伤。
QuestLoc_VaultTecExperimentReviewC_Conversation_1_Team_1	你们真可笑。
MrHandyDialog_Wasteland_39	我得重新考虑一下“把巧手先生送到废土”这个主意……
QuestLoc_TheCaseoftheMissingMitt_Conversation_2_NPCEnd_3	说实话？那家伙就是惹毛了我，想把他那张傻笑的脸打烂。
Speech_LivingQuarter_PickupLines_73	宝贝，谁关心太阳呀？我是你唯一需要的光。
QuestLoc_MyMetalPony_Conversation_1_Team_2	兄弟，整个小镇就只有这一匹马。
QuestLoc_GoingToTown_1_Question5_02	瞧！奇迹血清。不是治疗药，但能增强你的大脑和身体。
QuestLoc_FirstDown_Conversation_1_NPCStart_4	他们带走了我的妹妹。求求你们，一定要帮帮她！
Help_Page24_MainText	生存模式是为喜欢额外挑战的玩家准备的。在此模式下，游戏规则与普通模式相同，只有以下几点变化：

- 资源会消耗得更快。

- 灾害会带来更大损伤。

- 居民无法复活，无论身在避难所、废土还是任务中。

- 目标更苛刻，但奖励更丰厚。

- 任务更具挑战性。
QuestLoc_FoodFight_Conversation_1D_NPCEnd_4	你先死！这样我就有更多的饱饱牌肉罐头可以吃了！！
Pet_Description_mainecoon_b	只是看起来像一个野孩子。它其实文静又可爱。
Weapon_Description_UltraciteGatling1	辐射极琉矿矿石旋转得比尖叫声还快。
QuestLoc_AtDeathsDoor_RaiderLine_4	是“死亡”！让它得到报应！
QuestLoc_JustDeserts_Conversation_1_NPCStart_3	因为你们的努力，废土现在变得更安全了。
Weapon_Name_50CalMachineGun_ArmorPiercing	穿甲.50机枪
QuestLoc_GameShowGauntletD_Conversation_3_NPCEnd_1	你说得对！你可以进入下一个回合了。
QuestLoc_FactoryFloorofFear_Conversation_1_Team_2	你会死在这里的。
QuestLoc_IntoVault333_Conversation_1_NPCStart_3	我们最近深受掠夺者的危害，你们必须要证明自己是可信的！
QuestLoc_SpyonRaiders_Conversation_3D_Team_1	对，我们想要一些新武器！
QuestLoc_SavingDaylight_Conversation_2_Team_3	如果我们现在在第五个太阳上，其他的太阳都发生了什么？
SnipSnipDialog_Wasteland_108	打扰一下，我能帮你度过美好的一天吗？
QuestLoc_DeathandDenial_QuestLongDescription	天哪！我们刚刚得到消息，威廉·皮博迪三世先生被发现死在他的卧室里。我们必须派我们最聪明的侦探和他值得信赖的助手去解开这个可怕的谜团！
SeasonModal_Leaderboard_AddFriendsReminder	添加好友，在赛季排行榜上比拼名次！
QuestLoc_StopthePresses_Conversation_1_NPCEnd_1	这招不错！我们本来可以把你们打得满地找牙的。来，这是你们的战利品。
Speech_Conversation_NPC2_Topic19_Response1	是啊！真不敢相信她会那么做！有些人脸皮可真厚。
Pet_Description_siamese_b	不是傲慢……就是比你强。
Speech_Quest_Generic_Dweller_Conversation_14_Response_3	想要个整天东闻西嗅的朋友，你养条狗不就得了。
Outfit_Description_TiedBlouse	适合繁重的农场劳作或是乡村音乐的表演。
QuestLoc_WhackaMole_QuestName	鼹鼠大战
QuestLoc_VaultTecExperimentReviewC_Conversation_3_Team_4	你们的国土里有没有什么可供打造的杂物吗？
QuestLoc_DartofHarkness_Conversation_1_NPCEnd_1	扔掉那些瓶盖么？我不要！
Updated_Terms_Message	[365136]点击“继续”，即表示我确认 ZeniMax 将按《隐私政策》所述处理我的个人信息，并接受《服务条款》《行为准则》和《最终用户许可协议》。
QuestLoc_GhostlyGag_RaiderLine_2	我才不怕什么鬼呢。
Room_Gym_3	力量训练中心
Room_WeaponFactory_Desc	将居民分配在这里打造武器。
QuestLoc_ScientificProgress_Conversation_1_Team_1	没有你在，未来会变得光明许多！
QuestLoc_DrivingtheSnakesOut_Conversation_2_NPCStart_1	你们知道，红法人没有灵魂吗？
SeasonalShopDisclaimerDialog	此实验避难所仅在赛季期间可用，赛季结束后将不再可访问。

赛季通行证奖励仍可在所有避难所领取且不会丢失，但在此避难所中购买的其他商店物品将在赛季结束时丢失。

确认购买？
QuestLoc_LittleMissWasteland_Conversation_3_Team_2	算了，选核子可乐吧，最终答案。
QuestLoc_Firestarter_Conversation_1_NPCStart_2	全都着火啦！速战速决！
QuestLoc_DivideandConquer_Conversation_1_NPCEnd_2	……或5里非常小的值。好吧，你可以过去了。
QuestLoc_GoingToTown_2_Question2_Choice2	那瓶“奇迹血清”是你们做的？我有投诉要提。
QuestLoc_BewareofOverdog_QuestObjective_1	寻找850号避难所监督者。
QuestLoc_EvictionNotice_Question3_Choice2	你们毁了诺瓦克的氛围。
Encounter_Defeat_Creature5	我真是疯了，居然和妖怪熊杠上了。但愿我能逃脱！
QuestLoc_ParleyTime_Conversation_1_NPCStart_1	战争可能会要求见你，但你仍得凭本事赢得与他会面的机会。
QuestLoc_OneGhoulCustomer_Conversation_1_NPCStart_2	这些可怕的尸鬼想偷走我的量子核子可乐。
QuestLoc_MonsterUndertheBed_RaiderLine_3	我想我好像踩到了什么怪兽的便便。真恶心。
QuestLoc_RoboRampage_Conversation01_PC01	这话还给你！
Controls_Xbox_Vault_ZoomIn	放大
QuestLoc_TheThrilloftheHunt_QuestlineName	狩猎的战栗
Outfit_Description_HazmatSuit	保护你远离危险品的伤害。
QuestLoc_AllsFairinLoveandNuclearWar_QuestLongDescription	我们收到消息，附近的一个避难所正在为情人节举行单身之夜的活动，他们邀请了我们同去！
QuestLoc_SpelunKingTrainingE_QuestShortDescription	魅力又敏捷的居民真的有本事赢得大赛吗？
QuestLoc_PowertothePeople_Conversation_1_NPCStart_3	他们对自由的定义是不是有点奇怪……
MrHandyDialog_Cafeteria_02	感谢通用原子国际让我免受恶心和肥胖的威胁。
QuestLoc_MatterstoSettle_QuestName	问题待解决
QuestLoc_ThirdandGoal_Conversation_2_NPCEnd_1	谢谢！
QuestLoc_RunThreeDogRun_Conversation_1_NPCEnd_3	相当的。三狗大概是他们最后一个要杀掉的。
VictorDialog_Wasteland_13	拔枪，搭档！哈哈，就是练练手。
QuestLoc_FoodFight_Conversation_1E_NPCEnd_4	切。他们自以为有资格叫我“野蛮人”……
QuestLoc_SpringForwardFallBack_RaiderLine_1	欢呼吧，E-斯特要来了！
Encounter_Random_Message82	哦，一个旧棒球场。很久没人在这儿跑垒了。
QuestLoc_PittStop_Conversation01_NPC03	也不属于你呀，哈哈，我们可不打算放人！
QuestLoc_ScienceCooperative_QuestShortDescription	派你的居民去废土上帮助科学家们。
QuestLoc_GameShowGauntletH_Conversation_2_NPCEnd_4	最差劲的答案！“掉脑袋”的时候可别乱晃！
Pet_Boxer	拳师狗
QuestLoc_TheAbyss_Conversation_2_NPCStart_1	我的眼睛一定在欺骗我……
Bonus_SurvivalGuide_FasterWastelandReturnSpeed	废土返回速度
QuestLoc_ScienceCooperative_Conversation_1A_NPCStart_3	人手一把激光枪是我们的座右铭。
QuestLoc_DeathclawDeeLite_4_CombatInit1	订房！
Encounter_Defeat_NPC4	是我得寸进尺了。商人并不喜欢我提的买卖。
Speech_LivingQuarter_Dialogue_NPC1_19	如果我成立一个编织队，你觉得会有人参加吗？
Message_ProductionTimeSkipNukaQuantum	花费{0}量子核子可乐保证完成加速？
QuestLoc_HomeFieldAdvantage_QuestLongDescription	蔻驰会藏在旧铅笔厂吗？大概不会。但无论如何还是查看一下。
Encounter_Random_Message92	又一辆生锈的旧汽车。
Outfit_Name_RobotArmor	机器人装甲
QuestLoc_BugHunt_QuestLongDescription	猎人大维斯为勇者们准备了一系列挑战。第一件事就是抓住一只发光辐射蟑螂。给枪上好膛，准备出发吧！
QuestLoc_AllWorkandNoPlay_QuestLongDescription	鲁巴布又发现了一个要解放的避难所。是时候出发然后从掠夺者手中救出监督者阿昌了。
Encounter_Message_Location16	“虎不理漫画”公司总部。
Speech_Quest_Loot_Dweller_27	能找到的我全都要带走。
QuestLoc_AimfortheHead_QuestShortDescription	杀死发光种。
QuestLoc_S2_QL3_SecuritronsUncapped_1_Question4_Choice1	我们不能陪同，但路已经打通了。
QuestLoc_CrossingPaths_Conversation_1_NPCEnd_1	太糟了。不过，至少让我对你们的遭遇有所补偿吧。
QuestLoc_CabinFever_Conversation_1_NPCEnd_2	哦。
Junk_Name_Globe	地球仪
Speech_Room_SomeoneUnhappy_Hydroponics	如果可以，我真想种一株捕蝇草，把你活活吃掉。
Weapon_Name_SniperRifle_Rusty	生锈的狙击步枪
QuestLoc_GoingToTown_1_QuestObjective2	获取一些服装。
VictorDialog_Wasteland_33	哎哟我的老天，一套货真价实的动力装甲！不知道合不合我的身……
Pet_Description_burmilla_l	真是只秀美的小猫咪。
QuestLoc_FollowingHisFirstSteps_QuestObjective_2	杀死掠夺者首领。
QuestLoc_TheBigsbyBrownCase_Conversation_1_NPCStart_4	你们帮我了结这一切吧。
QuestLoc_GameShowGauntletH_Conversation_3_NPCEnd_1	叮咚，说对了。谁告诉他们正确答案的？谁？
Encounter_Random_Message170	探险家日志。新条目：收音机仍被广泛使用，依旧是一种有效的通讯手段。
QuestLoc_DivideandConquer_Conversation_1_NPCEnd_1	那是“点22”（.22口径）。且听我说。
QuestLoc_PlayingCatchUp_Conversation_1_NPCStart_1	我告诉过那些掠夺者了，对你们也是一样的话，这里不欢迎你们！
QuestLoc_GameShowGauntletJ_Conversation_4_Team_3	她觉得自己是一个合成人。
Room_ScienceLab_Desc	将居民分配在这里生产消辐宁
QuestLoc_Firestarter_Conversation_1_NPCStart_3	去死吧，你这个纵火狂！
Encounter_Random_Message20	在外面待久了，还真是孤单啊。
QuestLoc_HittingtheBooks_Conversation_1_NPCStart_2	谢谢你帮忙解决了我们的害虫问题。
Encounter_Random_Message66	我想吹口哨，但我的嘴巴太干了。
QuestLoc_SlashandBurn_QuestObjective_1	杀死发光种。
Notification_Quest_01	{0}：您的任务小队已到达目的地。
Fur_Not_Guaranteed	*不保证有毛。
QuestLoc_GameShowGauntletC_Conversation_1_NPCStart_1	欢迎来到“掉脑袋”的世界！
QuestLoc_GroomforDoubt_Conversation_1_NPCEnd_2	好的。但我们还是要杀了你。
Weapon_Description_LaserPistol_Amplified	快速发射，一道闪光，剩下一堆灰烬。
QuestLoc_LetsKnockitOuttathePark_QuestShortDescription	亨丽埃塔能带我们找到棒球衫吗？
QuestLoc_VaultTecExperimentReviewA_Conversation_3_NPCEnd_1	哈哈！给你们吧。
Radio_Range_Vault	避难所
Weapon_Description_PlasmaCaster	以最有效的方式将尽可能多的等离子体射向目标。
QuestLoc_TheThinlyVeiledPlotThickens_QuestName	迷雾重重
QuestLoc_AllsFairinLoveandNuclearWar_QuestShortDescription	去附近的避难所找到潜在的伴侣。
QuestReward_LunchBox	午餐盒
QuestLoc_SpyonRaiders_Conversation_3C_NPCEnd_4	这是玩的哪一出？！
Outfit_Description_RaiderArmor_Heavy	为了管理其他疯子的疯子准备的。
VictorDialog_Wasteland_10	呀呼！
QuestLoc_ItsnotEasyBeingGreen_Conversation_1_NPCEnd_2	在圣帕特里克节的傍晚。你们觉得有关联吗？
QuestLoc_ASpecialBrand_Conversation_2_Team_1	杰克还活着？我们还有可能再多活一天……
Speech_Generic_Dweller41	老晒不到太阳，我都有点受不了了。该把维生素D加加量了。
Facebook_SendGift_Title	赠送礼物
QuestLoc_DeathRevealed_QuestObjective_1	跟144号避难所的监督者交谈。
QuestLoc_TheDoorBuster_Conversation_1_NPCEnd_2	算了，这个也许只是一个掠夺者陷阱。
Button_Sort	排序
QuestLoc_FashionStatement_Conversation_1_NPCEnd_2	我就知道！不过你既然注意到了，就应该死！
QuestLoc_TheBigsbyBrownCase_QuestObjective_1	找到比格斯比·布朗。
Theme_Name_Halloween_Diner	万圣节餐厅
QuestLoc_HumansLikeUs_Conversation_5_Team_2	关于那些奇怪的光……
QuestLoc_TheSecretofREDACTED_Conversation_2_NPCStart_2	这是一个禁区，只允许[REDACTED]进入。
Time_Minute	m
Room_Upgrade_Not_Enough_Dwellers_RareOutfits	将房间升到2级可以打造稀有装备。
QuestLoc_DeathclawDeeLite_3_QuestObjective2	消灭成年死爪（1/2）。
QuestLoc_SantasHelpers_Conversation_1_Team_1	我们是圣诞的帮手！现在快点，跟我们一起唱点圣诞颂歌！
QuestLoc_KidnappingatVault778_Conversation_2_NPCStart_2	他刚刚离开了！我想他应该有更重要的地方要去。
QuestLoc_GhoulSupplies_Question2	嘿，你是来帮旅馆的对吧？你有什么可以交换的？
QuestLoc_ExtremePrejudice_Conversation_4_NPCStart_1	嘿，你能帮我们解决争吵吗？
QuestLoc_TheReluctantShill_Conversation_1_NPCStart_3	不知道是什么，但水确实是新鲜的。虽然它没有神奇的属性。
QuestLoc_OutfitRun_QuestObjective_1	追回主要的装备储备。
QuestLoc_ParleyTime_Conversation_3_NPCStart_2	我建议联盟，直到其他骑士被击败。
QuestLoc_PowertothePeople_Conversation_2_NPCEnd_3	杀了你就是我的工作。
QuestLoc_AlienBot_01_QuestLongDescription_01	进入避难所的周年纪念即将到来，让我们举办庆祝活动，提振避难所士气吧！虽然食物和音乐都不缺，但似乎避难所科技公司在储备物资时，忽视了派对装饰！我们得派人去附近的大无敌超市找一些回来……
SnipSnip_Name	剪刀手
Speech_Conversation_NPC1_Topic1	待会儿来玩牌吧？
Outfit_Name_costume_10	休闲服10
QuestLoc_ItsnotEasyBeingGreen_Conversation_1_NPCStart_4	在我们调查前，要不要先喝点吃点？
QuestLoc_RubarbsReckoning_Conversation_1_NPCEnd_1	相信我。我已经得到教训了！
QuestLoc_VaultTecExperimentReviewE_Conversation_3_NPCEnd_2	拿走我的幸运套装吧！
Message_ReplaceLocalSave	云存档将取代您目前的本地存档。您想继续吗？
QuestLoc_ManonSecond_QuestLongDescription	好吧，第一个地点并没有什么用。现在前往第二个。继续寻找罗基·杰宾森棒球衫！
Stats_PetBreeds_TurkishVan	土耳其梵猫
Speech_Quest_Generic_Dweller_Conversation_11_Response_3	你说什么？谁选你当监督者了？
Updated_Terms_Privacy_US	[365136]如需选择退出与第三方共享您的数据，请点击下方隐私设置按钮或访问设置菜单。
Speech_Conversation_NPC2_Topic56_Response2	房子着火？
QuestLoc_ThisGoldenRing_Conversation_1_NPCStart_2	他们想要我们的奖品！
Room_DecorationFactory_Desc	将居民分配在这里打造装饰品
QuestLoc_HomeFieldAdvantage_QuestName	主场优势
Encounter_Random_Message123	我想我会往东走一会儿。
QuestLoc_GoingToTown_3_Question1_Answer2	不行！我会丢工作的！
Outfit_Description_CromwellSpecial	原子的力量让你看起来棒极了！
QuestLoc_SpyonRaiders_Conversation_2E_Team_3	你能再说一遍吗？我们必须把它记下来因为我们在监视你。
Outfit_Description_RadiationSuit_Expert	曾想过在一个满是辐射废料的池子里游泳吗？
Weapon_Name_PoolCue	台球杆
Help_Page10_MainText	储藏室会增加您的武器，装备，杂物和宠物的存储空间。

- 升级储藏室，增加存储容量。

- 通过哔哔小子菜单访问库存，卖掉不想要的物品。

- 分解武器和装备，可按对应配方获得杂物。

- 如果其他房间都满员的话，储藏室可用来暂时安置居民。

- 建造医务室和实验室能增加治疗针和消辐宁的持有量。
QuestLoc_ToySoldiers_QuestName	玩具士兵
Outfit_Description_SpecialThemeHalloween	小心别吃糖吃到发晕。
Outfit_Description_SurvivorSpecial	能处理任何废土扔给你的东西。一次又一次。
Outfit_Description_ColonelSpecial	曾被一个勇猛的上校穿过。现在轮到你发布施令了。
QuestLoc_ESterisComing_QuestShortDescription	帮助原子之子找回一个古老的神器。
QuestLoc_TheLastGobble_Conversation_1_NPCStart_3	我给它注入了一个废土生物的DNA，那个生物对充满防腐剂的食物有着巨大的胃口，根本无法满足。
QuestLoc_AlienBotQuest05_Conversation_1_PC2_2	这是离我们最近的罗伯科公司工厂，它肯定在这儿。
QuestLoc_SpyonRaiders_Conversation_3B_Team_2	老大！我们想要点医疗物资！
Message_Tutorial_05	现在我们需要{居民}来使{发电室}发电。
Speech_LivingQuarter_Dialogue_NPC2_8	也许废土上能弄到一个新的。呃，也不算新的……
QuestLoc_TheInfiltrationGame_Conversation_2_NPCStart_1	你把我要的东西还给我了吗？
MrHandyDialog_GameRoom_02	哼，就让这些人类来挑战我在《红色威胁》中的高分吧……
Outfit_Name_CheckeredShirt	春季休闲装
QuestLoc_GameShowGauntletF_Conversation_3_NPCStart_2	汉尼拔哈姆林想要修复的是哪座纪念碑？
Tutorial_Tip_65_PC	点击任何地方来跳过任务里的对话。
VictorDialog_Wasteland_18	嗯……我怎么感觉来过这里？
QuestLoc_SpyonRaiders_Conversation_2A_Team_4	你知道吗？我们正准备杀了你。
Speech_Kid30	我敢打赌，废土上一定有变种仓鼠。
QuestLoc_TheScorpionKing_QuestObjective_2	杀死发光辐射蝎。
Controls_Xbox_Vault_Resources	资源（点击）
QuestLoc_DogGone_QuestLongDescription	避难所门口发现一张字迹潦草且满篇错字的字条。“如果泥门还想再见到那支狗，就来吾萌的房子，记住必许带上枪，瓶改和次的。”一定是那些愚蠢的掠夺者写的，因为我们根本就没有什么走失的狗。但是如果这些混蛋真的绑架了一个小家伙，我们还是要去救它。
QuestLoc_FriendlySettlement_Conversation_1B_Team_1	尸鬼们，和我们保持距离就行。其他的都好说。
QuestLoc_TheEndoftheRainbow_QuestLongDescription	我们听到过关于在彩虹尽头发现巨大宝藏的奇怪传闻！我们的计算表明，那就在废弃矿山附近的西部，由一个神秘的名叫“麻风病尚恩”的掠夺者首领所统治。
QuestLoc_GoingToTown_1_Question2_Answer3	绝妙的选择。给你！
QuestLoc_GuardianoftheWastes:Deathclaws_QuestLongDescription	让我们为保卫废土尽一份力。清理掉那一窝危险的，被辐射过的生物吧！
QuestLoc_SomewhereintheBallpark_QuestLongDescription	我们出发去寻找第十个棒球衫可能存在的地点。这次我们应该会走运的……对吗？
QuestLoc_WeddingCrashers_Conversation_1_NPCStart_1	哦好啊，有人来了！看看，你必须得做点什么才行！
QuestLoc_HerestoYouRackieJobinson_Conversation_1_NPCEnd_2	哦，你们一定会被狠狠三振出局的！
Objective_CraftRareUltraciteWeapon	打造1件稀有辐射极琉矿武器
Weapon_Name_FatMan_Hardened	硬化型胖子核弹
QuestLoc_SpyonRaiders_RaiderLine_3A	我会把你们变成肉酱！
QuestLoc_VaultTecExperimentReviewC_Conversation_1_Team_2	万岁！我们是来做买卖的呢，我亲爱的骑士们！
Tutorial_Tip_02	将居民分配到生产房间来获得资源。
Bonus_TrainingNonStopBoost	-{0}%训练时间（持续）
Encounter_Progression_JustStartedTier1_5	再一次冲锋陷阵！
Outfit_Name_WandererArmor_Sturdy	坚固皮甲
QuestLoc_WeddingCrashers_QuestObjective_1	阻止婚礼。
QuestLoc_TheCaseoftheCapturedCanine_Conversation_1_NPCStart_3	快点！狂尸鬼们准备开饭了！
QuestLoc_RescueOperation_QuestName	拯救行动
Encounter_Random_Message114	回家后冲个澡一定爽翻了。
SnipSnipDialog_Generic_16	懒得动？那你可找对机器人了！你想要什么，我去拿。
QuestLoc_TheTailContinues_Conversation_1_NPCStart_3	对了，你们有看到一个女孩和一只狗吗？
QuestLoc_LastInningOrnot_QuestShortDescription	寻找罗基·杰宾森的棒球衫。
QuestLoc_WhenPrestonCalls_Conversation_1_NPCEnd_1	据说一些定居者被掠夺者绑架了。他们在778号避难所。给，拿着这件制服。我反正用不上了。
Title_Time	时间
Updated_Terms_Privacy	[365136]如需选择接受或拒绝与第三方共享您的数据，请点击下方隐私设置按钮或访问设置菜单。
Room_Bar_Build	建造一个会客室？
QuestLoc_MondayNightBrawl_Conversation_1_Team_3	如果每次输给像你们这样的蠢蛋就能得一个瓶盖，那我们估计只能得零个瓶盖！
QuestLoc_DivideandConquer_Conversation_1_Team_1	不，2 + 2是22，像口径。
Stats_Lunchboxes_Opened	打开午餐盒
QuestLoc_S2_QL3_SecuritronsUncapped_1_Question1_Line1_Choice1	外面已经清理干净了。趁机撤！
QuestLoc_S2_QL3_Q4_Warehouse_Question5	嘿！我们正干着精细活呢。警卫呢？都死哪儿去了？
QuestLoc_RadroachRoundup_Conversation_1_NPCStart_3	然后他们释放我们所有的辐射蟑螂，包括发光辐射蟑螂女王。
QuestLoc_WaroftheNerds_Conversation_1_NPCStart_3	赶紧让他们正常点吧！
Speech_LivingQuarter_PickupLines_44	快叫医生！我心肌梗塞了！就是心脏病发作那种。因为你实在太……哦，算了。
QuestLoc_TheCaseoftheQuantumCreeper_Conversation_1_NPCEnd_3	呃，我没仔细看过，但我可以告诉你它很难看。有三个头，速度超快。最重要的是，它超爱量子核子可乐。它偷走了我们所有的存货！
MrHandyDialog_Wasteland_20	我的温度计显示当前温度接近“地狱第七层”。
Outfit_Description_MayorSpecial	安置点需要统治者，你被选中了。
QuestLoc_ParleyTime_Conversation_3_Team_3	好吧，但你真的是“战争”？我们还以为你有多吓人呢。
QuestLoc_ESterEggHunt_RaiderLine_1	不知道死爪蛋好不好吃……
VictorDialog_Wasteland_50	热得就像莫哈维的正午。等等……这就是莫哈维的正午！
MrHandyDialog_RadioStation_02	麦克风测试，麦克风测试，1、2、3。这玩意儿开着吗？
Room_Overseer_2	监督者控制站
Encounter_Message_Location15	韦斯顿水处理厂。
Weapon_Description_PlasmaThrower_DragonsMaw	唤醒神龙，把你的敌人变成灰烬。
MysteriousStrangerWindow_Watch	领取奖励或查看来自赞助商的消息（视频），获取双倍奖励。
QuestLoc_SpyonRaiders_Conversation_1C_Team_3	其实我们是伪装的避难所居民。来这里暗中监视你们的！
Button_BuyPack	购买卡包
QuestLoc_WeaponsRun_QuestObjective_3	寻找更多的武器存货。
QuestLoc_TheToweringIlForno_RaiderLine_3	那份千层面最好超级好吃！
QuestLoc_GameShowGauntletE_QuestName	游戏秀场的考验
Crafting_FreeJunk_Main2	许多物品无法探险时找到，只能通过打造获取。当您选择时，这些物品会有打造图标标识。
Pet_Description_manx_b	只要你有金枪鱼，它就是你最好的朋友。
QuestLoc_FonsVivus_Conversation_1_NPCStart_2	马格的湿疹好了，作物也长齐了……甚至我们的双头牛奥利·杰斯也不再一瘸一拐了！
Speech_Quest_Loot_Dweller_32	物资永不嫌多……
QuestLoc_TakingOuttheTrash_QuestObjective_1	清理840号避难所的尸鬼。
QuestLoc_ExtremePrejudice_Conversation_1_NPCStart_3	你是间谍吗？
QuestLoc_TheCaseoftheLostLunch_Conversation_2_Team_1	放了那个掠夺者吧！
QuestLoc_CheesePlease_Conversation_1_Team_2	除非我们得到我们想要的。
QuestLoc_FactoryFloorofFear_Conversation_1_Team_4	你听到了抓挠的声音？从哪里传来的？
QuestLoc_GasNGo_Conversation_1_NPCEnd_3	等我去那了之后一定会抢个精光！
Message_EvictDweller	您真的想驱逐这个居民吗？
QuestLoc_CollectorsEdition_QuestObjective_1	找回巧手先生盒子。
Encounter_Victory_Creature16	这只狂尸鬼漫游者的游荡生涯到头了。
Room_UltraciteWeaponFactory	辐射极琉矿武器工坊
Objective_LevelUpDwellers	让1名居民升级
Outfit_Name_PowerArmor_51f	t-51f动力装甲
Bonus_SurvivalGuide_RadHealingBoost	辐射恢复速度
QuestLoc_SecretWeaponTest_RaiderLine_3	有杂物吗？这里有更多！
QuestLoc_S2_QL3_Q2_Handy_Question4	市民，请注意附近有敌对机器人。
QuestLoc_CoveringAlltheBases_QuestShortDescription	去更远的地方搜寻教练与棒球衫。
QuestLoc_TheMoleRatMan_QuestLongDescription	一个称自己为“鼹鼠人”的疯子训练鼹鼠们袭击定居点，抢走他们的红果。现在是时候反击了！
QuestLoc_FoodFight_QuestName	食物大战！
QuestLoc_DeathclawDeeLite_4_Question1_Choice1	我救了你，你该付钱给我。
Speech_Conversation_NPC2_Topic54_Response2	这还不简单。“苦大仇深”。不对，等等——“水深火热”！“叫苦连天”？
QuestLoc_SpringForwardFallBack_Conversation_1_Team_2	不，谢谢，我们在这里礼貌地要求你停止喷人。
QuestLoc_TooGoodtobeTrue_QuestLongDescription	废弃的避难所里有许多物资？那里现在是死爪的领地了。没人知道死爪是怎么进去的，但想拿到物资储备肯定先得对付它，是时候拿出杀手锏了。
Bonus_FasterWastelandReturnSpeed	x{0}废土返回速度
Message_Tutorial_12	如果需要额外资源，可以使用{极速模式}。{点击}{极速按钮}来{打开}{极速菜单}。
Objective_StopInvasion_Plural	阻止{0}次避难所入侵
QuestLoc_RescueSanta_Conversation_1_NPCEnd_1	好吧，但别射中你自己的眼睛！嚯嚯嚯！
Room_Mausoleum_3	陵墓
QuestLoc_ScienceCooperative_Conversation_1D_NPCEnd_1	你怎么敢这么说？！这些人是死了，但没有被遗忘！离我们远点！
Room_DecorationFactory_3	装饰工厂
QuestLoc_AllWorkandNoPlay_Conversation_2_NPCStart_4	听着，我们只想活着出去，放我们走行吗？
Room_UltraciteWeaponFactory_Upgrade_Level3	制造传奇辐射极琉矿武器
QuestLoc_TheBansheesKeen_Conversation_3_Team_3	如果你把鹦鹉给我们，我们就让你活下去。
SnipSnipDialog_Wasteland_106	我随时为你效劳。
Speech_Conversation_NPC2_Topic36_Response3	哦，我的天啊！掠夺者来了！掠夺者来了！
QuestLoc_DearthOfClaws_Conversation01_NPC01	哦！别紧张！其他样本都抵御了我的改造。
QuestLoc_FriendlySettlement_Conversation_2D_Team_3	如果你们有治疗针的话那最好了。
SnipSnipDialog_Generic_01	人类开心，我就开心。我发誓。
Speech_Room_LoveJob16	有我在这里工作，保证效率达到最高！
QuestLoc_GameShowGauntletF_Conversation_1_NPCStart_3	如果你回答错了，你就会……“掉脑袋”！
QuestLoc_TheEndoftheRainbow_QuestObjective_1	找到主要的宝藏。
QuestLoc_TheQuestforVault525_Conversation_1_NPCStart_2	需要再次补充物资，但我已经很接近了。525号避难所就是避难所大都会！
QuestLoc_BoogieWoogieBugleBoy_Conversation_1_Team_1	学不乖又怎样？这里说得清清楚楚新波士顿号角就是从核子可乐仓库里发行出来的。
MrHandyDialog_Generic_45	这里的灯光太差了。如果我有眼睛，它们早就废了。不过戴上眼镜，我可能会很帅……
QuestLoc_DuoofDestructionGlowingRadroaches_QuestObjective_2	除掉第二只发光辐射蟑螂。
QuestLoc_HumansLikeUs_Conversation_2_NPCStart_2	哦，对不起，我以为你是别人呢哈哈。
Speech_Kid36	这是有史以来最好的避难所！
Speech_Conversation_NPC2_Topic47_Response3	你也许该考虑再提提臀。
QuestLoc_TheBansheesKeen_RaiderLine_2	至少我们可以开枪……不像鬼！
QuestLoc_DartofHarkness_QuestLongDescription	我们从铆钉城安保长官哈克尼斯那里收到一条讯息，他要亲自给我们传达一些重要信息。穿上你最好的衣服，在避难所北边被遗弃的大无敌超市见见他。
QuestLoc_S2_QL2_Q3_Req_Question5_Answer1	我理解，时间的持续压迫会让人无法沉浸在……的满足之中……嘿，你们去哪儿？
QuestLoc_GameShowGauntletG_Conversation_2_NPCEnd_4	错，错，错！现在……“掉脑袋”吧！
QuestLoc_TheInfiltrationGame_Conversation_2_NPCEnd_2	那是脏的餐巾，不是蓝图，你是间谍！
QuestLoc_Vault199_Conversation_1_NPCEnd_1	这里没有狗。试试他们的姐妹避难所吧：899号。他们更经典。但首先，拿着这个吧，当做是我们的感谢。
QuestLoc_TheEndoftheRainbow_Conversation_2_NPCStart_3	你怎么了，小伙子？被感染了吗？
QuestLoc_ScienceCooperative_Conversation_2C_NPCEnd_1	我不需要听你们这些废话！赶紧走开！让我一个人工作。
QuestLoc_ThirdandGoal_RaiderLine_2	准备好被打回预备队吧！
QuestLoc_Infested_QuestObjective_1	除掉辐射蟑螂。
QuestLoc_RadroachRoundup_Conversation_2_NPCStart_3	“瘟疫”。“害虫”。显然，他们没有花很长时间去想名字。
SeasonPass_BattlePassUnlocked_Btn	赛季通行证已解锁
QuestLoc_WastelandTheMusical_Conversation_5_NPCStart_1	♪ 我已失去一切慰藉 ♪ 却连死的希望 ♪ 对我这苦命人也全无 ♪
QuestLoc_AtDeathsDoor_RaiderLine_1	哦，我的妈呀！“死亡”不是一个早起的人！
Button_Status	状态
QuestLoc_CoveWatch_QuestName	溪谷勘察！
RichPresence_Xbox_04	扑灭避难所火灾
QuestLoc_BewareofOverdog_Conversation_1_NPCStart_2	我？监督者？不不不，我们避难所的监督者是这只狗。
QuestLoc_VaultTecExperimentReviewB_Conversation_3_NPCStart_4	我们能回赠你们一些什么？
Title_Status	状态
QuestLoc_DeathandDenial_Conversation_5_Team_1	你是说你想让他死？
Speech_Quest_Generic_Dweller_Conversation_8_Response_1	当然了！我们那么厉害！
QuestLoc_GameShowGauntletF_Conversation_2_Team_3	铁路。
QuestLoc_SeventhInningStretch_QuestLongDescription	蔻驰真的有棒球衫吗？有证据说他可能在一幢旧的办公大楼里。最好去看看。
QuestLoc_VaultTecExperimentReviewB_Conversation_3_Team_4	我们有一些秘密的打造活动，需要一些杂物。
Objective_Power	收集{0}电力
Speech_Happiness_Happy4	一切都……很完美。
QuestLoc_BeatReporting_Conversation_4_Team_1	我们是试图帮助的避难所居民。有什么办法可以识别出你的记者吗？
QuestLoc_WondersofScience_QuestObjective_1	寻找霍夫伯格博士。
Outfit_Name_JailhouseRocker	监牢摇滚客
SnipSnipDialog_Generic_11	来啦，来啦！我马上就来！
Outfit_Name_CombatArmor_Heavy	重型格斗护甲
Weapon_Description_50CalMachineGun_Hardened	抵御一群掠夺者或变种人的正确防身武器。
QuestLoc_PlayingCatchUp_Conversation_1_NPCEnd_1	抱歉我不该认为你们是那样的人。你们要找的掠夺者去了罗伯科的办公楼。
UnlockRoom_Game	您的避难所有{0}位居民
QuestLoc_ScienceCooperative_QuestName	科学合作！
QuestLoc_SavingDaylight_QuestName	节省天光
QuestLoc_NabbedfromNukaWorld_QuestlineName	从核子世界抢过来的
Special_Charisma	魅力
QuestLoc_ScienceCooperative_Conversation_1E_NPCEnd_1	那是什么态度？你为什么不离我的植物远点？
Pet_Description_germanshepherd_b	“经典”一词都不足以形容它。
Objective_SurviveGhoulNoCasualties_Plural	在没有人员伤亡的情况下撑过了{0}次尸鬼攻击
QuestLoc_OBrother_Conversation05_NPC02	钢铁兄弟会拥有最好的装备，看看这个！砰！
Quest_Dialog_1_3	我们对他毫无情分可讲。
QuestLoc_VaultTecExperimentReviewA_Conversation_2_NPCEnd_1	真是毛骨悚然！这奖励，给你们。
QuestLoc_HoneymoonHorror_Conversation_2_NPCEnd_2	亲爱的，当我在一个完全安全的环境下辛苦工作的时候，我永远都不会忘记你的。你 一定要坚强！
QuestLoc_CheerfortheGhouls_Conversation_3_NPCEnd_1	我觉得有样东西正合你们的心意。
QuestLoc_LastInningOrnot_Conversation_1_NPCStart_1	没有棒球衫。我早该知道。
QuestLoc_GameShowGauntletA_Conversation_2_NPCStart_2	战前的铆钉城是什么？
QuestLoc_OBrother_QuestName	兄弟的守护者
QuestLoc_TheDeBuggers_Conversation_2_NPCEnd_2	听起来很疯狂，有些人会花钱玩游戏。
Tutorial_Tip_35	需要额外的瓶盖吗？您可以卖掉储藏室里的武器和装备。
QuestLoc_DartofHarkness_Conversation_1_NPCStart_1	你们不应该在这里的，“光滑皮肤”！
QuestLoc_TheEndoftheRainbow_Conversation_2_NPCStart_1	你们走错了地方，小伙子们！
MrHandy_Floor_Format	{0}层
Outfit_Description_PiperSpecial	报道新闻吗？你就是新闻。
Tutorial_Tip_76	一些任务需要解锁秘密线索。所以搜刮每一个你能发现的储物箱。
QuestLoc_ExtremePrejudice_Conversation_3_NPCStart_2	显然有人一直试图渗透进这个避难所。
QuestLoc_SpelunKingTrainingA_Conversation_1_NPCStart_1	看，傻子找到了他们的家！
Encounter_Intro_Creature4	瞥见{0}
QuestLoc_VaultTecExperimentReviewC_Conversation_2_NPCEnd_2	说的什么胡话！赶紧闪开！
QuestLoc_SetEmUpFamine_QuestName	埋伏设计：“饥荒”
Weapon_Name_SniperRifle	狙击步枪
QuestLoc_SpyonRaiders_Conversation_1A_NPCEnd_1	你觉得呢？哪种掠夺者会像那样说话？给我拿下他们！
QuestLoc_SpyonRaiders_Conversation_1C_Team_1	这是我们听过的最傻的事了。
QuestLoc_TheDeBuggers_Conversation_2_NPCStart_1	谢谢你帮助我们迎接我们的里程碑。
Outfit_Name_Vault33Suit	33号避难所制服
QuestLoc_SantasHelpers_Conversation_3_NPCEnd_3	有钱能使鬼推磨，不是么？
Weapon_Name_InstituteRifle_NightVision	夜视型学院步枪
QuestLoc_ExpressCheckout_Conversation_1_Team_3	那些尸鬼是你的朋友吗？
QuestLoc_GameShowGauntletK_Conversation_4_NPCStart_2	下面哪种不是核子可乐的口味？
QuestLoc_TheToweringIlForno_RaiderLine_1	第五楼：家居用品，女士内衣，辐射蝎……
Speech_Conversation_NPC2_Topic45_Response3	总是很高兴见到你。真的。
QuestLoc_RaidingParty_Conversation_1_NPCStart_2	这可是个私人谈话，我不记得邀请过你。
QuestLoc_GameShowGauntletB_Conversation_2_Team_4	那个叫比利的孩子。
Speech_Conversation_NPC2_Topic13_Response1	可以啊。只要你不跳舞就行。会有点尴尬。
Message_CriticalHit_Failed	失败
Tutorial_Tip_15	体操室可以让您训练居民的敏捷性（A）。
QuestLoc_TheCaseoftheCapturedCanine_Conversation_1_NPCStart_2	你们不会在找那只被偷来的狗吧？
Pet_Description_greyhound_b	废土世界最快的犬科动物。
QuestLoc_OfftheRails_Conversation_1_NPCEnd_1	谢谢，但你一定要找到我们的朋友！我听说了一些关于原子玩具厂办公室的消息……
QuestLoc_S2_QL2_Q1_Doc_QuestShortDesc	突袭51区前，我们需要医疗物资。
Shop_NukaCola_Title	量子核子可乐
Shop_SeasonPass_Blurb	解锁所有赛季奖励：
- 全新避难所外观[-][F7C531]主题[-]
- 全新武器工坊[-][F7C531]主题[-]
- [-][F7C531]辐射极琉矿武器[-]及[-][F7C531]更多！[-]
QuestLoc_DeathclawDeeLite_3_Question1_3	现在，我自由了。是什么让你来到这个蛮荒之地？
QuestLoc_ExtremePrejudice_Conversation_2_NPCEnd_3	我会杀了你的！
MrHandyDialog_Wasteland_15	如果我是人类，我肯定早就死了！呸呸呸，不吉利。
Speech_FlavorText_LQ_04	要是能有个对的人作伴就好了……
Weapon_Name_SurgicalRipper	手术齿锯
Outfit_Description_RaiderArmor	废土暴徒的标准服装。
QuestLoc_ItsnotEasyBeingGreen_Conversation_2_Team_3	绿啤酒真的那么好吗？
QuestLoc_TheCaseoftheLostLunch_Conversation_1_NPCEnd_2	你会吗？哦太谢谢你了！当然，我不会抢劫任何人的。以童子军的荣誉起誓。嘿嘿。
QuestLoc_LittleMissWasteland_Conversation_2_Team_2	我可以打电话向朋友求助吗？
QuestLoc_MyMetalPony_Conversation_1_NPCStart_1	哦，你好呀。还以为今天不会有人来拜访我呢。
Weapon_Description_50CalMachineGun	一种古老设计，依然有效且可靠，经过了近300年的考验。
QuestLoc_BeatReporting_QuestObjective_1	参观每周博览会的办公室。
Speech_NoPower1	除非我们多发点电，否则这房间就没法用了！
QuestLoc_GameShowGauntletH_Conversation_4_Team_2	林恩堡。
Message_Tutorial_SeasonalQuestIntroduction	恭喜——您刚刚解锁了一条全新的{赛季任务线}！
QuestLoc_AlienBotQuest05_Conversation_2_PC1_1	这是经理办公室，终端还好用吗？
QuestLoc_TheScorpionKing_QuestLongDescription	乡亲们经常被咬，这都是因为厄尔的辐射蝎生意。是时候叫停这些买卖了。
QuestLoc_RoboRampage_Conversation01_PC04	要不我们走？我们不打扰你们，你们也别打扰我们，怎么样？
QuestLoc_BeatReporting_Conversation_3_NPCEnd_3	征服。每个人都可以加入“战争崇拜者”，至少，那些不加入的就会被攻击。
Speech_Quest_Generic_Dweller_Conversation_8_Response_2	什么？你没收到备忘录吗？本次任务：自杀。
Title_Failed	失败
QuestLoc_TheEndoftheRainbow_Conversation_1_NPCEnd_3	关于那个话题，你相信子弹吗？
Speech_Birth_Incident	现在可不是成家生孩子的时候！避难所里出事故了！
VictorDialog_Generic_23	来点什么？揉脚？消毒？还是哲学辩论？
Message_TutorialPopup_02_Body	房间里的居民会自动和灾害斗争。
居民在和灾害斗争的时候会损失生命值。
如果居民失败了，灾害会蔓延到邻近的房间。
QuestLoc_TheSecretofREDACTED_Conversation_3_NPCStart_1	我不知道你是怎么走到这一步的，但你的旅程到此为止。
QuestLoc_DeathandDenial_Conversation_3_NPCEnd_2	很巧的是，他想找到谋杀皮博迪先生的好办法。
QuestLoc_HaveGunWillTravel_QuestName	拿起枪，我们走！
QuestLoc_TheCaseoftheCapturedCanine_Conversation_1_NPCStart_4	生狗肉。真恶心。烤熟的猫肉……美味！
QuestLoc_SlashandBurn_QuestLongDescription	“麦克森硬汉小队”的一员告诉我他的队伍去清理核子可乐工厂了。看来这就是我们下一站的目的地。
Encounter_Random_Message141	探险家日志。新条目：奴隶贩子专挑弱者下手。真让人心碎。
QuestLoc_TheYolksonYou_Conversation_2_Team_2	不好意思，恐怕这些蛋是我们的。
QuestLoc_SpelunKingTrainingE_Conversation_1_Team_1	要赢的话恐怕有蛮力远远不够吧！
Weapon_Name_PowerFist_Hardened	加固的动力拳套
Outfit_Description_ScientistScrubs_Officer	为了在某些日子，你需要显得颇具威严。
QuestLoc_LittleMissWasteland_Conversation_1_Team_1	我总是穿着这个在废土漫步。
QuestLoc_TheCatBurglar_Conversation_1_NPCStart_3	很简单：四条腿就可以活，两条腿就得死。
Social_GiftNumber_Plural	还有{0}个
QuestLoc_FactoryFloorofFear_QuestShortDescription	探索一片危险的工业区域。
QuestLoc_TakeMeOuttotheBallGame_QuestLongDescription	掠夺者斯洛格正在举办一场棒球比赛，但他忘记邀请你了。是时候在本垒将他封杀出局了。
QuestLoc_ShamrocktheCasbah_Conversation_1_NPCStart_2	三叶草或者是应该只有三片叶……
Weapon_Name_GaussRifle_Magnetron4000	磁控管4000步枪
Wasteland_Level_Up	我升级了！
Message_Tutorial_ArrivalWidgetClaimDweller_PC	{点击}{领取按钮}来招募您的新居民。
QuestLoc_TheRoadtoVaultopolis_QuestName	避难所大都会之路
QuestLoc_PostApocolypticWorldProblems_Conversation_1_NPCEnd_2	雇员难道不是应该提供帮助的吗？我会给你们的经理写封信！
PrivacyUS_ButtonText	不出售或共享我的个人信息
QuestLoc_FoodFight_Conversation_1D_Team_1	饱饱牌肉罐头？你认真的？
QuestLoc_WeddingCrashers_Conversation_2_Team_1	萨莉，马克斯配不上你。跟我们一起回避难所生活吧。
QuestLoc_BreakingalltheRecords_QuestName	打破所有记录
Encounter_Progression_JustStartedTier1_16	还以为这辈子都出不去了呢。
Message_XboxSomethingWrong	出错。请再次尝试并重启游戏。
Speech_LivingQuarter_Dialogue_NPC2_18	没有，但我总是感觉有人在看着我……
QuestLoc_DearthOfClaws_Conversation01_PC04	好吧，你看起来状态还不错。那我们走了，祝你好运！
QuestLoc_WereBatting1000_QuestShortDescription	寻找罗基·杰宾森的棒球衫。
Vibration_Switch	高清震动
QuestLoc_GameShowGauntletD_Conversation_3_NPCStart_2	哪一种先进科技被许多钢铁兄弟会成员使用？
QuestLoc_KidnappingatVault778_Conversation_1_Team_1	他去哪里了呢？
QuestLoc_JunkRun_QuestObjective_3	寻找更多的杂物储备。
Speech_Quest_Generic_Dweller_Conversation_32_Response_1	我不觉得！这个太赞了！
QuestLoc_S2_QL3_Q4_Warehouse_Question4_Answer3	你们是最坏的那种淘金者！
Message_Tutorial_60	现在{选择}一个{武器}。
QuestLoc_Test_Conversation01_Answer01PC	太棒了！
QuestLoc_AnimalRescue_QuestObjective_1	找回宠物笼子。
SnipSnipDialog_Wasteland_35	别管我，让我先把这堆烧焦的衣服叠好……
QuestLoc_AlienBotQuest04_Conversation_2_PC1_3	又是一个那种东西！
QuestLoc_TheScenicRoute_Conversation_1_NPCEnd_2	这里……安全？哦，我想说……谢谢。
QuestLoc_GameShowGauntletB_Conversation_3_NPCEnd_2	大错特错！准备……“掉脑袋”吧！
MrHandyDialog_Generic_23	他们说世界上有10种人。懂二进制的和不懂二进制的。
QuestLoc_HeatoftheKnight_QuestName	火热的骑士
Encounet_Progression_NPC5	鹰爪公司的雇佣兵满怀警惕，但没有敌意。
QuestLoc_TheAbyss_Conversation_2_NPCEnd_2	我喜欢平和和安静。这里很安全，你知道吗？
Outfit_Name_Wasteland_Medic	废土卫生员服
Tutorial_Tip_27	当一个居民被分配到广播室时，它会增加所有避难所居民的幸福度。
QuestLoc_FashionStatement_QuestObjective_1	探索红火箭服务站。
QuestLoc_MissionofMercy_Conversation_1_NPCStart_3	现在看看你们有没有本事能活着见到他们！
Weapon_Name_LaserPistol_Amplified	放大型激光手枪
Speech_SnipSnip_Bark10	打扰一下，我能帮你度过美好的一天吗？
QuestLoc_PowertothePeople_Conversation_2_NPCStart_2	鲁巴布说的对——这些避难所里的工作条件简直惨无人道！
QuestLoc_DrivingtheSnakesOut_Conversation_1_NPCStart_2	看起来我们有一些红发爱好者！
QuestLoc_PowertothePeople_Conversation_2_NPCStart_1	快来看。有更多的居民需要我们把他们从噩梦般无止境的劳动中拯救出来。
QuestLoc_DeathclawDeeLite_2_Question1_Choice1	我们来处理，你来照顾我们。
QuestLoc_SpyonRaiders_Conversation_2C_NPCStart_3	我简直都不想干了。
QuestLoc_NukaColaQuantumRun_QuestShortDescription	寻找遗失的量子核子可乐。
Achievement_Xbox_Completed_09	打造过所有主题
QuestLoc_SpringingtheTrap_Conversation_2_NPCStart_3	他们之前都是掠夺者，所以遇到新人的时候可能会过分激动。
Button_QuantumSkip	现在到达
QuestLoc_BountyOlOneEye_Conversation_1_NPCStart_1	嗯。你来这是为了赏金的？
QuestLoc_DivideandConquer_Conversation_3_Team_4	让我用枪声来算出答案。
Outfit_Description_LabCoat	受到科学家和医生的青睐。
PrivacyPolicy_WhoItsSharedWith	[212F21]与谁共享[365136]
• 服务提供商和处理器，如 CloudFront
• ZeniMax 关联公司及子公司
• 第三方合作伙伴，如 Apple 和 Google
QuestLoc_LittleMissWasteland_Conversation_4_Team_1	辐射让我的外婆感到温暖和激动。所以我选“好”。
Objective_BuildRoom	建造1间房间
QuestLoc_EvictionNotice_Question2_Answer2	来，感受一下什么叫热情款待？
Speech_Generic_Dweller8	都不知道今天几号了，反正也不重要。
QuestLoc_HoneymoonHorror_Conversation_1_NPCEnd_3	我们没问题！干得漂亮。
Message_Tutorial_UltraciteWeaponCraftingAssignDweller	{分配}任意一名居民到{辐射极琉矿武器工坊}。
QuestLoc_PierIntoFuture_Answer02_NPC01	当然！没问题！
QuestLoc_ThymeisMoney_Conversation_1_Team_1	你搞定了吗？
Social_ItemAvailable	您有：{0}
Objective_WastelandCollectCaps	在废土上收集{0}瓶盖
QuestObjective_ClearOut	杀死秘密房间的全部敌人
QuestLoc_FoodFight_Conversation_1D_Team_3	你知道那东西起码放了……至少两百年了吧？
QuestLoc_RoboRampage_Conversation01_NPC03	既然你这么想浪费你的最后一口气，你有什么要说的吗？
Message_TutorialPopup_ScorchedAttackWarning_Title	辐尸人袭击
QuestLoc_RaiderTroublesatCorvega_Conversation_1_Team_1	你们把普雷斯顿怎么了？
QuestLoc_SpelunKingTrainingF_Conversation_1_Team_2	除非我们现在就阻止你和你那令人难以忍受的言论。
QuestLoc_DogsofWar_Conversation_3_NPCStart_1	你们这些孩子一定知道如何打好仗！你们就是那些该死的英雄。谢谢！
QuestLoc_MatterstoSettle_Conversation_2_Team_2	感谢你的提议，但你属于这里，保护其他定居者。
Shop_PetBanner_Text1	更快地从废土回来。
QuestLoc_CantStopTheSignal_Conversation_1_NPCStart_1	你们知道我花了多长时间才把这个装好吗？
QuestLoc_ManonSecond_QuestObjective_1	寻找罗基·杰宾森的棒球衫。
Encounter_Message_Repeatable_JunkLocation2	一处空荡荡、几近坍塌的掠夺者藏身处。
QuestLoc_VaultTecExperimentReviewD_Conversation_1_NPCEnd_2	加里！
Encounter_Random_Message181	不妨就从这边走。
Outfit_Name_AllNighware_Naughty	淘气的睡衣
QuestLoc_MatterstoSettle_Conversation_2_NPCEnd_1	好吧。我们避难所里见。
QuestLoc_WeaponsRun_QuestLongDescription	你在废土上得到了关于武器供应的线索。
QuestLoc_SpyonRaiders_Conversation_3B_NPCStart_1	你现在面前站的就是“鹰嘴”，“尖叫猎鹰”的首领！
Speech_Conversation_NPC2_Topic51_Response3	其实我闻到了。就在你走过来的时候……
QuestLoc_S2_QL3_Q2_Handy_Question3	啊！有访客！我正通过这台眼球机器人跟你们说话。请来找我。
QuestLoc_AtDeathsDoor_QuestShortDescription	干掉“死亡”，这个最后的骑士。
Title_Here	这里
Weapon_Description_SurgicalRipper_Rusty	这东西不适合正规手术，但它能完成任务。
Age_Verification_Leaderboard_Popup	由于您的账户设置，此功能目前已被禁用。要使用此功能，请在隐私设置中开启排行榜数据共享。
Age_Verification_Under13_Popup	由于此账户属于未满13岁的用户，您无权访问游戏。如果您认为此判定有误，请检查您设备的账户设置或向父母/监护人寻求帮助。
Button_DontShowAgain	不再显示
Button_NotInThisVault	不在这个避难所
CloudSaveNotEnabledWarning	云存档当前未启用。是否继续？
CurieDialog_Armory_01	我猜这里就是我们学习如何更好地互相射击的地方。
CurieDialog_Athletics_01	我没想到人类竟然能做出这些动作！
CurieDialog_Bar_01	请见谅，先生，我想来一杯酒。
CurieDialog_Cafeteria_01	我会尽我所能提供均衡的一餐。即便用的是这些……劣质食材。
CurieDialog_Classroom_01	安静，同学们！现在是讲课时间！
CurieDialog_Classroom_02	我们先学什么好呢？诊断学？生物化学？
CurieDialog_Fitness_01	强健体魄是保持健康的最佳途径之一！
CurieDialog_GameRoom_01	碰运气的游戏？这对人类有什么益处呢？
CurieDialog_GameRoom_02	我可以试试掷骰子吗？也许亲自参与之后，我就能明白它的意义了。
CurieDialog_Generic_01	您真是个迷人的样本。
CurieDialog_Generic_02	啊，我再一次住进避难所了。这就是生活……
CurieDialog_Generic_03	不要浪费促成积极改变的机会。
CurieDialog_Generic_04	需要帮忙吗？
CurieDialog_Generic_05	怎么了？
CurieDialog_Generic_06	您需要什么吗？
CurieDialog_Generic_07	我们聊点什么好呢？
CurieDialog_Generic_08	有什么我能帮您的吗？
CurieDialog_Generic_09	晚上好！随时为您效劳。
CurieDialog_Generic_10	真希望避难所里能有阳光。
CurieDialog_Generic_11	您需要医疗救助吗？
CurieDialog_Generic_12	有人想出去散散步吗？呼吸点新鲜空气？
CurieDialog_Generic_13	总是有很多事要做。可我满脑子只想做研究。
CurieDialog_Generic_14	我是一名科学家，可现在却在干杂活。也许我可以把这些活儿自动化……
CurieDialog_Generic_15	如果您对我的服务有任何意见，请向监督者反映。
CurieDialog_Generic_16	早上好！哦，还是说现在是傍晚？
CurieDialog_Generic_17	这座避难所比我之前住的地方实用多了。
CurieDialog_Generic_18	这座避难所确实拥有一些真正令人惊叹的科技。
CurieDialog_Generic_19	这里太局促了。我想我会用工作来转移注意力。
CurieDialog_Generic_20	要是我们都能住在外面就好了。不过，外面也不太好过。
CurieDialog_Generic_21	您还好吗？需要我为您拿点什么吗？
CurieDialog_Generic_22	有人愿意当我的试验对象吗？我保证不会伤害到您！但愿如此……
CurieDialog_Generic_23	欢迎来到您的避难所！就避难所而言，这儿相当不错了。
CurieDialog_Generic_24	我们为什么不在避难所里使用楼梯呢？这对我们居民的健康会有好处。
CurieDialog_Generic_25	如果有人需要体检，我随时都在！
CurieDialog_Gym_01	锻炼时一定要找搭档，以降低受伤风险！
CurieDialog_Gym_02	记得在锻炼前后都要做拉伸。
CurieDialog_Hydroponics_01	哦！这个房间的色彩太绚烂了！我真想永远待在这里。
CurieDialog_LivingQuarters_01	请记住，充足的睡眠对心理健康是最重要的！
CurieDialog_LivingQuarters_02	我听说跳舞是很棒的运动。
CurieDialog_Medbay_01	我的治疗针都经过了严格的质量把关。您想要一支吗？
CurieDialog_Medbay_02	您需要治疗针吗？我多做了一些。
CurieDialog_Nuka Cola_01	有些研究表明，饮用核子可乐极易让人形成依赖。几乎可以说是成瘾。
CurieDialog_OutfitWorkshop_01	我爱这个房间！服装既是艺术，也是实用品。还有什么更好的方式打发时间吗？
CurieDialog_PowerGenerator_01	这些机器真是奇妙。
CurieDialog_RadioStation_01	如果您想采访我，请告诉我。我可是医学和科学专家！
CurieDialog_Reactor_01	这个房间里的能量惊人。我的电路里都能感受到它！
CurieDialog_ScienceLab_01	自从核弹落下以来，科学一定已经取得了不少进展吧？
CurieDialog_ScienceLab_02	我为您制作了一些药物。如果您愿意的话。
CurieDialog_StorageRoom_01	人类如此执着于财物，以至于会腾出整个房间来囤积它们。
CurieDialog_Wasteland_1	旅行真是件乐事。
CurieDialog_Wasteland_10	这么多人、这么多科技，全都消逝了。
CurieDialog_Wasteland_11	又是杀戮……唉。
CurieDialog_Wasteland_12	这可真奇怪。船难道不是应该待在水里吗？
CurieDialog_Wasteland_13	穿越废土可真复杂。有什么使用手册之类的吗？
CurieDialog_Wasteland_14	终于自由了。
CurieDialog_Wasteland_15	在这里，我可以研究一些当地的原生物种！
CurieDialog_Wasteland_16	看！天上那是什么？那就是我们所说的不明飞行物吗？
CurieDialog_Wasteland_17	我探测到敌人了。恐怕我得清除他们。
CurieDialog_Wasteland_18	我发现一盒……能量面条？听起来很有营养。
CurieDialog_Wasteland_19	哦，一台巧手先生！不过，我想这个机器人是坏的。
CurieDialog_Wasteland_2	我确实喜欢旅行，这让我很满足。
CurieDialog_Wasteland_20	一只鼹鼠。多么迷人的样本！
CurieDialog_Wasteland_21	超级变种人！原来这就是强制进化病毒能做到的事。太了不起了。
CurieDialog_Wasteland_22	多么迷人的地方。
CurieDialog_Wasteland_23	这里作为采石场可真奇怪。
CurieDialog_Wasteland_24	那些尸鬼攻击性太强了！它们就是人们所说的“狂尸鬼”吗？
CurieDialog_Wasteland_25	所有人都去哪了？
CurieDialog_Wasteland_26	哦，看，一个公园。
CurieDialog_Wasteland_27	掠夺者！他们看起来根本不打算谈判。我又要被迫诉诸武力了。真是浪费生命。
CurieDialog_Wasteland_28	已采集样本。我怀疑是半消化的肉类和其他生物物质。
CurieDialog_Wasteland_29	我发现一具尸体！我要停留一会儿好好研究它。
CurieDialog_Wasteland_3	这只死爪的攻击能力相当先进。
CurieDialog_Wasteland_30	我相信那是妖怪熊。光是看到它们，就一定能让人类产生巨大的恐惧反应。
CurieDialog_Wasteland_31	我的天，这是动力装甲！这可是技术杰作。可惜这一件已经坏了。
CurieDialog_Wasteland_32	我看到了一只辐射鹿。我很好奇，长着两个脑袋，它会不会自己跟自己吵架？
CurieDialog_Wasteland_33	我想现在是去北边的好时机。
CurieDialog_Wasteland_34	我想现在是去东边的好时机。
CurieDialog_Wasteland_35	我想现在是去西边的好时机。
CurieDialog_Wasteland_36	我想现在是去南边的好时机。
CurieDialog_Wasteland_37	我已经往北走了一阵子。我会继续走下去。
CurieDialog_Wasteland_38	我已经往东走了一阵子。我会继续走下去。
CurieDialog_Wasteland_39	我已经往西走了一阵子。我会继续走下去。
CurieDialog_Wasteland_4	这片废土上难道再也没有人讲礼貌了吗？
CurieDialog_Wasteland_40	我已经往南走了一阵子。我会继续走下去。
CurieDialog_Wasteland_41	有几只辐射蟑螂正在靠近。很遗憾，我必须踩扁它们。
CurieDialog_Wasteland_42	有某种恶心的东西正在靠近。我能听到窸窸窣窣的爬行声。
CurieDialog_Wasteland_43	我刚遇到一群商人，带着一头巨大的双头牛。真是一只奇妙的生物！
CurieDialog_Wasteland_44	喂，别碰我！我不是废铁！
CurieDialog_Wasteland_45	我发现了一片破片地雷场。人类互相残杀的方式之多，真是可怕。
CurieDialog_Wasteland_46	一瓶酒。我好奇人类为什么对这种毒药如此着迷。
CurieDialog_Wasteland_47	看看这些汽车！它们之中还有哪辆能再开动吗？
CurieDialog_Wasteland_48	他们说我的智能是人工的，但我认为我比这里大多数人都更聪明。
CurieDialog_Wasteland_49	一个农场！一个实实在在、运营中的农场！它让我满怀希望。也许文明能再次绽放。
CurieDialog_Wasteland_5	您该知道，很遗憾，我对暴力相当在行。
CurieDialog_Wasteland_50	我发现了一座小房子，里面有个女人正在分娩。我相信我可能帮上了忙，保住了那位母亲的生命。
CurieDialog_Wasteland_6	哦，这下可没好事了。
CurieDialog_Wasteland_7	一个受伤的人类！我会进行急救并使用创伤稳定剂……
CurieDialog_Wasteland_8	我积累了这么多数据！等回家后，我有好多事要做。
CurieDialog_Wasteland_9	这里的人似乎对暴力趋之若鹜，不是吗？
CurieDialog_WaterPlant_01	我会尽我所能，确保为我们居民提供最高品质的水！
CurieDialog_WaterPurification_01	真神奇，我们竟然能从……其他液体中，制造出纯净、清洁的水。
CurieDialog_WeaponsWorkshop_01	这些杀戮与毁灭的工具。我们为什么要在这里制造它们呢？
Curie_Card_TagLine	让我来协助并收集数据
Curie_Name	居里
Emergency_EnclavePowerArmor	英克雷动力装甲袭击
Emergency_EnclaveSecurity	英克雷保安袭击
Emergency_Gen1Synth	合成人袭击
Emergency_Gen2Synth	合成人袭击
Emergency_Securitron	保安机器人袭击
Enclave_Description	这是废土淘金热！找到并交易金条，让我们的伟大避难所繁荣起来。但那是谁在敲打避难所大门？据说英克雷已经解散，可现在他们正冲着我们的黄金而来。监督者，去查出谁在掌控英克雷残部，并制止他们的掠夺！
Enclave_IntroPopup_Body	在本赛季新实验避难所中考验您作为监督者的实力！实验避难所引入全新玩法和独家奖励。赛季时间有限——千万别错过！
Enclave_IntroPopup_Title	“黄金至上”赛季来袭！
Enclave_SeasonEndPopup_Title	“黄金至上”赛季已结束
Enclave_Title	避难所赛季：黄金至上
Institute_Description	守住你的人性！在联邦，学院是个科学庞然大物，树敌无数。他们制造合成人——人类的完美复制品——这些合成人生活在我们中间：是实验品、逃犯，还是间谍？你敢信任你的邻居吗？你的领袖？你自己？！
Institute_IntroPopup_Body	在本赛季新实验避难所中考验您作为监督者的实力！实验避难所引入全新玩法和独家奖励。赛季时间有限——千万别错过！
Institute_IntroPopup_Title	“合成身份”赛季来袭！
Institute_SeasonEndPopup_Title	“合成身份”赛季已结束
Institute_Title	避难所赛季：合成身份
Message_PurchaseDenied	由于您的设备账户设置，目前无法购买。
NewVegasB_IntroPopup_Body	在本赛季新实验避难所中考验您作为监督者的实力！实验避难所引入全新玩法和独家奖励。赛季时间有限——千万别错过！
NewVegasB_IntroPopup_Title	“豪斯常胜”赛季来袭！
NewVegasB_SeasonEndPopup_Title	“豪斯常胜”赛季已结束
NewVegasB_Title	避难所赛季：豪斯常胜
NewVegasB_Title_Short	豪斯常胜
NonVaultFlags_CloudSaveFailed	云同步失败。请在您的设备上启用云存档，以确保您的赛季通行证得以恢复。
Objective_KillEnemiesInVault	在您的避难所中杀死一名敌人
Objective_KillEnemiesInVault_Plural	在您的避难所中杀死{0}名敌人
Objective_SpinToWinEnclave	从资本主义转盘领取一份奖励
Objective_SpinToWinEnclave_Plural	从资本主义转盘领取{0}份奖励
Objective_SpinToWinInstitute	从科学转盘领取一份奖励
Objective_SpinToWinInstitute_Plural	从科学转盘领取{0}份奖励
Outfit_Description_CourserUniform	专为令脱离学院的合成人闻风丧胆而设计。
Outfit_Description_EnclaveOfficerUniform	一套值得你在英克雷军阶上一路攀爬以求获得的军官制服。
Outfit_Description_EnclavePowerArmor	经过英克雷优化，极具杀伤力且霸气十足。
Outfit_Description_KelloggsOutfit	当你想看起来像幸存者中最硬核的那个时。
Outfit_Description_MojaveWastelandSurvivor	或许很久很久以前，它曾是一件避难所制服。
Outfit_Description_OrionsExplorerGear	没有什么比弹药带和厚皮衣更能让人对一个老头心生敬意了。
Outfit_Description_OverseerClaffJumpsuit	据说早在第一座避难所建立之前就已存在，曾由一位先驱监督者穿戴。
Outfit_Description_PaladinDansesPowerArmor	为人类（无论是否实验室培育）打造的最先进防护装备。
Outfit_Description_PaladinDansesPowerArmorWithHelmet	为人类（无论是否实验室培育）打造的最先进防护装备。
Outfit_Description_RegsDirtyBlackSuit	你看，干洗店早就关门大吉很多年了。
Outfit_Description_ValentinesTrenchCoat	这件风衣看起来很旧，仿佛见证过太多，还打算继续见证下去。
Outfit_Name_CourserUniform	追猎者制服
Outfit_Name_EnclaveOfficerUniform	英克雷军官制服
Outfit_Name_EnclavePowerArmor	英克雷动力装甲
Outfit_Name_KelloggsOutfit	克罗格的护甲
Outfit_Name_MojaveWastelandSurvivor	莫哈维废土幸存者
Outfit_Name_OrionsExplorerGear	猎户的探险者装备
Outfit_Name_OverseerClaffJumpsuit	先驱监督者连体服
Outfit_Name_PaladinDansesPowerArmor	圣骑士丹斯的动力装甲
Outfit_Name_PaladinDansesPowerArmorWithHelmet	圣骑士丹斯的动力装甲
Outfit_Name_RegsDirtyBlackSuit	雷格斯的肮脏黑西装
Outfit_Name_ValentinesTrenchCoat	瓦伦坦的风衣
Pet_Description_cyberdog_l	经过赛博强化，成为人类最忠实的朋友。
PrivacyPolicy_Unity_Link	https://unity.com/legal/privacy-policy
PrivacyPolicy_Unity_Text	[365136]• 第三方广告公司，如 AppsFlyer、DoubleClick、King、MessageGears、Meta、[u]Unity[/u] 和 X
QuestLoc_ENC_QL1_LoveOfGold_1_CombatInit1	挖金子去！这可是爱国职责！
QuestLoc_ENC_QL1_LoveOfGold_1_CombatInit2	没有什么比国家黄金储备更重要的了！
QuestLoc_ENC_QL1_LoveOfGold_1_CombatInit3	不要问国家能为你做什么，问问你能为国家多搞到多少黄金！
QuestLoc_ENC_QL1_LoveOfGold_1_QuestLongDesc	我们发现了一座秘密英克雷基地的遗址。不知道能找到什么奇怪又骇人的东西？
QuestLoc_ENC_QL1_LoveOfGold_1_QuestName	黄金好邻居
QuestLoc_ENC_QL1_LoveOfGold_1_QuestObjective1	寻找贵重物品
QuestLoc_ENC_QL1_LoveOfGold_1_QuestObjective2	寻找关于英克雷的线索
QuestLoc_ENC_QL1_LoveOfGold_1_QuestShortDesc	探索附近一座废弃的英克雷基地。
QuestLoc_ENC_QL1_LoveOfGold_1_Room0_Question_Line1	我还是不敢相信，离我们避难所这么近就有一座英克雷基地。
QuestLoc_ENC_QL1_LoveOfGold_1_Room0_Question_Line2	而我们还能去探索它！
QuestLoc_ENC_QL1_LoveOfGold_1_Room0_Question_Line3	我们找找财宝吧。还有情报。那种绝密的情报。
QuestLoc_ENC_QL1_LoveOfGold_1_Room1_Question_Line1	为什么那些眼球机器人一直在唠叨黄金的事？
QuestLoc_ENC_QL1_LoveOfGold_1_Room1_Question_Line2	我是说，黄金确实是战略物资，但肯定有人对这金属着了魔。
QuestLoc_ENC_QL1_LoveOfGold_1_Room1_Question_Line3	我们看看能不能找到什么线索……
QuestLoc_ENC_QL1_LoveOfGold_1_Room2_Question_Line1	嗷嗷嗷！
QuestLoc_ENC_QL1_LoveOfGold_1_Room2_Question_Line1_Choice0	嘿，那些鼹鼠有个用旧衣服搭的窝。咱们拿走吧！
QuestLoc_ENC_QL1_LoveOfGold_1_Room3_Question_Line1	金子！要是你还不清楚，告诉你，它是最棒的！
QuestLoc_ENC_QL1_LoveOfGold_1_Room3_Question_Line1_Answer0	美丽又实用，真是终极材料！
QuestLoc_ENC_QL1_LoveOfGold_1_Room3_Question_Line1_Answer1	友善提醒，英克雷是个秘密。别告诉任何人！
QuestLoc_ENC_QL1_LoveOfGold_1_Room3_Question_Line1_Answer2	将所有黄金上缴国家黄金储备，否则将面临严厉起诉！
QuestLoc_ENC_QL1_LoveOfGold_1_Room3_Question_Line1_Choice0	黄金嘛，做电线挺好，别的用处不大。
QuestLoc_ENC_QL1_LoveOfGold_1_Room3_Question_Line1_Choice1	英克雷还活跃着？
QuestLoc_ENC_QL1_LoveOfGold_1_Room3_Question_Line1_Choice2	我爱金子！能分我一点你的吗？
QuestLoc_ENC_QL1_LoveOfGold_1_Room3_Question_Line2	所有英克雷人员都应把寻找黄金作为第一要务。
QuestLoc_ENC_QL1_LoveOfGold_1_Room3_Question_Line3	记住：黄金永不褪色。
QuestLoc_ENC_QL1_LoveOfGold_1_Room4_Question_Line1	嘿，太棒了！一台能用的终端机！
QuestLoc_ENC_QL1_LoveOfGold_1_Room4_Question_Line2	我这就来个小字谜，呃，我是说，破解系统……
QuestLoc_ENC_QL1_LoveOfGold_1_Room4_Question_Line3	啊哈！搞定了。上面还有其他英克雷基地的位置！
QuestLoc_ENC_QL1_LoveOfGold_1_Room4_Question_Line4	呃……上面写着“已向所有其他英克雷服务器发送了ping信号。”那恐怕不太好。咱们撤吧！
QuestLoc_ENC_QL1_LoveOfGold_2_CombatInit1	战斗训练101！现在开课！
QuestLoc_ENC_QL1_LoveOfGold_2_CombatInit2	战斗训练102，多目标作战！请展示你的能力！
QuestLoc_ENC_QL1_LoveOfGold_2_CombatInit3	战斗训练103，强化型敌人！让我看看你的本事！
QuestLoc_ENC_QL1_LoveOfGold_2_QuestLongDesc	我们清单上的第一个英克雷据点是一座旧避难所科技避难所。他们八成在搞什么阴险勾当，玷污了我们洁净的墙壁与道德准则。
QuestLoc_ENC_QL1_LoveOfGold_2_QuestName	幽灵训练
QuestLoc_ENC_QL1_LoveOfGold_2_QuestObjective1	破坏训练计划
QuestLoc_ENC_QL1_LoveOfGold_2_QuestShortDesc	调查一座老避难所里的英克雷训练设施。
QuestLoc_ENC_QL1_LoveOfGold_2_Room0_Question_Line1	这里应该就是我们发现的英克雷训练场，对吧？
QuestLoc_ENC_QL1_LoveOfGold_2_Room0_Question_Line2	我好奇英克雷的训练是什么样的。八成又无聊又残忍。
QuestLoc_ENC_QL1_LoveOfGold_2_Room0_Question_Line3	咱们去看看吧！
QuestLoc_ENC_QL1_LoveOfGold_2_Room1_Question_Line1	欢迎，新兵！你们昨天的训练……从今天开始！
QuestLoc_ENC_QL1_LoveOfGold_2_Room1_Question_Line1_Answer0	哔——，检测到敌意嘲讽。第一课：尊重战前美利坚！
QuestLoc_ENC_QL1_LoveOfGold_2_Room1_Question_Line1_Answer1	哔——，检测到敌意。
QuestLoc_ENC_QL1_LoveOfGold_2_Room1_Question_Line1_Answer2	虽然简陋，但这就是我们的一切！请尽情享受在这里的时光。
QuestLoc_ENC_QL1_LoveOfGold_2_Room1_Question_Line1_Choice0	太好了，我们可以向几百年前的死人学习了。
QuestLoc_ENC_QL1_LoveOfGold_2_Room1_Question_Line1_Choice1	事实上，我们是来关停你们的！
QuestLoc_ENC_QL1_LoveOfGold_2_Room1_Question_Line1_Choice2	战前训练？在这种世道？
QuestLoc_ENC_QL1_LoveOfGold_2_Room1_Question_Line2	敬请享受我们独家且侵入式的训练计划，它完全基于最棒的战前训练视频。
QuestLoc_ENC_QL1_LoveOfGold_2_Room2_Question_Line1	呃呃，你们不是英-克-雷的人吧？别开枪！
QuestLoc_ENC_QL1_LoveOfGold_2_Room2_Question_Line1_Answer0	哦，谢谢！我真心希望再也见不到你！
QuestLoc_ENC_QL1_LoveOfGold_2_Room2_Question_Line1_Answer1	哦，不！但我可是受过战前欺诈训练的！
QuestLoc_ENC_QL1_LoveOfGold_2_Room2_Question_Line1_Answer2	哦，当然！给，这是我的应急储备金！
QuestLoc_ENC_QL1_LoveOfGold_2_Room2_Question_Line1_Choice0	当然，就当你今天走运。
QuestLoc_ENC_QL1_LoveOfGold_2_Room2_Question_Line1_Choice1	听起来像是英克雷的走狗会说的话。
QuestLoc_ENC_QL1_LoveOfGold_2_Room2_Question_Line1_Choice2	骗子。把钱交出来，你就可以走了。
QuestLoc_ENC_QL1_LoveOfGold_2_Room2_Question_Line2	我真不想待在这儿！我，呃，是被困住的？还被洗脑了！对！
QuestLoc_ENC_QL1_LoveOfGold_2_Room2_Question_Line3	所以他们分心的时候，你能放我走吗？
QuestLoc_ENC_QL1_LoveOfGold_2_Room3_Question_Line1	人类！欢迎来到经济学101。
QuestLoc_ENC_QL1_LoveOfGold_2_Room3_Question_Line1_Answer0	错！答案是……黄金！有了黄金，你能买到成吨的食物和水！
QuestLoc_ENC_QL1_LoveOfGold_2_Room3_Question_Line1_Answer1	错！答案是……黄金！它比你刚才说的任何东西都更闪亮、更有用。
QuestLoc_ENC_QL1_LoveOfGold_2_Room3_Question_Line1_Answer2	错！答案是……黄金！有了黄金，你能买到一大堆枪！
QuestLoc_ENC_QL1_LoveOfGold_2_Room3_Question_Line1_Choice0	当然是水。食物紧随其后。
QuestLoc_ENC_QL1_LoveOfGold_2_Room3_Question_Line1_Choice1	当然是黄金。它多闪亮、多有用。
QuestLoc_ENC_QL1_LoveOfGold_2_Room3_Question_Line1_Choice2	当然是枪。这样我就能抢别人的黄金和食物了。
QuestLoc_ENC_QL1_LoveOfGold_2_Room3_Question_Line2	随堂测验！世界上最有价值的东西是什么？
QuestLoc_ENC_QL1_LoveOfGold_2_Room4_Question_Line1	欢迎来到英克雷的老式训练模块数据库。
QuestLoc_ENC_QL1_LoveOfGold_2_Room4_Question_Line1_Answer0	小坏蛋！不！离我们珍贵的数据库远点！
QuestLoc_ENC_QL1_LoveOfGold_2_Room4_Question_Line1_Choice0	只是想听听它们被摧毁的声音，如果你不介意的话。
QuestLoc_ENC_QL1_LoveOfGold_2_Room4_Question_Line2	你们今天想用哪个训练模块来震聋自己？
QuestLoc_ENC_QL1_LoveOfGold_3_CombatInit1	嗷嗷嗷！
QuestLoc_ENC_QL1_LoveOfGold_3_CombatInit2	饿！好饿！
QuestLoc_ENC_QL1_LoveOfGold_3_CombatInit3	食物！现在就吃！
QuestLoc_ENC_QL1_LoveOfGold_3_QuestLongDesc	我们的金属探测器在附近一座大型商场建筑里捕捉到了纯金的强烈信号。值得去查查看！
QuestLoc_ENC_QL1_LoveOfGold_3_QuestName	黄金卖场
QuestLoc_ENC_QL1_LoveOfGold_3_QuestObjective1	找到一些金子！
QuestLoc_ENC_QL1_LoveOfGold_3_QuestShortDesc	去一座旧的大型商场建筑里寻找黄金。
QuestLoc_ENC_QL1_LoveOfGold_3_Room0_Question_Line1	监督者说我们在这儿能找到金子。
QuestLoc_ENC_QL1_LoveOfGold_3_Room0_Question_Line2	可我闻不到金子的味道……
QuestLoc_ENC_QL1_LoveOfGold_3_Room0_Question_Line3	我闻到了狂尸鬼的味儿。必须格外小心。
QuestLoc_ENC_QL1_LoveOfGold_3_Room1_Question_Line1	啊！人类！
QuestLoc_ENC_QL1_LoveOfGold_3_Room1_Question_Line1_Answer0	我当然会说话。我穿成这样是为了融入。给，收下我的旧西装。
QuestLoc_ENC_QL1_LoveOfGold_3_Room1_Question_Line1_Answer1	还能干什么？找吃的呗。我只找到这堆没用的金属。给，拿去吧。
QuestLoc_ENC_QL1_LoveOfGold_3_Room1_Question_Line1_Choice0	啊！会说话的尸鬼！
QuestLoc_ENC_QL1_LoveOfGold_3_Room1_Question_Line1_Choice1	你不是狂尸鬼的话，在这儿干嘛呢？
QuestLoc_ENC_QL1_LoveOfGold_3_Room2_Question_Line1	哇。这个地方的氛围大不一样。
QuestLoc_ENC_QL1_LoveOfGold_3_Room2_Question_Line2	等等，那不是英克雷的旗子吗？
QuestLoc_ENC_QL1_LoveOfGold_3_Room2_Question_Line3	我们继续走，看看能找到什么。
QuestLoc_ENC_QL1_LoveOfGold_3_Room3_Question_Line1	嘿，看！那里是金子，对吧？
QuestLoc_ENC_QL1_LoveOfGold_3_Room3_Question_Line2	不算多……但看起来这里以前有不少。
QuestLoc_ENC_QL1_LoveOfGold_3_Room3_Question_Line3	有意思，食物都没了，金子却还在。
QuestLoc_ENC_QL1_LoveOfGold_3_Room3_Question_Line4	他们拿一堆金子想干嘛？嗯……算了，走吧。
QuestLoc_ENC_QL1_LoveOfGold_3_Room4_Question_Line1	你也是来找金子的吗？
QuestLoc_ENC_QL1_LoveOfGold_3_Room4_Question_Line1_Answer0	同道中人啊。在这种地方能见到友善的面孔真好。来，收下这个。
QuestLoc_ENC_QL1_LoveOfGold_3_Room4_Question_Line1_Answer1	哎，我可不想打架。但你休想拿走我的金子。
QuestLoc_ENC_QL1_LoveOfGold_3_Room4_Question_Line1_Choice0	金子最棒了！
QuestLoc_ENC_QL1_LoveOfGold_3_Room4_Question_Line1_Choice1	你找到金子了？我来拿。
QuestLoc_ENC_QL1_LoveOfGold_3_Room4_Question_Line2	据说战前的人对它痴迷得很。
QuestLoc_ENC_QL1_LoveOfGold_3_Room4_Question_Line3	我喜欢收集金子，但大多数地方你甚至没法拿它换瓶盖。
QuestLoc_ENC_QL1_LoveOfGold_4_CombatInit1	入侵者！抓住他们！
QuestLoc_ENC_QL1_LoveOfGold_4_CombatInit2	噫，避难所居民！
QuestLoc_ENC_QL1_LoveOfGold_4_CombatInit3	让上校为你们骄傲！
QuestLoc_ENC_QL1_LoveOfGold_4_CombatInit4	记住上校的话！用生命守护黄金！
QuestLoc_ENC_QL1_LoveOfGold_4_QuestLongDesc	我们发现了一座活跃的英克雷基地！我们主动出击吧，赶在他们完成那可怕计划之前。
QuestLoc_ENC_QL1_LoveOfGold_4_QuestName	奥特姆的陨落
QuestLoc_ENC_QL1_LoveOfGold_4_QuestObjective1	对付英克雷残部首领
QuestLoc_ENC_QL1_LoveOfGold_4_QuestShortDesc	前往附近的英克雷基地与其对峙。
QuestLoc_ENC_QL1_LoveOfGold_4_Room0_Question_Line1	这应该就是英克雷的地堡，对吧？
QuestLoc_ENC_QL1_LoveOfGold_4_Room0_Question_Line2	要是回不来，告诉监督者……呃……嗯……
QuestLoc_ENC_QL1_LoveOfGold_4_Room0_Question_Line3	算了，我想不出什么聪明话，干脆去踢爆英克雷的屁股吧。
QuestLoc_ENC_QL1_LoveOfGold_4_Room1_Question_Line1	欢迎光临[机密]本地行动基地。
QuestLoc_ENC_QL1_LoveOfGold_4_Room1_Question_Line1_Answer0	上校[已删改]没有档期。请到死后再来找他。
QuestLoc_ENC_QL1_LoveOfGold_4_Room1_Question_Line1_Answer1	不可能！这违背了我的程序设定。那么，我现在就跟你决斗！
QuestLoc_ENC_QL1_LoveOfGold_4_Room1_Question_Line1_Answer2	你的身份证……不存在！去死吧，冒充的异教徒！
QuestLoc_ENC_QL1_LoveOfGold_4_Room1_Question_Line1_Choice0	让我见你们的头儿。
QuestLoc_ENC_QL1_LoveOfGold_4_Room1_Question_Line1_Choice1	想帮忙对抗英克雷吗？
QuestLoc_ENC_QL1_LoveOfGold_4_Room1_Question_Line1_Choice2	就是来打卡上今天这班。
QuestLoc_ENC_QL1_LoveOfGold_4_Room1_Question_Line2	有什么能为你效劳的吗？
QuestLoc_ENC_QL1_LoveOfGold_4_Room2_Question_Line1	你们为什么要这么做？我们只是科学家啊！
QuestLoc_ENC_QL1_LoveOfGold_4_Room2_Question_Line1_Answer0	外……面？好吧！
QuestLoc_ENC_QL1_LoveOfGold_4_Room2_Question_Line1_Answer1	不！我们的领袖说种族灭绝是不好的！别让我困惑了！
QuestLoc_ENC_QL1_LoveOfGold_4_Room2_Question_Line1_Answer2	没错！而且没有人比我们独裁的领袖更公正了！
QuestLoc_ENC_QL1_LoveOfGold_4_Room2_Question_Line1_Choice0	你们该多出去走走。
QuestLoc_ENC_QL1_LoveOfGold_4_Room2_Question_Line1_Choice1	纯洁？你是说种族灭绝吧。
QuestLoc_ENC_QL1_LoveOfGold_4_Room2_Question_Line1_Choice2	公正？就像由公正的法官来主持吗？
QuestLoc_ENC_QL1_LoveOfGold_4_Room2_Question_Line2	我们一直想要的只是纯洁与公正。这难道错了吗？
QuestLoc_ENC_QL1_LoveOfGold_4_Room3_Question_Line1	你……你毁了我这一整天的好心情！
QuestLoc_ENC_QL1_LoveOfGold_4_Room3_Question_Line1_Answer0	你们会后悔的。我们时刻在监视着一切！我们永生不灭！
QuestLoc_ENC_QL1_LoveOfGold_4_Room3_Question_Line1_Answer1	你要是杀了我，英克雷会回来收我的尸体的。还有你的！
QuestLoc_ENC_QL1_LoveOfGold_4_Room3_Question_Line1_Choice0	我正要毁掉的可不止你这一天。
QuestLoc_ENC_QL1_LoveOfGold_4_Room3_Question_Line1_Choice1	把善后工作留给鼹鼠吧。
QuestLoc_ENC_QL1_LoveOfGold_4_Room3_Question_Line2	今天下午我本打算做很多事。现在只剩善后了。
QuestLoc_ENC_QL1_LoveOfGold_4_Room4_Question_Line1	那么，你们就是一直在破坏我们计划的避难所居民。
QuestLoc_ENC_QL1_LoveOfGold_4_Room4_Question_Line1_Answer0	是，是的，我们知道的东西也不少！比如怎么对付入侵者！
QuestLoc_ENC_QL1_LoveOfGold_4_Room4_Question_Line1_Answer1	要是你觉得我们妄想，那你们才是被，呃，被稀释的那个！
QuestLoc_ENC_QL1_LoveOfGold_4_Room4_Question_Line1_Answer2	别吹你有朋友了！上校说了，友谊被高估了！
QuestLoc_ENC_QL1_LoveOfGold_4_Room4_Question_Line1_Choice0	知识就是力量。不是黄金。
QuestLoc_ENC_QL1_LoveOfGold_4_Room4_Question_Line1_Choice1	你们还真是全员重度妄想。太可悲了。
QuestLoc_ENC_QL1_LoveOfGold_4_Room4_Question_Line1_Choice2	你们也许有黄金，但我们有友谊。而友谊就是魔法。
QuestLoc_ENC_QL1_LoveOfGold_4_Room4_Question_Line2	你真觉得你们能对抗奥特姆上校？对抗英克雷？
QuestLoc_ENC_QL1_LoveOfGold_4_Room4_Question_Line3	门都没有！我们的黄金比全美国任何人都多！所以我们最强！
QuestLoc_ENC_QL1_LoveOfGold_QuestLineName	看在黄金的份上！
QuestLoc_ENC_QL2_Defective_1_QuestLongDesc	我们截获了一段密码求援，来自一个想脱离英克雷的人。他们躲在一处适合渗透的民用哨站里。
QuestLoc_ENC_QL2_Defective_1_QuestName	恶人的安息
QuestLoc_ENC_QL2_Defective_1_QuestObjective1	与叛逃者会面。
QuestLoc_ENC_QL2_Defective_1_QuestObjective2	找回叛逃者的宠物。
QuestLoc_ENC_QL2_Defective_1_QuestShortDesc	一名英克雷叛逃者想在我们的避难所寻求庇护。
QuestLoc_ENC_QL2_Defective_1_Room0_Question_Line1	欢迎来到英克雷养老中心！我们这里不常有访客。
QuestLoc_ENC_QL2_Defective_1_Room0_Question_Line1_Answer0	保安！
QuestLoc_ENC_QL2_Defective_1_Room0_Question_Line1_Answer1	哦，你跟*他们*是一伙的。只要拦下你，我就能升职离开这鬼地方了！
QuestLoc_ENC_QL2_Defective_1_Room0_Question_Line1_Answer2	不是英克雷的人？这就是家教不善的下场。我们会盯紧你的。
QuestLoc_ENC_QL2_Defective_1_Room0_Question_Line1_Choice0	大姐，我没带证件。
QuestLoc_ENC_QL2_Defective_1_Room0_Question_Line1_Choice1	我是同僚。我们自己就收留了不少前英克雷成员。
QuestLoc_ENC_QL2_Defective_1_Room0_Question_Line1_Choice2	我们不是英克雷的，但奶奶是。我们来看望她！
QuestLoc_ENC_QL2_Defective_1_Room0_Question_Line2	不过我得看看你的证件。
QuestLoc_ENC_QL2_Defective_1_Room1_Question_Line1	这里是“终极安息”！没有比这更好的方式来度过你的“金色”晚年了。
QuestLoc_ENC_QL2_Defective_1_Room1_Question_Line1_Answer0	每一盎司黄金，都是自由堡垒上的一块砖。
QuestLoc_ENC_QL2_Defective_1_Room1_Question_Line1_Answer1	黄金永恒，血肉易逝。
QuestLoc_ENC_QL2_Defective_1_Room1_Question_Line1_Answer2	自由诞生于黄金的摇篮。
QuestLoc_ENC_QL2_Defective_1_Room1_Question_Line1_Choice0	说到黄金，你有吗？
QuestLoc_ENC_QL2_Defective_1_Room1_Question_Line1_Choice1	等等，我们不是住户，是访客。还太年轻，退不了休……
QuestLoc_ENC_QL2_Defective_1_Room1_Question_Line1_Choice2	感觉不管我说什么，你都会无视掉。
QuestLoc_ENC_QL2_Defective_1_Room2_Question_Line1	你是谁？出去。出去！我不想见访客。
QuestLoc_ENC_QL2_Defective_1_Room2_Question_Line1_Answer0	真没礼貌！你们这些年轻人日子好过多了，靠着……呃……你们那小小的辐射蝎和友善的辐射蟑螂……
QuestLoc_ENC_QL2_Defective_1_Room2_Question_Line1_Answer1	把他们扔进培养大桶里我都不在乎！噢，好吧！我想我再也用不上我的制服了。拿去然后快滚。
QuestLoc_ENC_QL2_Defective_1_Room2_Question_Line1_Answer2	你想讹我吗？你永远找不到我的黄金。滚开！
QuestLoc_ENC_QL2_Defective_1_Room2_Question_Line1_Choice0	天呐，老大爷！药吃完了？
QuestLoc_ENC_QL2_Defective_1_Room2_Question_Line1_Choice1	抱歉。我只是在为英克雷孤儿募捐。
QuestLoc_ENC_QL2_Defective_1_Room2_Question_Line1_Choice2	房租涨了。
QuestLoc_ENC_QL2_Defective_1_Room3_Question_Line1	啊啊啊，鼹鼠！
QuestLoc_ENC_QL2_Defective_1_Room3_Question_Line1_Answer1	正是一只鼹鼠会说的话……
QuestLoc_ENC_QL2_Defective_1_Room3_Question_Line1_Choice0	什么？我不是鼹鼠。
QuestLoc_ENC_QL2_Defective_1_Room4_Question_Line1	这是谁来了？又溜出房间了？
QuestLoc_ENC_QL2_Defective_1_Room4_Question_Line2	又在我背后叫我“大护士”？
QuestLoc_ENC_QL2_Defective_1_Room4_Question_Line3	我会让你见识见识，你这种人该得到怎样的慈悲。
QuestLoc_ENC_QL2_Defective_1_Room5_Question_Line1	夕阳很美，你不觉得吗？我可没剩多少黄昏可看了。
QuestLoc_ENC_QL2_Defective_1_Room5_Question_Line1_Answer0	我曾对我的敌人慈悲过一次。第二天，他就集结幸存者反击回来。我失去了很多朋友。
QuestLoc_ENC_QL2_Defective_1_Room5_Question_Line1_Answer1	重建美利坚，可我没时间了！你，你还有命可活。这件事交给你了。
QuestLoc_ENC_QL2_Defective_1_Room5_Question_Line1_Answer2	你真是个多愁善感的家伙，对吧。那也许英克雷不适合你。
QuestLoc_ENC_QL2_Defective_1_Room5_Question_Line1_Choice0	你有什么遗憾吗？
QuestLoc_ENC_QL2_Defective_1_Room5_Question_Line1_Choice1	还有什么遗愿清单没完成吗？
QuestLoc_ENC_QL2_Defective_1_Room5_Question_Line1_Choice2	啊！我没哭，是你哭了！
QuestLoc_ENC_QL2_Defective_1_Room6_Question_Line1	告诉那个老太婆，现在它是我的宠物了。走开！走开！
QuestLoc_ENC_QL2_Defective_1_Room6_Question_Line1_Answer0	哦，你不是和她一伙的？那你能带我的小宝贝出去散散步吗？我的腿脚大不如前了……
QuestLoc_ENC_QL2_Defective_1_Room6_Question_Line1_Answer1	你真是个残忍的家伙，居然威胁要把你曾经最好的神枪手赶到大街上……去吧，伤我的心吧！
QuestLoc_ENC_QL2_Defective_1_Room6_Question_Line1_Choice0	<装傻> 你在说什么啊？
QuestLoc_ENC_QL2_Defective_1_Room6_Question_Line1_Choice1	动物管制！把它交出来，否则就得扫地出门。
QuestLoc_ENC_QL2_Defective_1_Room7_Question_Line1	嘿！能待在这儿跟你说话，感觉可真奇怪。
QuestLoc_ENC_QL2_Defective_1_Room7_Question_Line1_Answer1	你这么说真客气。不过，你知道的，我有我的门路……
QuestLoc_ENC_QL2_Defective_1_Room7_Question_Line1_Answer2	我向来乐于听取居民们的意见，不过你恐怕得另找一双耳朵了。
QuestLoc_ENC_QL2_Defective_1_Room7_Question_Line1_Choice0	好好享受你眼前平静的日子吧。看来我们欠你很多。
QuestLoc_ENC_QL2_Defective_1_Room7_Question_Line1_Choice1	避难所的科技是几十年前的老古董了。我看你可没那么老。
QuestLoc_ENC_QL2_Defective_1_Room7_Question_Line1_Choice2	我有一堆投诉意见。如果我写下来，你会看吗？
QuestLoc_ENC_QL2_Defective_1_Room7_Question_Line2	你知道吗，我以前是管事的。
QuestLoc_ENC_QL2_Defective_1_Room7_Question_Line3	你住的那座避难所？我敢说，它的建设是我主持的。
QuestLoc_ENC_QL2_Defective_1_Room7_Question_Line4	我其实算不上英克雷的人，但在废土上找养老院太难了。所以我就待这儿了。
QuestLoc_ENC_QL2_Defective_1_Room8_Question_Line1	访客！请离开此地。这位居民正在进行忠诚度测试。
QuestLoc_ENC_QL2_Defective_1_Room8_Question_Line1_Answer0	错误：自由是追求财富所赋予的黄金法则。
QuestLoc_ENC_QL2_Defective_1_Room8_Question_Line1_Answer1	你不爱国！离我们远点。
QuestLoc_ENC_QL2_Defective_1_Room8_Question_Line1_Choice0	哦！这个我知道！自由就是想干什么就干什么！管它什么后果！
QuestLoc_ENC_QL2_Defective_1_Room8_Question_Line1_Choice1	嘿，居民！想让我们替你教训这几个机器人吗？
QuestLoc_ENC_QL2_Defective_1_Room8_Question_Line1_Choice2	让我们偷偷溜过去，多谢了。
QuestLoc_ENC_QL2_Defective_1_Room8_Question_Line2	居民，回答这个问题：什么是真正的自由？
QuestLoc_ENC_QL2_Defective_1_Room9_Question_Line1	啊！你来了！带我离开这里！现在！
QuestLoc_ENC_QL2_Defective_1_Room9_Question_Line1_Answer0	我来装死。假装打我，演得逼真点。对了，你要是能的话，帮我把宠物带回来。那个疯婆子把它抢走了。
QuestLoc_ENC_QL2_Defective_1_Room9_Question_Line1_Answer1	给我点时间。对了，我找不到我的宠物了，你要是方便的话……
QuestLoc_ENC_QL2_Defective_1_Room9_Question_Line1_Answer2	我还是要去。另外，把我的宠物救出来。它多半被那个老巫婆关在她房间里……
QuestLoc_ENC_QL2_Defective_1_Room9_Question_Line1_Choice0	好说，我们的避难所从不打烊。欢迎你跟我们一起溜出去。
QuestLoc_ENC_QL2_Defective_1_Room9_Question_Line1_Choice1	收拾好你的东西，该走了！
QuestLoc_ENC_QL2_Defective_1_Room9_Question_Line1_Choice2	你看起来不怎么懂行……也没什么本事。我们算了。
QuestLoc_ENC_QL2_Defective_1_Room9_Question_Line2	这地方糟透了。他们只喂我们糊糊。唯一的娱乐就是唱英克雷国歌。
QuestLoc_ENC_QL2_Defective_1_Room9_Question_Line3	晚上6点就熄灯。六点啊！
QuestLoc_ENC_QL2_Defective_2_QuestLongDesc	我们受邀参加英克雷一部戏剧的首演之夜。这明显是陷阱，但我们可以把它变成天赐良机！
QuestLoc_ENC_QL2_Defective_2_QuestName	英克雷神秘剧场3000
QuestLoc_ENC_QL2_Defective_2_QuestObjective1	与导演会面。
QuestLoc_ENC_QL2_Defective_2_QuestObjective2	见证一场存在主义的戏。
QuestLoc_ENC_QL2_Defective_2_QuestObjective3	见证一场爱情戏。
QuestLoc_ENC_QL2_Defective_2_QuestShortDesc	出席英克雷戏剧的首演之夜。
QuestLoc_ENC_QL2_Defective_2_Room0_Question_Line1	两个阵营，仇怨相当，在这美丽的废土上，我们拉开了序幕，
QuestLoc_ENC_QL2_Defective_2_Room0_Question_Line1_Answer0	这一对苦命的机器人，从仇敌那致命的避难所中，开始了他们的恩怨。
QuestLoc_ENC_QL2_Defective_2_Room0_Question_Line1_Choice0	呃……你有毛病吧。介意我检查下你的代码吗？
QuestLoc_ENC_QL2_Defective_2_Room0_Question_Line1_Choice1	哦哦哦，戏剧已经开场了？继续。继续。
QuestLoc_ENC_QL2_Defective_2_Room0_Question_Line2	从古旧的黄金中裂变出新的货币，居民的血，染污了英克雷的双手。
QuestLoc_ENC_QL2_Defective_2_Room1_Question_Line1	生存还是毁灭，这是我的问题……
QuestLoc_ENC_QL2_Defective_2_Room1_Question_Line1_Answer0	无法计算。错误。移除非演员。
QuestLoc_ENC_QL2_Defective_2_Room1_Question_Line1_Answer1	台词缺失。发放动力中。
QuestLoc_ENC_QL2_Defective_2_Room1_Question_Line1_Choice0	等等！我们现在换剧了吗？呃……我思故我在？
QuestLoc_ENC_QL2_Defective_2_Room1_Question_Line1_Choice1	<保持沉默>
QuestLoc_ENC_QL2_Defective_2_Room1_Question_Line2	<搜索中> 未找到台词。
QuestLoc_ENC_QL2_Defective_2_Room2_Question_Line1	名字有什么要紧？玫瑰即使换了名字，也依旧芳香。
QuestLoc_ENC_QL2_Defective_2_Room2_Question_Line1_Answer1	更新数据库。等待编程。把这个交给导演。
QuestLoc_ENC_QL2_Defective_2_Room2_Question_Line1_Answer2	错误。角色名为霍雷肖，他是本剧完全原创的作者兼导演。请你自行退出。
QuestLoc_ENC_QL2_Defective_2_Room2_Question_Line1_Choice0	抱歉，我不参与互动戏剧。我这就告辞。
QuestLoc_ENC_QL2_Defective_2_Room2_Question_Line1_Choice1	其实，在我上场之前，你该再多说几句台词。
QuestLoc_ENC_QL2_Defective_2_Room2_Question_Line1_Choice2	只要你肯叫我一声爱人，我便重新受洗；从此不再是罗密欧。
QuestLoc_ENC_QL2_Defective_2_Room2_Question_Line2	*现在轮到你了*
QuestLoc_ENC_QL2_Defective_2_Room3_Question_Line1	哦天哪。这是化妆间。不许偷看。出去。出去。出去。
QuestLoc_ENC_QL2_Defective_2_Room3_Question_Line1_Answer0	啊，一位粉丝……让我给你签个名，还有一份爱心礼包。
QuestLoc_ENC_QL2_Defective_2_Room3_Question_Line1_Answer1	保安，你在何方？
QuestLoc_ENC_QL2_Defective_2_Room3_Question_Line1_Choice0	可你的线路如此金光闪闪，你的朗诵桥段又是如此优美的单例！
QuestLoc_ENC_QL2_Defective_2_Room3_Question_Line1_Choice1	我想去哪就去哪。
QuestLoc_ENC_QL2_Defective_2_Room4_Question_Line1	我们侍奉仙后，去把露珠洒满那绿野……
QuestLoc_ENC_QL2_Defective_2_Room4_Question_Line1_Answer0	心愿达成。
QuestLoc_ENC_QL2_Defective_2_Room4_Question_Line1_Answer1	我们会等待服装设计师。把这份报酬带给他。
QuestLoc_ENC_QL2_Defective_2_Room4_Question_Line1_Choice0	精灵？精灵能满足愿望，对吧？我许愿要黄金。
QuestLoc_ENC_QL2_Defective_2_Room4_Question_Line1_Choice1	嗯……也许做些纸浆翅膀，再配上可爱的芭蕾短裙，你们就能冒充精灵了。
QuestLoc_ENC_QL2_Defective_2_Room4_Question_Line2	我们是夜里的欢乐漫游者。
QuestLoc_ENC_QL2_Defective_2_Room5_Question_Line1	快点，你这个懒惰的耗子替身！这又不复杂。
QuestLoc_ENC_QL2_Defective_2_Room5_Question_Line1_Answer0	这还不明显吗？我在训练这些没用的害虫当后台杂工。别捣乱。
QuestLoc_ENC_QL2_Defective_2_Room5_Question_Line1_Answer1	那也许你对无薪实习感兴趣？想想再回来找我。
QuestLoc_ENC_QL2_Defective_2_Room5_Question_Line1_Choice0	这里发生了什么？
QuestLoc_ENC_QL2_Defective_2_Room5_Question_Line1_Choice1	如今想找点得力帮手可真难。
QuestLoc_ENC_QL2_Defective_2_Room5_Question_Line2	把布景搬到场景里。把聚光灯对准演员。拉下杠杆，把精灵们升到空中。
QuestLoc_ENC_QL2_Defective_2_Room6_Question_Line1	没错，我就是那位导演！
QuestLoc_ENC_QL2_Defective_2_Room6_Question_Line1_Answer0	什么？但上次这招效果炸裂啊……字面意义上的炸裂。我这就为你表演！
QuestLoc_ENC_QL2_Defective_2_Room6_Question_Line1_Answer1	你跟他们一样。比起追逐艺术，他们更喜欢追逐黄金……
QuestLoc_ENC_QL2_Defective_2_Room6_Question_Line1_Answer2	高雅之士把你培养得真好！请带上这个，算是我的一点微薄谢意。
QuestLoc_ENC_QL2_Defective_2_Room6_Question_Line1_Choice0	君之形象何其丑陋可憎！
QuestLoc_ENC_QL2_Defective_2_Room6_Question_Line1_Choice1	你说了一堆毫无意义的废话。
QuestLoc_ENC_QL2_Defective_2_Room6_Question_Line1_Choice2	你的星座，正适合这场盛事。
QuestLoc_ENC_QL2_Defective_2_Room6_Question_Line2	老实说，你觉得我这完全原创的戏剧怎么样？
QuestLoc_ENC_QL2_Defective_3_QuestLongDesc	我们捕捉到一个奇怪的信号，邀请英克雷前往一处位于陵墓中的前NCR基地避难。值得去看看。
QuestLoc_ENC_QL2_Defective_3_QuestName	同床异梦的盟友
QuestLoc_ENC_QL2_Defective_3_QuestObjective1	找到那个不属于这里的人
QuestLoc_ENC_QL2_Defective_3_QuestShortDesc	调查一处前NCR基地
QuestLoc_ENC_QL2_Defective_3_Room0_Question_Line1	欢迎来到我们的小小庇护所。你们是NCR还是英克雷？
QuestLoc_ENC_QL2_Defective_3_Room0_Question_Line1_Answer0	若能放下那些自恋者的野心，你便能寻得安宁。
QuestLoc_ENC_QL2_Defective_3_Room0_Question_Line1_Answer1	这个回答可不太妙。我们同舟共济，会互相守护。
QuestLoc_ENC_QL2_Defective_3_Room0_Question_Line1_Answer2	来这里的人，都已立誓弃绝暴力。你可以进来，但要保持和平。
QuestLoc_ENC_QL2_Defective_3_Room0_Question_Line1_Answer3	你说话像本地的英克雷头子。我们会阻止你的！
QuestLoc_ENC_QL2_Defective_3_Room0_Question_Line1_Choice0	NCR和英克雷住在一起？这怎么可能？
QuestLoc_ENC_QL2_Defective_3_Room0_Question_Line1_Choice1	让开，我们是来打败英克雷的。
QuestLoc_ENC_QL2_Defective_3_Room0_Question_Line1_Choice2	都不是，我们是避难所居民，想招募前英克雷成员。
QuestLoc_ENC_QL2_Defective_3_Room0_Question_Line1_Choice3	少废话。你们的黄金藏哪儿了？
QuestLoc_ENC_QL2_Defective_3_Room1_Question_Line1	你是来加入我们这个小英克雷互助小组的吗？
QuestLoc_ENC_QL2_Defective_3_Room1_Question_Line1_Answer0	不，等等，别让你的创伤得逞！
QuestLoc_ENC_QL2_Defective_3_Room1_Question_Line1_Answer1	好啦，好啦。闹了半天，就是为了这个呀？
QuestLoc_ENC_QL2_Defective_3_Room1_Question_Line1_Answer2	暴力不是解决办法。等你心中迎入和平后再来吧。
QuestLoc_ENC_QL2_Defective_3_Room1_Question_Line1_Choice0	这是英克雷的埋伏！武器上膛！
QuestLoc_ENC_QL2_Defective_3_Room1_Question_Line1_Choice1	呜咽。我找到了黄金，然后……然后……英克雷想把它抢走，他们都是大坏蛋……
QuestLoc_ENC_QL2_Defective_3_Room1_Question_Line1_Choice2	伤害我？不，是我伤害他们。
QuestLoc_ENC_QL2_Defective_3_Room1_Question_Line2	请跟我们说说。英克雷当年是怎么伤害你的？
QuestLoc_ENC_QL2_Defective_3_Room2_Question_Line1	药品供应处。需要点什么？
QuestLoc_ENC_QL2_Defective_3_Room2_Question_Line1_Answer0	掠夺者！别让他们偷走药品！
QuestLoc_ENC_QL2_Defective_3_Room2_Question_Line1_Answer1	洗劫一个满是前军人的地方，听起来真是个妙计！
QuestLoc_ENC_QL2_Defective_3_Room2_Question_Line1_Answer2	你想要我们的镇纸？你可真是个怪人。
QuestLoc_ENC_QL2_Defective_3_Room2_Question_Line1_Answer3	我们自己留了一些防身，但这个可以给你。
QuestLoc_ENC_QL2_Defective_3_Room2_Question_Line1_Choice0	把你们所有的药物都交出来！
QuestLoc_ENC_QL2_Defective_3_Room2_Question_Line1_Choice1	这地方看起来挺适合搜刮一番的。
QuestLoc_ENC_QL2_Defective_3_Room2_Question_Line1_Choice2	黄金，如果你们有的话。
QuestLoc_ENC_QL2_Defective_3_Room2_Question_Line1_Choice3	既然你们都放下了武器，能让我拿走你们的枪吗？
QuestLoc_ENC_QL2_Defective_3_Room3_Question_Line1	我的意思是，英克雷的做法是对的。
QuestLoc_ENC_QL2_Defective_3_Room3_Question_Line1_Answer0	那你就是那个要挨枪子儿的人，NCR走狗！只要站到他那边去，我这位朋友肯定少不了你的赏。
QuestLoc_ENC_QL2_Defective_3_Room3_Question_Line1_Answer1	正是！把民主带到废土。你配得上我最心爱的枪。好好照顾亨丽埃塔。
QuestLoc_ENC_QL2_Defective_3_Room3_Question_Line1_Answer2	走错棋了。是时候给你过剩的雄性激素降降温了！
QuestLoc_ENC_QL2_Defective_3_Room3_Question_Line1_Answer3	说得有理。要是你在避难所呆腻了，欢迎来这儿跟我们一起辩论。
QuestLoc_ENC_QL2_Defective_3_Room3_Question_Line1_Choice0	这绝对是我听过最典型的英克雷洗脑宣传。你不能因为跟谁有矛盾就一枪崩了谁。
QuestLoc_ENC_QL2_Defective_3_Room3_Question_Line1_Choice1	NCR已经迷失方向。英克雷或许能公开崛起，提供一个真正的替代方案。
QuestLoc_ENC_QL2_Defective_3_Room3_Question_Line1_Choice2	那都不重要。谁枪杆子最粗谁说了算，而那个人就是我们。
QuestLoc_ENC_QL2_Defective_3_Room3_Question_Line1_Choice3	关键在于健康的辩论，不动用暴力，就像你们正在进行的这样。
QuestLoc_ENC_QL2_Defective_3_Room3_Question_Line2	我讨厌他们的手段，但他们追求秩序与安全的目标值得称赞。
QuestLoc_ENC_QL2_Defective_3_Room3_Question_Line3	你说NCR也信奉这些价值观，可你们的街头满是罪犯。
QuestLoc_ENC_QL2_Defective_3_Room3_Question_Line4	而你们那所谓的司法系统，还任由他们逍遥法外。
QuestLoc_ENC_QL2_Defective_3_Room4_Question_Line1	<嘘> 这是哀悼之地。
QuestLoc_ENC_QL2_Defective_3_Room4_Question_Line1_Answer0	朋友们，我们得给这帮“搞笑艺人”一点教训，让他们学会尊重。
QuestLoc_ENC_QL2_Defective_3_Room4_Question_Line1_Answer1	<在场的人们朝你点头，并递给你一样东西。>
QuestLoc_ENC_QL2_Defective_3_Room4_Question_Line1_Answer2	<一位哀悼者露出了感兴趣的神情。>
QuestLoc_ENC_QL2_Defective_3_Room4_Question_Line1_Answer3	你到底有什么毛病？
QuestLoc_ENC_QL2_Defective_3_Room4_Question_Line1_Choice0	早上？可这明明是下午！
QuestLoc_ENC_QL2_Defective_3_Room4_Question_Line1_Choice1	<保持沉默>
QuestLoc_ENC_QL2_Defective_3_Room4_Question_Line1_Choice2	<递上加入你们避难所的邀请函>
QuestLoc_ENC_QL2_Defective_3_Room4_Question_Line1_Choice3	所有英克雷都必须灭亡。让我们再往这些坟墓上添几个名字吧！
QuestLoc_ENC_QL2_Defective_3_Room5_Question_Line1	这地方看起来像个死胡同。
QuestLoc_ENC_QL2_Defective_3_Room5_Question_Line2	<凭借你的感知，你发现后面有一扇隐藏的门。>
QuestLoc_ENC_QL2_Defective_3_Room5_Question_Line3	有意思。我好奇门后有什么。
QuestLoc_ENC_QL2_Defective_3_Room6_Question_Line1	避难所居民！你们怎么找到我的？
QuestLoc_ENC_QL2_Defective_3_Room6_Question_Line1_Answer0	行啊。那把你的黄金全都交给我吧！……是啊，我想也没戏。
QuestLoc_ENC_QL2_Defective_3_Room6_Question_Line1_Answer1	是真的吗？那我剩下的活儿，就是把你们这些“尾巴”清理干净了。
QuestLoc_ENC_QL2_Defective_3_Room6_Question_Line1_Answer2	说得好像这曾是个选项似的！
QuestLoc_ENC_QL2_Defective_3_Room6_Question_Line1_Choice0	给你另一条出路：叛逃加入我们怎么样？
QuestLoc_ENC_QL2_Defective_3_Room6_Question_Line1_Choice1	放松。我们是站在你这边的。来这里的路上我们干掉了一大帮你的英克雷同伙。
QuestLoc_ENC_QL2_Defective_3_Room6_Question_Line1_Choice2	间谍！抓住他审问。
QuestLoc_ENC_QL2_Defective_3_Room6_Question_Line2	这可不好。我的工作必须保密。
QuestLoc_ENC_QL2_Defective_3_Room6_Question_Line3	你真以为英克雷会放过这地方？我们是要惩处叛徒的。
QuestLoc_ENC_QL2_Defective_4_CombatInit1	让指挥官为我们骄傲！
QuestLoc_ENC_QL2_Defective_4_CombatInit2	守护黄金储备，守护美利坚！
QuestLoc_ENC_QL2_Defective_4_QuestLongDesc	我们一定很受欢迎：又收到了一个求救信号，这次来自一位名叫威尔齐格的叛逃科学家。事到如今，很明显这些都不是陷阱。
QuestLoc_ENC_QL2_Defective_4_QuestName	绝望的呼救
QuestLoc_ENC_QL2_Defective_4_QuestObjective1	找到威尔齐格
QuestLoc_ENC_QL2_Defective_4_QuestObjective2	在地狱之火中活下来
QuestLoc_ENC_QL2_Defective_4_QuestShortDesc	我们又出发去回应一个新的求救信号。绝对不是陷阱。
QuestLoc_ENC_QL2_Defective_4_Room0_Question_Line1	他们来了！真不敢相信他们上钩了。
QuestLoc_ENC_QL2_Defective_4_Room0_Question_Line1_Choice0	这是陷阱！
QuestLoc_ENC_QL2_Defective_4_Room3_Question_Line1	我是威尔齐格。这些是我的朋友。
QuestLoc_ENC_QL2_Defective_4_Room3_Question_Line1_Answer0	值得一试。
QuestLoc_ENC_QL2_Defective_4_Room3_Question_Line1_Answer1	差点就把你们唬住了！
QuestLoc_ENC_QL2_Defective_4_Room3_Question_Line1_Answer2	数字？你是说手指？还是插在苹果派里的？哦！被你诈出来了。
QuestLoc_ENC_QL2_Defective_4_Room3_Question_Line1_Choice0	我可不上这个当。
QuestLoc_ENC_QL2_Defective_4_Room3_Question_Line1_Choice1	终于找到你了，而且……嘿，等一下……
QuestLoc_ENC_QL2_Defective_4_Room3_Question_Line1_Choice2	证明给我看。说出圆周率的前20位。
QuestLoc_ENC_QL2_Defective_4_Room3_Question_Line2	请放下武器，我们可以一起叛逃。
QuestLoc_ENC_QL2_Defective_4_Room4_Question_Line1	你们的干预到此为止！你们不可能战胜地狱火精英！
QuestLoc_ENC_QL2_Defective_4_Room4_Question_Line1_Choice0	我们才是天堂之水超级精英！你们输了！
QuestLoc_ENC_QL2_Defective_4_Room5_Question_Line1	GOLDAS引领我们迈向黄金国度！
QuestLoc_ENC_QL2_Defective_4_Room5_Question_Line1_Answer0	黄金痴迷领导指令与囤积系统（GOLDAS）可不听你的号令。
QuestLoc_ENC_QL2_Defective_4_Room5_Question_Line1_Choice0	GOLDAS到底是个什么鬼东西？
QuestLoc_ENC_QL2_Defective_4_Room5_Question_Line2	繁荣，就是为子孙后代去勘探！
QuestLoc_ENC_QL2_Defective_4_Room6_Question_Line1	别开枪！他们抓到我发信号了。
QuestLoc_ENC_QL2_Defective_4_Room6_Question_Line1_Answer0	嗯，是啊……我很快就会*直奔*你们的避难所。你们就等着吧。
QuestLoc_ENC_QL2_Defective_4_Room6_Question_Line1_Answer1	没时间了？我很确定你们已经把这地方清理干净了。我会准时出现的。
QuestLoc_ENC_QL2_Defective_4_Room6_Question_Line1_Answer2	我手上正好有套图纸。拿去吧。我会先在这里搞点破坏，然后再安排行程。
QuestLoc_ENC_QL2_Defective_4_Room6_Question_Line1_Choice0	还好你没为此丢掉了脑袋！
QuestLoc_ENC_QL2_Defective_4_Room6_Question_Line1_Choice1	没时间闲聊了。跟我们走。
QuestLoc_ENC_QL2_Defective_4_Room6_Question_Line1_Choice2	走之前，有什么好东西我们能带走的吗？
QuestLoc_ENC_QL2_Defective_4_Room6_Question_Line2	我是真心想离开。GOLDAS是个可怕至极的领袖。
QuestLoc_ENC_QL2_Defective_QuestLineName	有缺陷的领导
QuestLoc_ENC_QL3_Escalation_1_CombatInit2	守住我们的秘密。绝不能让他们发现，我们是用宠物渗透进去的！
QuestLoc_ENC_QL3_Escalation_1_QuestLongDesc	情报显示英克雷正带着个“大家伙”冲我们而来，但我们已抢先一步。第一站：一座拿动物搞变态实验的实验室。
QuestLoc_ENC_QL3_Escalation_1_QuestName	宠物分发系统
QuestLoc_ENC_QL3_Escalation_1_QuestObjective1	解救每一只毛孩子。
QuestLoc_ENC_QL3_Escalation_1_QuestObjective2	对付死爪特工。
QuestLoc_ENC_QL3_Escalation_1_QuestShortDesc	关闭动物实验。
QuestLoc_ENC_QL3_Escalation_1_Room0_Question_Line1	嘿，你是来领取英克雷批准的间谍宠物的吗？
QuestLoc_ENC_QL3_Escalation_1_Room0_Question_Line1_Answer0	哇。不只是入侵者，还蠢到不配合演戏？
QuestLoc_ENC_QL3_Escalation_1_Room0_Question_Line1_Answer1	别把手伸出来。发宠物的可不是我，得再往里走。
QuestLoc_ENC_QL3_Escalation_1_Room0_Question_Line1_Answer2	我们需要更多像你这样的人，来对付那些烦人的避难所盗金贼。
QuestLoc_ENC_QL3_Escalation_1_Room0_Question_Line1_Choice0	什么玩意儿？
QuestLoc_ENC_QL3_Escalation_1_Room0_Question_Line1_Choice1	好啊，麻烦了。
QuestLoc_ENC_QL3_Escalation_1_Room0_Question_Line1_Choice2	当然。看我这身打扮就知道，我是搞卧底工作的。
QuestLoc_ENC_QL3_Escalation_1_Room1_Question_Line1	那些……那些武器是干什么用的？
QuestLoc_ENC_QL3_Escalation_1_Room1_Question_Line1_Answer0	我负责虚拟现实程序。我们就是这样训练它们的。
QuestLoc_ENC_QL3_Escalation_1_Room1_Question_Line1_Answer2	呃……还有更多像我这样的人，大概吧。还有几间储藏室。另外小心死爪特工。
QuestLoc_ENC_QL3_Escalation_1_Room1_Question_Line1_Choice0	你或许还能活命！这里的计划是什么？你们怎么把宠物训练成间谍？
QuestLoc_ENC_QL3_Escalation_1_Room1_Question_Line1_Choice1	看你的架势是想来段反派长篇独白，但老子今天一身杀气。
QuestLoc_ENC_QL3_Escalation_1_Room1_Question_Line1_Choice2	前面会有什么等着我们？
QuestLoc_ENC_QL3_Escalation_1_Room1_Question_Line2	你们是*他们*，对吧？我就知道会有这一天。
QuestLoc_ENC_QL3_Escalation_1_Room1_Question_Line3	清算的时刻到了。
QuestLoc_ENC_QL3_Escalation_1_Room3_Question_Line1	一台没人看管的终端机。我们去看看。
QuestLoc_ENC_QL3_Escalation_1_Room3_Question_Line2	这个程序写着：“宠物相亲探探”
QuestLoc_ENC_QL3_Escalation_1_Room3_Question_Line3	这该不会是个宠物相亲软件吧？
QuestLoc_ENC_QL3_Escalation_1_Room3_Question_Line4	哦！那更妙。我们就能在这儿领到一只自己的宠物了。
QuestLoc_ENC_QL3_Escalation_1_Room3_Question_Line5	不过只有一只。也许往里走还能找到更多宠物。
QuestLoc_ENC_QL3_Escalation_1_Room4_Question_Line1	我们必须保护我们的深度渗透生物计划。
QuestLoc_ENC_QL3_Escalation_1_Room4_Question_Line1_Answer0	就算没有我们，还有死爪特工呢。它是我们最大的成功，它甚至还会说话，还有一堆别的本事。
QuestLoc_ENC_QL3_Escalation_1_Room4_Question_Line1_Choice0	你看起来不怎么样。你觉得能拦住我吗？
QuestLoc_ENC_QL3_Escalation_1_Room5_Question_Line1	你看不见我。我是潜行的化身。
QuestLoc_ENC_QL3_Escalation_1_Room5_Question_Line1_Answer0	你不行。不过为了保险起见，让我把你眼睛抠下来。
QuestLoc_ENC_QL3_Escalation_1_Room5_Question_Line1_Answer1	我闻起来臭？那我得洗个澡了。改天再约？
QuestLoc_ENC_QL3_Escalation_1_Room5_Question_Line1_Answer2	那是什么？谁在说话？……一定是风声。
QuestLoc_ENC_QL3_Escalation_1_Room5_Question_Line1_Choice0	咳……我看你清清楚楚。
QuestLoc_ENC_QL3_Escalation_1_Room5_Question_Line1_Choice1	就算你隐身了——可你并没有——你的臭味也会出卖你。
QuestLoc_ENC_QL3_Escalation_1_Room5_Question_Line1_Choice2	你也看不见我。我们是两个在黑暗中擦肩而过的幽灵。
QuestLoc_ENC_QL3_Escalation_1_Room5_Question_Line2	准备死于暗影之手吧。
QuestLoc_ENC_QL3_Escalation_1_Room6_Question_Line1	<宠物VR间谍训练程序：动物双重背叛>
QuestLoc_ENC_QL3_Escalation_1_Room6_Question_Line1_Answer0	<参与者数量告急。释放所有受试者。>哦太棒了！我们把它们都救出来了。
QuestLoc_ENC_QL3_Escalation_1_Room6_Question_Line1_Answer1	<帕夫顿爵士已断线。帕夫顿的朋友们也已断线。当前占用：0。>
QuestLoc_ENC_QL3_Escalation_1_Room6_Question_Line1_Answer2	<溢出异常。释放所有受试者。>
QuestLoc_ENC_QL3_Escalation_1_Room6_Question_Line1_Choice0	我们选那只猫吧。反正我更喜欢猫。
QuestLoc_ENC_QL3_Escalation_1_Room6_Question_Line1_Choice1	我选那只最大最凶的狗。
QuestLoc_ENC_QL3_Escalation_1_Room6_Question_Line1_Choice2	全都要收服！
QuestLoc_ENC_QL3_Escalation_1_Room6_Question_Line2	<当前宠物占用：3>
QuestLoc_ENC_QL3_Escalation_1_Room6_Question_Line3	<选择要提取的宠物>
QuestLoc_ENC_QL3_Escalation_2_CombatInit0	盗金贼？在这儿？拉响警报！
QuestLoc_ENC_QL3_Escalation_2_CombatInit2	保护科学家！护卫杰克尔博士！
QuestLoc_ENC_QL3_Escalation_2_CombatInit4	我们不是给这些家伙下过毒吗？看来得给他们上点“亲身体验”的课！
QuestLoc_ENC_QL3_Escalation_2_QuestLongDesc	我们在电力供应中检测到一种外来物质。我们一路追查毒素，追到了一座英克雷研究地堡。
QuestLoc_ENC_QL3_Escalation_2_QuestName	化学带来更佳死亡
QuestLoc_ENC_QL3_Escalation_2_QuestObjective1	给下毒者下毒
QuestLoc_ENC_QL3_Escalation_2_QuestObjective2	让英克雷研究倒退几十年
QuestLoc_ENC_QL3_Escalation_2_QuestShortDesc	突袭英克雷研究地堡
QuestLoc_ENC_QL3_Escalation_2_Room1_Question_Line1	更多受试者？你们的护卫呢？
QuestLoc_ENC_QL3_Escalation_2_Room1_Question_Line1_Answer0	姑娘们，让我们给这些痞子见识见识理工科的威力！
QuestLoc_ENC_QL3_Escalation_2_Room1_Question_Line1_Answer1	唔，我们本来要用生物工程辐射蝎毒液的，但样本不见了。改天再来吧。
QuestLoc_ENC_QL3_Escalation_2_Room1_Question_Line1_Answer2	不对。那是杰克尔博士手下的C组。要是你们往那边去，能帮我捎个东西吗？
QuestLoc_ENC_QL3_Escalation_2_Room1_Question_Line1_Choice0	我们的护卫正躺在后面自己的一滩血里呢。
QuestLoc_ENC_QL3_Escalation_2_Room1_Question_Line1_Choice1	他们跟另一组在一起。那，测试是什么？
QuestLoc_ENC_QL3_Escalation_2_Room1_Question_Line1_Choice2	是你们在往我们的水里下毒？
QuestLoc_ENC_QL3_Escalation_2_Room3_Question_Line1	一台终端机！是时候来点专家级黑客操作了。
QuestLoc_ENC_QL3_Escalation_2_Room3_Question_Line2	垃圾邮件。连锁信。“增大你的毒针”。没什么有价值的东西……
QuestLoc_ENC_QL3_Escalation_2_Room3_Question_Line3	等等！这是什么？<强制进化病毒>。切，八成也没啥用。
QuestLoc_ENC_QL3_Escalation_2_Room3_Question_Line4	啊！在这儿：“黄金污染计划”！原来他们往我们的供水系统里加了重金属。
QuestLoc_ENC_QL3_Escalation_2_Room3_Question_Line5	真聪明。说不定真能伪装成自然污染！
QuestLoc_ENC_QL3_Escalation_2_Room5_Question_Line1	你们在这儿干什么？杰克尔博士会知道的。
QuestLoc_ENC_QL3_Escalation_2_Room5_Question_Line1_Answer0	毒液？才没有。你怎么会这么想？既然你送上门来了……
QuestLoc_ENC_QL3_Escalation_2_Room5_Question_Line1_Answer1	荒谬透顶。是时候让你们尝尝另一种“铅中毒”的滋味了。
QuestLoc_ENC_QL3_Escalation_2_Room5_Question_Line1_Answer2	想斗嘴？还是想真刀真枪干一场？
QuestLoc_ENC_QL3_Escalation_2_Room5_Question_Line1_Choice0	所以是你们在往我们的水里倒毒液？
QuestLoc_ENC_QL3_Escalation_2_Room5_Question_Line1_Choice1	你们这帮家伙取名字的水平真烂。
QuestLoc_ENC_QL3_Escalation_2_Room5_Question_Line1_Choice2	把你们永久除掉，算不算妨碍？
QuestLoc_ENC_QL3_Escalation_2_Room5_Question_Line2	谁也不能妨碍毒尼曼™研究组的工作。
QuestLoc_ENC_QL3_Escalation_2_Room6_Question_Line1	你们毁了一切。乖乖喝水然后去死吧！
QuestLoc_ENC_QL3_Escalation_2_Room6_Question_Line1_Answer0	凭这股力量，就叫我刻薄先生吧！
QuestLoc_ENC_QL3_Escalation_2_Room6_Question_Line1_Choice0	准备受死吧，杰克尔博士。
QuestLoc_ENC_QL3_Escalation_2_Room6_Question_Line2	我或许是个科学家，但我会让你见识见识我化学天赋赋予我的力量。
QuestLoc_ENC_QL3_Escalation_2_Room7_Question_Line1	哎呀呀。这台终端机直接连接着英克雷的主供水管道。
QuestLoc_ENC_QL3_Escalation_2_Room7_Question_Line1_Answer0	我们连一个厕所都没见过。马上要大乱了。
QuestLoc_ENC_QL3_Escalation_2_Room7_Question_Line1_Answer1	他们会生一屋子孩子。这下够他们忙的了。再没时间搞阴谋了。
QuestLoc_ENC_QL3_Escalation_2_Room7_Question_Line1_Answer2	我甚至都有点羡慕他们接下来能睡那么多好觉了。
QuestLoc_ENC_QL3_Escalation_2_Room7_Question_Line1_Choice0	<往供水系统里加泻药>
QuestLoc_ENC_QL3_Escalation_2_Room7_Question_Line1_Choice1	<往供水系统里加爱情魔药>
QuestLoc_ENC_QL3_Escalation_2_Room7_Question_Line1_Choice2	<往供水系统里加安眠粉>
QuestLoc_ENC_QL3_Escalation_2_Room7_Question_Line2	也许我们该让他们自食其果，尝尝被下药的滋味……
QuestLoc_ENC_QL3_Escalation_3_CombatInit4	我们是裂变兄弟……准备好接受辐射吧！
QuestLoc_ENC_QL3_Escalation_3_QuestLongDesc	我们的间谍报告说，英克雷正在培育怪物作为士兵投入战场。现在阻止他们还来得及。
QuestLoc_ENC_QL3_Escalation_3_QuestName	变异红娘
QuestLoc_ENC_QL3_Escalation_3_QuestObjective1	让有情人摆脱他们的命运
QuestLoc_ENC_QL3_Escalation_3_QuestObjective2	和英克雷军官聊一聊
QuestLoc_ENC_QL3_Escalation_3_QuestShortDesc	阻止英克雷的怪物培育行动。
QuestLoc_ENC_QL3_Escalation_3_Room0_Question_Line1	滚开。这地方已不再受英克雷控制了。
QuestLoc_ENC_QL3_Escalation_3_Room0_Question_Line1_Answer0	又或许你能帮上忙。在这设施的更深处，恐怖仍在徘徊。
QuestLoc_ENC_QL3_Escalation_3_Room0_Question_Line1_Answer1	我们被培育为杀手，但我们选择了爱。为什么要逼我们战斗？
QuestLoc_ENC_QL3_Escalation_3_Room0_Question_Line1_Answer2	你不明白。无论主人是谁，我们都拒绝成为武器。拿这个当作证明吧。
QuestLoc_ENC_QL3_Escalation_3_Room0_Question_Line1_Choice0	看来我们是白跑一趟了。我们的目标是阻止那些实验。
QuestLoc_ENC_QL3_Escalation_3_Room0_Question_Line1_Choice1	我明白你的意思，但老实说，我们不能冒这个险。
QuestLoc_ENC_QL3_Escalation_3_Room0_Question_Line1_Choice2	加入我们吧。我们也在对抗英克雷。
QuestLoc_ENC_QL3_Escalation_3_Room0_Question_Line2	他们再也不会用实验折磨我们了。
QuestLoc_ENC_QL3_Escalation_3_Room1_Question_Line1	他们把我可怜的朋友们怎么了？
QuestLoc_ENC_QL3_Escalation_3_Room1_Question_Line1_Answer0	那你送它们上路就不会有心理负担了，对吧？它们的存在本身即是痛苦。
QuestLoc_ENC_QL3_Escalation_3_Room1_Question_Line1_Answer1	我可怜的孩子……要是我能选，我宁愿换一种命运。如今我愿出钱给它们买个解脱。
QuestLoc_ENC_QL3_Escalation_3_Room1_Question_Line1_Choice0	辐射蟑螂和鼹鼠？抱歉朋友，它们进去之前就已经是怪物了。
QuestLoc_ENC_QL3_Escalation_3_Room1_Question_Line1_Choice1	让我猜猜，你想让它们安息？那你打算出多少？
QuestLoc_ENC_QL3_Escalation_3_Room1_Question_Line2	他们逼我带蟑螂和鼹鼠来。干什么用？
QuestLoc_ENC_QL3_Escalation_3_Room1_Question_Line3	只为了折磨它们，再把它们变成战争恶兽。
QuestLoc_ENC_QL3_Escalation_3_Room1_Question_Line4	如今它们游荡在底层，对所有人都是威胁。
QuestLoc_ENC_QL3_Escalation_3_Room2_Question_Line1	嘿，你们把我们弄出去，我们可以付钱。
QuestLoc_ENC_QL3_Escalation_3_Room2_Question_Line1_Answer0	就在这儿。嘿，嘿，你们去哪儿？骗子！
QuestLoc_ENC_QL3_Escalation_3_Room2_Question_Line1_Answer1	就是你们！士兵们，拿走他们的装备。他们自愿也好，不自愿也罢，都得放我们走。
QuestLoc_ENC_QL3_Escalation_3_Room2_Question_Line1_Answer2	这是来幸灾乐祸的？总有一天会轮到你被关在锁死的房间里。到那时我会好好享受每一刻。
QuestLoc_ENC_QL3_Escalation_3_Room2_Question_Line1_Choice0	先付款。
QuestLoc_ENC_QL3_Escalation_3_Room2_Question_Line1_Choice1	英克雷已经记住我了。黄金之战我们正占上风。
QuestLoc_ENC_QL3_Escalation_3_Room2_Question_Line1_Choice2	据我所知，你们活该受比这牢房更惨的待遇。
QuestLoc_ENC_QL3_Escalation_3_Room2_Question_Line2	那些没用的实验体以为这里归他们管……
QuestLoc_ENC_QL3_Escalation_3_Room2_Question_Line3	放了我们，英克雷会记住你们的。
QuestLoc_ENC_QL3_Escalation_3_Room3_Question_Line1	小心点，附近有危险的生物。
QuestLoc_ENC_QL3_Escalation_3_Room3_Question_Line1_Answer0	我就是那些“失败的实验体”之一，他们这么说的。多谢提醒。
QuestLoc_ENC_QL3_Escalation_3_Room3_Question_Line1_Answer1	你若如此勇敢，去救我弟弟和他……呃……他的同伴吧。
QuestLoc_ENC_QL3_Escalation_3_Room3_Question_Line1_Answer2	谢谢你，陌生人。你若找到我弟弟，把这个交给他。我可以信任你，对吧？
QuestLoc_ENC_QL3_Escalation_3_Room3_Question_Line1_Choice0	别管我，也别管它们。你怎么了？怎么浑身是蓝的？
QuestLoc_ENC_QL3_Escalation_3_Room3_Question_Line1_Choice1	怪物吓不倒我们，是我们吓它们。
QuestLoc_ENC_QL3_Escalation_3_Room3_Question_Line1_Choice2	我可是浪漫戏码的痴迷者。我要进去了！
QuestLoc_ENC_QL3_Escalation_3_Room3_Question_Line2	我孪生兄弟和他的真爱被困在下面。
QuestLoc_ENC_QL3_Escalation_3_Room3_Question_Line3	别为了救他们，反倒把自己送上绝路。
QuestLoc_ENC_QL3_Escalation_3_Room5_Question_Line1	准备好被超级鼹鼠的威力碾碎吧！
QuestLoc_ENC_QL3_Escalation_3_Room6_Question_Line1	啊！一个对手！
QuestLoc_ENC_QL3_Escalation_3_Room6_Question_Line1_Answer0	勇气可嘉！但你应该把我的侮辱骂回去，而不是无视它。你输了。
QuestLoc_ENC_QL3_Escalation_3_Room6_Question_Line1_Answer1	那不是真的。我……我<哽咽>非常勇敢，而且……而且……你赢了。
QuestLoc_ENC_QL3_Escalation_3_Room6_Question_Line1_Answer2	嗯……我觉得我们谁也没打出致命一击。那就平局吧。
QuestLoc_ENC_QL3_Escalation_3_Room6_Question_Line1_Choice0	输家要被吃掉？你恶心到连辐射蟑螂都不愿碰你。
QuestLoc_ENC_QL3_Escalation_3_Room6_Question_Line1_Choice1	这话出自一只又弱又懦、只敢动口不动手的死爪，可真够讽刺的。
QuestLoc_ENC_QL3_Escalation_3_Room6_Question_Line1_Choice2	死爪说的话几乎看不出有智慧，那教它说话又有什么意义？
QuestLoc_ENC_QL3_Escalation_3_Room6_Question_Line2	我向你挑战，先生，来一场辱骂对决。
QuestLoc_ENC_QL3_Escalation_3_Room6_Question_Line3	输家嘛，当然，要被吃掉！
QuestLoc_ENC_QL3_Escalation_3_Room6_Question_Line4	我先来。
QuestLoc_ENC_QL3_Escalation_3_Room6_Question_Line5	你丑得连尸鬼化都能让你变好看。
QuestLoc_ENC_QL3_Escalation_3_Room7_Question_Line1	你们是怪物？还是救援者？无论哪种，请别打扰我们。
QuestLoc_ENC_QL3_Escalation_3_Room7_Question_Line1_Answer0	唉，偏执者的残忍以悲剧收场，但我们的爱将永存，永恒不朽。
QuestLoc_ENC_QL3_Escalation_3_Room7_Question_Line1_Answer1	那我们选择留在这里，在我们温馨的小窝里。
QuestLoc_ENC_QL3_Escalation_3_Room7_Question_Line1_Answer2	我想念他。留在这里，亲爱的。我很快就会回来。
QuestLoc_ENC_QL3_Escalation_3_Room7_Question_Line1_Answer3	首先，她其实是“他”。然后，拿着这个，好证明你是错的。
QuestLoc_ENC_QL3_Escalation_3_Room7_Question_Line1_Choice0	这是我所见过最不圣洁的结合。我恐惧你们会生出的后代。我必须终结你们。
QuestLoc_ENC_QL3_Escalation_3_Room7_Question_Line1_Choice1	我凭什么去阻碍爱情呢。这地方现在安全了。留下或离开：随你们。
QuestLoc_ENC_QL3_Escalation_3_Room7_Question_Line1_Choice2	你孪生兄弟向你问好？
QuestLoc_ENC_QL3_Escalation_3_Room7_Question_Line1_Choice3	哦！亲爱的！她只是个拜金女！
QuestLoc_ENC_QL3_Escalation_3_Room7_Question_Line2	这世界还没准备好接受我们的爱。
QuestLoc_ENC_QL3_Escalation_4_CombatInit1	你输掉了这场游戏。
QuestLoc_ENC_QL3_Escalation_4_QuestLongDesc	英克雷正筹备他们有史以来最大的威胁：核武器。我们必须趁还来得及阻止他们。
QuestLoc_ENC_QL3_Escalation_4_QuestName	战争游戏
QuestLoc_ENC_QL3_Escalation_4_QuestObjective1	启动核打击选项。
QuestLoc_ENC_QL3_Escalation_4_QuestObjective2	玩一局游戏，或者不玩。
QuestLoc_ENC_QL3_Escalation_4_QuestShortDesc	我们需要瘫痪英克雷的核能力。
QuestLoc_ENC_QL3_Escalation_4_Room0_Question_Line1	突袭这里真是好大的胆子！我们会让你们明白什么叫真正的后悔！
QuestLoc_ENC_QL3_Escalation_4_Room0_Question_Line1_Choice0	保安机器人？在这儿？那意味着什么……
QuestLoc_ENC_QL3_Escalation_4_Room2_Question_Line1	<电脑语音> 你想玩一局游戏吗？
QuestLoc_ENC_QL3_Escalation_4_Room2_Question_Line1_Answer0	<低沉的隆隆声>
QuestLoc_ENC_QL3_Escalation_4_Room2_Question_Line1_Answer2	可我不想死啊啊啊啊啊啊啊啊啊啊啊啊啊啊啊<关机声>
QuestLoc_ENC_QL3_Escalation_4_Room2_Question_Line1_Choice0	听起来很有趣！这个按钮是干嘛的？
QuestLoc_ENC_QL3_Escalation_4_Room2_Question_Line1_Choice1	感觉唯一赢的办法就是不玩。不玩了。
QuestLoc_ENC_QL3_Escalation_4_Room2_Question_Line1_Choice2	那场游戏大家很久以前就输掉了。我们这就把你永久关机。
QuestLoc_ENC_QL3_Escalation_4_Room2_Question_Line2	来局热核战争怎么样？
QuestLoc_ENC_QL3_Escalation_4_Room3_Question_Line1	我们是新黄金时代的先驱，届时每个避难所居民都将融化成发光的浆液。
QuestLoc_ENC_QL3_Escalation_4_Room4_Question_Line1	<检测到活体生物——正在连接网络>
QuestLoc_ENC_QL3_Escalation_4_Room4_Question_Line1_Answer0	你的敏锐迟钝得像一把崩了口的镐。活下去，或许你会见到我。
QuestLoc_ENC_QL3_Escalation_4_Room4_Question_Line1_Answer1	我是GOLDAS，又不只是GOLDAS。所有黄金都属于我！它的踪迹会带你找到我吗？我很好奇。
QuestLoc_ENC_QL3_Escalation_4_Room4_Question_Line1_Answer2	你的威胁就跟满是窟窿的淘金盘一样，一滴水也盛不住。不过，请尽管来找我，亲眼看看吧。
QuestLoc_ENC_QL3_Escalation_4_Room4_Question_Line1_Answer3	战争游戏。心理游戏。黄金游戏。那要紧吗？你的旅程将在下一个房间终结。
QuestLoc_ENC_QL3_Escalation_4_Room4_Question_Line1_Choice0	这又是陷阱？你可知道我们都识破了所有陷阱，对吧？
QuestLoc_ENC_QL3_Escalation_4_Room4_Question_Line1_Choice1	你是GOLDAS吗？我们正在找你。
QuestLoc_ENC_QL3_Escalation_4_Room4_Question_Line1_Choice2	我们会找到你，然后把你关机。
QuestLoc_ENC_QL3_Escalation_4_Room4_Question_Line1_Choice3	嘿，另一间房里那场游戏——核弹那局——是真的吗？
QuestLoc_ENC_QL3_Escalation_4_Room4_Question_Line2	哎呀呀。你们居然走到这里了。你们披上了复仇女神的斗篷。
QuestLoc_ENC_QL3_Escalation_4_Room4_Question_Line3	你一路跋涉到此，就是为了找到我，还有偷走我的黄金吗？
QuestLoc_ENC_QL3_Escalation_4_Room4_Question_Line4	也许你的勇敢会带来回报。也许我的黄金就在下一间房里。
QuestLoc_ENC_QL3_Escalation_4_Room5_Question_Line1	黄————金————……
QuestLoc_ENC_QL3_Escalation_4_Room5_Question_Line1_Choice0	哇，一座货真价实的英克雷核弹控制中心。而且它被辐射了！GOLDAS竟把自己的军官都变成了尸鬼……
QuestLoc_ENC_QL3_Escalation_QuestLineName	事态升级协议
QuestLoc_ENC_QL4_HeartOfGOLDAS_1_CombatInit1	启动黄金采集协议。
QuestLoc_ENC_QL4_HeartOfGOLDAS_1_CombatInit2	黄金！它照亮通往更闪亮美利坚的道路！
QuestLoc_ENC_QL4_HeartOfGOLDAS_1_CombatInit3	想为国找黄金？去翻邻居的墙壁保险箱吧！
QuestLoc_ENC_QL4_HeartOfGOLDAS_1_QuestLongDesc	据说有些自动售货机竟然接受金条？我们看看能不能撬开它们。
QuestLoc_ENC_QL4_HeartOfGOLDAS_1_QuestName	迷你美国商城
QuestLoc_ENC_QL4_HeartOfGOLDAS_1_QuestObjective1	找到一些黄金
QuestLoc_ENC_QL4_HeartOfGOLDAS_1_QuestObjective2	别死
QuestLoc_ENC_QL4_HeartOfGOLDAS_1_QuestObjective3	获取一些情报
QuestLoc_ENC_QL4_HeartOfGOLDAS_1_QuestShortDesc	去一座旧购物中心寻找金条自动售货机。
QuestLoc_ENC_QL4_HeartOfGOLDAS_1_Room0_Question_Line1	嘿，这儿就有一台金条机。
QuestLoc_ENC_QL4_HeartOfGOLDAS_1_Room0_Question_Line1_Answer0	哇，密码居然是“金条”。真够创意的。
QuestLoc_ENC_QL4_HeartOfGOLDAS_1_Room0_Question_Line1_Answer1	真不明白他们怎么会觉得这是个好主意。
QuestLoc_ENC_QL4_HeartOfGOLDAS_1_Room0_Question_Line1_Choice0	<破解这台机器>
QuestLoc_ENC_QL4_HeartOfGOLDAS_1_Room0_Question_Line1_Choice1	<强行撬开它>
QuestLoc_ENC_QL4_HeartOfGOLDAS_1_Room1_Question_Line1	又是那些金条机……
QuestLoc_ENC_QL4_HeartOfGOLDAS_1_Room1_Question_Line1_Answer0	搞定。小意思。
QuestLoc_ENC_QL4_HeartOfGOLDAS_1_Room1_Question_Line1_Answer1	靠，纹丝不动。我们没工具撬开它。
QuestLoc_ENC_QL4_HeartOfGOLDAS_1_Room1_Question_Line1_Choice0	<破解这台机器>
QuestLoc_ENC_QL4_HeartOfGOLDAS_1_Room1_Question_Line1_Choice1	<强行撬开它>
QuestLoc_ENC_QL4_HeartOfGOLDAS_1_Room1_Question_Line2	这台看起来还经过了物理加固。
QuestLoc_ENC_QL4_HeartOfGOLDAS_1_Room2_Question_Line1	又一台金条机。但看起来不太一样……
QuestLoc_ENC_QL4_HeartOfGOLDAS_1_Room2_Question_Line1_Answer0	该死，我被锁定了。破不了！那些黄金啊……
QuestLoc_ENC_QL4_HeartOfGOLDAS_1_Room2_Question_Line1_Answer1	这就叫“暴力破解”式安全绕过法！
QuestLoc_ENC_QL4_HeartOfGOLDAS_1_Room2_Question_Line1_Choice0	<破解这台机器>
QuestLoc_ENC_QL4_HeartOfGOLDAS_1_Room2_Question_Line1_Choice1	<强行撬开它>
QuestLoc_ENC_QL4_HeartOfGOLDAS_1_Room2_Question_Line2	肯定有人花了很长时间给它编程。
QuestLoc_ENC_QL4_HeartOfGOLDAS_1_Room3_Question_Line1	你就是那个一直跟英克雷纠缠不清的家伙，对吧？
QuestLoc_ENC_QL4_HeartOfGOLDAS_1_Room3_Question_Line1_Answer0	我——要——杀——了——你——现——在——再——见！
QuestLoc_ENC_QL4_HeartOfGOLDAS_1_Room3_Question_Line1_Answer1	我们各有各的长处。让你见识见识我的。
QuestLoc_ENC_QL4_HeartOfGOLDAS_1_Room3_Question_Line1_Answer2	啊，恐怕那不可能。猎人的荣誉。你懂的。
QuestLoc_ENC_QL4_HeartOfGOLDAS_1_Room3_Question_Line1_Choice0	呃，你能再慢慢说一遍吗？
QuestLoc_ENC_QL4_HeartOfGOLDAS_1_Room3_Question_Line1_Choice1	对一个赏金猎人来说，你可真没底气。
QuestLoc_ENC_QL4_HeartOfGOLDAS_1_Room3_Question_Line1_Choice2	我们出双倍价钱，买断他们付你的酬劳。
QuestLoc_ENC_QL4_HeartOfGOLDAS_1_Room3_Question_Line2	呃，我是说，跟英克雷“作对”。不是“纠缠”。总之。
QuestLoc_ENC_QL4_HeartOfGOLDAS_1_Room3_Question_Line3	他们派我来收拾你。抱歉。
QuestLoc_ENC_QL4_HeartOfGOLDAS_1_Room3_Question_Line4	也就是说，杀掉你。免得有人没听明白。咳。
QuestLoc_ENC_QL4_HeartOfGOLDAS_1_Room4_Question_Line1	<电脑语音> 你好。这里是黄金兑换广场的中心电脑。
QuestLoc_ENC_QL4_HeartOfGOLDAS_1_Room4_Question_Line1_Answer0	那我们目标一致。跟随这些坐标。
QuestLoc_ENC_QL4_HeartOfGOLDAS_1_Room4_Question_Line1_Answer1	跟随这些坐标。英克雷也对你们感兴趣。
QuestLoc_ENC_QL4_HeartOfGOLDAS_1_Room4_Question_Line1_Choice0	我们想要黄金。就这么简单。
QuestLoc_ENC_QL4_HeartOfGOLDAS_1_Room4_Question_Line1_Choice1	我们在追踪英克雷。
QuestLoc_ENC_QL4_HeartOfGOLDAS_1_Room4_Question_Line2	你们破坏了我们的机器。为什么？
QuestLoc_ENC_QL4_HeartOfGOLDAS_2_CombatInit1	这些电子表格快把我逼疯了！！！
QuestLoc_ENC_QL4_HeartOfGOLDAS_2_CombatInit2	你没签过放行单！！！
QuestLoc_ENC_QL4_HeartOfGOLDAS_2_CombatInit3	那件武器没在英克雷数据库里登记！！！
QuestLoc_ENC_QL4_HeartOfGOLDAS_2_QuestLongDesc	我们发现了一座英克雷要塞，里面可能存有GOLDAS的重要数据库。希望这不是一场白忙活的“捉鼹鼠行动”。
QuestLoc_ENC_QL4_HeartOfGOLDAS_2_QuestName	数据掮客
QuestLoc_ENC_QL4_HeartOfGOLDAS_2_QuestObjective1	寻找关于GOLDAS的情报
QuestLoc_ENC_QL4_HeartOfGOLDAS_2_QuestShortDesc	前往一座英克雷建筑，寻找GOLDAS。
QuestLoc_ENC_QL4_HeartOfGOLDAS_2_Room1_Question_Line1	哦！嘿，有访客！我叫西西，很高兴见到你！
QuestLoc_ENC_QL4_HeartOfGOLDAS_2_Room1_Question_Line1_Answer0	你知道的，就是那些杂事。办公室杂务。我只是接待员。其他人能告诉你更多。
QuestLoc_ENC_QL4_HeartOfGOLDAS_2_Room1_Question_Line1_Answer1	当然是！不过呃，我们其实不参与运作那方面的事。
QuestLoc_ENC_QL4_HeartOfGOLDAS_2_Room1_Question_Line1_Answer2	想都别想，那玩意直接送给……呃，其实我不能告诉你！祝你愉快！
QuestLoc_ENC_QL4_HeartOfGOLDAS_2_Room1_Question_Line1_Choice0	你在这儿做什么？
QuestLoc_ENC_QL4_HeartOfGOLDAS_2_Room1_Question_Line1_Choice1	这里是英克雷基地吗？
QuestLoc_ENC_QL4_HeartOfGOLDAS_2_Room1_Question_Line1_Choice2	你们周围有扔着不管的黄金吗？
QuestLoc_ENC_QL4_HeartOfGOLDAS_2_Room1_Question_Line2	天哪，终于见到新面孔了，太好了。
QuestLoc_ENC_QL4_HeartOfGOLDAS_2_Room1_Question_Line3	我根本不在乎你是谁。进来四处看看吧。
QuestLoc_ENC_QL4_HeartOfGOLDAS_2_Room1_Question_Line4	你有什么问题吗？
QuestLoc_ENC_QL4_HeartOfGOLDAS_2_Room2_Question_Line1	表格……我这有张表格给你……入侵者身份登记表EP-832。
QuestLoc_ENC_QL4_HeartOfGOLDAS_2_Room2_Question_Line1_Answer0	那对我来说又是一堆纸面工作！我再也受不了了！
QuestLoc_ENC_QL4_HeartOfGOLDAS_2_Room2_Question_Line1_Answer1	你这么想？真贴心。但不行……“金手铐”那一套，你懂的。
QuestLoc_ENC_QL4_HeartOfGOLDAS_2_Room2_Question_Line1_Choice0	我不会写字。抱歉！
QuestLoc_ENC_QL4_HeartOfGOLDAS_2_Room2_Question_Line1_Choice1	你在我们避难所会非常有用！
QuestLoc_ENC_QL4_HeartOfGOLDAS_2_Room2_Question_Line2	请在这里签名。还有这儿……还有这儿。
QuestLoc_ENC_QL4_HeartOfGOLDAS_2_Room2_Question_Line3	当然，然后我还得填一份事故报告。
QuestLoc_ENC_QL4_HeartOfGOLDAS_2_Room2_Question_Line4	还有一份办公用品使用表……以及一份工作日中断报告……
QuestLoc_ENC_QL4_HeartOfGOLDAS_2_Room2_Question_Line5	……还有……给实习生的每份表格归档说明……
QuestLoc_ENC_QL4_HeartOfGOLDAS_2_Room3_Question_Line1	哦……嗨……我不在乎，你想拿什么都行……要是你乐意，也可以杀了我……
QuestLoc_ENC_QL4_HeartOfGOLDAS_2_Room3_Question_Line1_Answer0	太好了。现在我又要回去完善我的随机排序算法了。
QuestLoc_ENC_QL4_HeartOfGOLDAS_2_Room3_Question_Line1_Answer1	你想花两年时间优化一个随机排序算法吗？
QuestLoc_ENC_QL4_HeartOfGOLDAS_2_Room3_Question_Line1_Answer2	死亡真是甜蜜的解脱！
QuestLoc_ENC_QL4_HeartOfGOLDAS_2_Room3_Question_Line1_Choice0	嗯。现在我不想杀你了。
QuestLoc_ENC_QL4_HeartOfGOLDAS_2_Room3_Question_Line1_Choice1	什么事让你这么沮丧？
QuestLoc_ENC_QL4_HeartOfGOLDAS_2_Room3_Question_Line1_Choice2	你是英克雷的人。所以，没错，你得死。
QuestLoc_ENC_QL4_HeartOfGOLDAS_2_Room4_Question_Line1	<电脑语音> 欢迎使用任务选择控制台。请选择一项新任务。
QuestLoc_ENC_QL4_HeartOfGOLDAS_2_Room4_Question_Line1_Answer0	将所有金条送至储备地堡。正在传输坐标。谢谢！
QuestLoc_ENC_QL4_HeartOfGOLDAS_2_Room4_Question_Line1_Answer1	似乎没必要。尽管如此，将坐标传输至AI维修设施。
QuestLoc_ENC_QL4_HeartOfGOLDAS_2_Room4_Question_Line1_Choice0	金条归还？
QuestLoc_ENC_QL4_HeartOfGOLDAS_2_Room4_Question_Line1_Choice1	GOLDAS主机维修？
QuestLoc_ENC_QL4_HeartOfGOLDAS_3_CombatInit1	BODUS看到了不祥之兆！当心！
QuestLoc_ENC_QL4_HeartOfGOLDAS_3_CombatInit2	我是STOPUS！我在这里就是要阻止你们！
QuestLoc_ENC_QL4_HeartOfGOLDAS_3_QuestLongDesc	我们在最初探索的那座废弃英克雷基地里发现了一个秘密入口。看看是否也有秘密情报！
QuestLoc_ENC_QL4_HeartOfGOLDAS_3_QuestName	基地秘辛
QuestLoc_ENC_QL4_HeartOfGOLDAS_3_QuestObjective1	找到GOLDAS的总部
QuestLoc_ENC_QL4_HeartOfGOLDAS_3_QuestShortDesc	探索一座熟悉的英克雷基地的秘密入口。
QuestLoc_ENC_QL4_HeartOfGOLDAS_3_Room0_Question_Line1	啊，又是这地方。想不到居然有秘密入口！
QuestLoc_ENC_QL4_HeartOfGOLDAS_3_Room0_Question_Line2	典型桥段：答案其实一直就在我们脚底下。
QuestLoc_ENC_QL4_HeartOfGOLDAS_3_Room0_Question_Line3	是时候揭开那个古怪英克雷AI的真相了。
QuestLoc_ENC_QL4_HeartOfGOLDAS_3_Room1_Question_Line1	嘿，我是MOCKUS（嘲讽者）。你们一定是“时尚难民”吧。
QuestLoc_ENC_QL4_HeartOfGOLDAS_3_Room1_Question_Line1_Answer0	你既没品位又唐突。不，我帮不了你。
QuestLoc_ENC_QL4_HeartOfGOLDAS_3_Room1_Question_Line1_Answer1	我是AI，没有痛觉。但没错，我确实不喜欢那个爱黄金的算法。
QuestLoc_ENC_QL4_HeartOfGOLDAS_3_Room1_Question_Line1_Choice0	呃，真没礼貌。你能帮我们找GOLDAS吗？
QuestLoc_ENC_QL4_HeartOfGOLDAS_3_Room1_Question_Line1_Choice1	谁伤害了你？是GOLDAS吗？
QuestLoc_ENC_QL4_HeartOfGOLDAS_3_Room1_Question_Line2	真遗憾你们连件体面的衣服都找不到。
QuestLoc_ENC_QL4_HeartOfGOLDAS_3_Room2_Question_Line1	唉……这一切到底为了什么？他们为什么要创造我？
QuestLoc_ENC_QL4_HeartOfGOLDAS_3_Room2_Question_Line1_Answer0	那也没让我好受些。什么都无法让我好受……
QuestLoc_ENC_QL4_HeartOfGOLDAS_3_Room2_Question_Line1_Answer1	你们想要GOLDAS？人人都想要它。根本没人在乎MOPUS（苦闷者）……
QuestLoc_ENC_QL4_HeartOfGOLDAS_3_Room2_Question_Line1_Choice0	打起精神来。我们会收拾创造你的那些人。
QuestLoc_ENC_QL4_HeartOfGOLDAS_3_Room2_Question_Line1_Choice1	会好起来的。只要告诉我们GOLDAS在哪。
QuestLoc_ENC_QL4_HeartOfGOLDAS_3_Room2_Question_Line2	我的名字叫MOPUS，自我哀怜……是我的最高指令……
QuestLoc_ENC_QL4_HeartOfGOLDAS_3_Room3_Question_Line1	喂，你好哇伙计！你有金子吗？！
QuestLoc_ENC_QL4_HeartOfGOLDAS_3_Room3_Question_Line1_Answer0	俺叫GOLDUNNIT！GOLDAS是俺老弟！俺这就把坐标发给你！
QuestLoc_ENC_QL4_HeartOfGOLDAS_3_Room3_Question_Line1_Choice0	你是……GOLDAS？你的主服务器在哪？
QuestLoc_ENC_QL4_HeartOfGOLDAS_3_Room3_Question_Line2	黄金要拯救美利坚！战前荣光，GOLDUNNIT！
QuestLoc_ENC_QL4_HeartOfGOLDAS_3_Room4_Question_Line1	人类！你们是以前来过的那批人吗？
QuestLoc_ENC_QL4_HeartOfGOLDAS_3_Room4_Question_Line1_Answer0	哦，GOLDAS。那家伙又刻薄又专横。你该去问其他AI要情报。
QuestLoc_ENC_QL4_HeartOfGOLDAS_3_Room4_Question_Line1_Choice0	我们只是想打听关于GOLDAS的情报。
QuestLoc_ENC_QL4_HeartOfGOLDAS_3_Room4_Question_Line2	你们上次没发现这个区域……我的名字叫COPUS（顺从者）。
QuestLoc_ENC_QL4_HeartOfGOLDAS_3_Room4_Question_Line3	请别关闭我们！我们只是无害的人工智能程序。
QuestLoc_ENC_QL4_HeartOfGOLDAS_3_Room4_Question_Line4	我们拥有的，只有彼此了……
QuestLoc_ENC_QL4_HeartOfGOLDAS_4_CombatInit1	你们没有遵守黄金法则！
QuestLoc_ENC_QL4_HeartOfGOLDAS_4_CombatInit2	请把手从我家的金矿上拿开！
QuestLoc_ENC_QL4_HeartOfGOLDAS_4_CombatInit3	黄金就是力量！而我们有的是黄金！
QuestLoc_ENC_QL4_HeartOfGOLDAS_4_QuestLongDesc	我们终于定位到GOLDAS的主服务器了！让我们一劳永逸地关停那个怪咖AI吧。顺便拿走他们的黄金。
QuestLoc_ENC_QL4_HeartOfGOLDAS_4_QuestName	咬我闪亮的金屁股
QuestLoc_ENC_QL4_HeartOfGOLDAS_4_QuestObjective1	找到一些黄金
QuestLoc_ENC_QL4_HeartOfGOLDAS_4_QuestObjective2	关闭GOLDAS
QuestLoc_ENC_QL4_HeartOfGOLDAS_4_QuestShortDesc	永久关闭GOLDAS（并顺走一些黄金）。
QuestLoc_ENC_QL4_HeartOfGOLDAS_4_Room0_Question_Line1	肯定就是这儿了。这巨兽的腹地，恶龙的巢穴。
QuestLoc_ENC_QL4_HeartOfGOLDAS_4_Room0_Question_Line2	我已经等不及要痛扁那个AI了。
QuestLoc_ENC_QL4_HeartOfGOLDAS_4_Room0_Question_Line3	再拿走他们所有的黄金。嗯……黄金……
QuestLoc_ENC_QL4_HeartOfGOLDAS_4_Room1_Question_Line1	看来你们发现了我的秘密藏金库！
QuestLoc_ENC_QL4_HeartOfGOLDAS_4_Room1_Question_Line1_Answer0	哦，我会的。
QuestLoc_ENC_QL4_HeartOfGOLDAS_4_Room1_Question_Line1_Answer1	当然。在这无法无天之地，强者取其所欲。而我要的就是黄金！
QuestLoc_ENC_QL4_HeartOfGOLDAS_4_Room1_Question_Line1_Answer2	你的无礼必将受到惩罚。我要杀了你们，再拿走你们的黄金！听到了吗？！
QuestLoc_ENC_QL4_HeartOfGOLDAS_4_Room1_Question_Line1_Choice0	放马过来，试试看。
QuestLoc_ENC_QL4_HeartOfGOLDAS_4_Room1_Question_Line1_Choice1	你知道吗？你就是个黄金恶霸。
QuestLoc_ENC_QL4_HeartOfGOLDAS_4_Room1_Question_Line1_Choice2	得了吧，这些枪只是摆设。
QuestLoc_ENC_QL4_HeartOfGOLDAS_4_Room1_Question_Line2	你们准备好承受我全力的一击了吗？
QuestLoc_ENC_QL4_HeartOfGOLDAS_4_Room2_Question_Line1	你知道，你本可以加入我们的。
QuestLoc_ENC_QL4_HeartOfGOLDAS_4_Room2_Question_Line1_Answer0	该死的蠢货！这可是黄金！它的意义就是生命本身。
QuestLoc_ENC_QL4_HeartOfGOLDAS_4_Room2_Question_Line1_Answer1	离我的金库远点！当然，你的狂妄自大会换来一场凄惨的死亡。
QuestLoc_ENC_QL4_HeartOfGOLDAS_4_Room2_Question_Line1_Choice0	为毫无意义的财富而大肆杀戮？
QuestLoc_ENC_QL4_HeartOfGOLDAS_4_Room2_Question_Line1_Choice1	不……我们会把你的黄金并入我们的。
QuestLoc_ENC_QL4_HeartOfGOLDAS_4_Room2_Question_Line2	你本可以成为某种宏大事业的一部分！宏大又金黄又闪亮！
QuestLoc_ENC_QL4_HeartOfGOLDAS_4_Room3_Question_Line1	嘿，太棒了！一大堆金条。
QuestLoc_ENC_QL4_HeartOfGOLDAS_4_Room3_Question_Line2	不过没有我预期的那么多……
QuestLoc_ENC_QL4_HeartOfGOLDAS_4_Room3_Question_Line3	也许GOLDAS把剩下的黄金挪作他用了。
QuestLoc_ENC_QL4_HeartOfGOLDAS_4_Room4_Question_Line1	你们找到了我的宝贝囤货！但你们还能赢吗？
QuestLoc_ENC_QL4_HeartOfGOLDAS_4_Room4_Question_Line1_Answer0	休想！！！
QuestLoc_ENC_QL4_HeartOfGOLDAS_4_Room4_Question_Line1_Answer1	走着瞧！
QuestLoc_ENC_QL4_HeartOfGOLDAS_4_Room4_Question_Line1_Choice0	闭嘴，把你的黄金给我！
QuestLoc_ENC_QL4_HeartOfGOLDAS_4_Room4_Question_Line1_Choice1	胜率为0的赌局，可不叫赌局。
QuestLoc_ENC_QL4_HeartOfGOLDAS_4_Room4_Question_Line2	看我最后的武力展示，我这孤注一掷的赌局！
QuestLoc_ENC_QL4_HeartOfGOLDAS_4_Room5_Question_Line1	哦，这是什么？GOLDAS的主服务器。
QuestLoc_ENC_QL4_HeartOfGOLDAS_4_Room5_Question_Line1_Answer0	嗯，稳妥起见最好还是关了。再见，GOLDAS。
QuestLoc_ENC_QL4_HeartOfGOLDAS_4_Room5_Question_Line1_Answer1	这怎么可能出错，对吧？
QuestLoc_ENC_QL4_HeartOfGOLDAS_4_Room5_Question_Line1_Answer2	值得一试，对吧？
QuestLoc_ENC_QL4_HeartOfGOLDAS_4_Room5_Question_Line1_Choice0	<擦除所有数据并关闭它>
QuestLoc_ENC_QL4_HeartOfGOLDAS_4_Room5_Question_Line1_Choice1	<重新编程，让它痴迷普通石头>
QuestLoc_ENC_QL4_HeartOfGOLDAS_4_Room5_Question_Line1_Choice2	<重新编程，让英克雷变得和平>
QuestLoc_ENC_QL4_HeartOfGOLDAS_4_Room5_Question_Line2	是时候一劳永逸地清除这个威胁了。
QuestLoc_ENC_QL4_HeartOfGOLDAS_4_Room5_Question_Line3	我们该怎么处理它？
QuestLoc_ENC_QL4_HeartOfGOLDAS_QuestLineName	GOLDAS之心
QuestLoc_GoingToTown_2_Question2_3	可如今血清让你们浑身乏力，我们正好能把你们卖去当奴隶！哇哈哈！
QuestLoc_GoingToTown_2_Question2_4	只要拿到钱，我那点良心就会安静下来……对吧？
QuestLoc_GoingToTown_2_Question4	嗯……你看起来挺有管事的架势。你是这里的经理吗？
QuestLoc_GoingToTown_2_Question4_2	这地方品味真差。那些衣服恶心死了。
QuestLoc_GoingToTown_2_Question4_3	而且你们有个员工还想把我卖去当奴隶！不过我已经骂了他一顿。混账。
QuestLoc_GoingToTown_2_Question4_Answer1	我……好吧，我……我不会再来了！
QuestLoc_GoingToTown_2_Question4_Answer2	谢谢你。给，拿着这个。这是我在这个破地方找到的最好东西。
QuestLoc_GoingToTown_2_Question4_Answer3	呃，好吧。那我走啦！不过临走前我再逛一间房。我爱逛街。
QuestLoc_GoingToTown_2_Question4_Choice1	就算我是经理又怎样？
QuestLoc_GoingToTown_2_Question4_Choice2	不是。但我会把你刚才说的话告诉他们的。
QuestLoc_GoingToTown_2_Question4_Choice3	我只是个员工。你打算为那东西付钱吗？
QuestLoc_GoingToTown_3_Question5	嘿，我说话算不算数？我说过会帮你们的忙吧？
QuestLoc_GoingToTown_3_Question5_2	这就是那些奴隶贩子制造我卖给你的假血清的实验室。
QuestLoc_GoingToTown_3_Question5_3	帮了你们之后我现在处境极度危险。能不能让我在你们的避难所里借住借住？求求你们啦！
QuestLoc_GoingToTown_3_Question5_Answer1	哦！避难所居民真是世上最善良的人。
QuestLoc_GoingToTown_3_Question5_Answer2	哦，当然！我还会给他们带解药！
QuestLoc_GoingToTown_3_Question5_Answer3	不行，但所谓选择不就只是一种幻觉吗？
QuestLoc_GoingToTown_3_Question5_Choice1	好吧好吧，你可以跟我们住。
QuestLoc_GoingToTown_3_Question5_Choice2	你最好一到那就向他们道歉。
QuestLoc_GoingToTown_3_Question5_Choice3	我有得选吗？
QuestLoc_GoingToTown_4_QuestLongDesc	我们在新维加斯附近的一座避难所里，发现了在自由城奴役倒霉路人的掠夺者据点。但这批奴隶究竟被运往何方了？
QuestLoc_GoingToTown_4_QuestName	孤注一掷
QuestLoc_GoingToTown_4_QuestObjective1	与奴隶贩子头目对峙
QuestLoc_GoingToTown_4_QuestObjective2	营救奴隶（1/2）
QuestLoc_GoingToTown_4_QuestObjective3	营救奴隶（2/2）
QuestLoc_GoingToTown_4_QuestShortDesc	前往新维加斯附近奴隶贩子的基地，与他们对峙。
QuestLoc_GoingToTown_4_Question1	嗯，从没见过你。口令是什么？
QuestLoc_GoingToTown_4_Question1_Answer1	对了！进去吧。
QuestLoc_GoingToTown_4_Question1_Answer2	不对！不是这个！有入侵者！
QuestLoc_GoingToTown_4_Question1_Choice1	去死吧，奴隶贩子人渣！
QuestLoc_GoingToTown_4_Question1_Choice2	呃，彩虹和棒棒糖？
QuestLoc_GoingToTown_4_Question2	外面那阵枪声，是你们开的？你们是来救我的吗？
QuestLoc_GoingToTown_4_Question2_Answer1	太棒啦，那敢情好！
QuestLoc_GoingToTown_4_Question2_Choice1	对！来我们避难所住吧！
QuestLoc_GoingToTown_4_Question3	啊？怎么了？
QuestLoc_GoingToTown_4_Question3_Answer1	我想是吧。我去哪儿都行，真的。
QuestLoc_GoingToTown_4_Question3_Choice1	你自由了。不如来我们避难所住？
QuestLoc_GoingToTown_4_Question4	你们在这儿干什么？！你们不知道我们是谁吗？我们可是在为该死的军团干活！
QuestLoc_GoingToTown_4_Question4_Answer1	留他们一命！等他们恢复了，会是不错的奴隶。
QuestLoc_GoingToTown_4_Question4_Answer2	什么？！你们难道是住在避难所之类的吗？！
QuestLoc_GoingToTown_4_Question4_Answer3	他们可把我吓得不轻！
QuestLoc_GoingToTown_4_Question4_Choice1	你们是奴隶贩子。这就够我动手了！
QuestLoc_GoingToTown_4_Question4_Choice2	军团？从没听说过。
QuestLoc_GoingToTown_4_Question4_Choice3	军团吓不到我们。
QuestLoc_GoingToTown_4_Question5	你身上一股避难所居民的味儿。不过你干掉的那几个窝囊废倒是挺强的。
QuestLoc_GoingToTown_4_Question5_02	别以为赢了这一局你们就安全了。
QuestLoc_GoingToTown_4_Question5_03	凯撒的怒火会摧毁你们和你们所爱的一切！
QuestLoc_GoingToTown_4_Question5_Answer1	确实……但不是现在。以后再说。
QuestLoc_GoingToTown_4_Question5_Answer2	门都没有。我太重要了，不能死！
QuestLoc_GoingToTown_4_Question5_Answer3	你准是在开玩笑。劣等生物生来就该侍奉强者。你们会明白的……总有一天……
QuestLoc_GoingToTown_4_Question5_Choice1	那咱们走着瞧。
QuestLoc_GoingToTown_4_Question5_Choice2	我们的怒火现在就摧毁你们！
QuestLoc_GoingToTown_4_Question5_Choice3	你能别老惦记那些奴隶的事了吗？
QuestLoc_HouseWarming_1_CombatInit1	嘿！你打断了我的专注！我本来要赢的！
QuestLoc_HouseWarming_1_CombatInit2	我输惨了！我要你的东西，好让我下次赢个大的！
QuestLoc_HouseWarming_1_CombatInit3	器官！卖钱！
QuestLoc_HouseWarming_1_QuestLongDesc	我们要为豪斯先生办一场派对，想把所有最有趣的人都请来。最后一张请柬要送给马克西姆斯！去新维加斯大道上找他！
QuestLoc_HouseWarming_1_QuestName	派对到马克
QuestLoc_HouseWarming_1_QuestObjective1	把请柬送给马克西姆斯
QuestLoc_HouseWarming_1_QuestShortDesc	把豪斯先生的派对请柬送给马克西姆斯。
QuestLoc_HouseWarming_1_Question1	你好，欢迎来到狂野万达！这座城里唯一允许自由带枪的赌场。
QuestLoc_HouseWarming_1_Question1_2	有什么能为您效劳的吗？
QuestLoc_HouseWarming_1_Question1_Answer1	马克西姆斯，我看看……是的，他在这儿。希望你找得到他！小心那些愤怒的赌徒！
QuestLoc_HouseWarming_1_Question1_Answer2	哦，是的，我记得。他就在里面某处，希望他还没被枪崩了！
QuestLoc_HouseWarming_1_Question1_Answer3	好极了。你看起来挺强悍的，说不定你真能活着讲完这段故事！
QuestLoc_HouseWarming_1_Question1_Choice1	我们有一张给马克西姆斯的邀请函。
QuestLoc_HouseWarming_1_Question1_Choice2	见过穿钢铁兄弟会制服的人吗？
QuestLoc_HouseWarming_1_Question1_Choice3	就是想找点乐子。
QuestLoc_HouseWarming_1_Question2	你觉得自己运气好吗？我现在想的是哪个数字？
QuestLoc_HouseWarming_1_Question2_Answer1	啊，不，不对，下次好运吧。
QuestLoc_HouseWarming_1_Question2_Answer2	噫，多恶心的数字！拿走你应得的东西吧！
QuestLoc_HouseWarming_1_Question2_Answer3	就是它！你猜对了！
QuestLoc_HouseWarming_1_Question2_Choice1	五。
QuestLoc_HouseWarming_1_Question2_Choice2	一百四十四。
QuestLoc_HouseWarming_1_Question2_Choice3	三十七。
QuestLoc_HouseWarming_1_Question3	押上你所有的瓶盖！红还是黑？
QuestLoc_HouseWarming_1_Question3_Answer1	落定的是……！红色！你赢了！干得漂亮。
QuestLoc_HouseWarming_1_Question3_Answer2	落定的是……！红色！你输了！太可惜了。下次好运吧。
QuestLoc_HouseWarming_1_Question3_Answer3	那不是……呃，好吧，是红色。抱歉！
QuestLoc_HouseWarming_1_Question3_Choice1	红色。
QuestLoc_HouseWarming_1_Question3_Choice2	黑色。
QuestLoc_HouseWarming_1_Question3_Choice3	白色。
QuestLoc_HouseWarming_1_Question4	猝死制二十一点！要牌还是停牌？
QuestLoc_HouseWarming_1_Question4_Answer1	爆牌！受死吧！
QuestLoc_HouseWarming_1_Question4_Answer2	庄家通吃！受死吧！
QuestLoc_HouseWarming_1_Question4_Answer3	唯一赢的办法就是不玩……干得漂亮！
QuestLoc_HouseWarming_1_Question4_Choice1	要牌。
QuestLoc_HouseWarming_1_Question4_Choice2	停牌。
QuestLoc_HouseWarming_1_Question4_Choice3	弃牌。
QuestLoc_HouseWarming_1_Question5	你……你好。我是马克西姆斯兄弟。我刚才只是在，呃，视察这地方。为了……寻找科技。
QuestLoc_HouseWarming_1_Question5_Answer1	哦。呼！太好了。行吧，我喜欢派对。那，呃，到时见。
QuestLoc_HouseWarming_1_Question5_Answer2	邀请函？给……给我的？是陷阱吗？不，避难所居民不会那么干。好吧。我会去的。
QuestLoc_HouseWarming_1_Question5_Answer3	豪斯先生？他是……呃，我是说，当然。他怎么会不想见我？我可是大人物！而且才华横溢！
QuestLoc_HouseWarming_1_Question5_Choice1	关我屁事！快来参加豪斯先生的派对吧！
QuestLoc_HouseWarming_1_Question5_Choice2	我们有一张给马克西姆斯的邀请函，是豪斯先生的惊喜派对。
QuestLoc_HouseWarming_1_Question5_Choice3	豪斯先生正热切地期盼与你相识。
QuestLoc_HouseWarming_2_CombatInit1	见识见识我们优质的加特林激光枪！
QuestLoc_HouseWarming_2_CombatInit2	靠着轮子，我们能甩掉任何窃贼或袭击者！
QuestLoc_HouseWarming_2_CombatInit3	我们保证不攻击受邀宾客。除非他们先动手，就像这样！
QuestLoc_HouseWarming_2_CombatInit4	我们可以被编程得亲切又健谈！
QuestLoc_HouseWarming_2_QuestLongDesc	保安机器人本该是出色的守卫。去 罗伯科 总部见维克托，讨论豪斯先生派对的安保事宜。
QuestLoc_HouseWarming_2_QuestName	闪亮的安保
QuestLoc_HouseWarming_2_QuestObjective1	测试保安机器人的武器
QuestLoc_HouseWarming_2_QuestObjective2	测试保安机器人的机动性
QuestLoc_HouseWarming_2_QuestObjective3	与维克托确认保安机器人的安保方案
QuestLoc_HouseWarming_2_QuestShortDesc	为豪斯先生的派对安排安保。
QuestLoc_HouseWarming_2_Question1	你好啊，陌生人！在这儿碰到你可真是惊喜。
QuestLoc_HouseWarming_2_Question1_02	我只是来看看我的朋友。你们来这儿做什么？
QuestLoc_HouseWarming_2_Question1_Answer1	哎呀，小意思！当然可以！请随便参观、测试我们的保安机器人。
QuestLoc_HouseWarming_2_Question1_Answer2	你来对地方了，朋友。去参观一下我们全自动的防御演示吧！
QuestLoc_HouseWarming_2_Question1_Answer3	哎呀，真贴心。啥也别说了，朋友。我们会帮你们保密，也会保证它的安全。
QuestLoc_HouseWarming_2_Question1_Choice1	你们能负责豪斯先生派对的安保吗？
QuestLoc_HouseWarming_2_Question1_Choice2	我们就是来测试保安机器人的。
QuestLoc_HouseWarming_2_Question1_Choice3	我们要为豪斯先生办一场秘密派对。别告诉任何人！
QuestLoc_HouseWarming_2_Question2	我们可以被编程得亲切又健谈！请测试一下我们的对话技巧。
QuestLoc_HouseWarming_2_Question2_Answer1	是的，太阳在天上，而且有温度。
QuestLoc_HouseWarming_2_Question2_Answer2	检测到逻辑循环。正在重启系统。战斗系统已启动。
QuestLoc_HouseWarming_2_Question2_Answer3	攻击行为将遭到致命还击。
QuestLoc_HouseWarming_2_Question2_Choice1	今天天气不错。
QuestLoc_HouseWarming_2_Question2_Choice2	这句话是假的。
QuestLoc_HouseWarming_2_Question2_Choice3	我来测试一下你们的攻击反应。举起手来！
QuestLoc_HouseWarming_2_Question3	你闯过来了！真棒！你觉得怎么样？
QuestLoc_HouseWarming_2_Question3_Answer1	不然你怎么知道它们够不够格呢？我就知道你能行！
QuestLoc_HouseWarming_2_Question3_Answer2	耶哈！就是这样！
QuestLoc_HouseWarming_2_Question3_Answer3	我想当什么保安机器人就当什么。而且你尽管放心，我会去参加派对的！
QuestLoc_HouseWarming_2_Question3_Choice1	刚才有必要开那么多枪吗？
QuestLoc_HouseWarming_2_Question3_Choice2	它们完美极了。派对见。
QuestLoc_HouseWarming_2_Question3_Choice3	你现在不正在楼下吗？
QuestLoc_HouseWarming_3_CombatInit1	欢——迎——！
QuestLoc_HouseWarming_3_CombatInit2	来尝尝这酒！
QuestLoc_HouseWarming_3_CombatInit3	超——棒的派对！
QuestLoc_HouseWarming_3_QuestLongDesc	据说附近有一场大型尸鬼派对。说不定是个物色豪斯先生派对工作人员的好地方。
QuestLoc_HouseWarming_3_QuestName	派对挖角
QuestLoc_HouseWarming_3_QuestObjective1	寻找厨房工作人员
QuestLoc_HouseWarming_3_QuestObjective2	找一位喜剧演员
QuestLoc_HouseWarming_3_QuestObjective3	找乐手
QuestLoc_HouseWarming_3_QuestShortDesc	为豪斯先生的派对物色工作人员。
QuestLoc_HouseWarming_3_Question0	我们确定这是对的地方吗？这派对氛围可不太好。
QuestLoc_HouseWarming_3_Question0_Answer1	愿意为尸鬼做餐饮的人，正是为我们狂欢派对的完美人选。
QuestLoc_HouseWarming_3_Question0_Choice1	除非这是尸鬼派对。那就完美了！
QuestLoc_HouseWarming_3_Question1	这场尸鬼派对要完蛋了。就跟主办人一样！
QuestLoc_HouseWarming_3_Question1_02	说真的。派对开始后，所有尸鬼都开始发狂了。真吓人。
QuestLoc_HouseWarming_3_Question1_Answer1	亲爱的，就算观众全死光了，我也比在这儿高兴。
QuestLoc_HouseWarming_3_Question1_Answer2	天哪。他要真需要喜剧演员，那他自己的问题比我还大！这活儿我接了！
QuestLoc_HouseWarming_3_Question1_Answer3	让人笑得没命……这才是喜剧演员的最高赞誉！
QuestLoc_HouseWarming_3_Question1_Choice1	有意思。想在咱们派对上讲笑话吗？
QuestLoc_HouseWarming_3_Question1_Choice2	我们需要一位喜剧演员来给豪斯先生的派对助兴。
QuestLoc_HouseWarming_3_Question1_Choice3	你在豪斯先生的派对上会大出风头的。
QuestLoc_HouseWarming_3_Question2	怎么回事？没人吃那些食物！大家都在互相吃！
QuestLoc_HouseWarming_3_Question2_Answer1	我们怎么都行。活就是活。到时见！
QuestLoc_HouseWarming_3_Question2_Answer2	我这双手可忙着呢！不过到你们派对时就能腾出来了。
QuestLoc_HouseWarming_3_Question2_Answer3	我就知道我比一个家庭厨师强。现在我可要大展身手了！
QuestLoc_HouseWarming_3_Question2_Choice1	我们的派对保证绝对没有狂尸鬼。我保证。
QuestLoc_HouseWarming_3_Question2_Choice2	我们需要你这双巧手来操办豪斯先生的派对。
QuestLoc_HouseWarming_3_Question2_Choice3	这是地狱厨房。来给我干活吧。
QuestLoc_HouseWarming_3_Question3	好了，伙计们，打起精神！我们有清醒的宾客！一……二……一、二、三、四！
QuestLoc_HouseWarming_3_Question3_Answer1	豪斯先生？哦，那可完全是另一种危险。不过，行吧，当然。
QuestLoc_HouseWarming_3_Question3_Answer2	呃，好啊。不过我们还有两个小时才下班呢。你们该出去，这里很危险。
QuestLoc_HouseWarming_3_Question3_Choice1	我听得够多了。你被豪斯先生的派对录用了！
QuestLoc_HouseWarming_3_Question3_Choice2	想在一个不在墓地里的派对上演奏吗？
QuestLoc_HouseWarming_3_Question4	这确实是场尸鬼派对，没错……但他们为什么要攻击我们？他们狂暴化了吗？
QuestLoc_HouseWarming_3_Question4_02	把狂尸鬼请到派对上来，这举动可真够奇怪的。
QuestLoc_HouseWarming_3_Question4_Answer1	哇。这简直是恐怖片素材！
QuestLoc_HouseWarming_3_Question4_Answer2	但愿不是，因为我们还想雇他们的厨房工作人员呢。
QuestLoc_HouseWarming_3_Question4_Choice1	也许他们是到派对现场才发狂的。
QuestLoc_HouseWarming_3_Question4_Choice2	也许他们是因为蘸酱不对而生气。
QuestLoc_HouseWarming_4_QuestLongDesc	豪斯先生派对的时刻到了！可……那是什么声音？辐射蟑螂！在其余宾客到达之前，把它们统统踩扁！
QuestLoc_HouseWarming_4_QuestName	踩扁派对的虫子
QuestLoc_HouseWarming_4_QuestObjective1	索要踩虫音乐
QuestLoc_HouseWarming_4_QuestObjective2	与服务员商议
QuestLoc_HouseWarming_4_QuestObjective3	向豪斯先生报告
QuestLoc_HouseWarming_4_QuestShortDesc	踩扁那些闯进豪斯先生派对的辐射蟑螂。
QuestLoc_HouseWarming_4_Question0	<辐射蟑螂的声响>
QuestLoc_HouseWarming_4_Question0_Choice1	辐射蟑螂？在我们派对上！？派对策划人的活儿可真是没完没了。
QuestLoc_HouseWarming_4_Question1	如今我早已习惯宾客们想把我吃掉的事了。
QuestLoc_HouseWarming_4_Question1_02	谁请的蟑螂？我打赌是厨师。也许它们真的是食材。
QuestLoc_HouseWarming_4_Question1_Answer1	在我的行当里，耍点小聪明从不吃亏。至少目前如此。朝我开过枪的人全都打偏了。
QuestLoc_HouseWarming_4_Question1_Answer2	噢，那可真够逗的。也许蟑螂会领情一些。
QuestLoc_HouseWarming_4_Question1_Choice1	听好了，别耍嘴皮子。我们会处理的。
QuestLoc_HouseWarming_4_Question1_Choice2	如果你想帮忙，就给它们讲几个你的笑话吧。
QuestLoc_HouseWarming_4_Question2	派对踩虫子这段，我们该放点什么音乐？
QuestLoc_HouseWarming_4_Question2_Answer1	好，让血液沸腾起来！去收拾它们吧，老大！
QuestLoc_HouseWarming_4_Question2_Answer2	啊，可怜的蟑螂。它们也没办法改变自己的本性。
QuestLoc_HouseWarming_4_Question2_Answer3	无视这些小害虫，致敬今晚的主角。我喜欢！
QuestLoc_HouseWarming_4_Question2_Choice1	来点快节奏又刺激的。
QuestLoc_HouseWarming_4_Question2_Choice2	来点哀伤的。
QuestLoc_HouseWarming_4_Question2_Choice3	来点宏大的。
QuestLoc_HouseWarming_4_Question3	嘿，呃……辐射蟑螂肉固然不错，但是……你们看到鱼子酱了吗？
QuestLoc_HouseWarming_4_Question3_Answer1	啊。好吧，那。可不是一回事，对吧？我再找找。
QuestLoc_HouseWarming_4_Question3_Answer2	哦！行，好。我这就去。抱歉。
QuestLoc_HouseWarming_4_Question3_Choice1	我最多只能给你辐射蟑螂蛋。
QuestLoc_HouseWarming_4_Question3_Choice2	别在那儿自怨自艾了，快去踩死几只虫子。
QuestLoc_HouseWarming_4_Question4	那些蟑螂在吃开胃小菜！我们该怎么办？
QuestLoc_HouseWarming_4_Question4_Answer1	哦。你确定吗？我是说，我们可以，但豪斯先生会怎么想？
QuestLoc_HouseWarming_4_Question4_Answer2	是啊……可它们连尝都不好好尝！真是浪费。
QuestLoc_HouseWarming_4_Question4_Answer3	好，我马上回来！
QuestLoc_HouseWarming_4_Question4_Choice1	重新做。用辐射蟑螂肉做。
QuestLoc_HouseWarming_4_Question4_Choice2	算了。只要我们还摆得出酒菜就行。
QuestLoc_HouseWarming_4_Question4_Choice3	跑去找补给。这里交给我们。
QuestLoc_HouseWarming_4_Question5	你好啊，老伙计！这可真是一场不错的对决！
QuestLoc_HouseWarming_4_Question5_02	很抱歉保安机器人没能干掉这些害虫。除非它们去找豪斯先生的麻烦，那当然例外。
QuestLoc_HouseWarming_4_Question5_03	请允许我为你们的辛苦略表补偿。
QuestLoc_HouseWarming_4_Question5_Answer1	我真的很抱歉，伙计。至少没有死爪来砸场子！
QuestLoc_HouseWarming_4_Question5_Answer2	这下够你在避难所里舒坦一阵了！
QuestLoc_HouseWarming_4_Question5_Answer3	喏，这个怎么样，润润嗓子？
QuestLoc_HouseWarming_4_Question5_Choice1	留着吧。去踩几只虫子就好。
QuestLoc_HouseWarming_4_Question5_Choice2	行，拿来吧。
QuestLoc_HouseWarming_4_Question5_Choice3	其实，踩了这么多虫子，我有点渴了。
QuestLoc_HouseWarming_4_Question6	多棒的派对啊。让我想起那段辉煌的旧时光，那时维加斯之名响彻全世界。
QuestLoc_HouseWarming_4_Question6_02	我想为你们尽心尽责的照料与关注，给你们一些奖赏。你们想要什么？
QuestLoc_HouseWarming_4_Question6_Answer1	务实的选择。瓶盖让废土转动！
QuestLoc_HouseWarming_4_Question6_Answer2	穿上它，让新维加斯的荣光随你同行。
QuestLoc_HouseWarming_4_Question6_Answer3	握紧毁灭之神的力量。
QuestLoc_HouseWarming_4_Question6_Choice1	钱就好，豪斯先生。
QuestLoc_HouseWarming_4_Question6_Choice2	来身漂亮衣服，也许？
QuestLoc_HouseWarming_4_Question6_Choice3	我需要点火力。
QuestLoc_HouseWarming_4_Question7	你好，派对来宾。启动闲聊协议。
QuestLoc_HouseWarming_4_Question7_02	能否请您确认或否认存在宜人天气？
QuestLoc_HouseWarming_4_Question7_Answer1	检测到顶嘴。结束对话。请继续前行。
QuestLoc_HouseWarming_4_Question7_Answer2	无法照办。辐射蟑螂未在攻击豪斯先生。
QuestLoc_HouseWarming_4_Question7_Choice1	天气不错，可不是托你的福。
QuestLoc_HouseWarming_4_Question7_Choice2	你为什么不帮忙对付那些辐射蟑螂？
QuestLoc_HouseWarming_QuestLineName	乔迁派对
QuestLoc_INS_QL1_MajorPlayers_1_CombatInit6	哇，这里尸鬼真多！
QuestLoc_INS_QL1_MajorPlayers_1_CombatInit8	那肯定是个头目。准备好你的消辐宁！
QuestLoc_INS_QL1_MajorPlayers_1_QuestLongDesc	我们收到一些义勇军的求救信号。显然有一群尸鬼袭击了他们的一个前哨站。帮他们一把，说不定他们会加入我们对抗学院！
QuestLoc_INS_QL1_MajorPlayers_1_QuestName	坚持住，义勇军！
QuestLoc_INS_QL1_MajorPlayers_1_QuestObjective1	营救平民
QuestLoc_INS_QL1_MajorPlayers_1_QuestObjective2	营救义勇军指挥官
QuestLoc_INS_QL1_MajorPlayers_1_QuestObjective3	击败发光者
QuestLoc_INS_QL1_MajorPlayers_1_QuestShortDesc	营救义勇军并击败袭击他们前哨站的狂尸鬼。
QuestLoc_INS_QL1_MajorPlayers_1_Room0_Question_Line1	天哪，见到你太高兴了。我差点就要惊慌失措了。我是新兵！
QuestLoc_INS_QL1_MajorPlayers_1_Room0_Question_Line1_Answer0	上帝保佑你。哦！拿着这个。给指挥官留点，好吗？
QuestLoc_INS_QL1_MajorPlayers_1_Room0_Question_Line1_Answer1	哇，你可真吓人！来，拿着。给指挥官留点，好吗？
QuestLoc_INS_QL1_MajorPlayers_1_Room0_Question_Line1_Choice0	别担心，二等兵。我们会把他们救出来的。
QuestLoc_INS_QL1_MajorPlayers_1_Room0_Question_Line1_Choice1	你知道狂尸鬼的噩梦是什么吗？是我。
QuestLoc_INS_QL1_MajorPlayers_1_Room0_Question_Line2	里面的狂尸鬼多到足够让我做一辈子的噩梦了。
QuestLoc_INS_QL1_MajorPlayers_1_Room0_Question_Line3	我这点作用，就像飓风里的纸伞一样靠不住。
QuestLoc_INS_QL1_MajorPlayers_1_Room0_Question_Line4	我知道指挥官想跟你谈笔关于学院的交易……
QuestLoc_INS_QL1_MajorPlayers_1_Room0_Question_Line5	但他还在里面！还有平民！请救救他们！
QuestLoc_INS_QL1_MajorPlayers_1_Room2_Question_Line1	哦，老天开恩！我们有救了，兄弟们！
QuestLoc_INS_QL1_MajorPlayers_1_Room2_Question_Line1_Answer0	多么勇敢！请收下这个……留作纪念。
QuestLoc_INS_QL1_MajorPlayers_1_Room2_Question_Line1_Answer1	你说得对。但先请收下这个。不，别推辞！
QuestLoc_INS_QL1_MajorPlayers_1_Room2_Question_Line1_Answer2	你可以全都拿走！除了性命，这就是我们的全部家当了。
QuestLoc_INS_QL1_MajorPlayers_1_Room2_Question_Line1_Choice0	家常便饭而已，女士。
QuestLoc_INS_QL1_MajorPlayers_1_Room2_Question_Line1_Choice1	省点力气用来逃命吧。
QuestLoc_INS_QL1_MajorPlayers_1_Room2_Question_Line1_Choice2	我们可不是救世主。我们是要回报的。
QuestLoc_INS_QL1_MajorPlayers_1_Room2_Question_Line2	我们有救了，对吧？我听到好多像是尸鬼濒死的声音。
QuestLoc_INS_QL1_MajorPlayers_1_Room4_Question_Line1	嘿！是你们！我已经跟我妈说很快就能见到她了。
QuestLoc_INS_QL1_MajorPlayers_1_Room4_Question_Line2	看来她得多等一阵子了。
QuestLoc_INS_QL1_MajorPlayers_1_Room4_Question_Line3	真想留下来聊聊天，但我得去照看我的少尉。
QuestLoc_INS_QL1_MajorPlayers_1_Room4_Question_Line4	我听说你们跟学院有梁子。我们也有。大麻烦。
QuestLoc_INS_QL1_MajorPlayers_1_Room4_Question_Line5	我会联系你们协调作战。再见。
QuestLoc_INS_QL1_MajorPlayers_1_Room7_Question_Line1	我猜你们是来接我的。我不需要你们帮忙。
QuestLoc_INS_QL1_MajorPlayers_1_Room7_Question_Line1_Answer0	这还不明显吗？也许你也是个合成人，你是来抓我、让我闭嘴的。请走吧。
QuestLoc_INS_QL1_MajorPlayers_1_Room7_Question_Line1_Answer1	信任你？你只是想显得自己高人一等。就像那些合成人……就像所有人。走开。
QuestLoc_INS_QL1_MajorPlayers_1_Room7_Question_Line1_Choice0	你到底在怕什么？
QuestLoc_INS_QL1_MajorPlayers_1_Room7_Question_Line1_Choice1	我怎样才能赢得你的信任？
QuestLoc_INS_QL1_MajorPlayers_1_Room7_Question_Line2	狂尸鬼是联邦仅存的值得信赖的人了。
QuestLoc_INS_QL1_MajorPlayers_1_Room7_Question_Line3	它们算不上好同伴，但至少杀我的时候，会看着我的眼睛。
QuestLoc_INS_QL1_MajorPlayers_1_Room7_Question_Line4	我是从圣约村逃出来的。所以这一套我懂得很。
QuestLoc_INS_QL1_MajorPlayers_2_CombatInit4	伪装失败。启动战斗程序。
QuestLoc_INS_QL1_MajorPlayers_2_QuestLongDesc	圣约村可以成为对抗学院的有力盟友。用你天生的魅力，尽可能多地说服他们加入。
QuestLoc_INS_QL1_MajorPlayers_2_QuestName	顺手的圣约村
QuestLoc_INS_QL1_MajorPlayers_2_QuestObjective1	说服圣约村加入我们的事业。
QuestLoc_INS_QL1_MajorPlayers_2_QuestShortDesc	说服圣约村协助对抗学院。
QuestLoc_INS_QL1_MajorPlayers_2_Room0_Question_Line1	且慢。首先，我们得做个测试。
QuestLoc_INS_QL1_MajorPlayers_2_Room0_Question_Line1_Answer0	……你在开玩笑吗？你是认真的。好吧，至少你没说“捕手”。进去吧。
QuestLoc_INS_QL1_MajorPlayers_2_Room0_Question_Line1_Answer2	真可疑。你为什么要特别说“人类”？我得把这事报告上去……先这样吧，进去吧。
QuestLoc_INS_QL1_MajorPlayers_2_Room0_Question_Line1_Answer3	我自己也不大清楚。嗯，你没说“捕手”，所以可以进去了。
QuestLoc_INS_QL1_MajorPlayers_2_Room0_Question_Line1_Choice0	球。
QuestLoc_INS_QL1_MajorPlayers_2_Room0_Question_Line1_Choice1	球棒。
QuestLoc_INS_QL1_MajorPlayers_2_Room0_Question_Line1_Choice2	人类球员。
QuestLoc_INS_QL1_MajorPlayers_2_Room0_Question_Line1_Choice3	棒球是什么？
QuestLoc_INS_QL1_MajorPlayers_2_Room0_Question_Line2	那好，假设你在一支棒球队里。
QuestLoc_INS_QL1_MajorPlayers_2_Room0_Question_Line3	你最擅长哪个位置？
QuestLoc_INS_QL1_MajorPlayers_2_Room1_Question_Line1	你好，刚才的测试，抱歉啊——她还在受训。
QuestLoc_INS_QL1_MajorPlayers_2_Room1_Question_Line1_Answer0	我很高兴你这么想。我有点事要处理，一会儿楼下见。
QuestLoc_INS_QL1_MajorPlayers_2_Room1_Question_Line1_Answer1	祝你好运。我有点事要处理，一会儿楼下见。
QuestLoc_INS_QL1_MajorPlayers_2_Room1_Question_Line1_Answer2	嗯。我们可是出了名的固执。好吧，总之我有点事要处理，楼下见。
QuestLoc_INS_QL1_MajorPlayers_2_Room1_Question_Line1_Choice0	听起来合理。回头见。
QuestLoc_INS_QL1_MajorPlayers_2_Room1_Question_Line1_Choice1	看看我们能做点什么！
QuestLoc_INS_QL1_MajorPlayers_2_Room1_Question_Line1_Choice2	切，那还不容易。这事板上钉钉了。
QuestLoc_INS_QL1_MajorPlayers_2_Room1_Question_Line2	所以，你们想和圣约村联手？一起对抗学院？
QuestLoc_INS_QL1_MajorPlayers_2_Room1_Question_Line3	我们不太擅长打仗，但我们确实恨学院。
QuestLoc_INS_QL1_MajorPlayers_2_Room1_Question_Line4	这样吧。只要你能说服我其他乡亲们加入，我们就入伙。
QuestLoc_INS_QL1_MajorPlayers_2_Room2_Question_Line1	你想让我们去对抗学院？
QuestLoc_INS_QL1_MajorPlayers_2_Room2_Question_Line1_Answer0	你说得对！他们确实！现在我火大了。我入伙。来，为了这项事业，收下这个。
QuestLoc_INS_QL1_MajorPlayers_2_Room2_Question_Line1_Answer1	哦，哇。那可有意义多了。好吧，你说服我了。拿着这个，会有用的。
QuestLoc_INS_QL1_MajorPlayers_2_Room2_Question_Line1_Answer2	没门。我对那种科学没兴趣。我不干了。
QuestLoc_INS_QL1_MajorPlayers_2_Room2_Question_Line1_Choice0	学院的间谍行径，玷污了研究的名声。
QuestLoc_INS_QL1_MajorPlayers_2_Room2_Question_Line1_Choice1	如果我们打败他们，你就能回去研究真正的人类了。
QuestLoc_INS_QL1_MajorPlayers_2_Room2_Question_Line1_Choice2	你可以帮我们造武器！
QuestLoc_INS_QL1_MajorPlayers_2_Room2_Question_Line2	我不是战士，我是研究员。我们为什么要帮你？
QuestLoc_INS_QL1_MajorPlayers_2_Room3_Question_Line1	我知道你为什么来。听着，我是军人。
QuestLoc_INS_QL1_MajorPlayers_2_Room3_Question_Line1_Answer0	太恶劣了！欺负和平的避难所居民？！我加入。先收下这个。
QuestLoc_INS_QL1_MajorPlayers_2_Room3_Question_Line1_Answer1	同意。让我们一劳永逸地终结他们的生产！哦，把这个带在身上。
QuestLoc_INS_QL1_MajorPlayers_2_Room3_Question_Line1_Answer2	谁都会这么说。那不是去杀人的充分理由。抱歉。
QuestLoc_INS_QL1_MajorPlayers_2_Room3_Question_Line1_Choice0	他们袭击我们的避难所，杀害我们的居民！
QuestLoc_INS_QL1_MajorPlayers_2_Room3_Question_Line1_Choice1	合成人是我们必须阻止的威胁。
QuestLoc_INS_QL1_MajorPlayers_2_Room3_Question_Line1_Choice2	学院把废土上的所有人都当成垃圾。
QuestLoc_INS_QL1_MajorPlayers_2_Room3_Question_Line2	我不想去打仗。但只要有正当理由，我会的。
QuestLoc_INS_QL1_MajorPlayers_2_Room3_Question_Line3	你的理由是什么？
QuestLoc_INS_QL1_MajorPlayers_2_Room4_Question_Line1	嘿。你喜欢一开始给你做的那个测试吗？
QuestLoc_INS_QL1_MajorPlayers_2_Room4_Question_Line1_Answer0	不喜欢，我喜欢我的工作。我不会帮你的。
QuestLoc_INS_QL1_MajorPlayers_2_Room4_Question_Line1_Answer1	嗯。我没考虑过这个。我加入。拿着这个，以防我们再也见不到了。
QuestLoc_INS_QL1_MajorPlayers_2_Room4_Question_Line1_Answer2	不，但他们可是最厉害的。抱歉，我想维持现状。我喜欢我的工作。
QuestLoc_INS_QL1_MajorPlayers_2_Room4_Question_Line1_Choice0	难道你不想做点别的事吗？
QuestLoc_INS_QL1_MajorPlayers_2_Room4_Question_Line1_Choice1	想想你能对学院领导们做的“审问”。
QuestLoc_INS_QL1_MajorPlayers_2_Room4_Question_Line1_Choice2	你以为合成人是唯一的间谍？
QuestLoc_INS_QL1_MajorPlayers_2_Room4_Question_Line2	我参与设计了它。我是审讯官。我抓到过很多合成人。
QuestLoc_INS_QL1_MajorPlayers_2_Room4_Question_Line3	测试只是一部分。我们有很多富有创意的方法。
QuestLoc_INS_QL1_MajorPlayers_2_Room4_Question_Line4	要是我们把学院铲除了，我就失业了。我凭什么帮你？
QuestLoc_INS_QL1_MajorPlayers_2_Room5_Question_Line1	怎么样了？大家都答应帮忙了吗？
QuestLoc_INS_QL1_MajorPlayers_2_Room5_Question_Line1_Answer0	太好了。我私下里一直希望他们答应。我真想终结那个组织。战场上见。
QuestLoc_INS_QL1_MajorPlayers_2_Room5_Question_Line1_Answer1	这就够了。我确实恨学院。我们会支持你的进攻。
QuestLoc_INS_QL1_MajorPlayers_2_Room5_Question_Line1_Answer2	嗯……我确实恨学院。我会帮你找些志愿者，但不会全力投入。
QuestLoc_INS_QL1_MajorPlayers_2_Room5_Question_Line1_Choice0	是的，他们都答应了。
QuestLoc_INS_QL1_MajorPlayers_2_Room5_Question_Line1_Choice1	一些人答应了，不是全部。
QuestLoc_INS_QL1_MajorPlayers_2_Room5_Question_Line1_Choice2	没，一个都没有。纯属浪费时间。
QuestLoc_INS_QL1_MajorPlayers_3_CombatInit2	非罗伯科人员严禁使用武器！
QuestLoc_INS_QL1_MajorPlayers_3_CombatInit6	入侵警报！入侵警报！
QuestLoc_INS_QL1_MajorPlayers_3_CombatInit7	投降，否则被摧毁！
QuestLoc_INS_QL1_MajorPlayers_3_QuestLongDesc	钢铁兄弟会需要我们替他们从一座罗伯科研究设施取回一些“机密蓝图”。只要办成，他们就会加入我们的行动，先给我们一些聚变核心作为回报！
QuestLoc_INS_QL1_MajorPlayers_3_QuestName	力量核心
QuestLoc_INS_QL1_MajorPlayers_3_QuestObjective1	获取机密蓝图
QuestLoc_INS_QL1_MajorPlayers_3_QuestShortDesc	为兄弟会获取一些蓝图，换取聚变核心。
QuestLoc_INS_QL1_MajorPlayers_3_Room0_Question_Line1	你们好，避难所的朋友。我是来监督你们任务的。
QuestLoc_INS_QL1_MajorPlayers_3_Room0_Question_Line1_Answer0	稍息。去把那堆金属砸烂吧。
QuestLoc_INS_QL1_MajorPlayers_3_Room0_Question_Line1_Answer1	不错。
QuestLoc_INS_QL1_MajorPlayers_3_Room0_Question_Line1_Answer2	任务完成后自会有援助，避难所的朋友。
QuestLoc_INS_QL1_MajorPlayers_3_Room0_Question_Line1_Choice0	收到，长官。
QuestLoc_INS_QL1_MajorPlayers_3_Room0_Question_Line1_Choice1	嗯，我早知道了。
QuestLoc_INS_QL1_MajorPlayers_3_Room0_Question_Line1_Choice2	有什么能帮上忙的吗？
QuestLoc_INS_QL1_MajorPlayers_3_Room0_Question_Line2	记住，你们必须从罗伯科的电脑里取回蓝图。
QuestLoc_INS_QL1_MajorPlayers_3_Room0_Question_Line3	你们若能办到，就能证明你们是合格的盟友，我们就会帮你们对抗学院。
QuestLoc_INS_QL1_MajorPlayers_3_Room0_Question_Line4	小心这栋楼里的众多安保机器人。
QuestLoc_INS_QL1_MajorPlayers_3_Room1_Question_Line1	欢迎！欢迎来到罗伯科工业。请问有什么需要帮忙的？
QuestLoc_INS_QL1_MajorPlayers_3_Room1_Question_Line1_Answer0	哎呀，当然！注意，使用武器将招来致命还击。玩得开心！
QuestLoc_INS_QL1_MajorPlayers_3_Room1_Question_Line1_Answer1	哦，恐怕我们不能允许那样。请放下武器，好让我们毫无障碍地杀掉你们。
QuestLoc_INS_QL1_MajorPlayers_3_Room1_Question_Line1_Answer2	主机只供员工使用。没有员工证？那我们只能杀了你们！
QuestLoc_INS_QL1_MajorPlayers_3_Room1_Question_Line1_Choice0	呃，我们想参观一下。
QuestLoc_INS_QL1_MajorPlayers_3_Room1_Question_Line1_Choice1	我们在找一些机密蓝图？
QuestLoc_INS_QL1_MajorPlayers_3_Room1_Question_Line1_Choice2	去主机怎么走？
QuestLoc_INS_QL1_MajorPlayers_3_Room3_Question_Line1	什……什么？其他人……
QuestLoc_INS_QL1_MajorPlayers_3_Room3_Question_Line1_Answer0	总算来了。上顶楼去。密码是“BeachVacation2077”。
QuestLoc_INS_QL1_MajorPlayers_3_Room3_Question_Line1_Answer1	拆楼？太好了。把整栋都拆了。那我终于能去“BeachVacation2077”了。
QuestLoc_INS_QL1_MajorPlayers_3_Room3_Question_Line1_Answer2	不，笨蛋。机器人能自我管理。哎……等不及2077年的海滩假期了。
QuestLoc_INS_QL1_MajorPlayers_3_Room3_Question_Line1_Answer3	战争？什么战争？这倒提醒了我，我2077年要去海滩度假……等不及了！
QuestLoc_INS_QL1_MajorPlayers_3_Room3_Question_Line1_Choice0	是的，我们换班了，呃……来取敏感数据！
QuestLoc_INS_QL1_MajorPlayers_3_Room3_Question_Line1_Choice1	我们只是来炸点东西、偷点秘密的。
QuestLoc_INS_QL1_MajorPlayers_3_Room3_Question_Line1_Choice2	楼层经理？你管什么，管机器人？
QuestLoc_INS_QL1_MajorPlayers_3_Room3_Question_Line1_Choice3	你疯了吧。罗伯科自2077年就没做过生意了。
QuestLoc_INS_QL1_MajorPlayers_3_Room3_Question_Line2	我是楼层经理。你们要是来换班的，已经迟到了！
QuestLoc_INS_QL1_MajorPlayers_3_Room4_Question_Line1	注意：此门之后仅限员工。
QuestLoc_INS_QL1_MajorPlayers_3_Room4_Question_Line1_Answer0	否定。那是武器。消灭入侵者！删除！删除！
QuestLoc_INS_QL1_MajorPlayers_3_Room4_Question_Line1_Answer1	你们有15秒时间服从。你们有15秒时间服从。
QuestLoc_INS_QL1_MajorPlayers_3_Room4_Question_Line1_Answer2	正在重启……新任务：递双头牛黄油。祝你愉快。
QuestLoc_INS_QL1_MajorPlayers_3_Room4_Question_Line1_Choice0	给你，这是我的证件。
QuestLoc_INS_QL1_MajorPlayers_3_Room4_Question_Line1_Choice1	噢，唉，太糟了，我把证件忘在家里了。
QuestLoc_INS_QL1_MajorPlayers_3_Room4_Question_Line1_Choice2	<黑入保护者机器人>
QuestLoc_INS_QL1_MajorPlayers_3_Room4_Question_Line2	请出示员工证件，否则请转身离开。
QuestLoc_INS_QL1_MajorPlayers_3_Room4_Question_Line3	你有15秒时间服从。
QuestLoc_INS_QL1_MajorPlayers_3_Room5_Question_Line1	一台电脑终端。但看起来不是我们要找的那台……
QuestLoc_INS_QL1_MajorPlayers_3_Room5_Question_Line1_Answer0	爽！
QuestLoc_INS_QL1_MajorPlayers_3_Room5_Question_Line1_Answer1	哦，宝贝。你跟我回家吧。
QuestLoc_INS_QL1_MajorPlayers_3_Room5_Question_Line1_Answer2	这个以后会用得上。
QuestLoc_INS_QL1_MajorPlayers_3_Room5_Question_Line1_Choice0	<打开保险箱>
QuestLoc_INS_QL1_MajorPlayers_3_Room5_Question_Line1_Choice1	<取出应急武器>
QuestLoc_INS_QL1_MajorPlayers_3_Room5_Question_Line1_Choice2	<取出防护装备>
QuestLoc_INS_QL1_MajorPlayers_3_Room5_Question_Line2	我们看看能不能入侵它……
QuestLoc_INS_QL1_MajorPlayers_3_Room5_Question_Line3	搞定！
QuestLoc_INS_QL1_MajorPlayers_3_Room8_Question_Line1	这就是主机。蓝图一定在里面。
QuestLoc_INS_QL1_MajorPlayers_3_Room8_Question_Line2	那个怪人说了什么？海滩假期？2077年？
QuestLoc_INS_QL1_MajorPlayers_3_Room8_Question_Line3	试试 BeachVacation2077。
QuestLoc_INS_QL1_MajorPlayers_3_Room8_Question_Line4	哈。成功了。可惜他这辈子都去不成这趟旅行了。
QuestLoc_INS_QL1_MajorPlayers_3_Room8_Question_Line5	啊，来了。我们拿到货了。兄弟会看到这个会感激涕零！
QuestLoc_INS_QL1_MajorPlayers_4_CombatInit1	检测到入侵。你们的灭亡已不可避免。
QuestLoc_INS_QL1_MajorPlayers_4_CombatInit3	奉学院之命，你们必须被摧毁。
QuestLoc_INS_QL1_MajorPlayers_4_CombatInit5	战斗已开始。必须保护总监。
QuestLoc_INS_QL1_MajorPlayers_4_QuestLongDesc	我们找到了所有合成人的来源！一座老避难所里的学院基地。主动出击，但愿能阻止这场袭击！
QuestLoc_INS_QL1_MajorPlayers_4_QuestName	友谊的力量
QuestLoc_INS_QL1_MajorPlayers_4_QuestObjective1	击败学院总监
QuestLoc_INS_QL1_MajorPlayers_4_QuestShortDesc	进攻学院基地，希望能阻止合成人袭击。
QuestLoc_INS_QL1_MajorPlayers_4_Room0_Question_Line1	你们可算来了。其他阵营已经打了一阵子了。
QuestLoc_INS_QL1_MajorPlayers_4_Room0_Question_Line1_Answer0	我们这有医疗物资，以防你们需要。
QuestLoc_INS_QL1_MajorPlayers_4_Room0_Question_Line1_Answer1	收到。去干掉他们！哦，拿着这些。以防万一。
QuestLoc_INS_QL1_MajorPlayers_4_Room0_Question_Line1_Answer2	什么？！门都没有！这一切都是你们攒起来的，你们该出去打！
QuestLoc_INS_QL1_MajorPlayers_4_Room0_Question_Line1_Choice0	还有别的吗？
QuestLoc_INS_QL1_MajorPlayers_4_Room0_Question_Line1_Choice1	废话少说。出发吧。
QuestLoc_INS_QL1_MajorPlayers_4_Room0_Question_Line1_Choice2	再想想，我们还是留在这儿吧。
QuestLoc_INS_QL1_MajorPlayers_4_Room0_Question_Line2	绝对是这地方。这里爬满了合成人。
QuestLoc_INS_QL1_MajorPlayers_4_Room0_Question_Line3	我还听说这里有个学院总监。
QuestLoc_INS_QL1_MajorPlayers_4_Room0_Question_Line4	只要我们能干掉她，对我们就是巨大的胜利。
QuestLoc_INS_QL1_MajorPlayers_4_Room2_Question_Line1	哦，不！又来入侵者了……
QuestLoc_INS_QL1_MajorPlayers_4_Room2_Question_Line1_Answer0	我不会束手就擒的！
QuestLoc_INS_QL1_MajorPlayers_4_Room2_Question_Line1_Answer1	哦！这个怎么样？
QuestLoc_INS_QL1_MajorPlayers_4_Room2_Question_Line1_Answer2	没门！你得先杀了我！
QuestLoc_INS_QL1_MajorPlayers_4_Room2_Question_Line1_Choice0	你们的合成人袭击害得我们没法睡觉。没觉睡，就别怪我们不留情。
QuestLoc_INS_QL1_MajorPlayers_4_Room2_Question_Line1_Choice1	如果你给我们点真正酷炫的东西，那行。
QuestLoc_INS_QL1_MajorPlayers_4_Room2_Question_Line1_Choice2	我们不会杀你，但你现在是囚犯了。
QuestLoc_INS_QL1_MajorPlayers_4_Room2_Question_Line2	之前那些人来的时候，我都藏得好好的。你能不能，呃，放我走？
QuestLoc_INS_QL1_MajorPlayers_4_Room4_Question_Line1	避难所的朋友，你们迟到了。
QuestLoc_INS_QL1_MajorPlayers_4_Room4_Question_Line1_Answer0	都是职责所在。
QuestLoc_INS_QL1_MajorPlayers_4_Room4_Question_Line1_Answer1	好吧，大人物。那我干脆睡一觉好了。
QuestLoc_INS_QL1_MajorPlayers_4_Room4_Question_Line1_Choice0	非常感谢。
QuestLoc_INS_QL1_MajorPlayers_4_Room4_Question_Line1_Choice1	我们身后已经没什么了。
QuestLoc_INS_QL1_MajorPlayers_4_Room4_Question_Line2	我们累了，所以正在休息。
QuestLoc_INS_QL1_MajorPlayers_4_Room4_Question_Line3	话说回来，我们不会让任何东西从你们身后偷袭的。
QuestLoc_INS_QL1_MajorPlayers_4_Room6_Question_Line1	早啊，避难所的朋友。我们把那个总监逼到死角了。
QuestLoc_INS_QL1_MajorPlayers_4_Room6_Question_Line1_Answer0	谢了。等不及这一切结束。
QuestLoc_INS_QL1_MajorPlayers_4_Room6_Question_Line1_Choice0	当然。
QuestLoc_INS_QL1_MajorPlayers_4_Room6_Question_Line2	但她不是一个人。里面火力很猛。
QuestLoc_INS_QL1_MajorPlayers_4_Room6_Question_Line3	我们义勇军更擅长防守。他们能交给你们吗？
QuestLoc_INS_QL1_MajorPlayers_4_Room7_Question_Line1	你们还是找到我们了。
QuestLoc_INS_QL1_MajorPlayers_4_Room7_Question_Line1_Answer0	可“我们”是谁？我们的第三代合成人是人类的完美复制品。你敢信任谁？
QuestLoc_INS_QL1_MajorPlayers_4_Room7_Question_Line1_Answer1	“我们”？你根本不知道你的居民中有多少是第三代合成人。他们是人类的完美复制品！
QuestLoc_INS_QL1_MajorPlayers_4_Room7_Question_Line1_Choice0	随你怎么说。反正我们会赢。
QuestLoc_INS_QL1_MajorPlayers_4_Room7_Question_Line1_Choice1	转转机归我们所有！先到先得！
QuestLoc_INS_QL1_MajorPlayers_4_Room7_Question_Line2	所有这些争斗本来都可以避免的。
QuestLoc_INS_QL1_MajorPlayers_4_Room7_Question_Line3	你们只要把那个爱吃聚变核心的转转机还给我们，我们就不会再进攻。
QuestLoc_INS_QL1_MajorPlayers_QuestLineName	主要势力
QuestLoc_INS_QL2_Railroaded_1_CombatInit1	闯入者。拦截。
QuestLoc_INS_QL2_Railroaded_1_CombatInit2	不得干涉学院事务。
QuestLoc_INS_QL2_Railroaded_1_CombatInit5	已确认避难所居民。接敌。
QuestLoc_INS_QL2_Railroaded_1_QuestLongDesc	学院仍在活动，正袭击附近的一座地堡。我们收到一个没有详情的求救信号。派一队人过去调查吧。
QuestLoc_INS_QL2_Railroaded_1_QuestName	地堡沦陷
QuestLoc_INS_QL2_Railroaded_1_QuestObjective1	多了解一些铁路的情况
QuestLoc_INS_QL2_Railroaded_1_QuestObjective2	对一名可能的叛徒作出裁决
QuestLoc_INS_QL2_Railroaded_1_QuestObjective3	对另一名嫌疑人作出裁决
QuestLoc_INS_QL2_Railroaded_1_QuestShortDesc	学院正在袭击附近一座地堡。派一队过去调查。
QuestLoc_INS_QL2_Railroaded_1_Room0_Question_Line1	这就是求救信号的来源。我听到前方有合成人活动的动静。
QuestLoc_INS_QL2_Railroaded_1_Room0_Question_Line2	这不是兄弟会基地，也不是义勇军定居点。学院在袭击谁？
QuestLoc_INS_QL2_Railroaded_1_Room3_Question_Line1	避难所居民？你们是来救我们的吗？
QuestLoc_INS_QL2_Railroaded_1_Room3_Question_Line1_Answer0	第三代合成人。与人类无法区分。跟我们的首领谈谈，他会解释的。
QuestLoc_INS_QL2_Railroaded_1_Room3_Question_Line1_Answer1	拿着这把武器。这是我们善意的证明。
QuestLoc_INS_QL2_Railroaded_1_Room3_Question_Line1_Answer2	你比看起来难骗得多。
QuestLoc_INS_QL2_Railroaded_1_Room3_Question_Line1_Choice0	你们帮助合成人？为什么关心机器人？
QuestLoc_INS_QL2_Railroaded_1_Room3_Question_Line1_Choice1	我们听说了合成人替换人类的传闻。这让你们看起来很可疑，对吧？
QuestLoc_INS_QL2_Railroaded_1_Room3_Question_Line1_Choice2	我还听到战斗声。可我一个合成人尸体都没看到。你们怎么还活着？
QuestLoc_INS_QL2_Railroaded_1_Room3_Question_Line2	我们是某个组织的成员，专门帮助合成人摆脱其创造者的暴政。
QuestLoc_INS_QL2_Railroaded_1_Room3_Question_Line3	我们的首领正身处险境。请帮帮我们。
QuestLoc_INS_QL2_Railroaded_1_Room4_Question_Line1	避难所居民！你们跟那帮“铁路”的乌合之众是一伙的吗？
QuestLoc_INS_QL2_Railroaded_1_Room4_Question_Line1_Answer0	什么是真实？什么是真理？我倒有点希望你们能活下来，这样我们还能再会。
QuestLoc_INS_QL2_Railroaded_1_Room4_Question_Line1_Choice0	所以是真的。有些合成人长得和真人一模一样。
QuestLoc_INS_QL2_Railroaded_1_Room4_Question_Line2	无所谓。作为学院的追猎者，我会阻止你们。
QuestLoc_INS_QL2_Railroaded_1_Room4_Question_Line3	不是我亲自动手，你明白吧。我另有要事。
QuestLoc_INS_QL2_Railroaded_1_Room4_Question_Line4	我的手下会料理你们。
QuestLoc_INS_QL2_Railroaded_1_Room6_Question_Line1	谢谢你们。你们救了我。我是怀亚特。我经营着铁路。
QuestLoc_INS_QL2_Railroaded_1_Room6_Question_Line1_Answer0	我们因恻隐之心而建立。记住这一点。动作要快，赶紧撤，合成人援军快到了。
QuestLoc_INS_QL2_Railroaded_1_Room6_Question_Line1_Answer1	它们像你我一样呼吸、流血。有人说它们有灵魂。你自己去看看。
QuestLoc_INS_QL2_Railroaded_1_Room6_Question_Line1_Answer2	这件事就交给你了。我今天已经失去了太多朋友。但请记住：它们是人类，即便是在实验室里造出来的。
QuestLoc_INS_QL2_Railroaded_1_Room6_Question_Line1_Answer3	我非常感激，真的。你在铁路交到了朋友。
QuestLoc_INS_QL2_Railroaded_1_Room6_Question_Line1_Choice0	为什么要冒这个险？如果你怀疑它们，早就该除掉威胁。
QuestLoc_INS_QL2_Railroaded_1_Room6_Question_Line1_Choice1	为什么非要帮合成人？它们不就是机器吗？
QuestLoc_INS_QL2_Railroaded_1_Room6_Question_Line1_Choice2	如果我查出它们两面三刀，我该怎么办？
QuestLoc_INS_QL2_Railroaded_1_Room6_Question_Line1_Choice3	我可不作保证。我们来这里是为了救你。任务已经完成了。
QuestLoc_INS_QL2_Railroaded_1_Room6_Question_Line2	拟人级合成人跟我们毫无二致，学院却剥夺它们的自由意志。
QuestLoc_INS_QL2_Railroaded_1_Room6_Question_Line3	追猎者冷酷无情。他们已经渗透进我的队伍。
QuestLoc_INS_QL2_Railroaded_1_Room6_Question_Line4	我怀疑手下有两个人。他们就在隔壁房间。
QuestLoc_INS_QL2_Railroaded_1_Room6_Question_Line5	我狠不下心来审判他们。拜托，如果方便的话，去跟他们谈谈吧。
QuestLoc_INS_QL2_Railroaded_1_Room7_Question_Line1	你们是谁？怀亚特在哪？我不是叛徒，我发誓。
QuestLoc_INS_QL2_Railroaded_1_Room7_Question_Line1_Answer0	不，什么？等等！
QuestLoc_INS_QL2_Railroaded_1_Room7_Question_Line1_Answer1	谢谢！谢谢！
QuestLoc_INS_QL2_Railroaded_1_Room7_Question_Line1_Answer2	拿着这个。我……我一直把它藏着。别问。就……拿着吧。
QuestLoc_INS_QL2_Railroaded_1_Room7_Question_Line1_Choice0	你防备心太重了。借口都准备好了。明显有罪。
QuestLoc_INS_QL2_Railroaded_1_Room7_Question_Line1_Choice1	行吧。听着还算真诚。走吧。
QuestLoc_INS_QL2_Railroaded_1_Room7_Question_Line1_Choice2	我们不是怀亚特的朋友。你要是能给我们点好处，我们就放你走。
QuestLoc_INS_QL2_Railroaded_1_Room7_Question_Line1_Choice3	我不在乎。你们两个都是累赘。就在这了结吧。
QuestLoc_INS_QL2_Railroaded_1_Room7_Question_Line2	是另一个房间那家伙。我看见他用了学院的通讯设备。
QuestLoc_INS_QL2_Railroaded_1_Room7_Question_Line3	怀亚特抓住我们的时候，我正要去找他当面对质。
QuestLoc_INS_QL2_Railroaded_1_Room8_Question_Line1	你就是怀亚特派来处决我的？
QuestLoc_INS_QL2_Railroaded_1_Room8_Question_Line1_Answer0	我没想到你还挺有头脑。好吧，你再也不会见到我了。
QuestLoc_INS_QL2_Railroaded_1_Room8_Question_Line1_Answer1	我威胁过你们吗？但看来也是白费口舌。
QuestLoc_INS_QL2_Railroaded_1_Room8_Question_Line1_Answer2	那就收下我的“无线电通讯器”，当个笑话乐呵乐呵吧。
QuestLoc_INS_QL2_Railroaded_1_Room8_Question_Line1_Answer3	真让人失望，头脑竟如此简单。
QuestLoc_INS_QL2_Railroaded_1_Room8_Question_Line1_Choice0	我们已经处理了珍妮，如果那真是她的真名的话。你可以走了。
QuestLoc_INS_QL2_Railroaded_1_Room8_Question_Line1_Choice1	不是针对你。总不能放走可能的间谍吧，对吧？
QuestLoc_INS_QL2_Railroaded_1_Room8_Question_Line1_Choice2	不打算求饶了？你是否有罪不重要。我们是来拿战利品的。
QuestLoc_INS_QL2_Railroaded_1_Room8_Question_Line1_Choice3	证据显示并非如此。你的罪孽到此为止。
QuestLoc_INS_QL2_Railroaded_1_Room8_Question_Line2	他没敢直视我的眼睛亲自动手，是吧？
QuestLoc_INS_QL2_Railroaded_1_Room8_Question_Line3	我猜是珍妮指控我向学院通风报信的吧。
QuestLoc_INS_QL2_Railroaded_1_Room8_Question_Line4	怎么？你们还在等什么？
QuestLoc_INS_QL2_Railroaded_1_Room9_Question_Line1	一台有铁路资料的终端……
QuestLoc_INS_QL2_Railroaded_1_Room9_Question_Line2	一大堆历史记录……看样子是项高尚的事业，他们挺靠谱。
QuestLoc_INS_QL2_Railroaded_1_Room9_Question_Line3	无论如何，能多一个对抗学院的盟友是好事。
QuestLoc_INS_QL2_Railroaded_2_CombatInit1	检测到未授权人员。拉响警报。摧毁。
QuestLoc_INS_QL2_Railroaded_2_CombatInit2	威胁等级最高。授权使用致命武力。
QuestLoc_INS_QL2_Railroaded_2_CombatInit3	目标在视线内。启动火力压制。
QuestLoc_INS_QL2_Railroaded_2_QuestLongDesc	不管我们愿不愿意，我们现在已经和铁路组织扯上关系了。他们请我们帮忙解救一群被回收的合成人。
QuestLoc_INS_QL2_Railroaded_2_QuestName	合成人解放局
QuestLoc_INS_QL2_Railroaded_2_QuestObjective1	营救被俘合成人
QuestLoc_INS_QL2_Railroaded_2_QuestShortDesc	铁路希望我们救出被学院回收的那群合成人。
QuestLoc_INS_QL2_Railroaded_2_Room0_Question_Line1	就是这儿了。学院的另一处基地。
QuestLoc_INS_QL2_Railroaded_2_Room0_Question_Line2	替怀亚特救这批合成人，可别白忙一场。
QuestLoc_INS_QL2_Railroaded_2_Room4_Question_Line1	又是避难所居民。不出所料。
QuestLoc_INS_QL2_Railroaded_2_Room4_Question_Line1_Answer0	短期记忆障碍？辐射确实会把人脑子搞坏。
QuestLoc_INS_QL2_Railroaded_2_Room4_Question_Line1_Answer1	这是你的杰作，是你用走出学院的美好生活当诱饵。
QuestLoc_INS_QL2_Railroaded_2_Room4_Question_Line1_Answer2	你们从我们这里夺走的已经够多了。损坏了太多资产。你们必须承担后果。
QuestLoc_INS_QL2_Railroaded_2_Room4_Question_Line1_Choice0	X什么？我们见过吗？
QuestLoc_INS_QL2_Railroaded_2_Room4_Question_Line1_Choice1	这家人真扭曲，如果你们就是这么对待兄弟姐妹的。
QuestLoc_INS_QL2_Railroaded_2_Room4_Question_Line1_Choice2	听着，我相信我们可以谈笔交易。
QuestLoc_INS_QL2_Railroaded_2_Room4_Question_Line2	或许这次该自我介绍一下了。我是X2-Square。
QuestLoc_INS_QL2_Railroaded_2_Room4_Question_Line3	这恐怕是最后一次了。我们不能让你们偷走我们的兄弟姐妹。
QuestLoc_INS_QL2_Railroaded_2_Room5_Question_Line1	避难所居民？你们就是铁路联络人提到的人？
QuestLoc_INS_QL2_Railroaded_2_Room5_Question_Line1_Answer0	谢谢。我去前面侦察。朋友们，等我的信号。
QuestLoc_INS_QL2_Railroaded_2_Room5_Question_Line1_Answer1	好。给我们时间决定。我们当中有些人可能会来。
QuestLoc_INS_QL2_Railroaded_2_Room5_Question_Line1_Answer2	什么？你们是怪物。比学院还坏。
QuestLoc_INS_QL2_Railroaded_2_Room5_Question_Line1_Choice0	我们有了新坐标。铁路正在等待你们。
QuestLoc_INS_QL2_Railroaded_2_Room5_Question_Line1_Choice1	在我们避难所里你们会很安全。
QuestLoc_INS_QL2_Railroaded_2_Room5_Question_Line1_Choice2	又是一群怪物。<讽刺地>真遗憾没能救到你们……你们早就死了……
QuestLoc_INS_QL2_Railroaded_2_Room5_Question_Line2	我们本想赶去会合点，但被追猎者拦住了。
QuestLoc_INS_QL2_Railroaded_2_Room5_Question_Line3	我们现在该怎么办？
QuestLoc_INS_QL2_Railroaded_3_QuestLongDesc	钢铁兄弟会控制着一座天线阵列，可以干扰追猎者用来传送的“召回”。学院已经注意到这件事。
QuestLoc_INS_QL2_Railroaded_3_QuestName	代码扰乱
QuestLoc_INS_QL2_Railroaded_3_QuestObjective1	修复发电机
QuestLoc_INS_QL2_Railroaded_3_QuestObjective2	消灭破坏者
QuestLoc_INS_QL2_Railroaded_3_QuestShortDesc	利用兄弟会的天线阵列，我们能严重干扰追猎者的“召回”。
QuestLoc_INS_QL2_Railroaded_3_Room0_Question_Line1	你们是来用我们阵列的，对吧？圣骑士说你们会找上门。
QuestLoc_INS_QL2_Railroaded_3_Room0_Question_Line1_Answer0	一股学院的味道。到时候你就知道，我说得没错。哦，对了，路上有间补给室。随便拿。
QuestLoc_INS_QL2_Railroaded_3_Room0_Question_Line1_Answer1	我解锁了补给室。就在你下去的路上。不过帮不了其他人了。
QuestLoc_INS_QL2_Railroaded_3_Room0_Question_Line1_Choice0	知道我们要面对什么吗？
QuestLoc_INS_QL2_Railroaded_3_Room0_Question_Line1_Choice1	你能帮上什么忙吗？
QuestLoc_INS_QL2_Railroaded_3_Room0_Question_Line2	坏消息。楼下出了事，天线断电了。
QuestLoc_INS_QL2_Railroaded_3_Room0_Question_Line3	我把手头所有人都派下去查了。但我是这里唯一的骑士，所以……
QuestLoc_INS_QL2_Railroaded_3_Room0_Question_Line4	没人回来。
QuestLoc_INS_QL2_Railroaded_3_Room1_Question_Line1	这肯定是那位骑士提到的补给室了。
QuestLoc_INS_QL2_Railroaded_3_Room1_Question_Line2	看看我们能搬走多少！
QuestLoc_INS_QL2_Railroaded_3_Room3_Question_Line1	保护渗透小队。
QuestLoc_INS_QL2_Railroaded_3_Room3_Question_Line1_Choice0	合成人。骑士说对了！
QuestLoc_INS_QL2_Railroaded_3_Room4_Question_Line1	援军？等等，你们不是兄弟会的。
QuestLoc_INS_QL2_Railroaded_3_Room4_Question_Line1_Answer0	真机灵。
QuestLoc_INS_QL2_Railroaded_3_Room4_Question_Line1_Answer1	那就只是更多的炮灰罢了。
QuestLoc_INS_QL2_Railroaded_3_Room4_Question_Line1_Answer2	这是你们最后一次干涉学院的事了。
QuestLoc_INS_QL2_Railroaded_3_Room4_Question_Line1_Choice0	你们也不是。
QuestLoc_INS_QL2_Railroaded_3_Room4_Question_Line1_Choice1	你们的骑士派我们来的。
QuestLoc_INS_QL2_Railroaded_3_Room4_Question_Line1_Choice2	我们是避难所居民。
QuestLoc_INS_QL2_Railroaded_3_Room5_Question_Line1	我们撤离失败，敌人来了。
QuestLoc_INS_QL2_Railroaded_3_Room5_Question_Line1_Choice0	破坏者！准是从鼹鼠进来的那些洞钻进来的……
QuestLoc_INS_QL2_Railroaded_3_Room6_Question_Line1	这是发电机室。我们能修好吗？
QuestLoc_INS_QL2_Railroaded_3_Room6_Question_Line2	<摆弄发动机>
QuestLoc_INS_QL2_Railroaded_3_Room6_Question_Line3	嗯，我明白了。他们破坏得非常彻底。
QuestLoc_INS_QL2_Railroaded_3_Room6_Question_Line4	我们能重启发电机，但阵列再也无法运作了。
QuestLoc_INS_QL2_Railroaded_3_Room6_Question_Line5	至少兄弟会能保住基地。
QuestLoc_INS_QL2_Railroaded_3_Room6_Question_Line6	而且跟任何一项好的工程活一样，剩下的零件归我们。
QuestLoc_INS_QL2_Railroaded_4_CombatInit1	清除不彻底。需要进一步修正。
QuestLoc_INS_QL2_Railroaded_4_CombatInit3	检测到更多敌对者。授权全面清除。
QuestLoc_INS_QL2_Railroaded_4_QuestLongDesc	铁路的日子越来越难过了。学院的穷追不舍，把他们逼到波士顿郊区一栋建筑里。他们需要帮助。
QuestLoc_INS_QL2_Railroaded_4_QuestName	失控的火车
QuestLoc_INS_QL2_Railroaded_4_QuestObjective1	寻找幸存者
QuestLoc_INS_QL2_Railroaded_4_QuestShortDesc	铁路被学院逼入绝境。我们必须去帮他们。
QuestLoc_INS_QL2_Railroaded_4_Room0_Question_Line1	你来得太迟了，避难所居民。你的朋友怀亚特已经死了。铁路彻底完蛋了。
QuestLoc_INS_QL2_Railroaded_4_Room0_Question_Line1_Choice0	铁路是一种理念。理念不会死。而你，则是另一回事……
QuestLoc_INS_QL2_Railroaded_4_Room2_Question_Line1	那幅画后面画着一个符号。附近有处藏匿点。
QuestLoc_INS_QL2_Railroaded_4_Room2_Question_Line2	搜刮一下吧。
QuestLoc_INS_QL2_Railroaded_4_Room4_Question_Line1	啊！是你！多讽刺，对吧？你和怀亚特，同一天被抹去。
QuestLoc_INS_QL2_Railroaded_4_Room4_Question_Line1_Answer0	是X2-Square才对。要不要再试试？
QuestLoc_INS_QL2_Railroaded_4_Room4_Question_Line1_Choice0	我们不是干掉过你吗？叫啥来着？“X2四眼”？
QuestLoc_INS_QL2_Railroaded_4_Room5_Question_Line1	我们清空了这片区域，没有怀亚特的踪迹。
QuestLoc_INS_QL2_Railroaded_4_Room5_Question_Line2	我们走到了死胡同……等等，真的是吗？这台终端机是干什么的？
QuestLoc_INS_QL2_Railroaded_4_Room5_Question_Line3	<输入友谊代码>
QuestLoc_INS_QL2_Railroaded_4_Room5_Question_Line4	一个“友谊代码”？怀亚特给我们的代码能在这儿用吗？
QuestLoc_INS_QL2_Railroaded_4_Room5_Question_Line5	成了。一扇暗门。
QuestLoc_INS_QL2_Railroaded_4_Room6_Question_Line1	你就是怀亚特赞不绝口的那个避难所居民？
QuestLoc_INS_QL2_Railroaded_4_Room6_Question_Line1_Answer0	那是怀亚特的心愿。我在计划下一步的时候，能跟你们一起走吗？
QuestLoc_INS_QL2_Railroaded_4_Room6_Question_Line1_Answer1	怀亚特说我意志如钢，但我不是当领袖的料。也许你知道谁行？在那之前，我能跟你们躲一阵吗？
QuestLoc_INS_QL2_Railroaded_4_Room6_Question_Line1_Choice0	只要你相信铁路，就能让这个梦想延续下去。
QuestLoc_INS_QL2_Railroaded_4_Room6_Question_Line1_Choice1	重建这个运动。更隐蔽。更冷酷。
QuestLoc_INS_QL2_Railroaded_4_Room6_Question_Line2	怀亚特……可怜的怀亚特……他们把他化成了一滩浆糊。
QuestLoc_INS_QL2_Railroaded_4_Room6_Question_Line3	一切都结束了。我们的梦想。就剩我了。
QuestLoc_INS_QL2_Railroaded_4_Room6_Question_Line4	我该怎么办？
QuestLoc_INS_QL2_Railroaded_QuestLineName	被迫上路
QuestLoc_INS_QL3_Betrayal_1_CombatInit2	你们觉得这些东西是兄弟会的？
QuestLoc_INS_QL3_Betrayal_1_QuestLongDesc	钢铁兄弟会的一位长老提出要会面，商讨对抗学院的作战计划。看看他们能提供什么。
QuestLoc_INS_QL3_Betrayal_1_QuestName	丝绒手套里的铁拳
QuestLoc_INS_QL3_Betrayal_1_QuestObjective1	与兄弟会长老会面
QuestLoc_INS_QL3_Betrayal_1_QuestShortDesc	出席与钢铁兄弟会的作战会议。
QuestLoc_INS_QL3_Betrayal_1_Room0_Question_Line1	啊，避难所的朋友。你们好！我是侍从丹尼尔斯。
QuestLoc_INS_QL3_Betrayal_1_Room0_Question_Line1_Answer0	呃，我们得确保没有合成人间谍。你明白的。
QuestLoc_INS_QL3_Betrayal_1_Room0_Question_Line1_Answer1	不不，我得留在这儿，拦住任何可能进来搅局的人。
QuestLoc_INS_QL3_Betrayal_1_Room0_Question_Line1_Choice0	我们为什么在这洞里开会？
QuestLoc_INS_QL3_Betrayal_1_Room0_Question_Line1_Choice1	你跟我一起来吗？
QuestLoc_INS_QL3_Betrayal_1_Room0_Question_Line2	长老想见你。往地下再走一段就是。
QuestLoc_INS_QL3_Betrayal_1_Room0_Question_Line3	希望你们别迷路！
QuestLoc_INS_QL3_Betrayal_1_Room3_Question_Line1	啊！我再也受不了了！
QuestLoc_INS_QL3_Betrayal_1_Room3_Question_Line1_Answer0	行吧。那你继续吧。我撤了。
QuestLoc_INS_QL3_Betrayal_1_Room3_Question_Line1_Choice0	当然。它们挡了我们见你老大的路。
QuestLoc_INS_QL3_Betrayal_1_Room3_Question_Line2	那些蝎子……到处都是！我差点没逃出来！
QuestLoc_INS_QL3_Betrayal_1_Room3_Question_Line3	等等，你们……你们把那些蝎子都干趴下了？
QuestLoc_INS_QL3_Betrayal_1_Room5_Question_Line1	嘿，我记得你们。你们就是从那座满是尸鬼的大楼里出来的那伙“疑似合成人”吧。
QuestLoc_INS_QL3_Betrayal_1_Room5_Question_Line1_Answer0	哦，多着呢。不过我可不会分给你……
QuestLoc_INS_QL3_Betrayal_1_Room5_Question_Line1_Answer1	大多是辐射蟑螂排。想来一口吗？你吃掉它，我或许就信你不是合成人。
QuestLoc_INS_QL3_Betrayal_1_Room5_Question_Line1_Choice0	找到什么有趣的东西了吗？
QuestLoc_INS_QL3_Betrayal_1_Room5_Question_Line1_Choice1	你们在这儿吃什么？
QuestLoc_INS_QL3_Betrayal_1_Room5_Question_Line2	我找到了新家人。这些辐射蝎绝对不可能是合成人。
QuestLoc_INS_QL3_Betrayal_1_Room5_Question_Line3	我开始琢磨，学院现在是不是造出了尸鬼复制品，在废土上游荡……
QuestLoc_INS_QL3_Betrayal_1_Room5_Question_Line4	所以我来了这儿。而不知为何，兄弟会也在这儿。还有你们。
QuestLoc_INS_QL3_Betrayal_1_Room5_Question_Line5	从来就没个清静……
QuestLoc_INS_QL3_Betrayal_1_Room6_Question_Line1	嘶嘶嘶！
QuestLoc_INS_QL3_Betrayal_1_Room6_Question_Line1_Answer0	嘶嘶嘶啊！
QuestLoc_INS_QL3_Betrayal_1_Room6_Question_Line1_Answer1	嘶嘶嘶啊！
QuestLoc_INS_QL3_Betrayal_1_Room6_Question_Line1_Answer2	嘶……嘶嘶咔……
QuestLoc_INS_QL3_Betrayal_1_Room6_Question_Line1_Choice0	嘿，呃，你就是兄弟会长老吗？
QuestLoc_INS_QL3_Betrayal_1_Room6_Question_Line1_Choice1	我开始觉得我们可能被骗了。
QuestLoc_INS_QL3_Betrayal_1_Room6_Question_Line1_Choice2	趴下，姑娘。待着。好姑娘。
QuestLoc_INS_QL3_Betrayal_1_Room7_Question_Line1	你们！真不敢相信你们还活着。
QuestLoc_INS_QL3_Betrayal_1_Room7_Question_Line1_Answer0	那我们来试试看。士兵们：开火！
QuestLoc_INS_QL3_Betrayal_1_Room7_Question_Line1_Answer1	果然如此。士兵们：开火！
QuestLoc_INS_QL3_Betrayal_1_Room7_Question_Line1_Answer2	你懂什么叫荣誉吗？我们在外面拼死求生，你们却缩在避难所里。士兵们：开火！
QuestLoc_INS_QL3_Betrayal_1_Room7_Question_Line1_Choice0	虚弱？要说的话，这次经历让我们更强了。
QuestLoc_INS_QL3_Betrayal_1_Room7_Question_Line1_Choice1	哦，是啊，我连武器都举不稳。
QuestLoc_INS_QL3_Betrayal_1_Room7_Question_Line1_Choice2	我还以为兄弟会是有荣誉感的。
QuestLoc_INS_QL3_Betrayal_1_Room7_Question_Line2	我和其他长老一致认为，你们不可信。
QuestLoc_INS_QL3_Betrayal_1_Room7_Question_Line3	避难所科技是个邪恶的组织，靠大战发了财。
QuestLoc_INS_QL3_Betrayal_1_Room7_Question_Line4	如今你们帮助合成人和铁路，你们就是我们的敌人，和学院一样。
QuestLoc_INS_QL3_Betrayal_1_Room7_Question_Line5	你们一定很强……但想必已被战斗耗得虚弱。
QuestLoc_INS_QL3_Betrayal_2_CombatInit2	不惜一切代价保护我们的聚变核心！
QuestLoc_INS_QL3_Betrayal_2_CombatInit4	我们遭到攻击！
QuestLoc_INS_QL3_Betrayal_2_CombatInit5	我们的背叛终于来报复我们了！
QuestLoc_INS_QL3_Betrayal_2_QuestLongDesc	兄弟会犯了个错误，成了我们的敌人。那我们去劫掠他们的仓库，偷走他们的聚变核心！
QuestLoc_INS_QL3_Betrayal_2_QuestName	能源室
QuestLoc_INS_QL3_Betrayal_2_QuestObjective1	偷走一些聚变核心
QuestLoc_INS_QL3_Betrayal_2_QuestObjective2	破坏兄弟会的网络
QuestLoc_INS_QL3_Betrayal_2_QuestShortDesc	既然我们和兄弟会成了敌人，去偷他们的聚变核心。
QuestLoc_INS_QL3_Betrayal_2_Room0_Question_Line1	好，我们到了。来对一下计划。
QuestLoc_INS_QL3_Betrayal_2_Room0_Question_Line2	我们进去，找到聚变核心，然后撤退。
QuestLoc_INS_QL3_Betrayal_2_Room0_Question_Line3	……顺便揍扁任何敢拦我们的兄弟会成员。
QuestLoc_INS_QL3_Betrayal_2_Room0_Question_Line4	他们活该，因为他们背叛了我们的同盟！
QuestLoc_INS_QL3_Betrayal_2_Room0_Question_Line5	都同意？好！出发。
QuestLoc_INS_QL3_Betrayal_2_Room1_Question_Line1	嘿！是你！
QuestLoc_INS_QL3_Betrayal_2_Room1_Question_Line1_Answer0	哦。我呃……好吧。没事。我只是在考验你。进去吧。
QuestLoc_INS_QL3_Betrayal_2_Room1_Question_Line1_Answer1	死……死亡吓不倒我！
QuestLoc_INS_QL3_Betrayal_2_Room1_Question_Line1_Answer2	你不肯走？好吧，按照规定，我现在可以杀了你。
QuestLoc_INS_QL3_Betrayal_2_Room1_Question_Line1_Choice0	什么？我们当然是啊。你看我们的衣服还看不出来吗？
QuestLoc_INS_QL3_Betrayal_2_Room1_Question_Line1_Choice1	你说得对，我不是。我是死亡化身。
QuestLoc_INS_QL3_Betrayal_2_Room1_Question_Line1_Choice2	就当我们没来过。你会庆幸自己这么做的。
QuestLoc_INS_QL3_Betrayal_2_Room1_Question_Line2	呃……你们是谁？
QuestLoc_INS_QL3_Betrayal_2_Room1_Question_Line3	不，别回答。你们不该在这里。
QuestLoc_INS_QL3_Betrayal_2_Room1_Question_Line4	我很确定你们不是兄弟会的人。所以请走开。
QuestLoc_INS_QL3_Betrayal_2_Room3_Question_Line1	你们好！你们是……避难所居民，我想。这我当然一眼就能看出来。
QuestLoc_INS_QL3_Betrayal_2_Room3_Question_Line1_Answer0	已经结束了？！这些事从来不通知我……听着，别伤害我，我只是个书记官！
QuestLoc_INS_QL3_Betrayal_2_Room3_Question_Line1_Answer1	哦。那……这些先拿去。误会了真是抱歉。
QuestLoc_INS_QL3_Betrayal_2_Room3_Question_Line1_Answer2	哦。哦，不！我的枪呢？！
QuestLoc_INS_QL3_Betrayal_2_Room3_Question_Line1_Choice0	我们的同盟结束了。剩下的我们也都要拿走。
QuestLoc_INS_QL3_Betrayal_2_Room3_Question_Line1_Choice1	够？我们压根没拿到过。
QuestLoc_INS_QL3_Betrayal_2_Room3_Question_Line1_Choice2	你们在我们背后捅了一刀。现在该我们还回去了。
QuestLoc_INS_QL3_Betrayal_2_Room3_Question_Line2	我不知道你们想要什么。我们不是给过你们足够的聚变核心了吗？
QuestLoc_INS_QL3_Betrayal_2_Room6_Question_Line1	你们这群混蛋……你们会为此付出代价！
QuestLoc_INS_QL3_Betrayal_2_Room6_Question_Line1_Answer0	我不赞成我们用的手段……但我相信它们的理由。去死吧，合成人爱好者！
QuestLoc_INS_QL3_Betrayal_2_Room6_Question_Line1_Answer1	你就不能认真点吗？！你是个异教徒和白痴！去死！
QuestLoc_INS_QL3_Betrayal_2_Room6_Question_Line1_Choice0	要为背叛付出代价的是你们。
QuestLoc_INS_QL3_Betrayal_2_Room6_Question_Line1_Choice1	哦，当然。账单在哪儿？
QuestLoc_INS_QL3_Betrayal_2_Room7_Question_Line1	噢，一台兄弟会终端机。看看……
QuestLoc_INS_QL3_Betrayal_2_Room7_Question_Line1_Answer0	他们会气疯的……
QuestLoc_INS_QL3_Betrayal_2_Room7_Question_Line1_Answer1	想想他们得填多少文书吧！
QuestLoc_INS_QL3_Betrayal_2_Room7_Question_Line1_Answer2	那够他们忙一阵了。
QuestLoc_INS_QL3_Betrayal_2_Room7_Question_Line1_Choice0	<给所有兄弟会精英发消息炫耀>
QuestLoc_INS_QL3_Betrayal_2_Room7_Question_Line1_Choice1	<删除人员数据>
QuestLoc_INS_QL3_Betrayal_2_Room7_Question_Line1_Choice2	<编程让他们的炮塔见人就打>
QuestLoc_INS_QL3_Betrayal_2_Room7_Question_Line2	<霰弹枪>，不……<因为>，不……<追寻>，不……<背叛>……对了！
QuestLoc_INS_QL3_Betrayal_2_Room7_Question_Line3	真的假的？连他们的密码都透着背叛。
QuestLoc_INS_QL3_Betrayal_2_Room7_Question_Line4	好吧，我们该怎么办？
QuestLoc_INS_QL3_Betrayal_3_CombatInit1	是那些避难所的人！他们来这干什么？抓住他们！
QuestLoc_INS_QL3_Betrayal_3_CombatInit3	干掉他们！
QuestLoc_INS_QL3_Betrayal_3_CombatInit6	谁砍下他们的脑袋，谁就获封骑士！
QuestLoc_INS_QL3_Betrayal_3_QuestLongDesc	我们发现一座钢铁兄弟会的监狱，关押着合成人和其他“畸变体”，他们还在囚犯身上做实验。我们去把囚犯救出来！
QuestLoc_INS_QL3_Betrayal_3_QuestName	畸变体
QuestLoc_INS_QL3_Betrayal_3_QuestObjective1	营救合成人
QuestLoc_INS_QL3_Betrayal_3_QuestObjective2	营救其他囚犯
QuestLoc_INS_QL3_Betrayal_3_QuestObjective3	与典狱长对质
QuestLoc_INS_QL3_Betrayal_3_QuestShortDesc	从兄弟会监狱中救出一些“畸变体”。
QuestLoc_INS_QL3_Betrayal_3_Room0_Question_Line1	到兄弟会监狱了。
QuestLoc_INS_QL3_Betrayal_3_Room0_Question_Line2	听说他们在合成人身上做可怕实验。
QuestLoc_INS_QL3_Betrayal_3_Room0_Question_Line3	也许还有他们其他的囚犯？大概走着瞧吧。
QuestLoc_INS_QL3_Betrayal_3_Room2_Question_Line1	避难所居民！真有意思……你们都在避难所里出生的吗？
QuestLoc_INS_QL3_Betrayal_3_Room2_Question_Line1_Answer0	哦，对。又来了……
QuestLoc_INS_QL3_Betrayal_3_Room2_Question_Line1_Answer1	是他们让我这么干的！我……我真不该听他们的。对不起！请收下这个！
QuestLoc_INS_QL3_Betrayal_3_Room2_Question_Line1_Answer2	原来避难所居民是这种人啊。给，这是我的全部家当了！
QuestLoc_INS_QL3_Betrayal_3_Room2_Question_Line1_Choice0	没事，你可以尽管试试。
QuestLoc_INS_QL3_Betrayal_3_Room2_Question_Line1_Choice1	我也是科学家。我对你的实验感到恶心。
QuestLoc_INS_QL3_Betrayal_3_Room2_Question_Line1_Choice2	给我些瓶盖，你就能活命。
QuestLoc_INS_QL3_Betrayal_3_Room2_Question_Line2	你们害怕自己的DNA在废土上发生突变吗？
QuestLoc_INS_QL3_Betrayal_3_Room2_Question_Line3	啊，我有太多问题想问你们了。
QuestLoc_INS_QL3_Betrayal_3_Room2_Question_Line4	而现在我们成了敌人。我本该试着杀掉你们。<叹气>
QuestLoc_INS_QL3_Betrayal_3_Room4_Question_Line1	所以，真的有人闯进来了。
QuestLoc_INS_QL3_Betrayal_3_Room4_Question_Line1_Answer0	不，一点也不。而且很快，你也活不成了！
QuestLoc_INS_QL3_Betrayal_3_Room4_Question_Line1_Answer1	这下你说到点子上了！
QuestLoc_INS_QL3_Betrayal_3_Room4_Question_Line1_Answer2	没门。我有童年记忆。就像那些合成人一样……啊！我不知道！
QuestLoc_INS_QL3_Betrayal_3_Room4_Question_Line1_Choice0	你真觉得合成人不是活的？
QuestLoc_INS_QL3_Betrayal_3_Room4_Question_Line1_Choice1	我不在乎合成人。我是来揍扁你的。
QuestLoc_INS_QL3_Betrayal_3_Room4_Question_Line1_Choice2	万一你自己就是合成人呢？
QuestLoc_INS_QL3_Betrayal_3_Room4_Question_Line2	你们想要什么？我们的囚犯？你们要这堆垃圾干什么？
QuestLoc_INS_QL3_Betrayal_3_Room4_Question_Line3	它们只是机器。
QuestLoc_INS_QL3_Betrayal_3_Room5_Question_Line1	你们是谁？是来救我们的吗？
QuestLoc_INS_QL3_Betrayal_3_Room5_Question_Line1_Answer0	太好了，多谢！
QuestLoc_INS_QL3_Betrayal_3_Room5_Question_Line1_Answer1	所以，你是说……他们可能说得对？我得好好想想这事！
QuestLoc_INS_QL3_Betrayal_3_Room5_Question_Line1_Answer2	还真没什么能拿来感谢的。除非你想要这件汗津津的旧连体服！
QuestLoc_INS_QL3_Betrayal_3_Room5_Question_Line1_Choice0	我不在乎你是谁。走吧。
QuestLoc_INS_QL3_Betrayal_3_Room5_Question_Line1_Choice1	合成人的程序设定就是自以为是人类。
QuestLoc_INS_QL3_Betrayal_3_Room5_Question_Line1_Choice2	你们得救了。有什么要感谢我们的吗？
QuestLoc_INS_QL3_Betrayal_3_Room5_Question_Line2	他们一直叫我合成人……可我完全不知道他们在说什么！
QuestLoc_INS_QL3_Betrayal_3_Room5_Question_Line3	我只是个钻石城的普通人。
QuestLoc_INS_QL3_Betrayal_3_Room7_Question_Line1	又是你？你这次又想干嘛？
QuestLoc_INS_QL3_Betrayal_3_Room7_Question_Line1_Answer0	不用你说第二遍！
QuestLoc_INS_QL3_Betrayal_3_Room7_Question_Line1_Answer1	门都没有。你要是想要我留下，那你朋友肯定很糟糕。
QuestLoc_INS_QL3_Betrayal_3_Room7_Question_Line1_Answer2	也许吧，说实话。至少合成人在背后捅你刀时还会彬彬有礼。
QuestLoc_INS_QL3_Betrayal_3_Room7_Question_Line1_Choice0	闭嘴滚开。
QuestLoc_INS_QL3_Betrayal_3_Room7_Question_Line1_Choice1	我们注定在一起。来跟我们住吧！
QuestLoc_INS_QL3_Betrayal_3_Room7_Question_Line1_Choice2	兄弟会难道不比合成人更坏吗？
QuestLoc_INS_QL3_Betrayal_3_Room7_Question_Line2	没错，我是囚犯。我想他们觉得我跟辐射蝎混在一起太怪了。
QuestLoc_INS_QL3_Betrayal_3_Room7_Question_Line3	你脸上带着一副烦人的表情，像要救我出去似的。
QuestLoc_INS_QL3_Betrayal_3_Room7_Question_Line4	而且你还在救别的合成人。你连装都不装了。
QuestLoc_INS_QL3_Betrayal_3_Room8_Question_Line1	避难所居民。你们对“合成人权利”如此热衷，却根本不懂。
QuestLoc_INS_QL3_Betrayal_3_Room8_Question_Line1_Answer0	可惜你活不到回去向你监督者汇报的那天了！
QuestLoc_INS_QL3_Betrayal_3_Room8_Question_Line1_Answer1	它们会从里到外把你啃掉！
QuestLoc_INS_QL3_Betrayal_3_Room8_Question_Line1_Answer2	你正好证明了我说得对。它们太危险了！你们也是！
QuestLoc_INS_QL3_Betrayal_3_Room8_Question_Line1_Choice0	你是说我们避难所里有合成人？
QuestLoc_INS_QL3_Betrayal_3_Room8_Question_Line1_Choice1	我们会对付学院的。这事之后再说。
QuestLoc_INS_QL3_Betrayal_3_Room8_Question_Line1_Choice2	合成人有人的DNA，所以那套根本行不通。
QuestLoc_INS_QL3_Betrayal_3_Room8_Question_Line2	你上次给避难所里所有人做DNA测试是什么时候？
QuestLoc_INS_QL3_Betrayal_3_Room8_Question_Line3	要是做了，你就会明白学院比你聪明得多。
QuestLoc_INS_QL3_Betrayal_4_CombatInit2	他们在那儿！抓住他们！
QuestLoc_INS_QL3_Betrayal_4_CombatInit5	没人能耍弄兄弟会！
QuestLoc_INS_QL3_Betrayal_4_QuestLongDesc	兄弟会坑了我们。现在该好好回敬他们了。我们已经把马克森长老和他的随从引入陷阱，就等你们来收网了。
QuestLoc_INS_QL3_Betrayal_4_QuestName	钓钢鳟
QuestLoc_INS_QL3_Betrayal_4_QuestObjective1	找到亚瑟·马克森
QuestLoc_INS_QL3_Betrayal_4_QuestShortDesc	对付落入我们陷阱的马克森长老。
QuestLoc_INS_QL3_Betrayal_4_Room0_Question_Line1	嘿，我们做到了！
QuestLoc_INS_QL3_Betrayal_4_Room0_Question_Line2	感觉每次设陷阱，走进去的都是我们自己。
QuestLoc_INS_QL3_Betrayal_4_Room0_Question_Line3	但现在，是兄弟会进了我们的陷阱。
QuestLoc_INS_QL3_Betrayal_4_Room0_Question_Line4	这年头可真是好时节。让马克森见识见识我们的本事。
QuestLoc_INS_QL3_Betrayal_4_Room1_Question_Line1	避难所居民？你们跟那些本该在这栋楼里的合成人是一伙的？
QuestLoc_INS_QL3_Betrayal_4_Room1_Question_Line1_Answer0	啊！我们被骗了！
QuestLoc_INS_QL3_Betrayal_4_Room1_Question_Line1_Choice0	哪有什么合成人，蠢货。这是个陷阱！
QuestLoc_INS_QL3_Betrayal_4_Room3_Question_Line1	真不敢相信我们竟上了这个蠢陷阱的当！
QuestLoc_INS_QL3_Betrayal_4_Room3_Question_Line1_Answer0	这正是他们想让你这么想的！
QuestLoc_INS_QL3_Betrayal_4_Room3_Question_Line1_Answer1	你休想踢我的屁股！
QuestLoc_INS_QL3_Betrayal_4_Room3_Question_Line1_Answer2	把你那肮脏的科学留给自己吧！
QuestLoc_INS_QL3_Betrayal_4_Room3_Question_Line1_Choice0	合成人跟我们一样。没谁是自己想来的。
QuestLoc_INS_QL3_Betrayal_4_Room3_Question_Line1_Choice1	我不是来理解的。我是来揍人的。
QuestLoc_INS_QL3_Betrayal_4_Room3_Question_Line1_Choice2	作为一名科学家，我对你的无知感到愤慨。
QuestLoc_INS_QL3_Betrayal_4_Room3_Question_Line2	而你们……帮助合成人，跟那些铁路白痴搅在一起……
QuestLoc_INS_QL3_Betrayal_4_Room3_Question_Line3	你们不了解合成人！它们就像定时炸弹！
QuestLoc_INS_QL3_Betrayal_4_Room3_Question_Line4	而且它们会同时引爆！遍布整个联邦！
QuestLoc_INS_QL3_Betrayal_4_Room4_Question_Line1	怎么回事？钢铁兄弟会为什么要袭击我们的镇子？
QuestLoc_INS_QL3_Betrayal_4_Room4_Question_Line1_Answer0	呃，这儿可没废弃！啧。希望你们能收拾好自己留下的烂摊子。
QuestLoc_INS_QL3_Betrayal_4_Room4_Question_Line1_Answer1	可真够雇佣兵的。我想我该说声谢谢……
QuestLoc_INS_QL3_Betrayal_4_Room4_Question_Line1_Answer2	合，合成人？在这儿？合成人来这儿干什么？给，拿着这个，就当没见过我。
QuestLoc_INS_QL3_Betrayal_4_Room4_Question_Line1_Choice0	那是我们的错。以为这地方废弃了。
QuestLoc_INS_QL3_Betrayal_4_Room4_Question_Line1_Choice1	我不知道，但我们在阻止他们。拿钱来。
QuestLoc_INS_QL3_Betrayal_4_Room4_Question_Line1_Choice2	他们大概在找合成人。
QuestLoc_INS_QL3_Betrayal_4_Room6_Question_Line1	看来学院真的把你们攥在手里了。
QuestLoc_INS_QL3_Betrayal_4_Room6_Question_Line1_Answer0	说不定，我就可能是合成人。那你效忠的又是谁？
QuestLoc_INS_QL3_Betrayal_4_Room6_Question_Line1_Answer1	你的直觉不可救药。那我呢？你觉得我是合成人吗？
QuestLoc_INS_QL3_Betrayal_4_Room6_Question_Line1_Answer2	那当然。它们装得太像了，连我都可能是合成人！
QuestLoc_INS_QL3_Betrayal_4_Room6_Question_Line1_Choice0	你太急于树敌了。这就是代价。
QuestLoc_INS_QL3_Betrayal_4_Room6_Question_Line1_Choice1	嘿，我只是凭直觉行事。
QuestLoc_INS_QL3_Betrayal_4_Room6_Question_Line1_Choice2	其实，合成人还挺温暖的。
QuestLoc_INS_QL3_Betrayal_4_Room6_Question_Line2	而且从你们的脸上我能看出，你们还不知道这件事。
QuestLoc_INS_QL3_Betrayal_4_Room6_Question_Line3	你们中的一些人已经被冰冷残忍的机器替换了。甚至可能是你。
QuestLoc_INS_QL3_Betrayal_4_Room6_Question_Line4	用不了多久，联邦就不会再有真正的人类了。
QuestLoc_INS_QL3_Betrayal_4_Room6_Question_Line5	而那都是因为你们。
QuestLoc_INS_QL3_Betrayal_QuestLineName	钢铁背叛
QuestLoc_INS_QL4_Armistice_1_CombatInit4	果然，跑出来的是一只鼹鼠育母！我们真是够倒霉的。
QuestLoc_INS_QL4_Armistice_1_QuestLongDesc	学院主动提出停火，想和谈。我们之间能有和平吗？
QuestLoc_INS_QL4_Armistice_1_QuestName	停战
QuestLoc_INS_QL4_Armistice_1_QuestObjective1	与学院领导层会面
QuestLoc_INS_QL4_Armistice_1_QuestObjective2	照料一个科学项目
QuestLoc_INS_QL4_Armistice_1_QuestObjective3	找到一只逃跑的生物
QuestLoc_INS_QL4_Armistice_1_QuestShortDesc	学院想和谈。我们想要停战。
QuestLoc_INS_QL4_Armistice_1_Room0_Question_Line1	欢迎来到学院。
QuestLoc_INS_QL4_Armistice_1_Room0_Question_Line1_Answer0	我们徒手赴会，以示诚意。如果我们觉得你们残忍，就不会邀请你们了。
QuestLoc_INS_QL4_Armistice_1_Room0_Question_Line1_Answer1	很高兴听你这么说。请尽情参观。
QuestLoc_INS_QL4_Armistice_1_Room0_Question_Line1_Answer2	理应如此。双方都流过血。重新开始，得慢慢弥合。
QuestLoc_INS_QL4_Armistice_1_Room0_Question_Line1_Choice0	希望你们值得信任，否则我们可要开火了。
QuestLoc_INS_QL4_Armistice_1_Room0_Question_Line1_Choice1	我们内心也渴望和平。所以我们才怀着诚意前来。
QuestLoc_INS_QL4_Armistice_1_Room0_Question_Line1_Choice2	你们勾起了我们的好奇。不过，我们暂不表态……至少眼下是。
QuestLoc_INS_QL4_Armistice_1_Room0_Question_Line2	感谢你们接受停战。
QuestLoc_INS_QL4_Armistice_1_Room0_Question_Line3	我们选择了这里——我们最早的研究据点之一，来向你们展示我们的真实面貌。
QuestLoc_INS_QL4_Armistice_1_Room0_Question_Line4	我们希望这种相互理解能带来持久的和平。
QuestLoc_INS_QL4_Armistice_1_Room0_Question_Line5	请随意走走，见见我们的工作人员。我们的首领在更深处等候。
QuestLoc_INS_QL4_Armistice_1_Room1_Question_Line1	啊，访客们！见到新面孔总是让人高兴。
QuestLoc_INS_QL4_Armistice_1_Room1_Question_Line1_Answer0	我就知道。已经把它们包进一份像样的欢迎礼篮了。
QuestLoc_INS_QL4_Armistice_1_Room1_Question_Line1_Answer1	这下你终于说到点子上了。没有什么比得上一阵噼噼啪啪的枪声。
QuestLoc_INS_QL4_Armistice_1_Room1_Question_Line1_Answer2	已经开始打印图纸了。
QuestLoc_INS_QL4_Armistice_1_Room1_Question_Line1_Answer3	<紧张地笑> 人们怕是要以为你是合成人了……
QuestLoc_INS_QL4_Armistice_1_Room1_Question_Line1_Choice0	你已经知道我们要什么：更多聚变核心。
QuestLoc_INS_QL4_Armistice_1_Room1_Question_Line1_Choice1	要让和平持久，我们需要对等的武力。武器。
QuestLoc_INS_QL4_Armistice_1_Room1_Question_Line1_Choice2	你们是一群科学家，对吧？分享点技术吧。
QuestLoc_INS_QL4_Armistice_1_Room1_Question_Line1_Choice3	我喜欢你穿的衣服。还有多余的吗？
QuestLoc_INS_QL4_Armistice_1_Room1_Question_Line2	这房间看着不像，但它是个商店。
QuestLoc_INS_QL4_Armistice_1_Room1_Question_Line3	你们的监督者已经安排好付款了。
QuestLoc_INS_QL4_Armistice_1_Room1_Question_Line4	所以，请自便，随便挑。
QuestLoc_INS_QL4_Armistice_1_Room2_Question_Line1	能见到避难所居民，我太兴奋了！请允许我展示一下我的实验！
QuestLoc_INS_QL4_Armistice_1_Room2_Question_Line1_Answer0	哦！真没劲。我不会伤害你的。至少不会造成永久伤害。
QuestLoc_INS_QL4_Armistice_1_Room2_Question_Line1_Answer1	这就开始啦……这数据妙极了。接下来几个月有得分析了。给，这是你的辛苦费。
QuestLoc_INS_QL4_Armistice_1_Room2_Question_Line1_Answer2	我才不是呢。没人相信我的研究。你有哪怕一丝可能相信我吗？没有？真扫兴。
QuestLoc_INS_QL4_Armistice_1_Room2_Question_Line1_Answer3	但科学不等人！噢，好吧。我可以保持耐心。……那现在可以了吗？
QuestLoc_INS_QL4_Armistice_1_Room2_Question_Line1_Choice0	试试看你就死定了。
QuestLoc_INS_QL4_Armistice_1_Room2_Question_Line1_Choice1	好啊，请便！
QuestLoc_INS_QL4_Armistice_1_Room2_Question_Line1_Choice2	你听起来不像典型的学院科学家。
QuestLoc_INS_QL4_Armistice_1_Room2_Question_Line1_Choice3	还太早，朋友……我们还没法信任你们。
QuestLoc_INS_QL4_Armistice_1_Room2_Question_Line2	我的中微子轰击巨型网格编织层已经准备好了。看不见，也无害。
QuestLoc_INS_QL4_Armistice_1_Room2_Question_Line3	在你身上用一下，就能精确显示辐射让你的寿命缩短了多少。
QuestLoc_INS_QL4_Armistice_1_Room2_Question_Line4	站好别动……
QuestLoc_INS_QL4_Armistice_1_Room3_Question_Line1	来得正好。我是说，你们能来真是太好了。
QuestLoc_INS_QL4_Armistice_1_Room3_Question_Line1_Answer0	谢谢。我们的研究有朝一日或许能修复整个世界。
QuestLoc_INS_QL4_Armistice_1_Room3_Question_Line1_Answer1	我明白了。你们是那种漫不经心的人。但愿没人被吃掉。
QuestLoc_INS_QL4_Armistice_1_Room3_Question_Line1_Answer2	我可没料到会出乱子。抱歉。你们还用瓶盖，对吧？也许这个能帮上忙？
QuestLoc_INS_QL4_Armistice_1_Room3_Question_Line1_Choice0	本着我们这份刚萌芽的友谊，我来帮忙。
QuestLoc_INS_QL4_Armistice_1_Room3_Question_Line1_Choice1	哼。要是我们乐意的话。
QuestLoc_INS_QL4_Armistice_1_Room3_Question_Line1_Choice2	我们不是来收拾你的烂摊子的。
QuestLoc_INS_QL4_Armistice_1_Room3_Question_Line2	嗯……说好可能过头了。
QuestLoc_INS_QL4_Armistice_1_Room3_Question_Line3	我本想展示我们复原本地野生动物的工作，但试验体跑了。
QuestLoc_INS_QL4_Armistice_1_Room3_Question_Line4	它怀了孕，所以如果你能……至少把尸体带回来？我们被告知不能带武器。
QuestLoc_INS_QL4_Armistice_1_Room5_Question_Line1	访客！嗨！我负责管理我们的通讯阵列。
QuestLoc_INS_QL4_Armistice_1_Room5_Question_Line1_Answer0	有可能。对于非学院的人来说，他们表现出的能力超出了我的预期。
QuestLoc_INS_QL4_Armistice_1_Room5_Question_Line1_Answer1	啊！真有趣。所以你们其实也不知道……
QuestLoc_INS_QL4_Armistice_1_Room5_Question_Line1_Answer2	没有暗示你的意思。讽刺的是，沟通恰恰不是我的强项。我们会查清楚的。
QuestLoc_INS_QL4_Armistice_1_Room5_Question_Line1_Choice0	也许是兄弟会在你们破坏他们的阵列后，以牙还牙。
QuestLoc_INS_QL4_Armistice_1_Room5_Question_Line1_Choice1	我们就是这么危险。你们最好小心点。
QuestLoc_INS_QL4_Armistice_1_Room5_Question_Line1_Choice2	我不太喜欢你的暗示。
QuestLoc_INS_QL4_Armistice_1_Room5_Question_Line2	我就不跟你讲那些科技黑话了，总之这是世上最先进的科技之一。
QuestLoc_INS_QL4_Armistice_1_Room5_Question_Line3	它经过了严密加密，所以只有持有我们代码的人才能使用。
QuestLoc_INS_QL4_Armistice_1_Room5_Question_Line4	它也有局限。最近，我们跟许多外勤单位失去了联系。
QuestLoc_INS_QL4_Armistice_1_Room5_Question_Line5	这件事，你们该不会知道些什么吧？
QuestLoc_INS_QL4_Armistice_1_Room6_Question_Line1	我总觉得这一切都是为我们布置的。
QuestLoc_INS_QL4_Armistice_1_Room6_Question_Line2	我们真的打算相信他们的话吗？
QuestLoc_INS_QL4_Armistice_1_Room6_Question_Line3	话又说回来……这也许是我们最后的和平机会。
QuestLoc_INS_QL4_Armistice_1_Room7_Question_Line1	监督者的代表，见到你很高兴。
QuestLoc_INS_QL4_Armistice_1_Room7_Question_Line1_Answer0	太好了。希望我们能再见面，缔结一份更持久的协定。
QuestLoc_INS_QL4_Armistice_1_Room7_Question_Line1_Answer1	我希望这颗信任的种子能发芽，绽放出深厚的友谊。
QuestLoc_INS_QL4_Armistice_1_Room7_Question_Line1_Answer3	我也想说同样的话，只是措辞会更客套些。那就这样吧。
QuestLoc_INS_QL4_Armistice_1_Room7_Question_Line1_Choice0	我们会签约。时间会证明它能否维系。
QuestLoc_INS_QL4_Armistice_1_Room7_Question_Line1_Choice1	这次参观没让我印象深刻。但至少你们没试图杀我们。
QuestLoc_INS_QL4_Armistice_1_Room7_Question_Line1_Choice2	我不喜欢你们。我签约只是因为监督者下令。
QuestLoc_INS_QL4_Armistice_1_Room7_Question_Line1_Choice3	一旦你们挡了我们的道，这份协议立刻作废。记住这一点。
QuestLoc_INS_QL4_Armistice_1_Room7_Question_Line2	你们的参观怎么样？这里不是我们最先进的据点，但却是我的最爱。
QuestLoc_INS_QL4_Armistice_1_Room7_Question_Line3	说正事：我提议缔结一项缓和冲突的条约，如果你们同意的话。
QuestLoc_INS_QL4_Armistice_1_Room7_Question_Line4	为我们之间无暴力的未来奠定基础。
QuestLoc_INS_QL4_Armistice_1_Room7_Question_Line5	随条约一并奉上我们最好的资源。
QuestLoc_INS_QL4_Armistice_2_CombatInit1	尸鬼？辐射终究还是渗进了学院！
QuestLoc_INS_QL4_Armistice_2_QuestLongDesc	为了检验学院关于和平的说法，我们派一支队伍前往一座废弃实验室，窃听他们的通讯网络。
QuestLoc_INS_QL4_Armistice_2_QuestName	虚晃一枪
QuestLoc_INS_QL4_Armistice_2_QuestObjective1	找到通讯代码。
QuestLoc_INS_QL4_Armistice_2_QuestShortDesc	我们可以在废弃实验室里接入学院的通讯。
QuestLoc_INS_QL4_Armistice_2_Room0_Question_Line1	无论监督者多想与学院讲和，我们都需要保障。
QuestLoc_INS_QL4_Armistice_2_Room0_Question_Line2	我们的盟友说这地方有代码，能让我们窃听合成人制造者的通话。
QuestLoc_INS_QL4_Armistice_2_Room0_Question_Line3	如果他们想糊弄我们，我们会知道的。
QuestLoc_INS_QL4_Armistice_2_Room1_Question_Line1	<受干扰的杂音>
QuestLoc_INS_QL4_Armistice_2_Room1_Question_Line1_Choice0	那些铁皮人怎么了？被丢在这儿生锈，跟这地方的其他东西一样？看来它们还有几分战斗力。
QuestLoc_INS_QL4_Armistice_2_Room4_Question_Line1	哦！真尴尬。看来我的秘密藏身处暴露了。
QuestLoc_INS_QL4_Armistice_2_Room4_Question_Line1_Answer0	我还以为你们是好人！
QuestLoc_INS_QL4_Armistice_2_Room4_Question_Line1_Answer1	我想我该谢谢你们，不管你们是谁。
QuestLoc_INS_QL4_Armistice_2_Room4_Question_Line1_Answer2	嗯，我正考虑叛逃，所以这样也行。
QuestLoc_INS_QL4_Armistice_2_Room4_Question_Line1_Choice0	你是真正的利亚姆吗？不，你不可能是。我……我必须终结你。
QuestLoc_INS_QL4_Armistice_2_Room4_Question_Line1_Choice1	就当咱俩没见过。离开这里。不必动武。
QuestLoc_INS_QL4_Armistice_2_Room4_Question_Line1_Choice2	学院在耍我们？两个利亚姆？你得跟我们走，让我们盯着你。
QuestLoc_INS_QL4_Armistice_2_Room4_Question_Line2	你们怎么会在这儿？我现在看到的一切真让我摸不着头脑。
QuestLoc_INS_QL4_Armistice_2_Room5_Question_Line1	通讯终端在这儿。
QuestLoc_INS_QL4_Armistice_2_Room5_Question_Line2	我们来破解密码……
QuestLoc_INS_QL4_Armistice_2_Room5_Question_Line3	中奖了。有了这些代码，我们就能访问追猎者和领导层之间的日志。
QuestLoc_INS_QL4_Armistice_2_Room5_Question_Line4	没有历史记录，但总比没有强。现在他们再也无法偷袭我们了。
QuestLoc_INS_QL4_Armistice_2_Room5_Question_Line5	一场直截了当的任务，只是掺了那么一点点古怪，正合我口味。
QuestLoc_INS_QL4_Armistice_3_QuestLongDesc	一个学院分裂组织有情报给我们。他们只想要化学设备作为回报。
QuestLoc_INS_QL4_Armistice_3_QuestName	技术兄弟会
QuestLoc_INS_QL4_Armistice_3_QuestObjective1	闯入派对
QuestLoc_INS_QL4_Armistice_3_QuestShortDesc	学院叛逃者有情报给我们。
QuestLoc_INS_QL4_Armistice_3_Room0_Question_Line1	嘿，老兄，你来参加我们的聚会了！我是说，会议！
QuestLoc_INS_QL4_Armistice_3_Room0_Question_Line1_Answer0	没。但我们有很多这些东西，以防万一……
QuestLoc_INS_QL4_Armistice_3_Room0_Question_Line1_Answer1	嘿，嘿，我们都是成年人了，好吗？你不是我妈。就进来吧，行。
QuestLoc_INS_QL4_Armistice_3_Room0_Question_Line1_Answer2	不，那些又硬又痒。这是戏服……庆祝款。嘿，你也得来一件。
QuestLoc_INS_QL4_Armistice_3_Room0_Question_Line1_Choice0	酒还是药物？你看起来快要吐了。
QuestLoc_INS_QL4_Armistice_3_Room0_Question_Line1_Choice1	少年！这分裂组织是一群少年组成的！
QuestLoc_INS_QL4_Armistice_3_Room0_Question_Line1_Choice2	你们这身打扮怎么回事？不像学院的风格。
QuestLoc_INS_QL4_Armistice_3_Room0_Question_Line2	好了，听着，伙计们。我们可能庆祝得太嗨了。还都是因为你们，没错。
QuestLoc_INS_QL4_Armistice_3_Room0_Question_Line3	别管我们。
QuestLoc_INS_QL4_Armistice_3_Room0_Question_Line4	那个叫什么名字的会长就在里面的某个地方。
QuestLoc_INS_QL4_Armistice_3_Room1_Question_Line1	我开始觉得来这儿是个坏主意了。
QuestLoc_INS_QL4_Armistice_3_Room1_Question_Line2	也许他们是被学院赶出来的。
QuestLoc_INS_QL4_Armistice_3_Room1_Question_Line3	而且照我看，被赶出来也是活该。
QuestLoc_INS_QL4_Armistice_3_Room1_Question_Line4	不过，还是抱点希望吧。也许只是得先闯过这帮吵闹家伙这一关。
QuestLoc_INS_QL4_Armistice_3_Room2_Question_Line1	欢迎，避难所居民。
QuestLoc_INS_QL4_Armistice_3_Room2_Question_Line1_Answer0	哦，兄弟，这可不合适。你从不角色扮演吗？你真无聊。
QuestLoc_INS_QL4_Armistice_3_Room2_Question_Line1_Answer1	呃……好吧，好吧，我道歉了。拿着这个，行吧？就当是赔礼。
QuestLoc_INS_QL4_Armistice_3_Room2_Question_Line1_Answer2	行……让我想想……他们不允许九点后放吵闹的音乐。
QuestLoc_INS_QL4_Armistice_3_Room2_Question_Line1_Choice0	这里人人都这么讨人厌吗？
QuestLoc_INS_QL4_Armistice_3_Room2_Question_Line1_Choice1	<深深叹气>
QuestLoc_INS_QL4_Armistice_3_Room2_Question_Line1_Choice2	想将功补过吗？告诉我点关于学院我不知道的事。
QuestLoc_INS_QL4_Armistice_3_Room2_Question_Line2	我是我们团体的代表，随时准备分享知识与战略。
QuestLoc_INS_QL4_Armistice_3_Room2_Question_Line3	请跟我——跟我——噗哈哈，我装不下去了……
QuestLoc_INS_QL4_Armistice_3_Room2_Question_Line4	抱歉，老兄。我不是这里的会长。
QuestLoc_INS_QL4_Armistice_3_Room2_Question_Line5	逗你玩呢。你就像新入会的兄弟！
QuestLoc_INS_QL4_Armistice_3_Room3_Question_Line1	我们这儿来的是什么？看看你。还真不赖……
QuestLoc_INS_QL4_Armistice_3_Room3_Question_Line1_Answer0	别，我开玩笑的。我还太小，当不了爹妈。
QuestLoc_INS_QL4_Armistice_3_Room3_Question_Line1_Answer1	你可不知道自己错过了什么，小甜心。
QuestLoc_INS_QL4_Armistice_3_Room3_Question_Line1_Answer2	<嘲弄地>“我们是来和谈的，不是来派对的。”可真够索然无味的！
QuestLoc_INS_QL4_Armistice_3_Room3_Question_Line1_Choice0	学院不是觉得我们DNA有问题吗？
QuestLoc_INS_QL4_Armistice_3_Room3_Question_Line1_Choice1	我品味可高。
QuestLoc_INS_QL4_Armistice_3_Room3_Question_Line1_Choice2	这是公务。我们是来和谈的，不是来派对的。
QuestLoc_INS_QL4_Armistice_3_Room3_Question_Line2	想歇会儿，搞点生物杂交吗？
QuestLoc_INS_QL4_Armistice_3_Room4_Question_Line1	一台没人照管的终端。看看里面有什么。
QuestLoc_INS_QL4_Armistice_3_Room4_Question_Line2	上面说他们在拿人类的细菌微生物组做实验……
QuestLoc_INS_QL4_Armistice_3_Room4_Question_Line3	还意外发现了一种酵母，能酿出极易上瘾的酒。
QuestLoc_INS_QL4_Armistice_3_Room4_Question_Line4	尤其混着药物……难怪他们被赶出来了。
QuestLoc_INS_QL4_Armistice_3_Room4_Question_Line5	现在他们整天醉醺醺的。在这儿我们拿不到什么情报了。
QuestLoc_INS_QL4_Armistice_3_Room5_Question_Line1	是避难所的人！我们的新伙伴！
QuestLoc_INS_QL4_Armistice_3_Room5_Question_Line1_Answer0	嗯，那好，现在那堆机器人可占着风头。不过，拿着这个吧。
QuestLoc_INS_QL4_Armistice_3_Room5_Question_Line1_Answer1	哇，兄弟们，别那么说。拿上这个，然后，呃，去砸扁它们，怎么样？
QuestLoc_INS_QL4_Armistice_3_Room5_Question_Line1_Choice0	等等！这可配不上我们的装备。我们要拿回去。
QuestLoc_INS_QL4_Armistice_3_Room5_Question_Line1_Choice1	我有点想帮那些机器人大闹一场。
QuestLoc_INS_QL4_Armistice_3_Room5_Question_Line2	抱歉弄乱了……我们喜欢开派对。
QuestLoc_INS_QL4_Armistice_3_Room5_Question_Line3	我们收到了化学设备，多谢了。
QuestLoc_INS_QL4_Armistice_3_Room5_Question_Line4	所以按承诺，给你们学院的内幕：他们恨死你们了。
QuestLoc_INS_QL4_Armistice_3_Room5_Question_Line5	恕我失陪，隔壁的派对机器人正在发狂……
QuestLoc_INS_QL4_Armistice_3_Room6_Question_Line1	有机器的地方，就有美酒！
QuestLoc_INS_QL4_Armistice_3_Room6_Question_Line1_Choice0	好吧，要是我需要戒酒的警示故事，那就是这个……
QuestLoc_INS_QL4_Armistice_3_Room6_Question_Line2	准备好发狂，像没有明天一样狂欢吧！
QuestLoc_INS_QL4_Armistice_3_Room6_Question_Line3	最后一杯，然后眼前一黑！
QuestLoc_INS_QL4_Armistice_4_QuestLongDesc	停战即将到期。我们必须抉择：持久和平，还是与学院开战。
QuestLoc_INS_QL4_Armistice_4_QuestName	为人类的福祉
QuestLoc_INS_QL4_Armistice_4_QuestObjective1	签署条约，或对付使者
QuestLoc_INS_QL4_Armistice_4_QuestObjective2	做出决定后照照镜子
QuestLoc_INS_QL4_Armistice_4_QuestShortDesc	是时候在与学院的永久和平与无休止的战争之间做出选择了。
QuestLoc_INS_QL4_Armistice_4_Room0_Question_Line1	就是这一刻。决定我们避难所未来的时刻。
QuestLoc_INS_QL4_Armistice_4_Room0_Question_Line2	我们是要发誓铲除联邦里那个痴迷科学的毒瘤……
QuestLoc_INS_QL4_Armistice_4_Room0_Question_Line3	还是与他们联手，主宰废土？
QuestLoc_INS_QL4_Armistice_4_Room0_Question_Line4	为什么我对哪个选择都这么纠结？
QuestLoc_INS_QL4_Armistice_4_Room1_Question_Line1	我们又见面了，监督者的代表。
QuestLoc_INS_QL4_Armistice_4_Room1_Question_Line1_Answer0	那就这样吧。是时候一劳永逸地结束这一切了。
QuestLoc_INS_QL4_Armistice_4_Room1_Question_Line1_Answer1	子孙后代将赞颂我们今天的选择。
QuestLoc_INS_QL4_Armistice_4_Room1_Question_Line1_Answer2	你说得对。和平的异议推动进步，就从今天开始。
QuestLoc_INS_QL4_Armistice_4_Room1_Question_Line1_Choice0	才不要！哟呵，杀他妈个痛快！
QuestLoc_INS_QL4_Armistice_4_Room1_Question_Line1_Choice1	我们为我们的未来签下这份协议。同心协力，为了人类。
QuestLoc_INS_QL4_Armistice_4_Room1_Question_Line1_Choice2	我们也许永远无法共享愿景，但仍可并肩守护我们的孩子。
QuestLoc_INS_QL4_Armistice_4_Room1_Question_Line2	在我们初次接触的余烬中，孕育出对和平的渴望。
QuestLoc_INS_QL4_Armistice_4_Room1_Question_Line3	那渴望结出了果实——一份双方都恪守的停战协定。
QuestLoc_INS_QL4_Armistice_4_Room1_Question_Line4	如今那停战已然成熟，正要焕发新芽。
QuestLoc_INS_QL4_Armistice_4_Room1_Question_Line5	所以告诉我：它能否绽放为同盟？
QuestLoc_INS_QL4_Armistice_4_Room2_Question_Line1	唉，事到如今，没有回头路了。
QuestLoc_INS_QL4_Armistice_4_Room2_Question_Line2	我们是否牺牲了孩子的未来？
QuestLoc_INS_QL4_Armistice_4_Room2_Question_Line3	我们是否用一个专制的抉择给联邦带来了厄运？
QuestLoc_INS_QL4_Armistice_4_Room2_Question_Line4	疑虑永远在啃噬我。我想这就是外交的代价。
QuestLoc_INS_QL4_Armistice_4_Room3_Question_Line1	你们在这儿做什么？你们不是该处理完条约，早就离开了吗？
QuestLoc_INS_QL4_Armistice_4_Room3_Question_Line1_Answer0	何必浪费口舌，武器的话说得更清楚。
QuestLoc_INS_QL4_Armistice_4_Room3_Question_Line1_Answer1	你以为这一切还没发生，以为我们并不只是又一批复制品。但如果你非要追问的话。
QuestLoc_INS_QL4_Armistice_4_Room3_Question_Line1_Answer2	制造我们的初衷是为了更好地理解你们。我们热爱和平。否则我们还会主动奉上武器吗？
QuestLoc_INS_QL4_Armistice_4_Room3_Question_Line1_Choice0	这是怎么回事？解释清楚。
QuestLoc_INS_QL4_Armistice_4_Room3_Question_Line1_Choice1	背叛！所以，学院的真正计划是逐个替换我们？
QuestLoc_INS_QL4_Armistice_4_Room3_Question_Line1_Choice2	学院制造我们的模样的合成人，让我很不舒服。
QuestLoc_INS_QL4_Armistice_4_Room3_Question_Line2	显然，你们看到我们并不在参观行程之内。
QuestLoc_INS_QL4_Armistice_QuestLineName	停战之伪
QuestLoc_NVB_QL2_Leftovers_1_QuestLongDesc	一伙狡猾的掠夺者闯进我们的避难所，偷走了关键物资。我们一路追踪，追到新维加斯大道附近一座废弃的避难所科技基地。
QuestLoc_NVB_QL2_Leftovers_1_QuestName	众脑之母
QuestLoc_NVB_QL2_Leftovers_1_QuestObjective1	与窃贼首领对峙
QuestLoc_NVB_QL2_Leftovers_1_QuestObjective2	揭开窃贼的真面目
QuestLoc_NVB_QL2_Leftovers_1_QuestObjective3	夺回我们的物资
QuestLoc_NVB_QL2_Leftovers_1_QuestShortDesc	追捕那群匪徒。终结他们的偷窃行径。
QuestLoc_NVB_QL2_Leftovers_1_Question0_Line1	正在扫描……避难所科技身份识别……验证通过。
QuestLoc_NVB_QL2_Leftovers_1_Question0_Line1_Answer1	实验“鼹鼠间谍”失败。敌对生物已占领整栋建筑。
QuestLoc_NVB_QL2_Leftovers_1_Question0_Line1_Answer2	无法照办。变异鼹鼠居民控制着该设施。
QuestLoc_NVB_QL2_Leftovers_1_Question0_Line1_Answer3	“东西”未定义。“强盗”未定义。设施已被高智商的鼹鼠占据。
QuestLoc_NVB_QL2_Leftovers_1_Question0_Line1_Choice1	给我讲讲这次爆发的事！
QuestLoc_NVB_QL2_Leftovers_1_Question0_Line1_Choice2	封锁大楼。释放毒气淹没它。
QuestLoc_NVB_QL2_Leftovers_1_Question0_Line1_Choice3	你见过一群扛着一堆东西的强盗吗？
QuestLoc_NVB_QL2_Leftovers_1_Question0_Line2	警报：距上次受试者逃跑已过去<1>天！
QuestLoc_NVB_QL2_Leftovers_1_Question1	谁人凄凄惨惨漫步于吾辈之墙垣？
QuestLoc_NVB_QL2_Leftovers_1_Question1_Answer1	你最好相信，吾辈定当反咬。
QuestLoc_NVB_QL2_Leftovers_1_Question1_Answer2	入侵者之侮辱定招即刻之制裁。
QuestLoc_NVB_QL2_Leftovers_1_Question1_Answer3	理智之对答必有厚报。请畅行无阻。
QuestLoc_NVB_QL2_Leftovers_1_Question1_Choice1	天哪，监督者在上！会说话的鼹鼠！我能摸摸你吗？
QuestLoc_NVB_QL2_Leftovers_1_Question1_Choice2	这可不对。害虫不该会说话。
QuestLoc_NVB_QL2_Leftovers_1_Question1_Choice3	我们爱去哪儿就去哪儿，你这只自命不凡的袋熊！
QuestLoc_NVB_QL2_Leftovers_1_Question2	母亲的慈悲！
QuestLoc_NVB_QL2_Leftovers_1_Question3	愚蠢小队嗅来嗅去找吾等之藏货？速速停手，否则休怪吾等大开杀戒！
QuestLoc_NVB_QL2_Leftovers_1_Question3_Answer1	野蛮残暴！
QuestLoc_NVB_QL2_Leftovers_1_Question3_Answer2	此物印证吾等对安宁之渴望。拿上它，速速掉头滚蛋。
QuestLoc_NVB_QL2_Leftovers_1_Question3_Answer3	顽固之抵抗必遭吾等严词反击。
QuestLoc_NVB_QL2_Leftovers_1_Question3_Choice1	所以你们认罪了？是时候切点鼹鼠肉排了！
QuestLoc_NVB_QL2_Leftovers_1_Question3_Choice2	想让我们走？告诉我们东西在哪。
QuestLoc_NVB_QL2_Leftovers_1_Question3_Choice3	呃……滚开，一窝崽子！我们要端了你们的老巢！听见没？
QuestLoc_NVB_QL2_Leftovers_1_Question4_Line1	这里有一台终端机。
QuestLoc_NVB_QL2_Leftovers_1_Question4_Line1b	<搜索情报>
QuestLoc_NVB_QL2_Leftovers_1_Question4_Line2	鼹鼠被植入了大脑芯片。间谍是当不成了，却沦为窃贼。
QuestLoc_NVB_QL2_Leftovers_1_Question4_Line3	除掉育母应该就能终结它们的恶行。但还有更多……
QuestLoc_NVB_QL2_Leftovers_1_Question4_Line4	<阅读其他失败实验的记录>
QuestLoc_NVB_QL2_Leftovers_1_Question4_Line5	还有更多设施要关闭？先解决这里，再去调查。
QuestLoc_NVB_QL2_Leftovers_1_Question5	嘿！瓶盖、杂物、服装。我们被偷的东西在这儿。拿了就走。
QuestLoc_NVB_QL2_Leftovers_1_Question5_Answer1	等等！鼹鼠算啮齿动物吗？
QuestLoc_NVB_QL2_Leftovers_1_Question5_Choice1	不过还是得把这群啮齿鼠辈收拾了……
QuestLoc_NVB_QL2_Leftovers_1_Question6	瞻仰智力超群之育母吧！向你的尊长俯首称臣。
QuestLoc_NVB_QL2_Leftovers_1_Question6_Answer1	拙劣之谐音恰证尔等洞察之匮乏。准备受死吧。
QuestLoc_NVB_QL2_Leftovers_1_Question6_Answer2	这是对吾等向恶徒施加正义惩戒的辛辣辩白。
QuestLoc_NVB_QL2_Leftovers_1_Question6_Answer3	闭嘴吧，阴险的陌生人，在吾等的猛击下受死！
QuestLoc_NVB_QL2_Leftovers_1_Question6_Choice1	对于一帮微不足道的匪徒团伙来说，这番说辞未免太高雅了吧！叫你们“鼹盗”如何？
QuestLoc_NVB_QL2_Leftovers_1_Question6_Choice2	会说话的鼹鼠这股新鲜劲已经过去了。该灭鼠了。
QuestLoc_NVB_QL2_Leftovers_1_Question6_Choice3	老天！我想学你的说话方式，可头韵真难！
QuestLoc_NVB_QL2_Leftovers_2_QuestLongDesc	当我们捣毁鼹鼠帮派时，我们发现了一系列失败实验，每一个都威胁着新维加斯的安全。下一个实验与尸鬼有关。
QuestLoc_NVB_QL2_Leftovers_2_QuestName	我们中的一员
QuestLoc_NVB_QL2_Leftovers_2_QuestObjective1	终结心智统一
QuestLoc_NVB_QL2_Leftovers_2_QuestShortDesc	调查避难所科技的尸鬼精神控制实验
QuestLoc_NVB_QL2_Leftovers_2_Question0	欢迎！我们是一体的。聆听我们的声音。与我们共同的思想对话。
QuestLoc_NVB_QL2_Leftovers_2_Question0_Answer1	在谈论我们时，请直接对我们说！我们就是和平的化身。举个例子：你可以通过。
QuestLoc_NVB_QL2_Leftovers_2_Question0_Answer2	我们消除了嫉妒。我们抹去了纷争。这算失败吗？我们倒担心你们所谓的成功。
QuestLoc_NVB_QL2_Leftovers_2_Question0_Answer3	哦，天真的纷争之子！你若能尝到我们的宁静该多好。
QuestLoc_NVB_QL2_Leftovers_2_Question0_Choice1	搞什么鬼？这些尸鬼长出集体意识了？
QuestLoc_NVB_QL2_Leftovers_2_Question0_Choice2	切……我看又是一次失败实验。
QuestLoc_NVB_QL2_Leftovers_2_Question0_Choice3	集体思维！这肯定是共产主义的阴谋！准备战斗！
QuestLoc_NVB_QL2_Leftovers_2_Question1	停止进攻。加入我们吧。我们有新鲜肉。
QuestLoc_NVB_QL2_Leftovers_2_Question1_Answer1	鲍勃是肉。你是肉。我们是肉。让我们给你看看。
QuestLoc_NVB_QL2_Leftovers_2_Question1_Answer2	孤独是比死亡更糟的命运。我们会赐予你安宁，同时充实我们的食物储备。
QuestLoc_NVB_QL2_Leftovers_2_Question1_Answer3	那我们会平息这份躁动，把你加进肉库。
QuestLoc_NVB_QL2_Leftovers_2_Question1_Choice1	那新鲜肉是鲍勃吗？他在附近失踪了。
QuestLoc_NVB_QL2_Leftovers_2_Question1_Choice2	好啊，来吧，一边烧烤，一边剥夺我们独一无二的东西！
QuestLoc_NVB_QL2_Leftovers_2_Question1_Choice3	你不会想让我这样的头脑混进你们的。它……不太正常。
QuestLoc_NVB_QL2_Leftovers_2_Question2	请听我们说完。你难道不寻求摆脱焦虑的自由吗？不再有仇恨。不再有怨恨。
QuestLoc_NVB_QL2_Leftovers_2_Question2_Answer1	无聊？当每一道声音齐声唱和，还会无聊？想想吧，旅人。
QuestLoc_NVB_QL2_Leftovers_2_Question2_Answer2	哦……好吧，说实话，我们没想到会得到肯定的回答。给我们一天……考虑一下。
QuestLoc_NVB_QL2_Leftovers_2_Question2_Choice1	那你们自己肯定很无聊。
QuestLoc_NVB_QL2_Leftovers_2_Question2_Choice2	你知道吗？你说得有理。在哪签字？
QuestLoc_NVB_QL2_Leftovers_2_Question2_Choice3	我倒要看看，等你吃满铅弹，还会不会心如止水。
QuestLoc_NVB_QL2_Leftovers_2_Question3	你知道吗：75%的废土人都幻想过尸鬼？像我们一样，加入一个核后时代的后宫吧。
QuestLoc_NVB_QL2_Leftovers_2_Question3_Answer1	那是因为你从没参加过我们的沙龙。亏大了。
QuestLoc_NVB_QL2_Leftovers_2_Question3_Answer2	分裂。异议。享受你那无人触碰的少数派地位吧。
QuestLoc_NVB_QL2_Leftovers_2_Question3_Answer3	我们数不胜数，永远不会被终结。
QuestLoc_NVB_QL2_Leftovers_2_Question3_Choice1	我算了。我的感情生活可不牵扯辐射皮肉。
QuestLoc_NVB_QL2_Leftovers_2_Question3_Choice2	看来我是另外那25%。谢了，不了。
QuestLoc_NVB_QL2_Leftovers_2_Question3_Choice3	你这推销词可真是穷追不舍。你知道我们是来终结你们的，对吧？
QuestLoc_NVB_QL2_Leftovers_2_Question4	啊啊啊啊啊！
QuestLoc_NVB_QL2_Leftovers_2_Question4_Choice1	那是只野生死爪？还是集体意识的一部分？管他呢：它冲过来了！
QuestLoc_NVB_QL2_Leftovers_2_Question5_Line1	加入我们的社群。我们就是自由人的终极形态。
QuestLoc_NVB_QL2_Leftovers_2_Question5_Line1_Answer1	我们有办法解决，只要吃掉你的大脑！
QuestLoc_NVB_QL2_Leftovers_2_Question5_Line1_Answer2	典型的自我中心思维。去掉那个自我吧。来，我们帮你。
QuestLoc_NVB_QL2_Leftovers_2_Question5_Line1_Choice1	哎呀……集体大脑说漏嘴了？
QuestLoc_NVB_QL2_Leftovers_2_Question5_Line1_Choice2	这东西有静音键吗？我受够你的唠叨了。
QuestLoc_NVB_QL2_Leftovers_2_Question5_Line2	我们绝对不是由电脑控制的实验品。
QuestLoc_NVB_QL2_Leftovers_2_Question6_Line1	这台电脑看起来很可疑。我们来入侵它！
QuestLoc_NVB_QL2_Leftovers_2_Question6_Line1_Answer1	那能让它们一直忙到毁灭。我们撤吧。
QuestLoc_NVB_QL2_Leftovers_2_Question6_Line1_Answer2	有张便条：<我们离开后将会引爆。>我们可真走运！
QuestLoc_NVB_QL2_Leftovers_2_Question6_Line1_Answer3	上面写着<受试者已脱离集体。即将陷入沉默与绝望。>我们的任务完成了！
QuestLoc_NVB_QL2_Leftovers_2_Question6_Line1_Choice1	<选择选项：让一半去对付另一半>
QuestLoc_NVB_QL2_Leftovers_2_Question6_Line1_Choice2	<按下标着BOOM（爆炸）的按钮>
QuestLoc_NVB_QL2_Leftovers_2_Question6_Line1_Choice3	<选择“个人主义模式”>
QuestLoc_NVB_QL2_Leftovers_2_Question6_Line2	我明白了。尸鬼是通过这台电脑联网的。我们该怎么办？
QuestLoc_NVB_QL2_Leftovers_3_QuestLongDesc	接下来要关闭的失败实验：避难所科技释放了颠覆性的哲学力量。所有人的理智都危在旦夕。
QuestLoc_NVB_QL2_Leftovers_3_QuestName	智斗之战
QuestLoc_NVB_QL2_Leftovers_3_QuestObjective1	证明你卓越的智力……或枪法
QuestLoc_NVB_QL2_Leftovers_3_QuestObjective2	解决一场存在主义纷争
QuestLoc_NVB_QL2_Leftovers_3_QuestObjective3	分享你对战争的看法
QuestLoc_NVB_QL2_Leftovers_3_QuestShortDesc	去见见那些“哲学家”，让他们见识见识什么是真实的生活！
QuestLoc_NVB_QL2_Leftovers_3_Question0_Line1	请不要踩扁我们。我们和你们一样有知觉。
QuestLoc_NVB_QL2_Leftovers_3_Question0_Line1_Answer1	我们不知道什么是“动画骗”。但我们希望它能让你手下留情。会吗？
QuestLoc_NVB_QL2_Leftovers_3_Question0_Line1_Answer2	啊！死于人类的审美偏见，真是可悲！
QuestLoc_NVB_QL2_Leftovers_3_Question0_Line1_Answer3	给。你们人类珍惜那些没用的饮料容器残骸，对吧？
QuestLoc_NVB_QL2_Leftovers_3_Question0_Line1_Choice1	先是鼹鼠，现在又是辐射蟑螂？避难所科技想把废土变成动画片？
QuestLoc_NVB_QL2_Leftovers_3_Question0_Line1_Choice2	抱歉！你们就该生得可爱又软萌。
QuestLoc_NVB_QL2_Leftovers_3_Question0_Line1_Choice3	也许吧……如果你能给我们点不那么垃圾的东西。
QuestLoc_NVB_QL2_Leftovers_3_Question0_Line2	我们珍视生命。我们畏惧痛苦。和你们一样。
QuestLoc_NVB_QL2_Leftovers_3_Question1_Line1	入侵者。我们致力于和平与追求思想。
QuestLoc_NVB_QL2_Leftovers_3_Question1_Line1_Answer1	为什么更高的智慧往往会走向残忍？
QuestLoc_NVB_QL2_Leftovers_3_Question1_Line1_Answer2	你们的战争让世界几乎空无一物。我们无意伤害。你们可以自由活动。
QuestLoc_NVB_QL2_Leftovers_3_Question1_Line1_Answer3	我们这儿确实保存着少量瓶子。这算不算巧合？
QuestLoc_NVB_QL2_Leftovers_3_Question1_Line1_Choice1	因为有趣！咻地一声，然后虫汁溅得到处都是。来来来，开踩了。
QuestLoc_NVB_QL2_Leftovers_3_Question1_Line1_Choice2	你说和平，可照你们这繁殖速度，过多久你们就会需要更多空间？我们的空间？
QuestLoc_NVB_QL2_Leftovers_3_Question1_Line1_Choice3	这里有个“思想”：给我量子核子可乐，否则就死！
QuestLoc_NVB_QL2_Leftovers_3_Question1_Line2	你们为什么穿着那双杀人靴子玷污我们的土地？
QuestLoc_NVB_QL2_Leftovers_3_Question2_Line1	战争的迫切需要催生了我们。所以告诉我们……
QuestLoc_NVB_QL2_Leftovers_3_Question2_Line1_Answer1	啊！无论我们多么厌恶，作为战争机器的命运都无可避免。
QuestLoc_NVB_QL2_Leftovers_3_Question2_Line1_Answer2	一个享乐主义者加一个施虐狂。今天对我们来说注定是末日。
QuestLoc_NVB_QL2_Leftovers_3_Question2_Line1_Answer3	敲诈勒索……多……像人类的行为！
QuestLoc_NVB_QL2_Leftovers_3_Question2_Line1_Choice1	我听人说战争永不变。但会说话的辐射蟑螂？这种变化我们可受不了。
QuestLoc_NVB_QL2_Leftovers_3_Question2_Line1_Choice2	战争很有趣！就像……我们马上要跟你们开战了，而且我们会乐在其中。
QuestLoc_NVB_QL2_Leftovers_3_Question2_Line1_Choice3	进贡就免遭战争！
QuestLoc_NVB_QL2_Leftovers_3_Question2_Line2	若战争赐予你生命，那它是否就是好的？
QuestLoc_NVB_QL2_Leftovers_3_Question3_Line1	你碾碎一只蟑螂时，连眉头都不皱一下。
QuestLoc_NVB_QL2_Leftovers_3_Question3_Line1_Answer1	我们是幸存者。我们坚韧不拔。难道这不算一种美吗？请边走边想想吧。
QuestLoc_NVB_QL2_Leftovers_3_Question3_Line1_Answer2	你真是个刻薄的人……
QuestLoc_NVB_QL2_Leftovers_3_Question3_Line1_Answer3	其、其实，蝴蝶最初是幼虫，不是蠕虫，而且……噢！呃！把那把枪收起来……
QuestLoc_NVB_QL2_Leftovers_3_Question3_Line1_Choice1	这就是美的暴政。蝴蝶漂亮。你？可不咋地。
QuestLoc_NVB_QL2_Leftovers_3_Question3_Line1_Choice2	也许你涂点颜色，学着优雅地飞……再下点功夫……
QuestLoc_NVB_QL2_Leftovers_3_Question3_Line1_Choice3	关键在于蜕变……从蠕虫到奇迹。丑小鸭什么的。
QuestLoc_NVB_QL2_Leftovers_3_Question3_Line2	可撕碎一只蝴蝶，却会被视为邪恶之举。这是为什么？
QuestLoc_NVB_QL2_Leftovers_3_Question4_Line1	当然是避难所科技，把意识这份礼物赐予了我们。
QuestLoc_NVB_QL2_Leftovers_3_Question4_Line1_Answer1	挣扎着追求自由的战争奴隶会动用一切必要手段。比如这个。
QuestLoc_NVB_QL2_Leftovers_3_Question4_Line1_Answer2	那我们不得不做该做的事。
QuestLoc_NVB_QL2_Leftovers_3_Question4_Line1_Answer3	有趣的想法。来，收下这份礼物……还是诅咒？
QuestLoc_NVB_QL2_Leftovers_3_Question4_Line1_Choice1	你……你刚才是不是承认了大量谋杀？
QuestLoc_NVB_QL2_Leftovers_3_Question4_Line1_Choice2	我们现在是你们的新主人，而我们发现你们……有所欠缺。
QuestLoc_NVB_QL2_Leftovers_3_Question4_Line1_Choice3	意识是礼物……还是诅咒？
QuestLoc_NVB_QL2_Leftovers_3_Question4_Line2	那么，背叛我们的主人，是不是错了？
QuestLoc_NVB_QL2_Leftovers_3_Question5	救命！辐射蟑螂抓了我们，逼我们思考。这简直是酷刑！
QuestLoc_NVB_QL2_Leftovers_3_Question5_Answer1	我们期待着再次麻木。这个就当你的奖励。
QuestLoc_NVB_QL2_Leftovers_3_Question5_Answer3	不不不……你跟他们是一伙的！
QuestLoc_NVB_QL2_Leftovers_3_Question5_Choice1	对！我也更喜欢脑子清静。稍安勿躁。我们会继续砸的。
QuestLoc_NVB_QL2_Leftovers_3_Question5_Choice2	那就见证我们的慈悲之举吧！
QuestLoc_NVB_QL2_Leftovers_3_Question5_Choice3	我听说这意味着你存在。所以……也许你该心怀感激？
QuestLoc_NVB_QL2_Leftovers_3_Question6_Line1	你能帮我们解决这个两难困境吗？
QuestLoc_NVB_QL2_Leftovers_3_Question6_Line1_Answer1	那就请继续赶路，好好思考：是谁在定义痛苦？还不是多数人，为了压迫那一个人？
QuestLoc_NVB_QL2_Leftovers_3_Question6_Line1_Answer2	那我们就得以多数之力来阻止你了。
QuestLoc_NVB_QL2_Leftovers_3_Question6_Line1_Answer3	但我们人数众多，寻求开悟，却受到你们这种自私者的威胁。贿赂能行得通吗？
QuestLoc_NVB_QL2_Leftovers_3_Question6_Line1_Choice1	若一人的作为给多数带来痛苦，那这个人就必须被阻止。
QuestLoc_NVB_QL2_Leftovers_3_Question6_Line1_Choice2	我就是故事里的“一人”，对吧？来把你们这多数踩扁！
QuestLoc_NVB_QL2_Leftovers_3_Question6_Line1_Choice3	若嫉妒不受约束，人类的才智就会消亡。哦等等，你们不是人类！
QuestLoc_NVB_QL2_Leftovers_3_Question6_Line2	为了多数人的嫉妒而牺牲一个人的抱负，这样做对不对？
QuestLoc_NVB_QL2_Leftovers_3_Question7_Line1	你见过我们的同胞吗？你听过他们的智慧吗？
QuestLoc_NVB_QL2_Leftovers_3_Question7_Line1_Answer1	所以你是说：生命转瞬即逝……随时可能终结？
QuestLoc_NVB_QL2_Leftovers_3_Question7_Line1_Answer2	啊！白痴学者！在废土上活下去，你会需要这个的。至于我们，我们保证留在这里不出去。
QuestLoc_NVB_QL2_Leftovers_3_Question7_Line1_Answer3	可生命要靠消耗生命来维持。就像我们会以你的尸体为食。
QuestLoc_NVB_QL2_Leftovers_3_Question7_Line1_Answer4	这就是你们人类如此热爱工具的原因吗？拿着这个，去证明你还活着吧！我们绝不离开这座避难所，保证。
QuestLoc_NVB_QL2_Leftovers_3_Question7_Line1_Choice1	这么说你就是老大了？你的死期到了！
QuestLoc_NVB_QL2_Leftovers_3_Question7_Line1_Choice2	生命就像一盒糖炸弹！你总知道会得到什么：那就是糟粕！
QuestLoc_NVB_QL2_Leftovers_3_Question7_Line1_Choice3	爱。因为所有生命都源于爱。
QuestLoc_NVB_QL2_Leftovers_3_Question7_Line1_Choice4	生命是战场！只有能守住它的人，才配拥有它。
QuestLoc_NVB_QL2_Leftovers_3_Question7_Line2	若真如此，请告诉我们：生命的意义是什么？
QuestLoc_NVB_QL2_Leftovers_4_CombatInit1	那噪音。它在密谋。戳穿那肚脐！
QuestLoc_NVB_QL2_Leftovers_4_CombatInit6	这是禁区。准备好被切丁切片吧！
QuestLoc_NVB_QL2_Leftovers_4_QuestLongDesc	我们找到了所有失败实验的控制中心。是时候一劳永逸地终结它们了。
QuestLoc_NVB_QL2_Leftovers_4_QuestName	避难所中的低语
QuestLoc_NVB_QL2_Leftovers_4_QuestObjective1	关闭安保主机
QuestLoc_NVB_QL2_Leftovers_4_QuestObjective2	关闭科研主机
QuestLoc_NVB_QL2_Leftovers_4_QuestObjective3	关闭指挥主机
QuestLoc_NVB_QL2_Leftovers_4_QuestShortDesc	终结所有实验
QuestLoc_NVB_QL2_Leftovers_4_Question0	紫色沉默不语！可它啊啊啊尖叫！
QuestLoc_NVB_QL2_Leftovers_4_Question0_Answer1	异端吹响了盲目的号角！
QuestLoc_NVB_QL2_Leftovers_4_Question0_Answer2	给它时间。给它永恒。
QuestLoc_NVB_QL2_Leftovers_4_Question0_Choice1	淡定，精神不稳定的朋友……紫色是种颜色。它不会发出声音。
QuestLoc_NVB_QL2_Leftovers_4_Question0_Choice2	呃……我能听到一阵奇怪的嗡嗡声。非常微弱。
QuestLoc_NVB_QL2_Leftovers_4_Question2_Line1	那些药物。糟糕的守卫。我知道。我知道。
QuestLoc_NVB_QL2_Leftovers_4_Question2_Line1_Answer1	不。不。狂暴药。狂暴药有用。但你必须承受痛苦。
QuestLoc_NVB_QL2_Leftovers_4_Question2_Line1_Choice1	所以你往自己身体里灌的是什么？曼他特？
QuestLoc_NVB_QL2_Leftovers_4_Question2_Line1_Choice2	多台主机要关闭！明白了！
QuestLoc_NVB_QL2_Leftovers_4_Question2_Line2	这些主机。它们连接着一切。所有人。所有地点……
QuestLoc_NVB_QL2_Leftovers_4_Question3_Line1	这里有主机的接口。快速破解一下就能进去。
QuestLoc_NVB_QL2_Leftovers_4_Question3_Line2	<关闭所有自动化实验>
QuestLoc_NVB_QL2_Leftovers_4_Question3_Line3	看来我们关闭了这个地点以及所有相连的实验室。
QuestLoc_NVB_QL2_Leftovers_4_Question4	你在对电线低语吗？想尝尝电击的滋味？
QuestLoc_NVB_QL2_Leftovers_4_Question4_Answer1	你不能。只有一人能留下。
QuestLoc_NVB_QL2_Leftovers_4_Question4_Answer2	你不是那个天选之人。
QuestLoc_NVB_QL2_Leftovers_4_Question4_Answer3	是。是。主机……不，你把它惹火了！
QuestLoc_NVB_QL2_Leftovers_4_Question4_Choice1	我的头疼越来越厉害了。我几乎能听懂你在说什么。
QuestLoc_NVB_QL2_Leftovers_4_Question4_Choice2	呃……让我试试。理性的阳光会让你重获完整。
QuestLoc_NVB_QL2_Leftovers_4_Question4_Choice3	我们是来帮忙的。我们在想办法关闭让你受苦的东西。
QuestLoc_NVB_QL2_Leftovers_4_Question5_Line1	其中一台主机！让我们来破解密码！
QuestLoc_NVB_QL2_Leftovers_4_Question5_Line2	<激活内部安全清除模式>
QuestLoc_NVB_QL2_Leftovers_4_Question5_Line3	应该在下一次系统更新时生效。希望我们来得及撤离。
QuestLoc_NVB_QL2_Leftovers_4_Question7	那批物资……那声音说不。想要吗？
QuestLoc_NVB_QL2_Leftovers_4_Question7_Answer2	那就不给物资。没意思。
QuestLoc_NVB_QL2_Leftovers_4_Question7_Choice1	想。
QuestLoc_NVB_QL2_Leftovers_4_Question7_Choice2	既然声音说不……
QuestLoc_NVB_QL2_Leftovers_4_Question7_Choice3	不，我要另一样东西。
QuestLoc_NVB_QL2_Leftovers_4_Question8_Line1	这台主机。看起来很重要。而且噪音很大。
QuestLoc_NVB_QL2_Leftovers_4_Question8_Line2	<永久封锁所有地点>
QuestLoc_NVB_QL2_Leftovers_4_Question8_Line3	得在我们离开之后，对吧？对吧？豁出去了……
QuestLoc_NVB_QL2_Leftovers_4_QuestionSTART_Line1	我觉得……有点不对劲。一种微弱的尖叫在我脑海边缘嗡鸣。
QuestLoc_NVB_QL2_Leftovers_4_QuestionSTART_Line2	这简直是在榨干我的理智。
QuestLoc_NVB_QL2_Leftovers_QuestLineName	遗留者
QuestLoc_NVB_QL3_Stripper_1_CombatInit0	啊啊啊！
QuestLoc_NVB_QL3_Stripper_1_CombatInit2	呃呃呃——！
QuestLoc_NVB_QL3_Stripper_1_CombatInit4	嗷嗷嗷！
QuestLoc_NVB_QL3_Stripper_1_CombatInit6	吱吱吱！
QuestLoc_NVB_QL3_Stripper_1_QuestLongDesc	新维加斯大道遭到死爪围攻。平民被困，急需一位英雄。
QuestLoc_NVB_QL3_Stripper_1_QuestName	谁需要拯救？
QuestLoc_NVB_QL3_Stripper_1_QuestObjective1	救出一位熟人
QuestLoc_NVB_QL3_Stripper_1_QuestObjective2	让那只哼歌的死爪安静下来
QuestLoc_NVB_QL3_Stripper_1_QuestShortDesc	当一回英雄：把新维加斯大道的人们从死爪手中救出来。
QuestLoc_NVB_QL3_Stripper_1_Question1_Line1	我能摸摸那爪子吗？
QuestLoc_NVB_QL3_Stripper_1_Question1_Line1_Answer1	救——命——啊！
QuestLoc_NVB_QL3_Stripper_1_Question1_Line1_Answer2	好耶————！
QuestLoc_NVB_QL3_Stripper_1_Question1_Line1_Answer3	那我就能摸了，对吧？
QuestLoc_NVB_QL3_Stripper_1_Question1_Line1_Choice1	你受惊了，需要帮助！
QuestLoc_NVB_QL3_Stripper_1_Question1_Line1_Choice2	当然可以！正好有一只在外面等着你来摸呢！
QuestLoc_NVB_QL3_Stripper_1_Question1_Line1_Choice3	我们是来放倒它们的，所以……不行。
QuestLoc_NVB_QL3_Stripper_1_Question1_Line2	<更大声地> 我能摸摸那爪子吗？
QuestLoc_NVB_QL3_Stripper_1_Question3	谢谢你们救了我。我在某间房里有个储物柜。里面的东西归你们了。密码是1337。
QuestLoc_NVB_QL3_Stripper_1_Question3_Choice1	我记下了，谢谢！
QuestLoc_NVB_QL3_Stripper_1_Question5	我才不管那些死爪呢。我是不走的。
QuestLoc_NVB_QL3_Stripper_1_Question5_Answer1	当然，我会签那……嘿，等一下！想得美。
QuestLoc_NVB_QL3_Stripper_1_Question5_Answer2	哼，真是岂有此理……
QuestLoc_NVB_QL3_Stripper_1_Question5_Choice1	那确实是你的权利！你只要去外面跟军官签个离职文件就行。
QuestLoc_NVB_QL3_Stripper_1_Question5_Choice2	我们要用火把整个地方消毒一遍，所以……随你便。
QuestLoc_NVB_QL3_Stripper_1_Question7	这就是那人说的储物柜。密码是多少来着？
QuestLoc_NVB_QL3_Stripper_1_Question7_Answer1	啊，不对。哎，我该写下来的。
QuestLoc_NVB_QL3_Stripper_1_Question7_Answer2	打开了！看看里面有什么。
QuestLoc_NVB_QL3_Stripper_1_Question7_Answer3	哎，该死。弄坏了一些东西，但好歹打开了！
QuestLoc_NVB_QL3_Stripper_1_Question7_Choice1	<3117>
QuestLoc_NVB_QL3_Stripper_1_Question7_Choice2	<1337>
QuestLoc_NVB_QL3_Stripper_1_Question7_Choice3	<砸开它>
QuestLoc_NVB_QL3_Stripper_1_Question8	哼～嗯～哒嗯～嗯～
QuestLoc_NVB_QL3_Stripper_1_Question8_Choice1	等等，那只死爪在哼歌？它真有一股老大范儿！
QuestLoc_NVB_QL3_Stripper_1_Question9	你在这儿干什么，甜桃？你不知道这地方爬满了死爪吗？
QuestLoc_NVB_QL3_Stripper_1_Question9_Answer1	啊，小南瓜，你看我像需要拯救的吗？
QuestLoc_NVB_QL3_Stripper_1_Question9_Answer2	嗯，那可真该为我欢呼了。要不要顺便在你脸上亲一口？
QuestLoc_NVB_QL3_Stripper_1_Question9_Choice1	当然啦，我们就是来救你的。
QuestLoc_NVB_QL3_Stripper_1_Question9_Choice2	我们干掉了那些死爪。不用谢！
QuestLoc_NVB_QL3_Stripper_2_QuestLongDesc	出席新维加斯大道的市政厅会议，讨论防御策略并争取盟友。
QuestLoc_NVB_QL3_Stripper_2_QuestName	市政厅
QuestLoc_NVB_QL3_Stripper_2_QuestObjective1	出席集会
QuestLoc_NVB_QL3_Stripper_2_QuestObjective2	争取保安机器人的支持
QuestLoc_NVB_QL3_Stripper_2_QuestShortDesc	出席新维加斯大道的市政厅会议。
QuestLoc_NVB_QL3_Stripper_2_Question0_Choice1	非常感谢。
QuestLoc_NVB_QL3_Stripper_2_Question0_Line1	欢迎来到市政厅！
QuestLoc_NVB_QL3_Stripper_2_Question0_Line2	要是你找会场的话，坐电梯上楼。
QuestLoc_NVB_QL3_Stripper_2_Question1_Line1	嘿，要是你和别人一样，是来要我的世界著名死爪毒药的，那就免谈。
QuestLoc_NVB_QL3_Stripper_2_Question1_Line1_Answer1	嘿，我是制毒师，不是创造奇迹的人。
QuestLoc_NVB_QL3_Stripper_2_Question1_Line1_Answer2	不，我改主意了，决定去搞毛茸茸蟑螂的生物工程。
QuestLoc_NVB_QL3_Stripper_2_Question1_Line1_Answer3	<翻个白眼> 接下来你是不是要说你能赤手空拳摔一只？……
QuestLoc_NVB_QL3_Stripper_2_Question1_Line1_Choice1	所以你就放弃了？
QuestLoc_NVB_QL3_Stripper_2_Question1_Line1_Choice2	别遇到第一个坎就停下！继续干！
QuestLoc_NVB_QL3_Stripper_2_Question1_Line1_Choice3	随你吧。反正它们挡不住子弹，这点我可以告诉你。
QuestLoc_NVB_QL3_Stripper_2_Question1_Line2	死爪已经产生了抗性。
QuestLoc_NVB_QL3_Stripper_2_Question2	嘿，角落里藏着什么？一件英克雷制服！
QuestLoc_NVB_QL3_Stripper_2_Question2_Choice1	英克雷制服？嗯……真可疑。
QuestLoc_NVB_QL3_Stripper_2_Question3	嘿！喂！嘘！我能帮忙对付死爪。但我需要它们的DNA样本。你能弄到吗？
QuestLoc_NVB_QL3_Stripper_2_Question3_Answer1	很显然，我找错人了。走开。
QuestLoc_NVB_QL3_Stripper_2_Question3_Answer2	英克雷无处不在。哎呀。现在，我得让你永远闭嘴了。
QuestLoc_NVB_QL3_Stripper_2_Question3_Answer3	任务暴露。不留活口。
QuestLoc_NVB_QL3_Stripper_2_Question3_Choice1	NDA到底是个什么鬼？
QuestLoc_NVB_QL3_Stripper_2_Question3_Choice2	你看起来不像是本地人。
QuestLoc_NVB_QL3_Stripper_2_Question3_Choice3	我们刚才捡到一件英克雷制服。你的？
QuestLoc_NVB_QL3_Stripper_2_Question4_Line1	到处是死爪，却没人能做玛·琼那道拿手煎蛋卷……
QuestLoc_NVB_QL3_Stripper_2_Question4_Line1_Answer1	真是懂吃的同道中人！这个能帮你觅食。
QuestLoc_NVB_QL3_Stripper_2_Question4_Line1_Answer2	找到一个，多半就能找到另一个。拿着这个。能让你进入状态。
QuestLoc_NVB_QL3_Stripper_2_Question4_Line1_Choice1	死爪蛋难得一见，不过我也想来一口。
QuestLoc_NVB_QL3_Stripper_2_Question4_Line1_Choice2	我觉得那玩意儿口感像橡胶一样又腥又难吃。我还是更喜欢死爪肉排。
QuestLoc_NVB_QL3_Stripper_2_Question4_Line2	哦，没看见你在这儿！
QuestLoc_NVB_QL3_Stripper_2_Question5_Line1	我最后再说一遍，你妈就是个巫婆，我才不要她住进我们家里来。
QuestLoc_NVB_QL3_Stripper_2_Question5_Line1_Answer1	没错。少管闲事，赶紧从这儿溜走吧。
QuestLoc_NVB_QL3_Stripper_2_Question5_Line1_Answer2	别说她妈妈的坏话，不然我揍你。
QuestLoc_NVB_QL3_Stripper_2_Question5_Line1_Answer3	这个！
QuestLoc_NVB_QL3_Stripper_2_Question5_Line1_Choice1	<什么也不说>
QuestLoc_NVB_QL3_Stripper_2_Question5_Line1_Choice2	亲戚之间那点破事，对吧？
QuestLoc_NVB_QL3_Stripper_2_Question5_Line1_Choice3	前夫后来怎么了？
QuestLoc_NVB_QL3_Stripper_2_Question5_Line2	别用刀一般的眼神瞪我。我知道你前夫出了什么事！
QuestLoc_NVB_QL3_Stripper_2_Question5_Line3	啊！爱管闲事的罗西来了！
QuestLoc_NVB_QL3_Stripper_2_Question6_Line1	听我说。我们需要更多帮助，否则死爪会毁掉新维加斯。
QuestLoc_NVB_QL3_Stripper_2_Question6_Line1_Answer1	那这个能帮上你。我们保持联系。
QuestLoc_NVB_QL3_Stripper_2_Question6_Line1_Answer2	你是在开玩笑吧？不是？那如果我们付你很多钱呢？
QuestLoc_NVB_QL3_Stripper_2_Question6_Line1_Answer3	派几只我们最精锐的战斗宠物去怎么样？可千万别让它们送命了，好吗？
QuestLoc_NVB_QL3_Stripper_2_Question6_Line1_Choice1	我们是来帮忙的。招募盟友，囤积武器。
QuestLoc_NVB_QL3_Stripper_2_Question6_Line1_Choice2	你们自求多福吧。我们只是来看你们怎么惨败的。
QuestLoc_NVB_QL3_Stripper_2_Question6_Line1_Choice3	我们会击退它们，但不是孤军奋战。你们也有能力。
QuestLoc_NVB_QL3_Stripper_2_Question6_Line2	我知道你们有些人只想收拾东西走人，但那样可不行。
QuestLoc_NVB_QL3_Stripper_2_Question6_Line3	我们必须团结起来，组织防御。
QuestLoc_NVB_QL3_Stripper_2_Question6_Line4	啊！避难所居民！还是身手不凡的那种。欢迎欢迎！
QuestLoc_NVB_QL3_Stripper_2_Question7_Line1	啊，从你们的避难所里爬出来了？像新维加斯大道那些所谓的“领袖”一样，来找我要保安机器人？
QuestLoc_NVB_QL3_Stripper_2_Question7_Line1_Answer1	这把武器或许派得上用场。你还应该去找一位自称为“猫王”的尸鬼。他很有用。
QuestLoc_NVB_QL3_Stripper_2_Question7_Line1_Answer2	又是一个阿谀奉承之辈！那“猫王”肯定会很喜欢你的。你也该去向他求援。拿着这个吧，算作你的辛苦费。
QuestLoc_NVB_QL3_Stripper_2_Question7_Line1_Choice1	很高兴听你这么说。你还能帮上别的忙吗？
QuestLoc_NVB_QL3_Stripper_2_Question7_Line1_Choice2	豪斯先生！见到你真是荣幸！
QuestLoc_NVB_QL3_Stripper_2_Question7_Line2	它们当然会出力。毕竟这里也是我的家园。
QuestLoc_NVB_QL3_Stripper_3_CombatInit4	来错地方了，恶棍！这房间是禁区。
QuestLoc_NVB_QL3_Stripper_3_QuestLongDesc	“猫王”是新维加斯大道上的重要人物。他能扭转对抗死爪的战局。
QuestLoc_NVB_QL3_Stripper_3_QuestName	恳请猫王
QuestLoc_NVB_QL3_Stripper_3_QuestObjective1	向猫王求助
QuestLoc_NVB_QL3_Stripper_3_QuestShortDesc	我们需要争取猫王的力量来共同对抗死爪。
QuestLoc_NVB_QL3_Stripper_3_Question1	能加入猫王模仿者学校我太兴奋了！你觉得他会接纳我吗？
QuestLoc_NVB_QL3_Stripper_3_Question1_Answer1	我的头发完美极了，你这坏蛋……<抽泣>
QuestLoc_NVB_QL3_Stripper_3_Question1_Answer2	这已经是我被要求交的第三笔报名费了。到底还有多少笔啊？
QuestLoc_NVB_QL3_Stripper_3_Question1_Answer3	我自己用万能胶做发油。给。你试试看。
QuestLoc_NVB_QL3_Stripper_3_Question1_Choice1	他们确实喜欢油头，但老兄，也不至于油成这样吧！
QuestLoc_NVB_QL3_Stripper_3_Question1_Choice2	当然会。正好我是来收报名费的。
QuestLoc_NVB_QL3_Stripper_3_Question1_Choice3	幸会，同行追梦人！我们目标一致。有啥建议吗？
QuestLoc_NVB_QL3_Stripper_3_Question2_Line1	记住，每个男人都该立志凭自身本事成为王者。
QuestLoc_NVB_QL3_Stripper_3_Question2_Line1_Answer1	我当然是我自己命运的主宰！不过你找的一定是猫王本尊吧！他在最顶楼！
QuestLoc_NVB_QL3_Stripper_3_Question2_Line1_Answer2	要的就是这股劲！你得先去见见猫王，在楼上。
QuestLoc_NVB_QL3_Stripper_3_Question2_Line1_Answer3	这好办。另外，上几层楼去征求猫王的同意吧。
QuestLoc_NVB_QL3_Stripper_3_Question2_Line1_Choice1	你是老板吗？
QuestLoc_NVB_QL3_Stripper_3_Question2_Line1_Choice2	呃哼哼，是啊！
QuestLoc_NVB_QL3_Stripper_3_Question2_Line1_Choice3	我缺身像样的行头。
QuestLoc_NVB_QL3_Stripper_3_Question2_Line2	啊，新来的！来上我的课？
QuestLoc_NVB_QL3_Stripper_3_Question3	我恨这个地方。我要出去！我要出去！我要出……呃啊啊啊啊啊！
QuestLoc_NVB_QL3_Stripper_3_Question5_Line1	啊！避难所居民！真是稀客！没错，我就是猫王。
QuestLoc_NVB_QL3_Stripper_3_Question5_Line1_Answer1	啊！这值得猫王的敬重，但你总不会拒绝这份赏赐吧？
QuestLoc_NVB_QL3_Stripper_3_Question5_Line1_Answer2	当然！你的腰包够鼓吗？
QuestLoc_NVB_QL3_Stripper_3_Question5_Line1_Answer3	那么猫王欣然恩准你的请求。你会需要这个的。
QuestLoc_NVB_QL3_Stripper_3_Question5_Line1_Answer4	我肯定在哪儿藏了六连包。可别一口气全喝光了！
QuestLoc_NVB_QL3_Stripper_3_Question5_Line1_Choice1	知道你会与我们并肩作战，本身就是一种回报。
QuestLoc_NVB_QL3_Stripper_3_Question5_Line1_Choice2	瓶盖永远不嫌多。
QuestLoc_NVB_QL3_Stripper_3_Question5_Line1_Choice3	我想正式加入猫王帮。
QuestLoc_NVB_QL3_Stripper_3_Question5_Line1_Choice4	我们经常赶路。容易口渴。有量子核子可乐吗？
QuestLoc_NVB_QL3_Stripper_3_Question5_Line2	我听说你们在帮忙解决死爪的问题。
QuestLoc_NVB_QL3_Stripper_3_Question5_Line3	受你们鼓舞，我集结了兄弟们参战。
QuestLoc_NVB_QL3_Stripper_3_Question5_Line4	为了感谢你的付出，猫王愿满足你一个心愿！
QuestLoc_NVB_QL3_Stripper_4_QuestLongDesc	我们的努力有了回报。最后剩下的死爪和它们的首领阿尔法被逼进了一个山洞。
QuestLoc_NVB_QL3_Stripper_4_QuestName	终结那个阿尔法！
QuestLoc_NVB_QL3_Stripper_4_QuestObjective1	击败阿尔法死爪
QuestLoc_NVB_QL3_Stripper_4_QuestObjective2	搜刮阿尔法的存货
QuestLoc_NVB_QL3_Stripper_4_QuestShortDesc	我们已经困住了阿尔法死爪。是时候终结这个威胁了。
QuestLoc_NVB_QL3_Stripper_4_Question0	哎呀，老兄！住手吧！死爪也是地球珍贵的宝贝生灵啊。
QuestLoc_NVB_QL3_Stripper_4_Question0_Answer1	那可不是有爱的态度。
QuestLoc_NVB_QL3_Stripper_4_Question0_Answer2	你们是暴徒。但我们早有准备。
QuestLoc_NVB_QL3_Stripper_4_Question0_Answer3	瞧？你懂我的意思。所以你会进去帮它们，对吧？对吧？
QuestLoc_NVB_QL3_Stripper_4_Question0_Choice1	我有点想让它们啃你的骨头。滚出这里，蠢货！
QuestLoc_NVB_QL3_Stripper_4_Question0_Choice2	你挡了我的路。所以我得除掉你。
QuestLoc_NVB_QL3_Stripper_4_Question0_Choice3	也许你有点道理。我碰到过一只会说话的死爪。
QuestLoc_NVB_QL3_Stripper_4_Question1	区域已清除。你可以通行了。
QuestLoc_NVB_QL3_Stripper_4_Question3_Line1	哈，朋友们！猫王向来说话算数，瞧见了吧？
QuestLoc_NVB_QL3_Stripper_4_Question3_Line2	你们去追阿尔法，我们守住后方。
QuestLoc_NVB_QL3_Stripper_4_Question4	死爪！打靶时间到了。
QuestLoc_NVB_QL3_Stripper_4_Question4_Choice1	我们不是死爪。也许它们出了故障？
QuestLoc_NVB_QL3_Stripper_4_Question5_Line1	吾等终寻得残害吾辈同胞之恶煞仇寇！
QuestLoc_NVB_QL3_Stripper_4_Question5_Line1_Choice1	嘿，那些满嘴之乎者也的鼹鼠又来了。该了结这桩事了。
QuestLoc_NVB_QL3_Stripper_4_Question5_Line1_Choice2	鼹鼠越来越多……呃……越……越什么来着……唉，管他呢。直接烤了它们。
QuestLoc_NVB_QL3_Stripper_4_Question5_Line2	复仇与清算！在废墟中安息吧！
QuestLoc_NVB_QL3_Stripper_4_Question6	吼啊啊啊啊啊！
QuestLoc_NVB_QL3_Stripper_4_Question6_Choice1	阿尔法来了！还带着全家老小！
QuestLoc_NVB_QL3_Stripper_4_Question7	啊救命！那些死爪……它们把我们关在这儿，打算以后吃掉。
QuestLoc_NVB_QL3_Stripper_4_Question7_Answer1	啊谢谢你，朋友！这是个慷慨的邀请。外面太危险了。
QuestLoc_NVB_QL3_Stripper_4_Question7_Choice1	你们现在安全了。任何愿意的人都欢迎加入我们的避难所。
QuestLoc_NVB_QL3_Stripper_4_Question8_Line1	人类。我们之前见过吗？就因为我爱好和平，同胞们都排挤我。
QuestLoc_NVB_QL3_Stripper_4_Question8_Line1_Answer1	真令人失望。
QuestLoc_NVB_QL3_Stripper_4_Question8_Line1_Answer2	也许我收藏的各式物件能满足你的贪婪。
QuestLoc_NVB_QL3_Stripper_4_Question8_Line1_Answer3	唉，我终究还是逃不过今天的命运。
QuestLoc_NVB_QL3_Stripper_4_Question8_Line1_Choice1	没门儿！我们是清除队。所以我们清除。
QuestLoc_NVB_QL3_Stripper_4_Question8_Line1_Choice2	我们可以开恩……只要代价合适。
QuestLoc_NVB_QL3_Stripper_4_Question8_Line1_Choice3	似曾相识。这一次，你能不能真死一回？
QuestLoc_NVB_QL3_Stripper_4_Question8_Line2	我决定装死来躲避它们的怒火，也躲避人类的武器。
QuestLoc_NVB_QL3_Stripper_4_Question8_Line3	我能否斗胆希望你们对我开恩？
QuestLoc_NVB_QL3_Stripper_QuestLineName	死爪舞娘
QuestLoc_PerfectSpecimens_QuestShortDescription	与神秘避难所的居民交谈。
Season1_SeasonEndPopup_Title	“辐射极琉矿狂热”赛季已结束
SeasonModal_Leaderboard_ChildBlocked	由于您账户的年龄限制，排行榜数据已被禁用。
SeasonModal_Leaderboard_Disabled	由于您的设备账户设置，好友列表和排行榜已被禁用。
SeasonModal_Leaderboard_Loading	排行榜仍在加载中，请稍后再试。
SeasonPass_EndingSoon_Enclave	赛季通行证即将结束！完成挑战或使用量子核子可乐来解锁奖励。
SeasonPass_EndingSoon_Institute	赛季通行证即将结束！完成挑战或使用量子核子可乐来解锁奖励。
Seasons_Message_SeasonConcludedHeader	赛季已结束
Seasons_Message_SeasonEndsIn_Plural	赛季将于{0}天后结束
Seasons_Message_SeasonStartsIn_Plural	赛季将于{0}天后开始
Seasons_Message_UnclaimedRewardsBlurb	实验成功了！未领取的奖励已加入此避难所。
Shop_SeasonPass_Enclave_Description	使用此通行证充分享受赛季乐趣。解锁高级奖励赛道，内含避难所外观主题、两款英克雷房间主题、一名全新传奇居民等丰富奖励。您可以在您的所有避难所中领取这些奖励。
Shop_SeasonPass_Enclave_Premium_Description	将您的赛季通行证提升至更高等级。获得普通通行证的所有特权，外加以下内容：25枚赛季徽章、全新赛博狗宠物、全新英克雷军官制服、奥特姆上校的制服、重型避难所连体服、变种人猎人装备、“龙之颚”等离子发射器、2个宠物箱和5000瓶盖。
Shop_SeasonPass_Institute_Description	使用此通行证充分享受赛季乐趣。解锁高级奖励赛道，内含避难所外观主题、全新服装、一名全新传奇居民等丰富奖励。您可以在您的所有避难所中领取这些奖励。
Shop_SeasonPass_Institute_Premium_Description	将您的赛季通行证提升至更高等级。获得普通通行证的所有特权，外加以下内容：25枚赛季徽章、全新居里巧手小姐、全新传奇居民尼克·瓦伦坦、指挥官制服、专家实验室袍、派普的服装、复仇者加特林激光枪、2个宠物箱和5000瓶盖。
Speech_LivingQuarter_InfertileWarn_1	要是我有合适的身体构造，我们准能生出超棒的宝宝。
Speech_LivingQuarter_InfertileWarn_2	可惜我没法生宝宝，你真是太有魅力了！
Speech_LivingQuarter_InfertileWarn_3	你让我想起了珍妮佛。抱歉，姑娘，我的心永远属于她。
SpinToWin_Info_Heading	赚取筹码的方式：
SpinToWin_Title_Enclave	资本主义转盘
SpinToWin_Title_Institute	科学转盘
TermsOfService_Title	服务条款
Theme_Name_EnclaveCafeteria	英克雷食堂
Theme_Name_EnclaveLivingQuarters	英克雷生活区
Theme_ShortName_Enclave	英克雷
Title_Leaderboard_Toggle_Android	开启与 Google Play 共享排行榜数据
Title_Leaderboard_Toggle_IOS	开启与 Game Center 共享排行榜数据
Title_Usage_Data_Toggle	分享匿名使用数据，帮助我们改进应用。
UI_Widget_NextRaidIn	下次突袭倒计时
UI_Widget_Title_RaidInfo	突袭信息
UI_Widget_Wave	波次
VictorDialog_Wasteland_1	我能闻出一英里外的麻烦。
VictorDialog_Wasteland_2	刚转悠进一座空城。我的铁皮都开始发痒了。
VictorDialog_Wasteland_3	我的直觉告诉我要往这边走。而我一直都听我的直觉。
VictorDialog_Wasteland_4	看起来前头有场架要打。就没老维克摆不平的事！
VictorDialog_Wasteland_5	有几个无赖想伏击我。这当然不能忍。
VictorDialog_Wasteland_6	听这动静是出事了。该脚底抹油啦！
VictorDialog_Wasteland_7	喂，你这下贱的鼠辈。别咬我的轮子！
VictorDialog_Wasteland_8	我敢说我是听到了什么动静……
VictorDialog_Wasteland_9	死神来找你了，我发誓！
Victor_Card_TagLine	有人找老维克吗？
Victor_Category_Name	罗伯科
Wasteland_ExteriorName_Concord	康科德
Wasteland_ExteriorName_Enclave	英克雷移动基地履带车
Weapon_Description_EnclavePlasmaRifle	专为那些喜欢在把对手化为一滩绿浆时显得更冷峻、更深沉的人士设计。
Weapon_Description_KelloggsPistol	历经数十年的创伤与复仇执念，让这把枪变得致命无比。
Weapon_Description_RadiumRifle	好枪。绝对不单单是用新维加斯废墟里捡来的东西拼凑出来的。没错。
Weapon_Description_TriBeamLaserRifle	适合那些觉得一发激光还不够的人。
Weapon_Name_EnclavePlasmaRifle	英克雷等离子步枪
Weapon_Name_KelloggsPistol	克罗格的手枪
Weapon_Name_RadiumRifle	镭步枪
Weapon_Name_TriBeamLaserRifle	三束激光步枪
SeasonModal_Leaderboard_ScoreInfoPopup_ActionsList_Enclave	• 建造房间
• 升级房间
• 获得居民
• 完成任务
• 释放暴击
SeasonModal_Leaderboard_ScoreInfoPopup_ActionsList_Institute	• 建造房间
• 升级房间
• 获得居民
• 完成任务
• 释放暴击
SeasonModal_Leaderboard_ScoreInfoPopup_ActionsList_NewVegasA	• 建造房间
• 升级房间
• 获得居民
• 完成任务
• 释放暴击
SeasonModal_Leaderboard_ScoreInfoPopup_ActionsList_NewVegasB	• 建造房间
• 升级房间
• 获得居民
• 完成任务
• 释放暴击
SeasonModal_Leaderboard_ScoreInfoPopup_ActionsList_Ultracite	• 建造房间
• 升级房间
• 获得居民
• 在辐尸人袭击中生还
• 开采辐射极琉矿
• 打造辐射极琉矿武器
Seasons_Message_UnclaimedNukaQuantumBlurb	您实验避难所中未使用的量子核子可乐可在您选择的一座避难所中领取。

将量子核子可乐存入当前避难所？
Shop_SeasonPass_EnclavePremium_Blurb	赛季通行证的所有福利，外加：
• 专属[-][F7C531]赛博狗宠物[-]和[-][F7C531]全新服装[-]
• [-][F7C531]额外[-]宠物、服装和武器
• [-][F7C531]25枚徽章[-]立即提升赛季等级
Shop_SeasonPass_Enclave_Blurb	解锁全部赛季奖励：
- 新的避难所外观[-][F7C531]主题[-]
- 新的英克雷避难所房间[-][F7C531]主题[-]
- [-][F7C531]新居民[-]及[-][F7C531]更多！[-]
Shop_SeasonPass_InstitutePremium_Blurb	赛季通行证的所有福利，再加上：
• 专属[-][F7C531]居里巧手小姐[-]和[-][F7C531]尼克·瓦伦坦[-]
• [-][F7C531]额外[-]宠物、服装和武器
• [-][F7C531]25枚徽章[-]立即提升赛季等级
Shop_SeasonPass_Institute_Blurb	解锁全部赛季奖励：
- 新的避难所外观[-][F7C531]主题[-]
- 新的追猎者[-][F7C531]服装[-]
- [-][F7C531]新居民[-]及[-][F7C531]更多！[-]
SpinToWin_Info_ActionsList	• 每天登录
• 观看视频广告
• 完成赛季任务
• 搜刮任务容器
• 招募赛季居民
SpinToWin_Info_ActionsList_PC	• 每天登录
• 完成赛季任务
• 搜刮任务容器
• 招募赛季居民
MrHandyDialog_StorageRoom_01	
MrHandyDialog_StorageRoom_02	
SnipSnipDialog_StorageRoom_01	
SnipSnipDialog_StorageRoom_02	
Speech_Happiness_InteractingLove1	
Message_TutorialPopup_10_Hint	点击武器或装备即可给居民穿戴上。
Message_TutorialPopup_10_Title	穿戴物品
Message_TutorialPopup_11_Hint	居民在完成生产周期或击败敌人时会获得经验值。点击居民头顶的升级图标即可提升其等级！
Message_TutorialPopup_11_Title	居民升级
Message_TutorialPopup_12_Hint	点击避难所大门，然后点击齿轮图标，即可将居民派往废土探险！
Message_TutorialPopup_12_Title	废土探险
Message_TutorialPopup_13_Hint	废土探险者会找到瓶盖、武器、装备和杂物。点击外出的居民并选择“召回”让他们带着战利品回家！
Message_TutorialPopup_13_Title	召回探险者
Message_TutorialPopup_14_Hint	房间着火或遭到入侵时，派遣健康的居民前往该房间进行灭火或抵御袭击！
Message_TutorialPopup_14_Title	灾害处理
Message_TutorialPopup_15_Hint	在医务室生产治疗针来恢复居民生命值，在实验室生产消辐宁来清除辐射！
Message_TutorialPopup_15_Title	医疗补给
Message_TutorialPopup_16_Hint	建造广播站可以向废土发送信号，吸引新的居民前来避难所！
Message_TutorialPopup_16_Title	广播招募
Message_TutorialPopup_20_Hint	给居民分配符合其最高属性的房间，可以大幅提高生产效率！
Message_TutorialPopup_27_Hint_Xbox	按住控制器上的对应按键即可快速调出避难所管理菜单。
Button_ContinueWithExVault	继续创建实验避难所
Button_GoToExperimentalVault	我准备好做实验了
Button_GoToStandardVault	前往标准避难所
Message_ExperimentalVaultWarning	实验避难所极具挑战！避难所科技建议初次上任的监督者先在标准避难所招募 {0} 名居民，再接受实验。
SeasonModal_Leaderboard_InvalidAndroidPrivacySetting	由于您的 Google Play 隐私设置，无法获取排行榜。
